# non co2 emissions map,,,,,,,,,,,
sector,subsector,ghg,var1,var2,var3,var4,var5,var6,var7,var8,unit_conv
agricultural energy use,,BC,Emissions|BC,Emissions|BC|Energy,Emissions|BC|Energy|Demand,Emissions|BC|Energy|Demand|AFOFI,,,Emissions|BC|Energy|Demand|Residential and Commercial and AFOFI,Emissions|BC|Energy and Industrial Processes,1
alumina,,BC,Emissions|BC,Emissions|BC|Industrial Processes,Emissions|BC|Industrial Processes|Non-Ferrous Metals,,,,,Emissions|BC|Energy and Industrial Processes,1
ammonia,,BC,Emissions|BC,Emissions|BC|Industrial Processes,Emissions|BC|Industrial Processes|Chemicals,Emissions|BC|Industrial Processes|Chemicals|Ammonia,,,,Emissions|BC|Energy and Industrial Processes,1
chemical energy use,,BC,Emissions|BC,Emissions|BC|Energy,Emissions|BC|Energy|Demand,Emissions|BC|Energy|Demand|Industry,,,,Emissions|BC|Energy and Industrial Processes,1
comm cooling,,BC,Emissions|BC,Emissions|BC|Energy,Emissions|BC|Energy|Demand,Emissions|BC|Energy|Demand|Residential and Commercial,Emissions|BC|Energy|Demand|Commercial,,Emissions|BC|Energy|Demand|Residential and Commercial and AFOFI,Emissions|BC|Energy and Industrial Processes,1
comm heating,,BC,Emissions|BC,Emissions|BC|Energy,Emissions|BC|Energy|Demand,Emissions|BC|Energy|Demand|Residential and Commercial,Emissions|BC|Energy|Demand|Commercial,,Emissions|BC|Energy|Demand|Residential and Commercial and AFOFI,Emissions|BC|Energy and Industrial Processes,1
comm others,,BC,Emissions|BC,Emissions|BC|Energy,Emissions|BC|Energy|Demand,Emissions|BC|Energy|Demand|Residential and Commercial,Emissions|BC|Energy|Demand|Commercial,,Emissions|BC|Energy|Demand|Residential and Commercial and AFOFI,Emissions|BC|Energy and Industrial Processes,1
construction energy use,,BC,Emissions|BC,Emissions|BC|Energy,Emissions|BC|Energy|Demand,Emissions|BC|Energy|Demand|Industry,,,,Emissions|BC|Energy and Industrial Processes,1
district heat,,BC,Emissions|BC,Emissions|BC|Energy,Emissions|BC|Energy|Supply,Emissions|BC|Energy|Supply|Heat,,,,Emissions|BC|Energy and Industrial Processes,1
electricity,,BC,Emissions|BC,Emissions|BC|Energy,Emissions|BC|Energy|Supply,Emissions|BC|Energy|Supply|Electricity,,,,Emissions|BC|Energy and Industrial Processes,1
industrial energy use,,BC,Emissions|BC,Emissions|BC|Energy,Emissions|BC|Energy|Demand,Emissions|BC|Energy|Demand|Industry,,,,Emissions|BC|Energy and Industrial Processes,1
industrial processes,,BC,Emissions|BC,Emissions|PFC,Emissions|F-Gases,Emissions|BC|Product Use,,,,,1
iron and steel,,BC,Emissions|BC,Emissions|BC|Industrial Processes,Emissions|BC|Industrial Processes|Iron and Steel,,,,,Emissions|BC|Energy and Industrial Processes,1
mining energy use,,BC,Emissions|BC,Emissions|BC|Energy,Emissions|BC|Energy|Demand,Emissions|BC|Energy|Demand|Industry,,,,Emissions|BC|Energy and Industrial Processes,1
N fertilizer,,BC,Emissions|BC,Emissions|BC|Industrial Processes,Emissions|BC|Industrial Processes|Chemicals,Emissions|BC|Industrial Processes|Chemicals|Ammonia,,,,Emissions|BC|Energy and Industrial Processes,1
other industrial energy use,,BC,Emissions|BC,Emissions|BC|Energy,Emissions|BC|Energy|Demand,Emissions|BC|Energy|Demand|Industry,,,,Emissions|BC|Energy and Industrial Processes,1
process heat cement,,BC,Emissions|BC,Emissions|BC|Energy,Emissions|BC|Energy|Demand,Emissions|BC|Energy|Demand|Industry,,,,Emissions|BC|Energy and Industrial Processes,1
process heat food processing,,BC,Emissions|BC,Emissions|BC|Energy,Emissions|BC|Energy|Demand,Emissions|BC|Energy|Demand|Industry,,,,Emissions|BC|Energy and Industrial Processes,1
process heat paper,,BC,Emissions|BC,Emissions|BC|Energy,Emissions|BC|Energy|Demand,Emissions|BC|Energy|Demand|Industry,,,,Emissions|BC|Energy and Industrial Processes,1
resid cooling,,BC,Emissions|BC,Emissions|BC|Energy,Emissions|BC|Energy|Demand,Emissions|BC|Energy|Demand|Residential and Commercial,Emissions|BC|Energy|Demand|Residential,,Emissions|BC|Energy|Demand|Residential and Commercial and AFOFI,Emissions|BC|Energy and Industrial Processes,1
resid cooling modern,,BC,Emissions|BC,Emissions|BC|Energy,Emissions|BC|Energy|Demand,Emissions|BC|Energy|Demand|Residential and Commercial,Emissions|BC|Energy|Demand|Residential,,Emissions|BC|Energy|Demand|Residential and Commercial and AFOFI,Emissions|BC|Energy and Industrial Processes,1
resid heating,,BC,Emissions|BC,Emissions|BC|Energy,Emissions|BC|Energy|Demand,Emissions|BC|Energy|Demand|Residential and Commercial,Emissions|BC|Energy|Demand|Residential,,Emissions|BC|Energy|Demand|Residential and Commercial and AFOFI,Emissions|BC|Energy and Industrial Processes,1
resid heating coal,,BC,Emissions|BC,Emissions|BC|Energy,Emissions|BC|Energy|Demand,Emissions|BC|Energy|Demand|Residential and Commercial,Emissions|BC|Energy|Demand|Residential,,Emissions|BC|Energy|Demand|Residential and Commercial and AFOFI,Emissions|BC|Energy and Industrial Processes,1
resid heating modern,,BC,Emissions|BC,Emissions|BC|Energy,Emissions|BC|Energy|Demand,Emissions|BC|Energy|Demand|Residential and Commercial,Emissions|BC|Energy|Demand|Residential,,Emissions|BC|Energy|Demand|Residential and Commercial and AFOFI,Emissions|BC|Energy and Industrial Processes,1
resid heating TradBio,,BC,Emissions|BC,Emissions|BC|Energy,Emissions|BC|Energy|Demand,Emissions|BC|Energy|Demand|Residential and Commercial,Emissions|BC|Energy|Demand|Residential,,Emissions|BC|Energy|Demand|Residential and Commercial and AFOFI,Emissions|BC|Energy and Industrial Processes,1
resid others,,BC,Emissions|BC,Emissions|BC|Energy,Emissions|BC|Energy|Demand,Emissions|BC|Energy|Demand|Residential and Commercial,Emissions|BC|Energy|Demand|Residential,,Emissions|BC|Energy|Demand|Residential and Commercial and AFOFI,Emissions|BC|Energy and Industrial Processes,1
resid others coal,,BC,Emissions|BC,Emissions|BC|Energy,Emissions|BC|Energy|Demand,Emissions|BC|Energy|Demand|Residential and Commercial,Emissions|BC|Energy|Demand|Residential,,Emissions|BC|Energy|Demand|Residential and Commercial and AFOFI,Emissions|BC|Energy and Industrial Processes,1
resid others modern,,BC,Emissions|BC,Emissions|BC|Energy,Emissions|BC|Energy|Demand,Emissions|BC|Energy|Demand|Residential and Commercial,Emissions|BC|Energy|Demand|Residential,,Emissions|BC|Energy|Demand|Residential and Commercial and AFOFI,Emissions|BC|Energy and Industrial Processes,1
resid others TradBio,,BC,Emissions|BC,Emissions|BC|Energy,Emissions|BC|Energy|Demand,Emissions|BC|Energy|Demand|Residential and Commercial,Emissions|BC|Energy|Demand|Residential,,Emissions|BC|Energy|Demand|Residential and Commercial and AFOFI,Emissions|BC|Energy and Industrial Processes,1
trn_aviation_intl,,BC,Emissions|BC,Emissions|BC|Energy,Emissions|BC|Energy|Demand,Emissions|BC|Energy|Demand|Bunkers,Emissions|BC|Energy|Demand|Bunkers|International Aviation,,,Emissions|BC|Energy and Industrial Processes,1
trn_freight,,BC,Emissions|BC,Emissions|BC|Energy,Emissions|BC|Energy|Demand,Emissions|BC|Energy|Demand|Transportation,Emissions|BC|Energy|Demand|Transportation,,,Emissions|BC|Energy and Industrial Processes,1
trn_freight_road,,BC,Emissions|BC,Emissions|BC|Energy,Emissions|BC|Energy|Demand,Emissions|BC|Energy|Demand|Transportation,Emissions|BC|Energy|Demand|Transportation|Truck,,,Emissions|BC|Energy and Industrial Processes,1
trn_pass,,BC,Emissions|BC,Emissions|BC|Energy,Emissions|BC|Energy|Demand,Emissions|BC|Energy|Demand|Transportation,Emissions|BC|Energy|Demand|Transportation,,,Emissions|BC|Energy and Industrial Processes,1
trn_pass_road,,BC,Emissions|BC,Emissions|BC|Energy,Emissions|BC|Energy|Demand,Emissions|BC|Energy|Demand|Transportation,Emissions|BC|Energy|Demand|Transportation,,,Emissions|BC|Energy and Industrial Processes,1
trn_pass_road_LDV,,BC,Emissions|BC,Emissions|BC|Energy,Emissions|BC|Energy|Demand,Emissions|BC|Energy|Demand|Transportation,Emissions|BC|Energy|Demand|Transportation|Light-Duty Vehicle,,,Emissions|BC|Energy and Industrial Processes,1
trn_pass_road_LDV_4W,,BC,Emissions|BC,Emissions|BC|Energy,Emissions|BC|Energy|Demand,Emissions|BC|Energy|Demand|Transportation,Emissions|BC|Energy|Demand|Transportation,,,Emissions|BC|Energy and Industrial Processes,1
trn_shipping_intl,,BC,Emissions|BC,Emissions|BC|Energy,Emissions|BC|Energy|Demand,Emissions|BC|Energy|Demand|Bunkers,Emissions|BC|Energy|Demand|Bunkers|International Shipping,,,Emissions|BC|Energy and Industrial Processes,1
UnmanagedLand,ForestFire,BC,Emissions|BC,Emissions|BC|AFOLU,Emissions|BC|AFOLU|Land,Emissions|BC|AFOLU|Land|Fires,Emissions|BC|AFOLU|Land|Fires|Forest Burning,Emissions|BC|AFOLU [NGHGI],,,1
UnmanagedLand,GrasslandFires,BC,Emissions|BC,Emissions|BC|AFOLU,Emissions|BC|AFOLU|Land,Emissions|BC|AFOLU|Land|Fires,Emissions|BC|AFOLU|Land|Fires|Grassland Burning,Emissions|BC|AFOLU [NGHGI],,,1
UnmanagedLand,,BC,Emissions|BC,Emissions|BC|AFOLU,Emissions|BC|AFOLU|Land,Emissions|BC|AFOLU|Land|Other,,Emissions|BC|AFOLU [NGHGI],,,1
urban processes,landfills,BC,Emissions|BC,Emissions|BC|Waste,,,,,,,1
urban processes,wastewater,BC,Emissions|BC,Emissions|BC|Waste,,,,,,,1
urban processes,waste_incineration,BC,Emissions|BC,Emissions|BC|Waste,,,,,,,1
urban processes,,BC,Emissions|BC,Emissions|BC|Other,,,,,,,1
waste biomass for paper,,BC,Emissions|BC,Emissions|BC|Industrial Processes,Emissions|BC|Industrial Processes|Pulp and Paper,,,,,Emissions|BC|Energy and Industrial Processes,1
Corn,,BC_AWB,Emissions|BC,Emissions|BC|AFOLU,Emissions|BC|AFOLU|Agricultural Waste Burning,,,Emissions|BC|AFOLU [NGHGI],,,1
FiberCrop,,BC_AWB,Emissions|BC,Emissions|BC|AFOLU,Emissions|BC|AFOLU|Agricultural Waste Burning,,,Emissions|BC|AFOLU [NGHGI],,,1
Fruits,,BC_AWB,Emissions|BC,Emissions|BC|AFOLU,Emissions|BC|AFOLU|Agricultural Waste Burning,,,Emissions|BC|AFOLU [NGHGI],,,1
Legumes,,BC_AWB,Emissions|BC,Emissions|BC|AFOLU,Emissions|BC|AFOLU|Agricultural Waste Burning,,,Emissions|BC|AFOLU [NGHGI],,,1
MiscCrop,,BC_AWB,Emissions|BC,Emissions|BC|AFOLU,Emissions|BC|AFOLU|Agricultural Waste Burning,,,Emissions|BC|AFOLU [NGHGI],,,1
NutsSeeds,,BC_AWB,Emissions|BC,Emissions|BC|AFOLU,Emissions|BC|AFOLU|Agricultural Waste Burning,,,Emissions|BC|AFOLU [NGHGI],,,1
OilCrop,,BC_AWB,Emissions|BC,Emissions|BC|AFOLU,Emissions|BC|AFOLU|Agricultural Waste Burning,,,Emissions|BC|AFOLU [NGHGI],,,1
OilPalm,,BC_AWB,Emissions|BC,Emissions|BC|AFOLU,Emissions|BC|AFOLU|Agricultural Waste Burning,,,Emissions|BC|AFOLU [NGHGI],,,1
OtherGrain,,BC_AWB,Emissions|BC,Emissions|BC|AFOLU,Emissions|BC|AFOLU|Agricultural Waste Burning,,,Emissions|BC|AFOLU [NGHGI],,,1
PalmFruit,,BC_AWB,Emissions|BC,Emissions|BC|AFOLU,Emissions|BC|AFOLU|Agricultural Waste Burning,,,Emissions|BC|AFOLU [NGHGI],,,1
Rice,,BC_AWB,Emissions|BC,Emissions|BC|AFOLU,Emissions|BC|AFOLU|Agricultural Waste Burning,,,Emissions|BC|AFOLU [NGHGI],,,1
RootTuber,,BC_AWB,Emissions|BC,Emissions|BC|AFOLU,Emissions|BC|AFOLU|Agricultural Waste Burning,,,Emissions|BC|AFOLU [NGHGI],,,1
Soybean,,BC_AWB,Emissions|BC,Emissions|BC|AFOLU,Emissions|BC|AFOLU|Agricultural Waste Burning,,,Emissions|BC|AFOLU [NGHGI],,,1
SugarCrop,,BC_AWB,Emissions|BC,Emissions|BC|AFOLU,Emissions|BC|AFOLU|Agricultural Waste Burning,,,Emissions|BC|AFOLU [NGHGI],,,1
Vegetables,,BC_AWB,Emissions|BC,Emissions|BC|AFOLU,Emissions|BC|AFOLU|Agricultural Waste Burning,,,Emissions|BC|AFOLU [NGHGI],,,1
Wheat,,BC_AWB,Emissions|BC,Emissions|BC|AFOLU,Emissions|BC|AFOLU|Agricultural Waste Burning,,,Emissions|BC|AFOLU [NGHGI],,,1
industrial processes,,C2F6,Emissions|C2F6,Emissions|PFC,Emissions|F-Gases,Emissions|C2F6|Product Use,,,,,1
urban processes,,C2F6,Emissions|C2F6,Emissions|PFC,Emissions|F-Gases,Emissions|C2F6|Product Use,,,,,1
industrial processes,,CF4,Emissions|CF4,Emissions|PFC,Emissions|F-Gases,,,,,,1
urban processes,,CF4,Emissions|CF4,Emissions|PFC,Emissions|F-Gases,,,,,,1
agricultural energy use,,CH4,Emissions|CH4,Emissions|CH4|Energy,Emissions|BC|Energy|Demand,Emissions|CH4|Energy|Demand|AFOFI,,,Emissions|CH4|Energy|Demand|Residential and Commercial and AFOFI,Emissions|CH4|Energy and Industrial Processes,1
alumina,,CH4,Emissions|CH4,Emissions|CH4|Industrial Processes,Emissions|CH4|Industrial Processes|Non-Ferrous Metals,,,,,Emissions|CH4|Energy and Industrial Processes,1
ammonia,,CH4,Emissions|CH4,Emissions|CH4|Industrial Processes,Emissions|CH4|Industrial Processes|Chemicals,Emissions|CH4|Industrial Processes|Chemicals|Ammonia,,,,Emissions|CH4|Energy and Industrial Processes,1
backup_electricity,,CH4,Emissions|CH4,Emissions|CH4|Energy,Emissions|CH4|Energy|Supply,Emissions|CH4|Energy|Supply|Electricity,,,,Emissions|CH4|Energy and Industrial Processes,1
chemical energy use,,CH4,Emissions|CH4,Emissions|CH4|Energy,Emissions|CH4|Energy|Demand,Emissions|CH4|Energy|Demand|Industry,,,,Emissions|CH4|Energy and Industrial Processes,1
comm cooling,,CH4,Emissions|CH4,Emissions|CH4|Energy,Emissions|CH4|Energy|Demand,Emissions|CH4|Energy|Demand|Residential and Commercial,Emissions|CH4|Energy|Demand|Commercial,,Emissions|CH4|Energy|Demand|Residential and Commercial and AFOFI,Emissions|CH4|Energy and Industrial Processes,1
comm heating,,CH4,Emissions|CH4,Emissions|CH4|Energy,Emissions|CH4|Energy|Demand,Emissions|CH4|Energy|Demand|Residential and Commercial,Emissions|CH4|Energy|Demand|Commercial,,Emissions|CH4|Energy|Demand|Residential and Commercial and AFOFI,Emissions|CH4|Energy and Industrial Processes,1
comm others,,CH4,Emissions|CH4,Emissions|CH4|Energy,Emissions|CH4|Energy|Demand,Emissions|CH4|Energy|Demand|Residential and Commercial,Emissions|CH4|Energy|Demand|Commercial,,Emissions|CH4|Energy|Demand|Residential and Commercial and AFOFI,Emissions|CH4|Energy and Industrial Processes,1
construction energy use,,CH4,Emissions|CH4,Emissions|CH4|Energy,Emissions|CH4|Energy|Demand,Emissions|CH4|Energy|Demand|Industry,,,,Emissions|CH4|Energy and Industrial Processes,1
district heat,,CH4,Emissions|CH4,Emissions|CH4|Energy,Emissions|CH4|Energy|Supply,Emissions|CH4|Energy|Supply|Heat,,,,Emissions|CH4|Energy and Industrial Processes,1
electricity,,CH4,Emissions|CH4,Emissions|CH4|Energy,Emissions|CH4|Energy|Supply,Emissions|CH4|Energy|Supply|Electricity,,,,Emissions|CH4|Energy and Industrial Processes,1
H2 central production,,CH4,Emissions|CH4,Emissions|CH4|Energy,Emissions|CH4|Energy|Supply,Emissions|CH4|Energy|Supply|Hydrogen,,,,Emissions|CH4|Energy and Industrial Processes,1
industrial energy use,,CH4,Emissions|CH4,Emissions|CH4|Energy,Emissions|CH4|Energy|Demand,Emissions|CH4|Energy|Demand|Industry,,,,Emissions|CH4|Energy and Industrial Processes,1
industrial processes,,CH4,Emissions|CH4,Emissions|CH4|Product Use,,,,,,,1
iron and steel,,CH4,Emissions|CH4,Emissions|CH4|Industrial Processes,Emissions|CH4|Industrial Processes|Iron and Steel,,,,,Emissions|CH4|Energy and Industrial Processes,1
mining energy use,,CH4,Emissions|CH4,Emissions|CH4|Energy,Emissions|CH4|Energy|Demand,Emissions|CH4|Energy|Demand|Industry,,,,Emissions|CH4|Energy and Industrial Processes,1
N fertilizer,,CH4,Emissions|CH4,Emissions|CH4|Industrial Processes,Emissions|CH4|Industrial Processes|Chemicals,Emissions|CH4|Industrial Processes|Chemicals|Ammonia,,,,Emissions|CH4|Energy and Industrial Processes,1
other industrial energy use,,CH4,Emissions|CH4,Emissions|CH4|Energy,Emissions|CH4|Energy|Demand,Emissions|CH4|Energy|Demand|Industry,,,,Emissions|CH4|Energy and Industrial Processes,1
process heat cement,,CH4,Emissions|CH4,Emissions|CH4|Energy,Emissions|CH4|Energy|Demand,Emissions|CH4|Energy|Demand|Industry,,,,Emissions|CH4|Energy and Industrial Processes,1
process heat food processing,,CH4,Emissions|CH4,Emissions|CH4|Energy,Emissions|CH4|Energy|Demand,Emissions|CH4|Energy|Demand|Industry,,,,Emissions|CH4|Energy and Industrial Processes,1
process heat paper,,CH4,Emissions|CH4,Emissions|CH4|Energy,Emissions|CH4|Energy|Demand,Emissions|CH4|Energy|Demand|Industry,,,,Emissions|CH4|Energy and Industrial Processes,1
refining,,CH4,Emissions|CH4,Emissions|CH4|Energy,Emissions|CH4|Energy|Supply,Emissions|CH4|Energy|Supply|Liquids,,,,Emissions|CH4|Energy and Industrial Processes,1
resid cooling,,CH4,Emissions|CH4,Emissions|CH4|Energy,Emissions|CH4|Energy|Demand,Emissions|CH4|Energy|Demand|Residential and Commercial,Emissions|CH4|Energy|Demand|Residential,,Emissions|CH4|Energy|Demand|Residential and Commercial and AFOFI,Emissions|CH4|Energy and Industrial Processes,1
resid cooling modern,,CH4,Emissions|CH4,Emissions|CH4|Energy,Emissions|CH4|Energy|Demand,Emissions|CH4|Energy|Demand|Residential and Commercial,Emissions|CH4|Energy|Demand|Residential,,Emissions|CH4|Energy|Demand|Residential and Commercial and AFOFI,Emissions|CH4|Energy and Industrial Processes,1
resid heating,,CH4,Emissions|CH4,Emissions|CH4|Energy,Emissions|CH4|Energy|Demand,Emissions|CH4|Energy|Demand|Residential and Commercial,Emissions|CH4|Energy|Demand|Residential,,Emissions|CH4|Energy|Demand|Residential and Commercial and AFOFI,Emissions|CH4|Energy and Industrial Processes,1
resid heating coal,,CH4,Emissions|CH4,Emissions|CH4|Energy,Emissions|CH4|Energy|Demand,Emissions|CH4|Energy|Demand|Residential and Commercial,Emissions|CH4|Energy|Demand|Residential,,Emissions|CH4|Energy|Demand|Residential and Commercial and AFOFI,Emissions|CH4|Energy and Industrial Processes,1
resid heating modern,,CH4,Emissions|CH4,Emissions|CH4|Energy,Emissions|CH4|Energy|Demand,Emissions|CH4|Energy|Demand|Residential and Commercial,Emissions|CH4|Energy|Demand|Residential,,Emissions|CH4|Energy|Demand|Residential and Commercial and AFOFI,Emissions|CH4|Energy and Industrial Processes,1
resid heating TradBio,,CH4,Emissions|CH4,Emissions|CH4|Energy,Emissions|CH4|Energy|Demand,Emissions|CH4|Energy|Demand|Residential and Commercial,Emissions|CH4|Energy|Demand|Residential,,Emissions|CH4|Energy|Demand|Residential and Commercial and AFOFI,Emissions|CH4|Energy and Industrial Processes,1
resid others,,CH4,Emissions|CH4,Emissions|CH4|Energy,Emissions|CH4|Energy|Demand,Emissions|CH4|Energy|Demand|Residential and Commercial,Emissions|CH4|Energy|Demand|Residential,,Emissions|CH4|Energy|Demand|Residential and Commercial and AFOFI,Emissions|CH4|Energy and Industrial Processes,1
resid others coal,,CH4,Emissions|CH4,Emissions|CH4|Energy,Emissions|CH4|Energy|Demand,Emissions|CH4|Energy|Demand|Residential and Commercial,Emissions|CH4|Energy|Demand|Residential,,Emissions|CH4|Energy|Demand|Residential and Commercial and AFOFI,Emissions|CH4|Energy and Industrial Processes,1
resid others modern,,CH4,Emissions|CH4,Emissions|CH4|Energy,Emissions|CH4|Energy|Demand,Emissions|CH4|Energy|Demand|Residential and Commercial,Emissions|CH4|Energy|Demand|Residential,,Emissions|CH4|Energy|Demand|Residential and Commercial and AFOFI,Emissions|CH4|Energy and Industrial Processes,1
resid others TradBio,,CH4,Emissions|CH4,Emissions|CH4|Energy,Emissions|CH4|Energy|Demand,Emissions|CH4|Energy|Demand|Residential and Commercial,Emissions|CH4|Energy|Demand|Residential,,Emissions|CH4|Energy|Demand|Residential and Commercial and AFOFI,Emissions|CH4|Energy and Industrial Processes,1
trn_freight,,CH4,Emissions|CH4,Emissions|CH4|Energy,Emissions|CH4|Energy|Demand,Emissions|CH4|Energy|Demand|Transportation,Emissions|CH4|Energy|Demand|Transportation,,,Emissions|CH4|Energy and Industrial Processes,1
trn_freight_road,,CH4,Emissions|CH4,Emissions|CH4|Energy,Emissions|CH4|Energy|Demand,Emissions|CH4|Energy|Demand|Transportation,Emissions|CH4|Energy|Demand|Transportation|Truck,,,Emissions|CH4|Energy and Industrial Processes,1
trn_pass,,CH4,Emissions|CH4,Emissions|CH4|Energy,Emissions|CH4|Energy|Demand,Emissions|CH4|Energy|Demand|Transportation,Emissions|CH4|Energy|Demand|Transportation,,,Emissions|CH4|Energy and Industrial Processes,1
trn_pass_road,,CH4,Emissions|CH4,Emissions|CH4|Energy,Emissions|CH4|Energy|Demand,Emissions|CH4|Energy|Demand|Transportation,Emissions|CH4|Energy|Demand|Transportation,,,Emissions|CH4|Energy and Industrial Processes,1
trn_pass_road_LDV,,CH4,Emissions|CH4,Emissions|CH4|Energy,Emissions|CH4|Energy|Demand,Emissions|CH4|Energy|Demand|Transportation,Emissions|CH4|Energy|Demand|Transportation|Light-Duty Vehicle,,,Emissions|CH4|Energy and Industrial Processes,1
trn_pass_road_LDV_4W,,CH4,Emissions|CH4,Emissions|CH4|Energy,Emissions|CH4|Energy|Demand,Emissions|CH4|Energy|Demand|Transportation,Emissions|CH4|Energy|Demand|Transportation,,,Emissions|CH4|Energy and Industrial Processes,1
trn_shipping_intl,,CH4,Emissions|CH4,Emissions|CH4|Energy,Emissions|CH4|Energy|Demand,Emissions|CH4|Energy|Demand|Bunkers,Emissions|CH4|Energy|Demand|Bunkers|International Shipping,,,Emissions|CH4|Energy and Industrial Processes,1
UnmanagedLand,ForestFire,CH4,Emissions|CH4,Emissions|CH4|AFOLU,Emissions|CH4|AFOLU|Land,Emissions|CH4|AFOLU|Land|Fires,Emissions|CH4|AFOLU|Land|Fires|Forest Burning,Emissions|CH4|AFOLU [NGHGI],,,1
UnmanagedLand,GrasslandFires,CH4,Emissions|CH4,Emissions|CH4|AFOLU,Emissions|CH4|AFOLU|Land,Emissions|CH4|AFOLU|Land|Fires,Emissions|CH4|AFOLU|Land|Fires|Grassland Burning,Emissions|CH4|AFOLU [NGHGI],,,1
UnmanagedLand,,CH4,Emissions|CH4,Emissions|CH4|AFOLU,Emissions|CH4|AFOLU|Land,Emissions|CH4|AFOLU|Land|Other,,Emissions|CH4|AFOLU [NGHGI],,,1
urban processes,landfills,CH4,Emissions|CH4,Emissions|CH4|Waste,,,,,,,1
urban processes,wastewater,CH4,Emissions|CH4,Emissions|CH4|Waste,,,,,,,1
urban processes,waste_incineration,CH4,Emissions|CH4,Emissions|CH4|Waste,,,,,,,1
urban processes,,CH4,Emissions|CH4,Emissions|CH4|Other,,,,,,,1
waste biomass for paper,,CH4,Emissions|CH4,Emissions|CH4|Industrial Processes,Emissions|CH4|Industrial Processes|Pulp and Paper,,,,,Emissions|CH4|Energy and Industrial Processes,1
Beef,,CH4_AGR,Emissions|CH4,Emissions|CH4|AFOLU,Emissions|CH4|AFOLU|Agriculture,Emissions|CH4|AFOLU|Agriculture|Livestock,Emissions|CH4|AFOLU|Agriculture|Livestock|Enteric Fermentation,Emissions|CH4|AFOLU [NGHGI],,,1
Dairy,,CH4_AGR,Emissions|CH4,Emissions|CH4|AFOLU,Emissions|CH4|AFOLU|Agriculture,Emissions|CH4|AFOLU|Agriculture|Livestock,Emissions|CH4|AFOLU|Agriculture|Livestock|Enteric Fermentation,Emissions|CH4|AFOLU [NGHGI],,,1
Pork,,CH4_AGR,Emissions|CH4,Emissions|CH4|AFOLU,Emissions|CH4|AFOLU|Agriculture,Emissions|CH4|AFOLU|Agriculture|Livestock,,Emissions|CH4|AFOLU [NGHGI],,,1
Poultry,,CH4_AGR,Emissions|CH4,Emissions|CH4|AFOLU,Emissions|CH4|AFOLU|Agriculture,Emissions|CH4|AFOLU|Agriculture|Livestock,,Emissions|CH4|AFOLU [NGHGI],,,1
Rice,,CH4_AGR,Emissions|CH4,Emissions|CH4|AFOLU,Emissions|CH4|AFOLU|Agriculture,Emissions|CH4|AFOLU|Agriculture|Rice,,Emissions|CH4|AFOLU [NGHGI],,,1
SheepGoat,,CH4_AGR,Emissions|CH4,Emissions|CH4|AFOLU,Emissions|CH4|AFOLU|Agriculture,Emissions|CH4|AFOLU|Agriculture|Livestock,Emissions|CH4|AFOLU|Agriculture|Livestock|Enteric Fermentation,Emissions|CH4|AFOLU [NGHGI],,,1
Corn,,CH4_AWB,Emissions|CH4,Emissions|CH4|AFOLU,Emissions|CH4|AFOLU|Agricultural Waste Burning,,,Emissions|CH4|AFOLU [NGHGI],,,1
FiberCrop,,CH4_AWB,Emissions|CH4,Emissions|CH4|AFOLU,Emissions|CH4|AFOLU|Agricultural Waste Burning,,,Emissions|CH4|AFOLU [NGHGI],,,1
Fruits,,CH4_AWB,Emissions|CH4,Emissions|CH4|AFOLU,Emissions|CH4|AFOLU|Agricultural Waste Burning,,,Emissions|CH4|AFOLU [NGHGI],,,1
Legumes,,CH4_AWB,Emissions|CH4,Emissions|CH4|AFOLU,Emissions|CH4|AFOLU|Agricultural Waste Burning,,,Emissions|CH4|AFOLU [NGHGI],,,1
MiscCrop,,CH4_AWB,Emissions|CH4,Emissions|CH4|AFOLU,Emissions|CH4|AFOLU|Agricultural Waste Burning,,,Emissions|CH4|AFOLU [NGHGI],,,1
NutsSeeds,,CH4_AWB,Emissions|CH4,Emissions|CH4|AFOLU,Emissions|CH4|AFOLU|Agricultural Waste Burning,,,Emissions|CH4|AFOLU [NGHGI],,,1
OilCrop,,CH4_AWB,Emissions|CH4,Emissions|CH4|AFOLU,Emissions|CH4|AFOLU|Agricultural Waste Burning,,,Emissions|CH4|AFOLU [NGHGI],,,1
OilPalm,,CH4_AWB,Emissions|CH4,Emissions|CH4|AFOLU,Emissions|CH4|AFOLU|Agricultural Waste Burning,,,Emissions|CH4|AFOLU [NGHGI],,,1
OtherGrain,,CH4_AWB,Emissions|CH4,Emissions|CH4|AFOLU,Emissions|CH4|AFOLU|Agricultural Waste Burning,,,Emissions|CH4|AFOLU [NGHGI],,,1
PalmFruit,,CH4_AWB,Emissions|CH4,Emissions|CH4|AFOLU,Emissions|CH4|AFOLU|Agricultural Waste Burning,,,Emissions|CH4|AFOLU [NGHGI],,,1
Rice,,CH4_AWB,Emissions|CH4,Emissions|CH4|AFOLU,Emissions|CH4|AFOLU|Agricultural Waste Burning,,,Emissions|CH4|AFOLU [NGHGI],,,1
RootTuber,,CH4_AWB,Emissions|CH4,Emissions|CH4|AFOLU,Emissions|CH4|AFOLU|Agricultural Waste Burning,,,Emissions|CH4|AFOLU [NGHGI],,,1
Soybean,,CH4_AWB,Emissions|CH4,Emissions|CH4|AFOLU,Emissions|CH4|AFOLU|Agricultural Waste Burning,,,Emissions|CH4|AFOLU [NGHGI],,,1
SugarCrop,,CH4_AWB,Emissions|CH4,Emissions|CH4|AFOLU,Emissions|CH4|AFOLU|Agricultural Waste Burning,,,Emissions|CH4|AFOLU [NGHGI],,,1
Vegetables,,CH4_AWB,Emissions|CH4,Emissions|CH4|AFOLU,Emissions|CH4|AFOLU|Agricultural Waste Burning,,,Emissions|CH4|AFOLU [NGHGI],,,1
Wheat,,CH4_AWB,Emissions|CH4,Emissions|CH4|AFOLU,Emissions|CH4|AFOLU|Agricultural Waste Burning,,,Emissions|CH4|AFOLU [NGHGI],,,1
agricultural energy use,,CO,Emissions|CO,Emissions|CO|Energy,Emissions|BC|Energy|Demand,Emissions|CO|Energy|Demand|AFOFI,,,Emissions|CO|Energy|Demand|Residential and Commercial and AFOFI,Emissions|CO|Energy and Industrial Processes,1
alumina,,CO,Emissions|CO,Emissions|CO|Industrial Processes,Emissions|CO|Industrial Processes|Non-Ferrous Metals,,,,,Emissions|CO|Energy and Industrial Processes,1
ammonia,,CO,Emissions|CO,Emissions|CO|Industrial Processes,Emissions|CO|Industrial Processes|Chemicals,Emissions|CO|Industrial Processes|Chemicals|Ammonia,,,,Emissions|CO|Energy and Industrial Processes,1
backup_electricity,,CO,Emissions|CO,Emissions|CO|Energy,Emissions|CO|Energy|Supply,Emissions|CO|Energy|Supply|Electricity,,,,Emissions|CO|Energy and Industrial Processes,1
chemical energy use,,CO,Emissions|CO,Emissions|CO|Energy,Emissions|CO|Energy|Demand,Emissions|CO|Energy|Demand|Industry,,,,Emissions|CO|Energy and Industrial Processes,1
comm cooling,,CO,Emissions|CO,Emissions|CO|Energy,Emissions|CO|Energy|Demand,Emissions|CO|Energy|Demand|Residential and Commercial,Emissions|CO|Energy|Demand|Commercial,,Emissions|CO|Energy|Demand|Residential and Commercial and AFOFI,Emissions|CO|Energy and Industrial Processes,1
comm heating,,CO,Emissions|CO,Emissions|CO|Energy,Emissions|CO|Energy|Demand,Emissions|CO|Energy|Demand|Residential and Commercial,Emissions|CO|Energy|Demand|Commercial,,Emissions|CO|Energy|Demand|Residential and Commercial and AFOFI,Emissions|CO|Energy and Industrial Processes,1
comm others,,CO,Emissions|CO,Emissions|CO|Energy,Emissions|CO|Energy|Demand,Emissions|CO|Energy|Demand|Residential and Commercial,Emissions|CO|Energy|Demand|Commercial,,Emissions|CO|Energy|Demand|Residential and Commercial and AFOFI,Emissions|CO|Energy and Industrial Processes,1
construction energy use,,CO,Emissions|CO,Emissions|CO|Energy,Emissions|CO|Energy|Demand,Emissions|CO|Energy|Demand|Industry,,,,Emissions|CO|Energy and Industrial Processes,1
district heat,,CO,Emissions|CO,Emissions|CO|Energy,Emissions|CO|Energy|Supply,Emissions|CO|Energy|Supply|Heat,,,,Emissions|CO|Energy and Industrial Processes,1
electricity,,CO,Emissions|CO,Emissions|CO|Energy,Emissions|CO|Energy|Supply,Emissions|CO|Energy|Supply|Electricity,,,,Emissions|CO|Energy and Industrial Processes,1
H2 central production,,CO,Emissions|CO,Emissions|CO|Energy,Emissions|CO|Energy|Supply,Emissions|CO|Energy|Supply|Hydrogen,,,,Emissions|CO|Energy and Industrial Processes,1
H2 forecourt production,,CO,Emissions|CO,Emissions|CO|Energy,Emissions|CO|Energy|Supply,Emissions|CO|Energy|Supply|Hydrogen,,,,Emissions|CO|Energy and Industrial Processes,1
H2 wholesale dispensing,,CO,Emissions|CO,Emissions|CO|Energy,Emissions|CO|Energy|Supply,Emissions|CO|Energy|Supply|Hydrogen,,,,Emissions|CO|Energy and Industrial Processes,1
industrial energy use,,CO,Emissions|CO,Emissions|CO|Energy,Emissions|CO|Energy|Demand,Emissions|CO|Energy|Demand|Industry,,,,Emissions|CO|Energy and Industrial Processes,1
industrial processes,,CO,Emissions|CO,Emissions|CO|Product Use,,,,,,,1
iron and steel,,CO,Emissions|CO,Emissions|CO|Industrial Processes,Emissions|CO|Industrial Processes|Iron and Steel,,,,,Emissions|CO|Energy and Industrial Processes,1
mining energy use,,CO,Emissions|CO,Emissions|CO|Energy,Emissions|CO|Energy|Demand,Emissions|CO|Energy|Demand|Industry,,,,Emissions|CO|Energy and Industrial Processes,1
N fertilizer,,CO,Emissions|CO,Emissions|CO|Industrial Processes,Emissions|CO|Industrial Processes|Chemicals,Emissions|CO|Industrial Processes|Chemicals|Ammonia,,,,Emissions|CO|Energy and Industrial Processes,1
other industrial energy use,,CO,Emissions|CO,Emissions|CO|Energy,Emissions|CO|Energy|Demand,Emissions|CO|Energy|Demand|Industry,,,,Emissions|CO|Energy and Industrial Processes,1
process heat cement,,CO,Emissions|CO,Emissions|CO|Energy,Emissions|CO|Energy|Demand,Emissions|CO|Energy|Demand|Industry,,,,Emissions|CO|Energy and Industrial Processes,1
process heat food processing,,CO,Emissions|CO,Emissions|CO|Energy,Emissions|CO|Energy|Demand,Emissions|CO|Energy|Demand|Industry,,,,Emissions|CO|Energy and Industrial Processes,1
process heat paper,,CO,Emissions|CO,Emissions|CO|Energy,Emissions|CO|Energy|Demand,Emissions|CO|Energy|Demand|Industry,,,,Emissions|CO|Energy and Industrial Processes,1
refining,,CO,Emissions|CO,Emissions|CO|Energy,Emissions|CO|Energy|Supply,Emissions|CO|Energy|Supply|Liquids,,,,Emissions|CO|Energy and Industrial Processes,1
resid cooling,,CO,Emissions|CO,Emissions|CO|Energy,Emissions|CO|Energy|Demand,Emissions|CO|Energy|Demand|Residential and Commercial,Emissions|CO|Energy|Demand|Residential,,Emissions|CO|Energy|Demand|Residential and Commercial and AFOFI,Emissions|CO|Energy and Industrial Processes,1
resid cooling modern,,CO,Emissions|CO,Emissions|CO|Energy,Emissions|CO|Energy|Demand,Emissions|CO|Energy|Demand|Residential and Commercial,Emissions|CO|Energy|Demand|Residential,,Emissions|CO|Energy|Demand|Residential and Commercial and AFOFI,Emissions|CO|Energy and Industrial Processes,1
resid heating,,CO,Emissions|CO,Emissions|CO|Energy,Emissions|CO|Energy|Demand,Emissions|CO|Energy|Demand|Residential and Commercial,Emissions|CO|Energy|Demand|Residential,,Emissions|CO|Energy|Demand|Residential and Commercial and AFOFI,Emissions|CO|Energy and Industrial Processes,1
resid heating coal,,CO,Emissions|CO,Emissions|CO|Energy,Emissions|CO|Energy|Demand,Emissions|CO|Energy|Demand|Residential and Commercial,Emissions|CO|Energy|Demand|Residential,,Emissions|CO|Energy|Demand|Residential and Commercial and AFOFI,Emissions|CO|Energy and Industrial Processes,1
resid heating modern,,CO,Emissions|CO,Emissions|CO|Energy,Emissions|CO|Energy|Demand,Emissions|CO|Energy|Demand|Residential and Commercial,Emissions|CO|Energy|Demand|Residential,,Emissions|CO|Energy|Demand|Residential and Commercial and AFOFI,Emissions|CO|Energy and Industrial Processes,1
resid heating TradBio,,CO,Emissions|CO,Emissions|CO|Energy,Emissions|CO|Energy|Demand,Emissions|CO|Energy|Demand|Residential and Commercial,Emissions|CO|Energy|Demand|Residential,,Emissions|CO|Energy|Demand|Residential and Commercial and AFOFI,Emissions|CO|Energy and Industrial Processes,1
resid others,,CO,Emissions|CO,Emissions|CO|Energy,Emissions|CO|Energy|Demand,Emissions|CO|Energy|Demand|Residential and Commercial,Emissions|CO|Energy|Demand|Residential,,Emissions|CO|Energy|Demand|Residential and Commercial and AFOFI,Emissions|CO|Energy and Industrial Processes,1
resid others coal,,CO,Emissions|CO,Emissions|CO|Energy,Emissions|CO|Energy|Demand,Emissions|CO|Energy|Demand|Residential and Commercial,Emissions|CO|Energy|Demand|Residential,,Emissions|CO|Energy|Demand|Residential and Commercial and AFOFI,Emissions|CO|Energy and Industrial Processes,1
resid others modern,,CO,Emissions|CO,Emissions|CO|Energy,Emissions|CO|Energy|Demand,Emissions|CO|Energy|Demand|Residential and Commercial,Emissions|CO|Energy|Demand|Residential,,Emissions|CO|Energy|Demand|Residential and Commercial and AFOFI,Emissions|CO|Energy and Industrial Processes,1
resid others TradBio,,CO,Emissions|CO,Emissions|CO|Energy,Emissions|CO|Energy|Demand,Emissions|CO|Energy|Demand|Residential and Commercial,Emissions|CO|Energy|Demand|Residential,,Emissions|CO|Energy|Demand|Residential and Commercial and AFOFI,Emissions|CO|Energy and Industrial Processes,1
trn_aviation_intl,,CO,Emissions|CO,Emissions|CO|Energy,Emissions|CO|Energy|Demand,Emissions|CO|Energy|Demand|Bunkers,Emissions|CO|Energy|Demand|Bunkers|International Aviation,,,Emissions|CO|Energy and Industrial Processes,1
trn_freight,,CO,Emissions|CO,Emissions|CO|Energy,Emissions|CO|Energy|Demand,Emissions|CO|Energy|Demand|Transportation,Emissions|CO|Energy|Demand|Transportation,,,Emissions|CO|Energy and Industrial Processes,1
trn_freight_road,,CO,Emissions|CO,Emissions|CO|Energy,Emissions|CO|Energy|Demand,Emissions|CO|Energy|Demand|Transportation,Emissions|CO|Energy|Demand|Transportation|Truck,,,Emissions|CO|Energy and Industrial Processes,1
trn_pass,,CO,Emissions|CO,Emissions|CO|Energy,Emissions|CO|Energy|Demand,Emissions|CO|Energy|Demand|Transportation,Emissions|CO|Energy|Demand|Transportation,,,Emissions|CO|Energy and Industrial Processes,1
trn_pass_road,,CO,Emissions|CO,Emissions|CO|Energy,Emissions|CO|Energy|Demand,Emissions|CO|Energy|Demand|Transportation,Emissions|CO|Energy|Demand|Transportation,,,Emissions|CO|Energy and Industrial Processes,1
trn_pass_road_LDV,,CO,Emissions|CO,Emissions|CO|Energy,Emissions|CO|Energy|Demand,Emissions|CO|Energy|Demand|Transportation,Emissions|CO|Energy|Demand|Transportation|Light-Duty Vehicle,,,Emissions|CO|Energy and Industrial Processes,1
trn_pass_road_LDV_4W,,CO,Emissions|CO,Emissions|CO|Energy,Emissions|CO|Energy|Demand,Emissions|CO|Energy|Demand|Transportation,Emissions|CO|Energy|Demand|Transportation,,,Emissions|CO|Energy and Industrial Processes,1
trn_shipping_intl,,CO,Emissions|CO,Emissions|CO|Energy,Emissions|CO|Energy|Demand,Emissions|CO|Energy|Demand|Bunkers,Emissions|CO|Energy|Demand|Bunkers|International Shipping,,,Emissions|CO|Energy and Industrial Processes,1
UnmanagedLand,ForestFire,CO,Emissions|CO,Emissions|CO|AFOLU,Emissions|CO|AFOLU|Land,Emissions|CO|AFOLU|Land|Fires,Emissions|CO|AFOLU|Land|Fires|Forest Burning,Emissions|CO|AFOLU [NGHGI],,,1
UnmanagedLand,GrasslandFires,CO,Emissions|CO,Emissions|CO|AFOLU,Emissions|CO|AFOLU|Land,Emissions|CO|AFOLU|Land|Fires,Emissions|CO|AFOLU|Land|Fires|Grassland Burning,Emissions|CO|AFOLU [NGHGI],,,1
UnmanagedLand,,CO,Emissions|CO,Emissions|CO|AFOLU,Emissions|CO|AFOLU|Land,Emissions|CO|AFOLU|Land|Other,,Emissions|CO|AFOLU [NGHGI],,,1
urban processes,landfills,CO,Emissions|CO,Emissions|CO|Waste,,,,,,,1
urban processes,wastewater,CO,Emissions|CO,Emissions|CO|Waste,,,,,,,1
urban processes,waste_incineration,CO,Emissions|CO,Emissions|CO|Waste,,,,,,,1
urban processes,,CO,Emissions|CO,Emissions|CO|Other,,,,,,,1
waste biomass for paper,,CO,Emissions|CO,Emissions|CO|Industrial Processes,Emissions|CO|Industrial Processes|Pulp and Paper,,,,,Emissions|CO|Energy and Industrial Processes,1
Corn,,CO_AWB,Emissions|CO,Emissions|CO|AFOLU,Emissions|CO|AFOLU|Agricultural Waste Burning,,,Emissions|CO|AFOLU [NGHGI],,,1
FiberCrop,,CO_AWB,Emissions|CO,Emissions|CO|AFOLU,Emissions|CO|AFOLU|Agricultural Waste Burning,,,Emissions|CO|AFOLU [NGHGI],,,1
Fruits,,CO_AWB,Emissions|CO,Emissions|CO|AFOLU,Emissions|CO|AFOLU|Agricultural Waste Burning,,,Emissions|CO|AFOLU [NGHGI],,,1
Legumes,,CO_AWB,Emissions|CO,Emissions|CO|AFOLU,Emissions|CO|AFOLU|Agricultural Waste Burning,,,Emissions|CO|AFOLU [NGHGI],,,1
MiscCrop,,CO_AWB,Emissions|CO,Emissions|CO|AFOLU,Emissions|CO|AFOLU|Agricultural Waste Burning,,,Emissions|CO|AFOLU [NGHGI],,,1
NutsSeeds,,CO_AWB,Emissions|CO,Emissions|CO|AFOLU,Emissions|CO|AFOLU|Agricultural Waste Burning,,,Emissions|CO|AFOLU [NGHGI],,,1
OilCrop,,CO_AWB,Emissions|CO,Emissions|CO|AFOLU,Emissions|CO|AFOLU|Agricultural Waste Burning,,,Emissions|CO|AFOLU [NGHGI],,,1
OilPalm,,CO_AWB,Emissions|CO,Emissions|CO|AFOLU,Emissions|CO|AFOLU|Agricultural Waste Burning,,,Emissions|CO|AFOLU [NGHGI],,,1
OtherGrain,,CO_AWB,Emissions|CO,Emissions|CO|AFOLU,Emissions|CO|AFOLU|Agricultural Waste Burning,,,Emissions|CO|AFOLU [NGHGI],,,1
PalmFruit,,CO_AWB,Emissions|CO,Emissions|CO|AFOLU,Emissions|CO|AFOLU|Agricultural Waste Burning,,,Emissions|CO|AFOLU [NGHGI],,,1
Rice,,CO_AWB,Emissions|CO,Emissions|CO|AFOLU,Emissions|CO|AFOLU|Agricultural Waste Burning,,,Emissions|CO|AFOLU [NGHGI],,,1
RootTuber,,CO_AWB,Emissions|CO,Emissions|CO|AFOLU,Emissions|CO|AFOLU|Agricultural Waste Burning,,,Emissions|CO|AFOLU [NGHGI],,,1
Soybean,,CO_AWB,Emissions|CO,Emissions|CO|AFOLU,Emissions|CO|AFOLU|Agricultural Waste Burning,,,Emissions|CO|AFOLU [NGHGI],,,1
SugarCrop,,CO_AWB,Emissions|CO,Emissions|CO|AFOLU,Emissions|CO|AFOLU|Agricultural Waste Burning,,,Emissions|CO|AFOLU [NGHGI],,,1
Vegetables,,CO_AWB,Emissions|CO,Emissions|CO|AFOLU,Emissions|CO|AFOLU|Agricultural Waste Burning,,,Emissions|CO|AFOLU [NGHGI],,,1
Wheat,,CO_AWB,Emissions|CO,Emissions|CO|AFOLU,Emissions|CO|AFOLU|Agricultural Waste Burning,,,Emissions|CO|AFOLU [NGHGI],,,1
H2 liquid truck,,H2,NoReported,,,,,,,,1
H2 pipeline,,H2,NoReported,,,,,,,,1
H2 wholesale dispensing,,H2,NoReported,,,,,,,,1
UnmanagedLand,ForestFire,H2,NoReported,,,,,,,,1
UnmanagedLand,GrasslandFires,H2,NoReported,,,,,,,,1
UnmanagedLand,,H2,NoReported,,,,,,,,1
Corn,,H2_AWB,NoReported,,,,,,,,1
FiberCrop,,H2_AWB,NoReported,,,,,,,,1
Fruits,,H2_AWB,NoReported,,,,,,,,1
Legumes,,H2_AWB,NoReported,,,,,,,,1
MiscCrop,,H2_AWB,NoReported,,,,,,,,1
NutsSeeds,,H2_AWB,NoReported,,,,,,,,1
OilCrop,,H2_AWB,NoReported,,,,,,,,1
OilPalm,,H2_AWB,NoReported,,,,,,,,1
OtherGrain,,H2_AWB,NoReported,,,,,,,,1
PalmFruit,,H2_AWB,NoReported,,,,,,,,1
Rice,,H2_AWB,NoReported,,,,,,,,1
RootTuber,,H2_AWB,NoReported,,,,,,,,1
Soybean,,H2_AWB,NoReported,,,,,,,,1
SugarCrop,,H2_AWB,NoReported,,,,,,,,1
Vegetables,,H2_AWB,NoReported,,,,,,,,1
Wheat,,H2_AWB,NoReported,,,,,,,,1
comm cooling,,HFC125,Emissions|HFC,Emissions|HFC|HFC125,Emissions|F-Gases,,,,,,1
resid cooling,,HFC125,Emissions|HFC,Emissions|HFC|HFC125,Emissions|F-Gases,,,,,,1
resid cooling modern,,HFC125,Emissions|HFC,Emissions|HFC|HFC125,Emissions|F-Gases,,,,,,1
urban processes,,HFC125,Emissions|HFC,Emissions|HFC|HFC125,Emissions|F-Gases,,,,,,1
industrial processes,,HFC125,Emissions|HFC,Emissions|HFC|HFC125,Emissions|F-Gases,,,,,,1
comm cooling,,HFC134a,Emissions|HFC,Emissions|HFC|HFC134a,Emissions|F-Gases,,,,,,1
industrial processes,,HFC134a,Emissions|HFC,Emissions|HFC|HFC134a,Emissions|F-Gases,,,,,,1
resid cooling,,HFC134a,Emissions|HFC,Emissions|HFC|HFC134a,Emissions|F-Gases,,,,,,1
resid cooling modern,,HFC134a,Emissions|HFC,Emissions|HFC|HFC134a,Emissions|F-Gases,,,,,,1
urban processes,landfills,HFC134a,Emissions|HFC,Emissions|HFC|HFC134a,Emissions|F-Gases,,,,,,1
urban processes,wastewater,HFC134a,Emissions|HFC,Emissions|HFC|HFC134a,Emissions|F-Gases,,,,,,1
urban processes,waste_incineration,HFC134a,Emissions|HFC,Emissions|HFC|HFC134a,Emissions|F-Gases,,,,,,1
urban processes,,HFC134a,Emissions|HFC,Emissions|HFC|HFC134a,Emissions|F-Gases,,,,,,1
comm cooling,,HFC143a,Emissions|HFC,Emissions|HFC|HFC143a,Emissions|F-Gases,,,,,,1
resid cooling,,HFC143a,Emissions|HFC,Emissions|HFC|HFC143a,Emissions|F-Gases,,,,,,1
urban processes,,HFC143a,Emissions|HFC,Emissions|HFC|HFC143a,Emissions|F-Gases,,,,,,1
resid cooling modern,,HFC143a,Emissions|HFC,Emissions|HFC|HFC143a,Emissions|F-Gases,,,,,,1
industrial processes,,HFC143a,Emissions|HFC,Emissions|HFC|HFC143a,Emissions|F-Gases,,,,,,1
urban processes,landfills,HFC152a,Emissions|HFC,Emissions|HFC|HFC152a,Emissions|F-Gases,,,,,,1
urban processes,wastewater,HFC152a,Emissions|HFC,Emissions|HFC|HFC152a,Emissions|F-Gases,,,,,,1
urban processes,waste_incineration,HFC152a,Emissions|HFC,Emissions|HFC|HFC152a,Emissions|F-Gases,,,,,,1
urban processes,,HFC152a,Emissions|HFC,Emissions|HFC|HFC152a,Emissions|F-Gases,,,,,,1
industrial processes,,HFC152a,Emissions|HFC,Emissions|HFC|HFC152a,Emissions|F-Gases,,,,,,1
urban processes,landfills,HFC227ea,Emissions|HFC,Emissions|HFC|HFC227ea,Emissions|F-Gases,,,,,,1
urban processes,wastewater,HFC227ea,Emissions|HFC,Emissions|HFC|HFC227ea,Emissions|F-Gases,,,,,,1
urban processes,waste_incineration,HFC227ea,Emissions|HFC,Emissions|HFC|HFC227ea,Emissions|F-Gases,,,,,,1
urban processes,,HFC227ea,Emissions|HFC,Emissions|HFC|HFC227ea,Emissions|F-Gases,,,,,,1
industrial processes,,HFC227ea,Emissions|HFC,Emissions|HFC|HFC227ea,Emissions|F-Gases,,,,,,1
comm cooling,,HFC23,Emissions|HFC,Emissions|HFC|HFC23,Emissions|F-Gases,,,,,,1
industrial processes,,HFC23,Emissions|HFC,Emissions|HFC|HFC23,Emissions|F-Gases,,,,,,1
resid cooling,,HFC23,Emissions|HFC,Emissions|HFC|HFC23,Emissions|F-Gases,,,,,,1
resid cooling modern,,HFC23,Emissions|HFC,Emissions|HFC|HFC23,Emissions|F-Gases,,,,,,1
urban processes,,HFC23,Emissions|HFC,Emissions|HFC|HFC23,Emissions|F-Gases,,,,,,1
urban processes,landfills,HFC236fa,Emissions|HFC,,Emissions|F-Gases,,,,,,1
urban processes,wastewater,HFC236fa,Emissions|HFC,,Emissions|F-Gases,,,,,,1
urban processes,waste_incineration,HFC236fa,Emissions|HFC,,Emissions|F-Gases,,,,,,1
urban processes,,HFC236fa,Emissions|HFC,,Emissions|F-Gases,,,,,,1
comm cooling,,HFC236fa,Emissions|HFC,,Emissions|F-Gases,,,,,,1
resid cooling modern,,HFC236fa,Emissions|HFC,,Emissions|F-Gases,,,,,,1
industrial processes,,HFC236fa,Emissions|HFC,,Emissions|F-Gases,,,,,,1
industrial processes,,HFC245fa,Emissions|HFC,Emissions|HFC|HFC245fa,Emissions|F-Gases,,,,,,1
urban processes,,HFC245fa,Emissions|HFC,Emissions|HFC|HFC245fa,Emissions|F-Gases,,,,,,1
comm cooling,,HFC32,Emissions|HFC,Emissions|HFC|HFC32,Emissions|F-Gases,,,,,,1
resid cooling,,HFC32,Emissions|HFC,Emissions|HFC|HFC32,Emissions|F-Gases,,,,,,1
resid cooling modern,,HFC32,Emissions|HFC,Emissions|HFC|HFC32,Emissions|F-Gases,,,,,,1
urban processes,,HFC32,Emissions|HFC,Emissions|HFC|HFC32,Emissions|F-Gases,,,,,,1
industrial processes,,HFC32,Emissions|HFC,Emissions|HFC|HFC32,Emissions|F-Gases,,,,,,1
industrial processes,,HFC365mfc,Emissions|HFC,,Emissions|F-Gases,,,,,,1
industrial processes,,HFC43,Emissions|HFC,Emissions|HFC|HFC43-10,Emissions|F-Gases,,,,,,1
agricultural energy use,,N2O,Emissions|N2O,Emissions|N2O|Energy,Emissions|N2O|Energy|Demand,Emissions|N2O|Energy|Demand|AFOFI,,,Emissions|N2O|Energy|Demand|Residential and Commercial and AFOFI,Emissions|N2O|Energy and Industrial Processes,1.00E+03
alumina,,N2O,Emissions|N2O,Emissions|N2O|Industrial Processes,Emissions|N2O|Industrial Processes|Non-Ferrous Metals,,,,,Emissions|N2O|Energy and Industrial Processes,1.00E+03
ammonia,,N2O,Emissions|N2O,Emissions|N2O|Industrial Processes,Emissions|N2O|Industrial Processes|Chemicals,Emissions|N2O|Industrial Processes|Chemicals|Ammonia,,,,Emissions|N2O|Energy and Industrial Processes,1.00E+03
backup_electricity,,N2O,Emissions|N2O,Emissions|N2O|Energy,Emissions|N2O|Energy|Supply,Emissions|N2O|Energy|Supply|Electricity,,,,Emissions|N2O|Energy and Industrial Processes,1.00E+03
chemical energy use,,N2O,Emissions|N2O,Emissions|N2O|Energy,Emissions|N2O|Energy|Demand,Emissions|N2O|Energy|Demand|Industry,,,,Emissions|N2O|Energy and Industrial Processes,1.00E+03
comm cooling,,N2O,Emissions|N2O,Emissions|N2O|Energy,Emissions|N2O|Energy|Demand,Emissions|N2O|Energy|Demand|Residential and Commercial,Emissions|N2O|Energy|Demand|Commercial,,Emissions|N2O|Energy|Demand|Residential and Commercial and AFOFI,Emissions|N2O|Energy and Industrial Processes,1.00E+03
comm heating,,N2O,Emissions|N2O,Emissions|N2O|Energy,Emissions|N2O|Energy|Demand,Emissions|N2O|Energy|Demand|Residential and Commercial,Emissions|N2O|Energy|Demand|Commercial,,Emissions|N2O|Energy|Demand|Residential and Commercial and AFOFI,Emissions|N2O|Energy and Industrial Processes,1.00E+03
comm others,,N2O,Emissions|N2O,Emissions|N2O|Energy,Emissions|N2O|Energy|Demand,Emissions|N2O|Energy|Demand|Residential and Commercial,Emissions|N2O|Energy|Demand|Commercial,,Emissions|N2O|Energy|Demand|Residential and Commercial and AFOFI,Emissions|N2O|Energy and Industrial Processes,1.00E+03
construction energy use,,N2O,Emissions|N2O,Emissions|N2O|Energy,Emissions|N2O|Energy|Demand,Emissions|N2O|Energy|Demand|Industry,,,,Emissions|N2O|Energy and Industrial Processes,1.00E+03
district heat,,N2O,Emissions|N2O,Emissions|N2O|Energy,Emissions|N2O|Energy|Supply,Emissions|N2O|Energy|Supply|Heat,,,,Emissions|N2O|Energy and Industrial Processes,1.00E+03
electricity,,N2O,Emissions|N2O,Emissions|N2O|Energy,Emissions|N2O|Energy|Supply,Emissions|N2O|Energy|Supply|Electricity,,,,Emissions|N2O|Energy and Industrial Processes,1.00E+03
industrial energy use,,N2O,Emissions|N2O,Emissions|N2O|Energy,Emissions|N2O|Energy|Demand,Emissions|N2O|Energy|Demand|Industry,,,,Emissions|N2O|Energy and Industrial Processes,1.00E+03
industrial processes,,N2O,Emissions|N2O,Emissions|N2O|Product Use,,,,,,,1.00E+03
iron and steel,,N2O,Emissions|N2O,Emissions|N2O|Industrial Processes,Emissions|N2O|Industrial Processes|Iron and Steel,,,,,Emissions|N2O|Energy and Industrial Processes,1.00E+03
mining energy use,,N2O,Emissions|N2O,Emissions|N2O|Energy,Emissions|N2O|Energy|Demand,Emissions|N2O|Energy|Demand|Industry,,,,Emissions|N2O|Energy and Industrial Processes,1.00E+03
N fertilizer,,N2O,Emissions|N2O,Emissions|N2O|Industrial Processes,Emissions|N2O|Industrial Processes|Chemicals,Emissions|N2O|Industrial Processes|Chemicals|Ammonia,,,,Emissions|N2O|Energy and Industrial Processes,1.00E+03
other industrial energy use,,N2O,Emissions|N2O,Emissions|N2O|Energy,Emissions|N2O|Energy|Demand,Emissions|N2O|Energy|Demand|Industry,,,,Emissions|N2O|Energy and Industrial Processes,1.00E+03
process heat cement,,N2O,Emissions|N2O,Emissions|N2O|Energy,Emissions|N2O|Energy|Demand,Emissions|N2O|Energy|Demand|Industry,,,,Emissions|N2O|Energy and Industrial Processes,1.00E+03
process heat food processing,,N2O,Emissions|N2O,Emissions|N2O|Energy,Emissions|N2O|Energy|Demand,Emissions|N2O|Energy|Demand|Industry,,,,Emissions|N2O|Energy and Industrial Processes,1.00E+03
process heat paper,,N2O,Emissions|N2O,Emissions|N2O|Energy,Emissions|N2O|Energy|Demand,Emissions|N2O|Energy|Demand|Industry,,,,Emissions|N2O|Energy and Industrial Processes,1.00E+03
refining,,N2O,Emissions|N2O,Emissions|N2O|Energy,Emissions|N2O|Energy|Supply,Emissions|N2O|Energy|Supply|Liquids,,,,Emissions|N2O|Energy and Industrial Processes,1.00E+03
resid cooling,,N2O,Emissions|N2O,Emissions|N2O|Energy,Emissions|N2O|Energy|Demand,Emissions|N2O|Energy|Demand|Residential and Commercial,Emissions|N2O|Energy|Demand|Residential,,Emissions|N2O|Energy|Demand|Residential and Commercial and AFOFI,Emissions|N2O|Energy and Industrial Processes,1.00E+03
resid cooling modern,,N2O,Emissions|N2O,Emissions|N2O|Energy,Emissions|N2O|Energy|Demand,Emissions|N2O|Energy|Demand|Residential and Commercial,Emissions|N2O|Energy|Demand|Residential,,Emissions|N2O|Energy|Demand|Residential and Commercial and AFOFI,Emissions|N2O|Energy and Industrial Processes,1.00E+03
resid heating,,N2O,Emissions|N2O,Emissions|N2O|Energy,Emissions|N2O|Energy|Demand,Emissions|N2O|Energy|Demand|Residential and Commercial,Emissions|N2O|Energy|Demand|Residential,,Emissions|N2O|Energy|Demand|Residential and Commercial and AFOFI,Emissions|N2O|Energy and Industrial Processes,1.00E+03
resid heating coal,,N2O,Emissions|N2O,Emissions|N2O|Energy,Emissions|N2O|Energy|Demand,Emissions|N2O|Energy|Demand|Residential and Commercial,Emissions|N2O|Energy|Demand|Residential,,Emissions|N2O|Energy|Demand|Residential and Commercial and AFOFI,Emissions|N2O|Energy and Industrial Processes,1.00E+03
resid heating modern,,N2O,Emissions|N2O,Emissions|N2O|Energy,Emissions|N2O|Energy|Demand,Emissions|N2O|Energy|Demand|Residential and Commercial,Emissions|N2O|Energy|Demand|Residential,,Emissions|N2O|Energy|Demand|Residential and Commercial and AFOFI,Emissions|N2O|Energy and Industrial Processes,1.00E+03
resid heating TradBio,,N2O,Emissions|N2O,Emissions|N2O|Energy,Emissions|N2O|Energy|Demand,Emissions|N2O|Energy|Demand|Residential and Commercial,Emissions|N2O|Energy|Demand|Residential,,Emissions|N2O|Energy|Demand|Residential and Commercial and AFOFI,Emissions|N2O|Energy and Industrial Processes,1.00E+03
resid others,,N2O,Emissions|N2O,Emissions|N2O|Energy,Emissions|N2O|Energy|Demand,Emissions|N2O|Energy|Demand|Residential and Commercial,Emissions|N2O|Energy|Demand|Residential,,Emissions|N2O|Energy|Demand|Residential and Commercial and AFOFI,Emissions|N2O|Energy and Industrial Processes,1.00E+03
resid others coal,,N2O,Emissions|N2O,Emissions|N2O|Energy,Emissions|N2O|Energy|Demand,Emissions|N2O|Energy|Demand|Residential and Commercial,Emissions|N2O|Energy|Demand|Residential,,Emissions|N2O|Energy|Demand|Residential and Commercial and AFOFI,Emissions|N2O|Energy and Industrial Processes,1.00E+03
resid others modern,,N2O,Emissions|N2O,Emissions|N2O|Energy,Emissions|N2O|Energy|Demand,Emissions|N2O|Energy|Demand|Residential and Commercial,Emissions|N2O|Energy|Demand|Residential,,Emissions|N2O|Energy|Demand|Residential and Commercial and AFOFI,Emissions|N2O|Energy and Industrial Processes,1.00E+03
resid others TradBio,,N2O,Emissions|N2O,Emissions|N2O|Energy,Emissions|N2O|Energy|Demand,Emissions|N2O|Energy|Demand|Residential and Commercial,Emissions|N2O|Energy|Demand|Residential,,Emissions|N2O|Energy|Demand|Residential and Commercial and AFOFI,Emissions|N2O|Energy and Industrial Processes,1.00E+03
trn_aviation_intl,,N2O,Emissions|N2O,Emissions|N2O|Energy,Emissions|N2O|Energy|Demand,Emissions|N2O|Energy|Demand|Bunkers,Emissions|N2O|Energy|Demand|Bunkers|International Aviation,,,Emissions|N2O|Energy and Industrial Processes,1.00E+03
trn_freight,,N2O,Emissions|N2O,Emissions|N2O|Energy,Emissions|N2O|Energy|Demand,Emissions|N2O|Energy|Demand|Transportation,Emissions|N2O|Energy|Demand|Transportation,,,Emissions|N2O|Energy and Industrial Processes,1.00E+03
trn_freight_road,,N2O,Emissions|N2O,Emissions|N2O|Energy,Emissions|N2O|Energy|Demand,Emissions|N2O|Energy|Demand|Transportation,Emissions|N2O|Energy|Demand|Transportation|Truck,,,Emissions|N2O|Energy and Industrial Processes,1.00E+03
trn_pass,,N2O,Emissions|N2O,Emissions|N2O|Energy,Emissions|N2O|Energy|Demand,Emissions|N2O|Energy|Demand|Transportation,Emissions|N2O|Energy|Demand|Transportation,,,Emissions|N2O|Energy and Industrial Processes,1.00E+03
trn_pass_road,,N2O,Emissions|N2O,Emissions|N2O|Energy,Emissions|N2O|Energy|Demand,Emissions|N2O|Energy|Demand|Transportation,Emissions|N2O|Energy|Demand|Transportation,,,Emissions|N2O|Energy and Industrial Processes,1.00E+03
trn_pass_road_LDV,,N2O,Emissions|N2O,Emissions|N2O|Energy,Emissions|N2O|Energy|Demand,Emissions|N2O|Energy|Demand|Transportation,Emissions|N2O|Energy|Demand|Transportation|Light-Duty Vehicle,,,Emissions|N2O|Energy and Industrial Processes,1.00E+03
trn_pass_road_LDV_4W,,N2O,Emissions|N2O,Emissions|N2O|Energy,Emissions|N2O|Energy|Demand,Emissions|N2O|Energy|Demand|Transportation,Emissions|N2O|Energy|Demand|Transportation,,,Emissions|N2O|Energy and Industrial Processes,1.00E+03
trn_shipping_intl,,N2O,Emissions|N2O,Emissions|N2O|Energy,Emissions|N2O|Energy|Demand,Emissions|N2O|Energy|Demand|Bunkers,Emissions|N2O|Energy|Demand|Bunkers|International Shipping,,,Emissions|N2O|Energy and Industrial Processes,1.00E+03
UnmanagedLand,ForestFire,N2O,Emissions|N2O,Emissions|N2O|AFOLU,Emissions|N2O|AFOLU|Land,Emissions|N2O|AFOLU|Land|Fires,Emissions|N2O|AFOLU|Land|Fires|Forest Burning,Emissions|N2O|AFOLU [NGHGI],,,1.00E+03
UnmanagedLand,GrasslandFires,N2O,Emissions|N2O,Emissions|N2O|AFOLU,Emissions|N2O|AFOLU|Land,Emissions|N2O|AFOLU|Land|Fires,Emissions|N2O|AFOLU|Land|Fires|Grassland Burning,Emissions|N2O|AFOLU [NGHGI],,,1.00E+03
UnmanagedLand,,N2O,Emissions|N2O,Emissions|N2O|AFOLU,Emissions|N2O|AFOLU|Land,Emissions|N2O|AFOLU|Land|Other,,Emissions|N2O|AFOLU [NGHGI],,,1.00E+03
urban processes,landfills,N2O,Emissions|N2O,Emissions|N2O|Waste,,,,,,,1.00E+03
urban processes,wastewater,N2O,Emissions|N2O,Emissions|N2O|Waste,,,,,,,1.00E+03
urban processes,waste_incineration,N2O,Emissions|N2O,Emissions|N2O|Waste,,,,,,,1.00E+03
urban processes,,N2O,Emissions|N2O,Emissions|N2O|Other,,,,,,,1.00E+03
waste biomass for paper,,N2O,Emissions|N2O,Emissions|N2O|Industrial Processes,Emissions|N2O|Industrial Processes|Pulp and Paper,,,,,Emissions|N2O|Energy and Industrial Processes,1.00E+03
Beef,,N2O_AGR,Emissions|N2O,Emissions|N2O|AFOLU,Emissions|N2O|AFOLU|Agriculture,Emissions|N2O|AFOLU|Agriculture|Livestock,Emissions|N2O|AFOLU|Agriculture|Livestock|Enteric Fermentation,Emissions|N2O|AFOLU [NGHGI],,,1.00E+03
biomass,,N2O_AGR,Emissions|N2O,Emissions|N2O|AFOLU,Emissions|N2O|AFOLU|Agriculture,Emissions|N2O|AFOLU|Agriculture|Managed Soils,,Emissions|N2O|AFOLU [NGHGI],,,1.00E+03
Corn,,N2O_AGR,Emissions|N2O,Emissions|N2O|AFOLU,Emissions|N2O|AFOLU|Agriculture,Emissions|N2O|AFOLU|Agriculture|Managed Soils,,Emissions|N2O|AFOLU [NGHGI],,,1.00E+03
Dairy,,N2O_AGR,Emissions|N2O,Emissions|N2O|AFOLU,Emissions|N2O|AFOLU|Agriculture,Emissions|N2O|AFOLU|Agriculture|Livestock,Emissions|N2O|AFOLU|Agriculture|Livestock|Enteric Fermentation,Emissions|N2O|AFOLU [NGHGI],,,1.00E+03
FiberCrop,,N2O_AGR,Emissions|N2O,Emissions|N2O|AFOLU,Emissions|N2O|AFOLU|Agriculture,Emissions|N2O|AFOLU|Agriculture|Managed Soils,,Emissions|N2O|AFOLU [NGHGI],,,1.00E+03
FodderGrass,,N2O_AGR,Emissions|N2O,Emissions|N2O|AFOLU,Emissions|N2O|AFOLU|Land,,,Emissions|N2O|AFOLU [NGHGI],,,1.00E+03
FodderHerb,,N2O_AGR,Emissions|N2O,Emissions|N2O|AFOLU,Emissions|N2O|AFOLU|Land,,,Emissions|N2O|AFOLU [NGHGI],,,1.00E+03
Fruits,,N2O_AGR,Emissions|N2O,Emissions|N2O|AFOLU,Emissions|N2O|AFOLU|Agriculture,Emissions|N2O|AFOLU|Agriculture|Managed Soils,,Emissions|N2O|AFOLU [NGHGI],,,1.00E+03
Legumes,,N2O_AGR,Emissions|N2O,Emissions|N2O|AFOLU,Emissions|N2O|AFOLU|Agriculture,Emissions|N2O|AFOLU|Agriculture|Managed Soils,,Emissions|N2O|AFOLU [NGHGI],,,1.00E+03
MiscCrop,,N2O_AGR,Emissions|N2O,Emissions|N2O|AFOLU,Emissions|N2O|AFOLU|Agriculture,Emissions|N2O|AFOLU|Agriculture|Managed Soils,,Emissions|N2O|AFOLU [NGHGI],,,1.00E+03
NutsSeeds,,N2O_AGR,Emissions|N2O,Emissions|N2O|AFOLU,Emissions|N2O|AFOLU|Agriculture,Emissions|N2O|AFOLU|Agriculture|Managed Soils,,Emissions|N2O|AFOLU [NGHGI],,,1.00E+03
OilCrop,,N2O_AGR,Emissions|N2O,Emissions|N2O|AFOLU,Emissions|N2O|AFOLU|Agriculture,Emissions|N2O|AFOLU|Agriculture|Managed Soils,,Emissions|N2O|AFOLU [NGHGI],,,1.00E+03
OilPalm,,N2O_AGR,Emissions|N2O,Emissions|N2O|AFOLU,Emissions|N2O|AFOLU|Agriculture,Emissions|N2O|AFOLU|Agriculture|Managed Soils,,Emissions|N2O|AFOLU [NGHGI],,,1.00E+03
OtherGrain,,N2O_AGR,Emissions|N2O,Emissions|N2O|AFOLU,Emissions|N2O|AFOLU|Agriculture,Emissions|N2O|AFOLU|Agriculture|Managed Soils,,Emissions|N2O|AFOLU [NGHGI],,,1.00E+03
PalmFruit,,N2O_AGR,Emissions|N2O,Emissions|N2O|AFOLU,Emissions|N2O|AFOLU|Agriculture,Emissions|N2O|AFOLU|Agriculture|Managed Soils,,Emissions|N2O|AFOLU [NGHGI],,,1.00E+03
Pork,,N2O_AGR,Emissions|N2O,Emissions|N2O|AFOLU,Emissions|N2O|AFOLU|Agriculture,Emissions|N2O|AFOLU|Agriculture|Livestock,,Emissions|N2O|AFOLU [NGHGI],,,1.00E+03
Poultry,,N2O_AGR,Emissions|N2O,Emissions|N2O|AFOLU,Emissions|N2O|AFOLU|Agriculture,Emissions|N2O|AFOLU|Agriculture|Livestock,,Emissions|N2O|AFOLU [NGHGI],,,1.00E+03
Rice,,N2O_AGR,Emissions|N2O,Emissions|N2O|AFOLU,Emissions|N2O|AFOLU|Agriculture,Emissions|N2O|AFOLU|Agriculture|Rice,,Emissions|N2O|AFOLU [NGHGI],,,1.00E+03
RootTuber,,N2O_AGR,Emissions|N2O,Emissions|N2O|AFOLU,Emissions|N2O|AFOLU|Agriculture,Emissions|N2O|AFOLU|Agriculture|Managed Soils,,Emissions|N2O|AFOLU [NGHGI],,,1.00E+03
SheepGoat,,N2O_AGR,Emissions|N2O,Emissions|N2O|AFOLU,Emissions|N2O|AFOLU|Agriculture,Emissions|N2O|AFOLU|Agriculture|Livestock,Emissions|N2O|AFOLU|Agriculture|Livestock|Enteric Fermentation,Emissions|N2O|AFOLU [NGHGI],,,1.00E+03
Soybean,,N2O_AGR,Emissions|N2O,Emissions|N2O|AFOLU,Emissions|N2O|AFOLU|Agriculture,Emissions|N2O|AFOLU|Agriculture|Managed Soils,,Emissions|N2O|AFOLU [NGHGI],,,1.00E+03
SugarCrop,,N2O_AGR,Emissions|N2O,Emissions|N2O|AFOLU,Emissions|N2O|AFOLU|Agriculture,Emissions|N2O|AFOLU|Agriculture|Managed Soils,,Emissions|N2O|AFOLU [NGHGI],,,1.00E+03
Vegetables,,N2O_AGR,Emissions|N2O,Emissions|N2O|AFOLU,Emissions|N2O|AFOLU|Agriculture,Emissions|N2O|AFOLU|Agriculture|Managed Soils,,Emissions|N2O|AFOLU [NGHGI],,,1.00E+03
Wheat,,N2O_AGR,Emissions|N2O,Emissions|N2O|AFOLU,Emissions|N2O|AFOLU|Agriculture,Emissions|N2O|AFOLU|Agriculture|Managed Soils,,Emissions|N2O|AFOLU [NGHGI],,,1.00E+03
Corn,,N2O_AWB,Emissions|N2O,Emissions|N2O|AFOLU,Emissions|N2O|AFOLU|Agricultural Waste Burning,,,Emissions|N2O|AFOLU [NGHGI],,,1.00E+03
FiberCrop,,N2O_AWB,Emissions|N2O,Emissions|N2O|AFOLU,Emissions|N2O|AFOLU|Agricultural Waste Burning,,,Emissions|N2O|AFOLU [NGHGI],,,1.00E+03
Fruits,,N2O_AWB,Emissions|N2O,Emissions|N2O|AFOLU,Emissions|N2O|AFOLU|Agricultural Waste Burning,,,Emissions|N2O|AFOLU [NGHGI],,,1.00E+03
Legumes,,N2O_AWB,Emissions|N2O,Emissions|N2O|AFOLU,Emissions|N2O|AFOLU|Agricultural Waste Burning,,,Emissions|N2O|AFOLU [NGHGI],,,1.00E+03
MiscCrop,,N2O_AWB,Emissions|N2O,Emissions|N2O|AFOLU,Emissions|N2O|AFOLU|Agricultural Waste Burning,,,Emissions|N2O|AFOLU [NGHGI],,,1.00E+03
NutsSeeds,,N2O_AWB,Emissions|N2O,Emissions|N2O|AFOLU,Emissions|N2O|AFOLU|Agricultural Waste Burning,,,Emissions|N2O|AFOLU [NGHGI],,,1.00E+03
OilCrop,,N2O_AWB,Emissions|N2O,Emissions|N2O|AFOLU,Emissions|N2O|AFOLU|Agricultural Waste Burning,,,Emissions|N2O|AFOLU [NGHGI],,,1.00E+03
OilPalm,,N2O_AWB,Emissions|N2O,Emissions|N2O|AFOLU,Emissions|N2O|AFOLU|Agricultural Waste Burning,,,Emissions|N2O|AFOLU [NGHGI],,,1.00E+03
OtherGrain,,N2O_AWB,Emissions|N2O,Emissions|N2O|AFOLU,Emissions|N2O|AFOLU|Agricultural Waste Burning,,,Emissions|N2O|AFOLU [NGHGI],,,1.00E+03
PalmFruit,,N2O_AWB,Emissions|N2O,Emissions|N2O|AFOLU,Emissions|N2O|AFOLU|Agricultural Waste Burning,,,Emissions|N2O|AFOLU [NGHGI],,,1.00E+03
Rice,,N2O_AWB,Emissions|N2O,Emissions|N2O|AFOLU,Emissions|N2O|AFOLU|Agricultural Waste Burning,,,Emissions|N2O|AFOLU [NGHGI],,,1.00E+03
RootTuber,,N2O_AWB,Emissions|N2O,Emissions|N2O|AFOLU,Emissions|N2O|AFOLU|Agricultural Waste Burning,,,Emissions|N2O|AFOLU [NGHGI],,,1.00E+03
Soybean,,N2O_AWB,Emissions|N2O,Emissions|N2O|AFOLU,Emissions|N2O|AFOLU|Agricultural Waste Burning,,,Emissions|N2O|AFOLU [NGHGI],,,1.00E+03
SugarCrop,,N2O_AWB,Emissions|N2O,Emissions|N2O|AFOLU,Emissions|N2O|AFOLU|Agricultural Waste Burning,,,Emissions|N2O|AFOLU [NGHGI],,,1.00E+03
Vegetables,,N2O_AWB,Emissions|N2O,Emissions|N2O|AFOLU,Emissions|N2O|AFOLU|Agricultural Waste Burning,,,Emissions|N2O|AFOLU [NGHGI],,,1.00E+03
Wheat,,N2O_AWB,Emissions|N2O,Emissions|N2O|AFOLU,Emissions|N2O|AFOLU|Agricultural Waste Burning,,,Emissions|N2O|AFOLU [NGHGI],,,1.00E+03
agricultural energy use,,NH3,Emissions|NH3,Emissions|NH3|Energy,Emissions|NH3|Energy|Demand,Emissions|NH3|Energy|Demand|AFOFI,,,Emissions|NH3|Energy|Demand|Residential and Commercial and AFOFI,Emissions|NH3|Energy and Industrial Processes,1
alumina,,NH3,Emissions|NH3,Emissions|NH3|Industrial Processes,Emissions|NH3|Industrial Processes|Non-Ferrous Metals,,,,,Emissions|NH3|Energy and Industrial Processes,1
ammonia,,NH3,Emissions|NH3,Emissions|NH3|Industrial Processes,Emissions|NH3|Industrial Processes|Chemicals,Emissions|NH3|Industrial Processes|Chemicals|Ammonia,,,,Emissions|NH3|Energy and Industrial Processes,1
backup_electricity,,NH3,Emissions|NH3,Emissions|NH3|Energy,Emissions|NH3|Energy|Supply,Emissions|NH3|Energy|Supply|Electricity,,,,Emissions|NH3|Energy and Industrial Processes,1
chemical energy use,,NH3,Emissions|NH3,Emissions|NH3|Energy,Emissions|NH3|Energy|Demand,Emissions|NH3|Energy|Demand|Industry,,,,Emissions|NH3|Energy and Industrial Processes,1
comm cooling,,NH3,Emissions|NH3,Emissions|NH3|Energy,Emissions|NH3|Energy|Demand,Emissions|NH3|Energy|Demand|Residential and Commercial,Emissions|NH3|Energy|Demand|Commercial,,Emissions|NH3|Energy|Demand|Residential and Commercial and AFOFI,Emissions|NH3|Energy and Industrial Processes,1
comm heating,,NH3,Emissions|NH3,Emissions|NH3|Energy,Emissions|NH3|Energy|Demand,Emissions|NH3|Energy|Demand|Residential and Commercial,Emissions|NH3|Energy|Demand|Commercial,,Emissions|NH3|Energy|Demand|Residential and Commercial and AFOFI,Emissions|NH3|Energy and Industrial Processes,1
comm others,,NH3,Emissions|NH3,Emissions|NH3|Energy,Emissions|NH3|Energy|Demand,Emissions|NH3|Energy|Demand|Residential and Commercial,Emissions|NH3|Energy|Demand|Commercial,,Emissions|NH3|Energy|Demand|Residential and Commercial and AFOFI,Emissions|NH3|Energy and Industrial Processes,1
construction energy use,,NH3,Emissions|NH3,Emissions|NH3|Energy,Emissions|NH3|Energy|Demand,Emissions|NH3|Energy|Demand|Industry,,,,Emissions|NH3|Energy and Industrial Processes,1
district heat,,NH3,Emissions|NH3,Emissions|NH3|Energy,Emissions|NH3|Energy|Supply,Emissions|NH3|Energy|Supply|Heat,,,,Emissions|NH3|Energy and Industrial Processes,1
electricity,,NH3,Emissions|NH3,Emissions|NH3|Energy,Emissions|NH3|Energy|Supply,Emissions|NH3|Energy|Supply|Electricity,,,,Emissions|NH3|Energy and Industrial Processes,1
industrial energy use,,NH3,Emissions|NH3,Emissions|NH3|Energy,Emissions|NH3|Energy|Demand,Emissions|NH3|Energy|Demand|Industry,,,,Emissions|NH3|Energy and Industrial Processes,1
industrial processes,,NH3,Emissions|NH3,Emissions|NH3|Product Use,,,,,,,1
iron and steel,,NH3,Emissions|NH3,Emissions|NH3|Industrial Processes,Emissions|NH3|Industrial Processes|Iron and Steel,,,,,Emissions|NH3|Energy and Industrial Processes,1
mining energy use,,NH3,Emissions|NH3,Emissions|NH3|Energy,Emissions|NH3|Energy|Demand,Emissions|NH3|Energy|Demand|Industry,,,,Emissions|NH3|Energy and Industrial Processes,1
N fertilizer,,NH3,Emissions|NH3,Emissions|NH3|Industrial Processes,Emissions|NH3|Industrial Processes|Chemicals,Emissions|NH3|Industrial Processes|Chemicals|Ammonia,,,,Emissions|NH3|Energy and Industrial Processes,1
other industrial energy use,,NH3,Emissions|NH3,Emissions|NH3|Energy,Emissions|NH3|Energy|Demand,Emissions|NH3|Energy|Demand|Industry,,,,Emissions|NH3|Energy and Industrial Processes,1
process heat cement,,NH3,Emissions|NH3,Emissions|NH3|Energy,Emissions|NH3|Energy|Demand,Emissions|NH3|Energy|Demand|Industry,,,,Emissions|NH3|Energy and Industrial Processes,1
process heat food processing,,NH3,Emissions|NH3,Emissions|NH3|Energy,Emissions|NH3|Energy|Demand,Emissions|NH3|Energy|Demand|Industry,,,,Emissions|NH3|Energy and Industrial Processes,1
process heat paper,,NH3,Emissions|NH3,Emissions|NH3|Energy,Emissions|NH3|Energy|Demand,Emissions|NH3|Energy|Demand|Industry,,,,Emissions|NH3|Energy and Industrial Processes,1
resid cooling,,NH3,Emissions|NH3,Emissions|NH3|Energy,Emissions|NH3|Energy|Demand,Emissions|NH3|Energy|Demand|Residential and Commercial,Emissions|NH3|Energy|Demand|Residential,,Emissions|NH3|Energy|Demand|Residential and Commercial and AFOFI,Emissions|NH3|Energy and Industrial Processes,1
resid cooling modern,,NH3,Emissions|NH3,Emissions|NH3|Energy,Emissions|NH3|Energy|Demand,Emissions|NH3|Energy|Demand|Residential and Commercial,Emissions|NH3|Energy|Demand|Residential,,Emissions|NH3|Energy|Demand|Residential and Commercial and AFOFI,Emissions|NH3|Energy and Industrial Processes,1
resid heating,,NH3,Emissions|NH3,Emissions|NH3|Energy,Emissions|NH3|Energy|Demand,Emissions|NH3|Energy|Demand|Residential and Commercial,Emissions|NH3|Energy|Demand|Residential,,Emissions|NH3|Energy|Demand|Residential and Commercial and AFOFI,Emissions|NH3|Energy and Industrial Processes,1
resid heating coal,,NH3,Emissions|NH3,Emissions|NH3|Energy,Emissions|NH3|Energy|Demand,Emissions|NH3|Energy|Demand|Residential and Commercial,Emissions|NH3|Energy|Demand|Residential,,Emissions|NH3|Energy|Demand|Residential and Commercial and AFOFI,Emissions|NH3|Energy and Industrial Processes,1
resid heating modern,,NH3,Emissions|NH3,Emissions|NH3|Energy,Emissions|NH3|Energy|Demand,Emissions|NH3|Energy|Demand|Residential and Commercial,Emissions|NH3|Energy|Demand|Residential,,Emissions|NH3|Energy|Demand|Residential and Commercial and AFOFI,Emissions|NH3|Energy and Industrial Processes,1
resid heating TradBio,,NH3,Emissions|NH3,Emissions|NH3|Energy,Emissions|NH3|Energy|Demand,Emissions|NH3|Energy|Demand|Residential and Commercial,Emissions|NH3|Energy|Demand|Residential,,Emissions|NH3|Energy|Demand|Residential and Commercial and AFOFI,Emissions|NH3|Energy and Industrial Processes,1
resid others,,NH3,Emissions|NH3,Emissions|NH3|Energy,Emissions|NH3|Energy|Demand,Emissions|NH3|Energy|Demand|Residential and Commercial,Emissions|NH3|Energy|Demand|Residential,,Emissions|NH3|Energy|Demand|Residential and Commercial and AFOFI,Emissions|NH3|Energy and Industrial Processes,1
resid others coal,,NH3,Emissions|NH3,Emissions|NH3|Energy,Emissions|NH3|Energy|Demand,Emissions|NH3|Energy|Demand|Residential and Commercial,Emissions|NH3|Energy|Demand|Residential,,Emissions|NH3|Energy|Demand|Residential and Commercial and AFOFI,Emissions|NH3|Energy and Industrial Processes,1
resid others modern,,NH3,Emissions|NH3,Emissions|NH3|Energy,Emissions|NH3|Energy|Demand,Emissions|NH3|Energy|Demand|Residential and Commercial,Emissions|NH3|Energy|Demand|Residential,,Emissions|NH3|Energy|Demand|Residential and Commercial and AFOFI,Emissions|NH3|Energy and Industrial Processes,1
resid others TradBio,,NH3,Emissions|NH3,Emissions|NH3|Energy,Emissions|NH3|Energy|Demand,Emissions|NH3|Energy|Demand|Residential and Commercial,Emissions|NH3|Energy|Demand|Residential,,Emissions|NH3|Energy|Demand|Residential and Commercial and AFOFI,Emissions|NH3|Energy and Industrial Processes,1
trn_aviation_intl,,NH3,Emissions|NH3,Emissions|NH3|Energy,Emissions|NH3|Energy|Demand,Emissions|NH3|Energy|Demand|Bunkers,Emissions|NH3|Energy|Demand|Bunkers|International Aviation,,,Emissions|NH3|Energy and Industrial Processes,1
trn_freight,,NH3,Emissions|NH3,Emissions|NH3|Energy,Emissions|NH3|Energy|Demand,Emissions|NH3|Energy|Demand|Transportation,Emissions|NH3|Energy|Demand|Transportation,,,Emissions|NH3|Energy and Industrial Processes,1
trn_freight_road,,NH3,Emissions|NH3,Emissions|NH3|Energy,Emissions|NH3|Energy|Demand,Emissions|NH3|Energy|Demand|Transportation,Emissions|NH3|Energy|Demand|Transportation|Truck,,,Emissions|NH3|Energy and Industrial Processes,1
trn_pass,,NH3,Emissions|NH3,Emissions|NH3|Energy,Emissions|NH3|Energy|Demand,Emissions|NH3|Energy|Demand|Transportation,Emissions|NH3|Energy|Demand|Transportation,,,Emissions|NH3|Energy and Industrial Processes,1
trn_pass_road,,NH3,Emissions|NH3,Emissions|NH3|Energy,Emissions|NH3|Energy|Demand,Emissions|NH3|Energy|Demand|Transportation,Emissions|NH3|Energy|Demand|Transportation,,,Emissions|NH3|Energy and Industrial Processes,1
trn_pass_road_LDV,,NH3,Emissions|NH3,Emissions|NH3|Energy,Emissions|NH3|Energy|Demand,Emissions|NH3|Energy|Demand|Transportation,Emissions|NH3|Energy|Demand|Transportation|Light-Duty Vehicle,,,Emissions|NH3|Energy and Industrial Processes,1
trn_pass_road_LDV_4W,,NH3,Emissions|NH3,Emissions|NH3|Energy,Emissions|NH3|Energy|Demand,Emissions|NH3|Energy|Demand|Transportation,Emissions|NH3|Energy|Demand|Transportation,,,Emissions|NH3|Energy and Industrial Processes,1
trn_shipping_intl,,NH3,Emissions|NH3,Emissions|NH3|Energy,Emissions|NH3|Energy|Demand,Emissions|NH3|Energy|Demand|Bunkers,Emissions|NH3|Energy|Demand|Bunkers|International Shipping,,,Emissions|NH3|Energy and Industrial Processes,1
UnmanagedLand,ForestFire,NH3,Emissions|NH3,Emissions|NH3|AFOLU,Emissions|NH3|AFOLU|Land,Emissions|NH3|AFOLU|Land|Fires,Emissions|NH3|AFOLU|Land|Fires|Forest Burning,Emissions|NH3|AFOLU [NGHGI],,,1
UnmanagedLand,GrasslandFires,NH3,Emissions|NH3,Emissions|NH3|AFOLU,Emissions|NH3|AFOLU|Land,Emissions|NH3|AFOLU|Land|Fires,Emissions|NH3|AFOLU|Land|Fires|Grassland Burning,Emissions|NH3|AFOLU [NGHGI],,,1
UnmanagedLand,,NH3,Emissions|NH3,Emissions|NH3|AFOLU,Emissions|NH3|AFOLU|Land,Emissions|NH3|AFOLU|Land|Other,,Emissions|NH3|AFOLU [NGHGI],,,1
urban processes,landfills,NH3,Emissions|NH3,Emissions|NH3|Waste,,,,,,,1
urban processes,wastewater,NH3,Emissions|NH3,Emissions|NH3|Waste,,,,,,,1
urban processes,waste_incineration,NH3,Emissions|NH3,Emissions|NH3|Waste,,,,,,,1
urban processes,,NH3,Emissions|NH3,Emissions|NH3|Other,,,,,,,1
waste biomass for paper,,NH3,Emissions|NH3,Emissions|NH3|Industrial Processes,Emissions|NH3|Industrial Processes|Pulp and Paper,,,,,Emissions|NH3|Energy and Industrial Processes,1
Beef,,NH3_AGR,Emissions|NH3,Emissions|NH3|AFOLU,Emissions|NH3|AFOLU|Agriculture,Emissions|NH3|AFOLU|Agriculture|Livestock,Emissions|NH3|AFOLU|Agriculture|Livestock|Enteric Fermentation,Emissions|NH3|AFOLU [NGHGI],,,1
Corn,,NH3_AGR,Emissions|NH3,Emissions|NH3|AFOLU,Emissions|NH3|AFOLU|Agriculture,Emissions|NH3|AFOLU|Agriculture|Managed Soils,,Emissions|NH3|AFOLU [NGHGI],,,1
Dairy,,NH3_AGR,Emissions|NH3,Emissions|NH3|AFOLU,Emissions|NH3|AFOLU|Agriculture,Emissions|NH3|AFOLU|Agriculture|Livestock,Emissions|NH3|AFOLU|Agriculture|Livestock|Enteric Fermentation,Emissions|NH3|AFOLU [NGHGI],,,1
FiberCrop,,NH3_AGR,Emissions|NH3,Emissions|NH3|AFOLU,Emissions|NH3|AFOLU|Agriculture,Emissions|NH3|AFOLU|Agriculture|Managed Soils,,Emissions|NH3|AFOLU [NGHGI],,,1
FodderGrass,,NH3_AGR,Emissions|NH3,Emissions|NH3|AFOLU,Emissions|NH3|AFOLU|Land,,,Emissions|NH3|AFOLU [NGHGI],,,1
FodderHerb,,NH3_AGR,Emissions|NH3,Emissions|NH3|AFOLU,Emissions|NH3|AFOLU|Land,,,Emissions|NH3|AFOLU [NGHGI],,,1
Fruits,,NH3_AGR,Emissions|NH3,Emissions|NH3|AFOLU,Emissions|NH3|AFOLU|Agriculture,Emissions|NH3|AFOLU|Agriculture|Managed Soils,,Emissions|NH3|AFOLU [NGHGI],,,1
Legumes,,NH3_AGR,Emissions|NH3,Emissions|NH3|AFOLU,Emissions|NH3|AFOLU|Agriculture,Emissions|NH3|AFOLU|Agriculture|Managed Soils,,Emissions|NH3|AFOLU [NGHGI],,,1
MiscCrop,,NH3_AGR,Emissions|NH3,Emissions|NH3|AFOLU,Emissions|NH3|AFOLU|Agriculture,Emissions|NH3|AFOLU|Agriculture|Managed Soils,,Emissions|NH3|AFOLU [NGHGI],,,1
NutsSeeds,,NH3_AGR,Emissions|NH3,Emissions|NH3|AFOLU,Emissions|NH3|AFOLU|Agriculture,Emissions|NH3|AFOLU|Agriculture|Managed Soils,,Emissions|NH3|AFOLU [NGHGI],,,1
OilCrop,,NH3_AGR,Emissions|NH3,Emissions|NH3|AFOLU,Emissions|NH3|AFOLU|Agriculture,Emissions|NH3|AFOLU|Agriculture|Managed Soils,,Emissions|NH3|AFOLU [NGHGI],,,1
OilPalm,,NH3_AGR,Emissions|NH3,Emissions|NH3|AFOLU,Emissions|NH3|AFOLU|Agriculture,Emissions|NH3|AFOLU|Agriculture|Managed Soils,,Emissions|NH3|AFOLU [NGHGI],,,1
OtherGrain,,NH3_AGR,Emissions|NH3,Emissions|NH3|AFOLU,Emissions|NH3|AFOLU|Agriculture,Emissions|NH3|AFOLU|Agriculture|Managed Soils,,Emissions|NH3|AFOLU [NGHGI],,,1
PalmFruit,,NH3_AGR,Emissions|NH3,Emissions|NH3|AFOLU,Emissions|NH3|AFOLU|Agriculture,Emissions|NH3|AFOLU|Agriculture|Managed Soils,,Emissions|NH3|AFOLU [NGHGI],,,1
Pork,,NH3_AGR,Emissions|NH3,Emissions|NH3|AFOLU,Emissions|NH3|AFOLU|Agriculture,Emissions|NH3|AFOLU|Agriculture|Livestock,,Emissions|NH3|AFOLU [NGHGI],,,1
Poultry,,NH3_AGR,Emissions|NH3,Emissions|NH3|AFOLU,Emissions|NH3|AFOLU|Agriculture,Emissions|NH3|AFOLU|Agriculture|Livestock,,Emissions|NH3|AFOLU [NGHGI],,,1
Rice,,NH3_AGR,Emissions|NH3,Emissions|NH3|AFOLU,Emissions|NH3|AFOLU|Agriculture,Emissions|NH3|AFOLU|Agriculture|Rice,,Emissions|NH3|AFOLU [NGHGI],,,1
RootTuber,,NH3_AGR,Emissions|NH3,Emissions|NH3|AFOLU,Emissions|NH3|AFOLU|Agriculture,Emissions|NH3|AFOLU|Agriculture|Managed Soils,,Emissions|NH3|AFOLU [NGHGI],,,1
SheepGoat,,NH3_AGR,Emissions|NH3,Emissions|NH3|AFOLU,Emissions|NH3|AFOLU|Agriculture,Emissions|NH3|AFOLU|Agriculture|Livestock,Emissions|NH3|AFOLU|Agriculture|Livestock|Enteric Fermentation,Emissions|NH3|AFOLU [NGHGI],,,1
Soybean,,NH3_AGR,Emissions|NH3,Emissions|NH3|AFOLU,Emissions|NH3|AFOLU|Agriculture,Emissions|NH3|AFOLU|Agriculture|Managed Soils,,Emissions|NH3|AFOLU [NGHGI],,,1
SugarCrop,,NH3_AGR,Emissions|NH3,Emissions|NH3|AFOLU,Emissions|NH3|AFOLU|Agriculture,Emissions|NH3|AFOLU|Agriculture|Managed Soils,,Emissions|NH3|AFOLU [NGHGI],,,1
Vegetables,,NH3_AGR,Emissions|NH3,Emissions|NH3|AFOLU,Emissions|NH3|AFOLU|Agriculture,Emissions|NH3|AFOLU|Agriculture|Managed Soils,,Emissions|NH3|AFOLU [NGHGI],,,1
Wheat,,NH3_AGR,Emissions|NH3,Emissions|NH3|AFOLU,Emissions|NH3|AFOLU|Agriculture,Emissions|NH3|AFOLU|Agriculture|Managed Soils,,Emissions|NH3|AFOLU [NGHGI],,,1
Corn,,NH3_AWB,Emissions|NH3,Emissions|NH3|AFOLU,Emissions|NH3|AFOLU|Agricultural Waste Burning,,,Emissions|NH3|AFOLU [NGHGI],,,1
FiberCrop,,NH3_AWB,Emissions|NH3,Emissions|NH3|AFOLU,Emissions|NH3|AFOLU|Agricultural Waste Burning,,,Emissions|NH3|AFOLU [NGHGI],,,1
Fruits,,NH3_AWB,Emissions|NH3,Emissions|NH3|AFOLU,Emissions|NH3|AFOLU|Agricultural Waste Burning,,,Emissions|NH3|AFOLU [NGHGI],,,1
Legumes,,NH3_AWB,Emissions|NH3,Emissions|NH3|AFOLU,Emissions|NH3|AFOLU|Agricultural Waste Burning,,,Emissions|NH3|AFOLU [NGHGI],,,1
MiscCrop,,NH3_AWB,Emissions|NH3,Emissions|NH3|AFOLU,Emissions|NH3|AFOLU|Agricultural Waste Burning,,,Emissions|NH3|AFOLU [NGHGI],,,1
NutsSeeds,,NH3_AWB,Emissions|NH3,Emissions|NH3|AFOLU,Emissions|NH3|AFOLU|Agricultural Waste Burning,,,Emissions|NH3|AFOLU [NGHGI],,,1
OilCrop,,NH3_AWB,Emissions|NH3,Emissions|NH3|AFOLU,Emissions|NH3|AFOLU|Agricultural Waste Burning,,,Emissions|NH3|AFOLU [NGHGI],,,1
OilPalm,,NH3_AWB,Emissions|NH3,Emissions|NH3|AFOLU,Emissions|NH3|AFOLU|Agricultural Waste Burning,,,Emissions|NH3|AFOLU [NGHGI],,,1
OtherGrain,,NH3_AWB,Emissions|NH3,Emissions|NH3|AFOLU,Emissions|NH3|AFOLU|Agricultural Waste Burning,,,Emissions|NH3|AFOLU [NGHGI],,,1
PalmFruit,,NH3_AWB,Emissions|NH3,Emissions|NH3|AFOLU,Emissions|NH3|AFOLU|Agricultural Waste Burning,,,Emissions|NH3|AFOLU [NGHGI],,,1
Rice,,NH3_AWB,Emissions|NH3,Emissions|NH3|AFOLU,Emissions|NH3|AFOLU|Agricultural Waste Burning,,,Emissions|NH3|AFOLU [NGHGI],,,1
RootTuber,,NH3_AWB,Emissions|NH3,Emissions|NH3|AFOLU,Emissions|NH3|AFOLU|Agricultural Waste Burning,,,Emissions|NH3|AFOLU [NGHGI],,,1
Soybean,,NH3_AWB,Emissions|NH3,Emissions|NH3|AFOLU,Emissions|NH3|AFOLU|Agricultural Waste Burning,,,Emissions|NH3|AFOLU [NGHGI],,,1
SugarCrop,,NH3_AWB,Emissions|NH3,Emissions|NH3|AFOLU,Emissions|NH3|AFOLU|Agricultural Waste Burning,,,Emissions|NH3|AFOLU [NGHGI],,,1
Vegetables,,NH3_AWB,Emissions|NH3,Emissions|NH3|AFOLU,Emissions|NH3|AFOLU|Agricultural Waste Burning,,,Emissions|NH3|AFOLU [NGHGI],,,1
Wheat,,NH3_AWB,Emissions|NH3,Emissions|NH3|AFOLU,Emissions|NH3|AFOLU|Agricultural Waste Burning,,,Emissions|NH3|AFOLU [NGHGI],,,1
agricultural energy use,,NMVOC,Emissions|VOC,Emissions|VOC|Energy,Emissions|VOC|Energy|Demand,Emissions|VOC|Energy|Demand|AFOFI,,,Emissions|VOC|Energy|Demand|Residential and Commercial and AFOFI,Emissions|VOC|Energy and Industrial Processes,1
alumina,,NMVOC,Emissions|VOC,Emissions|VOC|Industrial Processes,Emissions|VOC|Industrial Processes|Non-Ferrous Metals,,,,,Emissions|VOC|Energy and Industrial Processes,1
ammonia,,NMVOC,Emissions|VOC,Emissions|VOC|Industrial Processes,Emissions|VOC|Industrial Processes|Chemicals,Emissions|VOC|Industrial Processes|Chemicals|Ammonia,,,,Emissions|VOC|Energy and Industrial Processes,1
backup_electricity,,NMVOC,Emissions|VOC,Emissions|VOC|Energy,Emissions|VOC|Energy|Supply,Emissions|VOC|Energy|Supply|Electricity,,,,Emissions|VOC|Energy and Industrial Processes,1
chemical energy use,,NMVOC,Emissions|VOC,Emissions|VOC|Energy,Emissions|VOC|Energy|Demand,Emissions|VOC|Energy|Demand|Industry,,,,Emissions|VOC|Energy and Industrial Processes,1
comm cooling,,NMVOC,Emissions|VOC,Emissions|VOC|Energy,Emissions|VOC|Energy|Demand,Emissions|VOC|Energy|Demand|Residential and Commercial,Emissions|VOC|Energy|Demand|Commercial,,Emissions|VOC|Energy|Demand|Residential and Commercial and AFOFI,Emissions|VOC|Energy and Industrial Processes,1
comm heating,,NMVOC,Emissions|VOC,Emissions|VOC|Energy,Emissions|VOC|Energy|Demand,Emissions|VOC|Energy|Demand|Residential and Commercial,Emissions|VOC|Energy|Demand|Commercial,,Emissions|VOC|Energy|Demand|Residential and Commercial and AFOFI,Emissions|VOC|Energy and Industrial Processes,1
comm others,,NMVOC,Emissions|VOC,Emissions|VOC|Energy,Emissions|VOC|Energy|Demand,Emissions|VOC|Energy|Demand|Residential and Commercial,Emissions|VOC|Energy|Demand|Commercial,,Emissions|VOC|Energy|Demand|Residential and Commercial and AFOFI,Emissions|VOC|Energy and Industrial Processes,1
construction energy use,,NMVOC,Emissions|VOC,Emissions|VOC|Energy,Emissions|VOC|Energy|Demand,Emissions|VOC|Energy|Demand|Industry,,,,Emissions|VOC|Energy and Industrial Processes,1
district heat,,NMVOC,Emissions|VOC,Emissions|VOC|Energy,Emissions|VOC|Energy|Supply,Emissions|VOC|Energy|Supply|Heat,,,,Emissions|VOC|Energy and Industrial Processes,1
electricity,,NMVOC,Emissions|VOC,Emissions|VOC|Energy,Emissions|VOC|Energy|Supply,Emissions|VOC|Energy|Supply|Electricity,,,,Emissions|VOC|Energy and Industrial Processes,1
H2 central production,,NMVOC,Emissions|VOC,Emissions|VOC|Energy,Emissions|VOC|Energy|Supply,Emissions|VOC|Energy|Supply|Hydrogen,,,,Emissions|VOC|Energy and Industrial Processes,1
industrial energy use,,NMVOC,Emissions|VOC,Emissions|VOC|Energy,Emissions|VOC|Energy|Demand,Emissions|VOC|Energy|Demand|Industry,,,,Emissions|VOC|Energy and Industrial Processes,1
industrial processes,,NMVOC,Emissions|VOC,Emissions|VOC|Product Use,,,,,,,1
iron and steel,,NMVOC,Emissions|VOC,Emissions|VOC|Industrial Processes,Emissions|VOC|Industrial Processes|Iron and Steel,,,,,Emissions|VOC|Energy and Industrial Processes,1
mining energy use,,NMVOC,Emissions|VOC,Emissions|VOC|Energy,Emissions|VOC|Energy|Demand,Emissions|VOC|Energy|Demand|Industry,,,,Emissions|VOC|Energy and Industrial Processes,1
N fertilizer,,NMVOC,Emissions|VOC,Emissions|VOC|Industrial Processes,Emissions|VOC|Industrial Processes|Chemicals,Emissions|VOC|Industrial Processes|Chemicals|Ammonia,,,,Emissions|VOC|Energy and Industrial Processes,1
other industrial energy use,,NMVOC,Emissions|VOC,Emissions|VOC|Energy,Emissions|VOC|Energy|Demand,Emissions|VOC|Energy|Demand|Industry,,,,Emissions|VOC|Energy and Industrial Processes,1
process heat cement,,NMVOC,Emissions|VOC,Emissions|VOC|Energy,Emissions|VOC|Energy|Demand,Emissions|VOC|Energy|Demand|Industry,,,,Emissions|VOC|Energy and Industrial Processes,1
process heat food processing,,NMVOC,Emissions|VOC,Emissions|VOC|Energy,Emissions|VOC|Energy|Demand,Emissions|VOC|Energy|Demand|Industry,,,,Emissions|VOC|Energy and Industrial Processes,1
process heat paper,,NMVOC,Emissions|VOC,Emissions|VOC|Energy,Emissions|VOC|Energy|Demand,Emissions|VOC|Energy|Demand|Industry,,,,Emissions|VOC|Energy and Industrial Processes,1
refining,,NMVOC,Emissions|VOC,Emissions|VOC|Energy,Emissions|VOC|Energy|Supply,Emissions|VOC|Energy|Supply|Liquids,,,,Emissions|VOC|Energy and Industrial Processes,1
resid cooling,,NMVOC,Emissions|VOC,Emissions|VOC|Energy,Emissions|VOC|Energy|Demand,Emissions|VOC|Energy|Demand|Residential and Commercial,Emissions|VOC|Energy|Demand|Residential,,Emissions|VOC|Energy|Demand|Residential and Commercial and AFOFI,Emissions|VOC|Energy and Industrial Processes,1
resid cooling modern,,NMVOC,Emissions|VOC,Emissions|VOC|Energy,Emissions|VOC|Energy|Demand,Emissions|VOC|Energy|Demand|Residential and Commercial,Emissions|VOC|Energy|Demand|Residential,,Emissions|VOC|Energy|Demand|Residential and Commercial and AFOFI,Emissions|VOC|Energy and Industrial Processes,1
resid heating,,NMVOC,Emissions|VOC,Emissions|VOC|Energy,Emissions|VOC|Energy|Demand,Emissions|VOC|Energy|Demand|Residential and Commercial,Emissions|VOC|Energy|Demand|Residential,,Emissions|VOC|Energy|Demand|Residential and Commercial and AFOFI,Emissions|VOC|Energy and Industrial Processes,1
resid heating coal,,NMVOC,Emissions|VOC,Emissions|VOC|Energy,Emissions|VOC|Energy|Demand,Emissions|VOC|Energy|Demand|Residential and Commercial,Emissions|VOC|Energy|Demand|Residential,,Emissions|VOC|Energy|Demand|Residential and Commercial and AFOFI,Emissions|VOC|Energy and Industrial Processes,1
resid heating modern,,NMVOC,Emissions|VOC,Emissions|VOC|Energy,Emissions|VOC|Energy|Demand,Emissions|VOC|Energy|Demand|Residential and Commercial,Emissions|VOC|Energy|Demand|Residential,,Emissions|VOC|Energy|Demand|Residential and Commercial and AFOFI,Emissions|VOC|Energy and Industrial Processes,1
resid heating TradBio,,NMVOC,Emissions|VOC,Emissions|VOC|Energy,Emissions|VOC|Energy|Demand,Emissions|VOC|Energy|Demand|Residential and Commercial,Emissions|VOC|Energy|Demand|Residential,,Emissions|VOC|Energy|Demand|Residential and Commercial and AFOFI,Emissions|VOC|Energy and Industrial Processes,1
resid others,,NMVOC,Emissions|VOC,Emissions|VOC|Energy,Emissions|VOC|Energy|Demand,Emissions|VOC|Energy|Demand|Residential and Commercial,Emissions|VOC|Energy|Demand|Residential,,Emissions|VOC|Energy|Demand|Residential and Commercial and AFOFI,Emissions|VOC|Energy and Industrial Processes,1
resid others coal,,NMVOC,Emissions|VOC,Emissions|VOC|Energy,Emissions|VOC|Energy|Demand,Emissions|VOC|Energy|Demand|Residential and Commercial,Emissions|VOC|Energy|Demand|Residential,,Emissions|VOC|Energy|Demand|Residential and Commercial and AFOFI,Emissions|VOC|Energy and Industrial Processes,1
resid others modern,,NMVOC,Emissions|VOC,Emissions|VOC|Energy,Emissions|VOC|Energy|Demand,Emissions|VOC|Energy|Demand|Residential and Commercial,Emissions|VOC|Energy|Demand|Residential,,Emissions|VOC|Energy|Demand|Residential and Commercial and AFOFI,Emissions|VOC|Energy and Industrial Processes,1
resid others TradBio,,NMVOC,Emissions|VOC,Emissions|VOC|Energy,Emissions|VOC|Energy|Demand,Emissions|VOC|Energy|Demand|Residential and Commercial,Emissions|VOC|Energy|Demand|Residential,,Emissions|VOC|Energy|Demand|Residential and Commercial and AFOFI,Emissions|VOC|Energy and Industrial Processes,1
trn_aviation_intl,,NMVOC,Emissions|VOC,Emissions|VOC|Energy,Emissions|VOC|Energy|Demand,Emissions|VOC|Energy|Demand|Bunkers,Emissions|VOC|Energy|Demand|Bunkers|International Aviation,,,Emissions|VOC|Energy and Industrial Processes,1
trn_freight,,NMVOC,Emissions|VOC,Emissions|VOC|Energy,Emissions|VOC|Energy|Demand,Emissions|VOC|Energy|Demand|Transportation,Emissions|VOC|Energy|Demand|Transportation,,,Emissions|VOC|Energy and Industrial Processes,1
trn_freight_road,,NMVOC,Emissions|VOC,Emissions|VOC|Energy,Emissions|VOC|Energy|Demand,Emissions|VOC|Energy|Demand|Transportation,Emissions|VOC|Energy|Demand|Transportation|Truck,,,Emissions|VOC|Energy and Industrial Processes,1
trn_pass,,NMVOC,Emissions|VOC,Emissions|VOC|Energy,Emissions|VOC|Energy|Demand,Emissions|VOC|Energy|Demand|Transportation,Emissions|VOC|Energy|Demand|Transportation,,,Emissions|VOC|Energy and Industrial Processes,1
trn_pass_road,,NMVOC,Emissions|VOC,Emissions|VOC|Energy,Emissions|VOC|Energy|Demand,Emissions|VOC|Energy|Demand|Transportation,Emissions|VOC|Energy|Demand|Transportation,,,Emissions|VOC|Energy and Industrial Processes,1
trn_pass_road_LDV,,NMVOC,Emissions|VOC,Emissions|VOC|Energy,Emissions|VOC|Energy|Demand,Emissions|VOC|Energy|Demand|Transportation,Emissions|VOC|Energy|Demand|Transportation|Light-Duty Vehicle,,,Emissions|VOC|Energy and Industrial Processes,1
trn_pass_road_LDV_4W,,NMVOC,Emissions|VOC,Emissions|VOC|Energy,Emissions|VOC|Energy|Demand,Emissions|VOC|Energy|Demand|Transportation,Emissions|VOC|Energy|Demand|Transportation,,,Emissions|VOC|Energy and Industrial Processes,1
trn_shipping_intl,,NMVOC,Emissions|VOC,Emissions|VOC|Energy,Emissions|VOC|Energy|Demand,Emissions|VOC|Energy|Demand|Bunkers,Emissions|VOC|Energy|Demand|Bunkers|International Shipping,,,Emissions|VOC|Energy and Industrial Processes,1
UnmanagedLand,ForestFire,NMVOC,Emissions|VOC,Emissions|VOC|AFOLU,Emissions|VOC|AFOLU|Land,Emissions|VOC|AFOLU|Land|Fires,Emissions|VOC|AFOLU|Land|Fires|Forest Burning,Emissions|VOC|AFOLU [NGHGI],,,1
UnmanagedLand,GrasslandFires,NMVOC,Emissions|VOC,Emissions|VOC|AFOLU,Emissions|VOC|AFOLU|Land,Emissions|VOC|AFOLU|Land|Fires,Emissions|VOC|AFOLU|Land|Fires|Grassland Burning,Emissions|VOC|AFOLU [NGHGI],,,1
UnmanagedLand,,NMVOC,Emissions|VOC,Emissions|VOC|AFOLU,Emissions|VOC|AFOLU|Land,Emissions|VOC|AFOLU|Land|Other,,Emissions|VOC|AFOLU [NGHGI],,,1
urban processes,landfills,NMVOC,Emissions|VOC,Emissions|VOC|Waste,,,,,,,1
urban processes,wastewater,NMVOC,Emissions|VOC,Emissions|VOC|Waste,,,,,,,1
urban processes,waste_incineration,NMVOC,Emissions|VOC,Emissions|VOC|Waste,,,,,,,1
urban processes,,NMVOC,Emissions|VOC,Emissions|VOC|Other,,,,,,,1
waste biomass for paper,,NMVOC,Emissions|VOC,Emissions|VOC|Industrial Processes,Emissions|VOC|Industrial Processes|Pulp and Paper,,,,,Emissions|VOC|Energy and Industrial Processes,1
Beef,,NMVOC_AGR,Emissions|VOC,Emissions|VOC|AFOLU,Emissions|VOC|AFOLU|Agriculture,Emissions|VOC|AFOLU|Agriculture|Livestock,Emissions|VOC|AFOLU|Agriculture|Livestock|Enteric Fermentation,Emissions|VOC|AFOLU [NGHGI],,,1
Corn,,NMVOC_AGR,Emissions|VOC,Emissions|VOC|AFOLU,Emissions|VOC|AFOLU|Agriculture,Emissions|VOC|AFOLU|Agriculture|Managed Soils,,Emissions|VOC|AFOLU [NGHGI],,,1
Dairy,,NMVOC_AGR,Emissions|VOC,Emissions|VOC|AFOLU,Emissions|VOC|AFOLU|Agriculture,Emissions|VOC|AFOLU|Agriculture|Livestock,Emissions|VOC|AFOLU|Agriculture|Livestock|Enteric Fermentation,Emissions|VOC|AFOLU [NGHGI],,,1
FiberCrop,,NMVOC_AGR,Emissions|VOC,Emissions|VOC|AFOLU,Emissions|VOC|AFOLU|Agriculture,Emissions|VOC|AFOLU|Agriculture|Managed Soils,,Emissions|VOC|AFOLU [NGHGI],,,1
Fruits,,NMVOC_AGR,Emissions|VOC,Emissions|VOC|AFOLU,Emissions|VOC|AFOLU|Agriculture,Emissions|VOC|AFOLU|Agriculture|Managed Soils,,Emissions|VOC|AFOLU [NGHGI],,,1
Legumes,,NMVOC_AGR,Emissions|VOC,Emissions|VOC|AFOLU,Emissions|VOC|AFOLU|Agriculture,Emissions|VOC|AFOLU|Agriculture|Managed Soils,,Emissions|VOC|AFOLU [NGHGI],,,1
MiscCrop,,NMVOC_AGR,Emissions|VOC,Emissions|VOC|AFOLU,Emissions|VOC|AFOLU|Agriculture,Emissions|VOC|AFOLU|Agriculture|Managed Soils,,Emissions|VOC|AFOLU [NGHGI],,,1
NutsSeeds,,NMVOC_AGR,Emissions|VOC,Emissions|VOC|AFOLU,Emissions|VOC|AFOLU|Agriculture,Emissions|VOC|AFOLU|Agriculture|Managed Soils,,Emissions|VOC|AFOLU [NGHGI],,,1
OilCrop,,NMVOC_AGR,Emissions|VOC,Emissions|VOC|AFOLU,Emissions|VOC|AFOLU|Agriculture,Emissions|VOC|AFOLU|Agriculture|Managed Soils,,Emissions|VOC|AFOLU [NGHGI],,,1
OilPalm,,NMVOC_AGR,Emissions|VOC,Emissions|VOC|AFOLU,Emissions|VOC|AFOLU|Agriculture,Emissions|VOC|AFOLU|Agriculture|Managed Soils,,Emissions|VOC|AFOLU [NGHGI],,,1
OtherGrain,,NMVOC_AGR,Emissions|VOC,Emissions|VOC|AFOLU,Emissions|VOC|AFOLU|Agriculture,Emissions|VOC|AFOLU|Agriculture|Managed Soils,,Emissions|VOC|AFOLU [NGHGI],,,1
PalmFruit,,NMVOC_AGR,Emissions|VOC,Emissions|VOC|AFOLU,Emissions|VOC|AFOLU|Agriculture,Emissions|VOC|AFOLU|Agriculture|Managed Soils,,Emissions|VOC|AFOLU [NGHGI],,,1
Pork,,NMVOC_AGR,Emissions|VOC,Emissions|VOC|AFOLU,Emissions|VOC|AFOLU|Agriculture,Emissions|VOC|AFOLU|Agriculture|Livestock,,Emissions|VOC|AFOLU [NGHGI],,,1
Poultry,,NMVOC_AGR,Emissions|VOC,Emissions|VOC|AFOLU,Emissions|VOC|AFOLU|Agriculture,Emissions|VOC|AFOLU|Agriculture|Livestock,,Emissions|VOC|AFOLU [NGHGI],,,1
Rice,,NMVOC_AGR,Emissions|VOC,Emissions|VOC|AFOLU,Emissions|VOC|AFOLU|Agriculture,Emissions|VOC|AFOLU|Agriculture|Rice,,Emissions|VOC|AFOLU [NGHGI],,,1
RootTuber,,NMVOC_AGR,Emissions|VOC,Emissions|VOC|AFOLU,Emissions|VOC|AFOLU|Agriculture,Emissions|VOC|AFOLU|Agriculture|Managed Soils,,Emissions|VOC|AFOLU [NGHGI],,,1
SheepGoat,,NMVOC_AGR,Emissions|VOC,Emissions|VOC|AFOLU,Emissions|VOC|AFOLU|Agriculture,Emissions|VOC|AFOLU|Agriculture|Livestock,Emissions|VOC|AFOLU|Agriculture|Livestock|Enteric Fermentation,Emissions|VOC|AFOLU [NGHGI],,,1
Soybean,,NMVOC_AGR,Emissions|VOC,Emissions|VOC|AFOLU,Emissions|VOC|AFOLU|Agriculture,Emissions|VOC|AFOLU|Agriculture|Managed Soils,,Emissions|VOC|AFOLU [NGHGI],,,1
SugarCrop,,NMVOC_AGR,Emissions|VOC,Emissions|VOC|AFOLU,Emissions|VOC|AFOLU|Agriculture,Emissions|VOC|AFOLU|Agriculture|Managed Soils,,Emissions|VOC|AFOLU [NGHGI],,,1
Vegetables,,NMVOC_AGR,Emissions|VOC,Emissions|VOC|AFOLU,Emissions|VOC|AFOLU|Agriculture,Emissions|VOC|AFOLU|Agriculture|Managed Soils,,Emissions|VOC|AFOLU [NGHGI],,,1
Wheat,,NMVOC_AGR,Emissions|VOC,Emissions|VOC|AFOLU,Emissions|VOC|AFOLU|Agriculture,Emissions|VOC|AFOLU|Agriculture|Managed Soils,,Emissions|VOC|AFOLU [NGHGI],,,1
Corn,,NMVOC_AWB,Emissions|VOC,Emissions|VOC|AFOLU,Emissions|VOC|AFOLU|Agricultural Waste Burning,,,Emissions|VOC|AFOLU [NGHGI],,,1
FiberCrop,,NMVOC_AWB,Emissions|VOC,Emissions|VOC|AFOLU,Emissions|VOC|AFOLU|Agricultural Waste Burning,,,Emissions|VOC|AFOLU [NGHGI],,,1
Fruits,,NMVOC_AWB,Emissions|VOC,Emissions|VOC|AFOLU,Emissions|VOC|AFOLU|Agricultural Waste Burning,,,Emissions|VOC|AFOLU [NGHGI],,,1
Legumes,,NMVOC_AWB,Emissions|VOC,Emissions|VOC|AFOLU,Emissions|VOC|AFOLU|Agricultural Waste Burning,,,Emissions|VOC|AFOLU [NGHGI],,,1
MiscCrop,,NMVOC_AWB,Emissions|VOC,Emissions|VOC|AFOLU,Emissions|VOC|AFOLU|Agricultural Waste Burning,,,Emissions|VOC|AFOLU [NGHGI],,,1
NutsSeeds,,NMVOC_AWB,Emissions|VOC,Emissions|VOC|AFOLU,Emissions|VOC|AFOLU|Agricultural Waste Burning,,,Emissions|VOC|AFOLU [NGHGI],,,1
OilCrop,,NMVOC_AWB,Emissions|VOC,Emissions|VOC|AFOLU,Emissions|VOC|AFOLU|Agricultural Waste Burning,,,Emissions|VOC|AFOLU [NGHGI],,,1
OilPalm,,NMVOC_AWB,Emissions|VOC,Emissions|VOC|AFOLU,Emissions|VOC|AFOLU|Agricultural Waste Burning,,,Emissions|VOC|AFOLU [NGHGI],,,1
OtherGrain,,NMVOC_AWB,Emissions|VOC,Emissions|VOC|AFOLU,Emissions|VOC|AFOLU|Agricultural Waste Burning,,,Emissions|VOC|AFOLU [NGHGI],,,1
PalmFruit,,NMVOC_AWB,Emissions|VOC,Emissions|VOC|AFOLU,Emissions|VOC|AFOLU|Agricultural Waste Burning,,,Emissions|VOC|AFOLU [NGHGI],,,1
Rice,,NMVOC_AWB,Emissions|VOC,Emissions|VOC|AFOLU,Emissions|VOC|AFOLU|Agricultural Waste Burning,,,Emissions|VOC|AFOLU [NGHGI],,,1
RootTuber,,NMVOC_AWB,Emissions|VOC,Emissions|VOC|AFOLU,Emissions|VOC|AFOLU|Agricultural Waste Burning,,,Emissions|VOC|AFOLU [NGHGI],,,1
Soybean,,NMVOC_AWB,Emissions|VOC,Emissions|VOC|AFOLU,Emissions|VOC|AFOLU|Agricultural Waste Burning,,,Emissions|VOC|AFOLU [NGHGI],,,1
SugarCrop,,NMVOC_AWB,Emissions|VOC,Emissions|VOC|AFOLU,Emissions|VOC|AFOLU|Agricultural Waste Burning,,,Emissions|VOC|AFOLU [NGHGI],,,1
Vegetables,,NMVOC_AWB,Emissions|VOC,Emissions|VOC|AFOLU,Emissions|VOC|AFOLU|Agricultural Waste Burning,,,Emissions|VOC|AFOLU [NGHGI],,,1
Wheat,,NMVOC_AWB,Emissions|VOC,Emissions|VOC|AFOLU,Emissions|VOC|AFOLU|Agricultural Waste Burning,,,Emissions|VOC|AFOLU [NGHGI],,,1
agricultural energy use,,NOx,Emissions|NOx,Emissions|NOx|Energy,Emissions|NOx|Energy|Demand,Emissions|NOx|Energy|Demand|AFOFI,,,Emissions|NOx|Energy|Demand|Residential and Commercial and AFOFI,Emissions|NOx|Energy and Industrial Processes,1
alumina,,NOx,Emissions|NOx,Emissions|NOx|Industrial Processes,Emissions|NOx|Industrial Processes|Non-Ferrous Metals,,,,,Emissions|NOx|Energy and Industrial Processes,1
ammonia,,NOx,Emissions|NOx,Emissions|NOx|Industrial Processes,Emissions|NOx|Industrial Processes|Chemicals,Emissions|NOx|Industrial Processes|Chemicals|Ammonia,,,,Emissions|NOx|Energy and Industrial Processes,1
backup_electricity,,NOx,Emissions|NOx,Emissions|NOx|Energy,Emissions|NOx|Energy|Supply,Emissions|NOx|Energy|Supply|Electricity,,,,Emissions|NOx|Energy and Industrial Processes,1
chemical energy use,,NOx,Emissions|NOx,Emissions|NOx|Energy,Emissions|NOx|Energy|Demand,Emissions|NOx|Energy|Demand|Industry,,,,Emissions|NOx|Energy and Industrial Processes,1
comm cooling,,NOx,Emissions|NOx,Emissions|NOx|Energy,Emissions|NOx|Energy|Demand,Emissions|NOx|Energy|Demand|Residential and Commercial,Emissions|NOx|Energy|Demand|Commercial,,Emissions|NOx|Energy|Demand|Residential and Commercial and AFOFI,Emissions|NOx|Energy and Industrial Processes,1
comm heating,,NOx,Emissions|NOx,Emissions|NOx|Energy,Emissions|NOx|Energy|Demand,Emissions|NOx|Energy|Demand|Residential and Commercial,Emissions|NOx|Energy|Demand|Commercial,,Emissions|NOx|Energy|Demand|Residential and Commercial and AFOFI,Emissions|NOx|Energy and Industrial Processes,1
comm others,,NOx,Emissions|NOx,Emissions|NOx|Energy,Emissions|NOx|Energy|Demand,Emissions|NOx|Energy|Demand|Residential and Commercial,Emissions|NOx|Energy|Demand|Commercial,,Emissions|NOx|Energy|Demand|Residential and Commercial and AFOFI,Emissions|NOx|Energy and Industrial Processes,1
construction energy use,,NOx,Emissions|NOx,Emissions|NOx|Energy,Emissions|NOx|Energy|Demand,Emissions|NOx|Energy|Demand|Industry,,,,Emissions|NOx|Energy and Industrial Processes,1
district heat,,NOx,Emissions|NOx,Emissions|NOx|Energy,Emissions|NOx|Energy|Supply,Emissions|NOx|Energy|Supply|Heat,,,,Emissions|NOx|Energy and Industrial Processes,1
electricity,,NOx,Emissions|NOx,Emissions|NOx|Energy,Emissions|NOx|Energy|Supply,Emissions|NOx|Energy|Supply|Electricity,,,,Emissions|NOx|Energy and Industrial Processes,1
H2 central production,,NOx,Emissions|NOx,Emissions|NOx|Energy,Emissions|NOx|Energy|Supply,Emissions|NOx|Energy|Supply|Hydrogen,,,,Emissions|NOx|Energy and Industrial Processes,1
H2 forecourt production,,NOx,Emissions|NOx,Emissions|NOx|Energy,Emissions|NOx|Energy|Supply,Emissions|NOx|Energy|Supply|Hydrogen,,,,Emissions|NOx|Energy and Industrial Processes,1
H2 wholesale dispensing,,NOx,Emissions|NOx,Emissions|NOx|Energy,Emissions|NOx|Energy|Supply,Emissions|NOx|Energy|Supply|Hydrogen,,,,Emissions|NOx|Energy and Industrial Processes,1
industrial energy use,,NOx,Emissions|NOx,Emissions|NOx|Energy,Emissions|NOx|Energy|Demand,Emissions|NOx|Energy|Demand|Industry,,,,Emissions|NOx|Energy and Industrial Processes,1
industrial processes,,NOx,Emissions|NOx,Emissions|NOx|Product Use,,,,,,,1
iron and steel,,NOx,Emissions|NOx,Emissions|NOx|Industrial Processes,Emissions|NOx|Industrial Processes|Iron and Steel,,,,,Emissions|NOx|Energy and Industrial Processes,1
mining energy use,,NOx,Emissions|NOx,Emissions|NOx|Energy,Emissions|NOx|Energy|Demand,Emissions|NOx|Energy|Demand|Industry,,,,Emissions|NOx|Energy and Industrial Processes,1
N fertilizer,,NOx,Emissions|NOx,Emissions|NOx|Industrial Processes,Emissions|NOx|Industrial Processes|Chemicals,Emissions|NOx|Industrial Processes|Chemicals|Ammonia,,,,Emissions|NOx|Energy and Industrial Processes,1
other industrial energy use,,NOx,Emissions|NOx,Emissions|NOx|Energy,Emissions|NOx|Energy|Demand,Emissions|NOx|Energy|Demand|Industry,,,,Emissions|NOx|Energy and Industrial Processes,1
process heat cement,,NOx,Emissions|NOx,Emissions|NOx|Energy,Emissions|NOx|Energy|Demand,Emissions|NOx|Energy|Demand|Industry,,,,Emissions|NOx|Energy and Industrial Processes,1
process heat food processing,,NOx,Emissions|NOx,Emissions|NOx|Energy,Emissions|NOx|Energy|Demand,Emissions|NOx|Energy|Demand|Industry,,,,Emissions|NOx|Energy and Industrial Processes,1
process heat paper,,NOx,Emissions|NOx,Emissions|NOx|Energy,Emissions|NOx|Energy|Demand,Emissions|NOx|Energy|Demand|Industry,,,,Emissions|NOx|Energy and Industrial Processes,1
refining,,NOx,Emissions|NOx,Emissions|NOx|Energy,Emissions|NOx|Energy|Supply,Emissions|NOx|Energy|Supply|Liquids,,,,Emissions|NOx|Energy and Industrial Processes,1
resid cooling,,NOx,Emissions|NOx,Emissions|NOx|Energy,Emissions|NOx|Energy|Demand,Emissions|NOx|Energy|Demand|Residential and Commercial,Emissions|NOx|Energy|Demand|Residential,,Emissions|NOx|Energy|Demand|Residential and Commercial and AFOFI,Emissions|NOx|Energy and Industrial Processes,1
resid cooling modern,,NOx,Emissions|NOx,Emissions|NOx|Energy,Emissions|NOx|Energy|Demand,Emissions|NOx|Energy|Demand|Residential and Commercial,Emissions|NOx|Energy|Demand|Residential,,Emissions|NOx|Energy|Demand|Residential and Commercial and AFOFI,Emissions|NOx|Energy and Industrial Processes,1
resid heating,,NOx,Emissions|NOx,Emissions|NOx|Energy,Emissions|NOx|Energy|Demand,Emissions|NOx|Energy|Demand|Residential and Commercial,Emissions|NOx|Energy|Demand|Residential,,Emissions|NOx|Energy|Demand|Residential and Commercial and AFOFI,Emissions|NOx|Energy and Industrial Processes,1
resid heating coal,,NOx,Emissions|NOx,Emissions|NOx|Energy,Emissions|NOx|Energy|Demand,Emissions|NOx|Energy|Demand|Residential and Commercial,Emissions|NOx|Energy|Demand|Residential,,Emissions|NOx|Energy|Demand|Residential and Commercial and AFOFI,Emissions|NOx|Energy and Industrial Processes,1
resid heating modern,,NOx,Emissions|NOx,Emissions|NOx|Energy,Emissions|NOx|Energy|Demand,Emissions|NOx|Energy|Demand|Residential and Commercial,Emissions|NOx|Energy|Demand|Residential,,Emissions|NOx|Energy|Demand|Residential and Commercial and AFOFI,Emissions|NOx|Energy and Industrial Processes,1
resid heating TradBio,,NOx,Emissions|NOx,Emissions|NOx|Energy,Emissions|NOx|Energy|Demand,Emissions|NOx|Energy|Demand|Residential and Commercial,Emissions|NOx|Energy|Demand|Residential,,Emissions|NOx|Energy|Demand|Residential and Commercial and AFOFI,Emissions|NOx|Energy and Industrial Processes,1
resid others,,NOx,Emissions|NOx,Emissions|NOx|Energy,Emissions|NOx|Energy|Demand,Emissions|NOx|Energy|Demand|Residential and Commercial,Emissions|NOx|Energy|Demand|Residential,,Emissions|NOx|Energy|Demand|Residential and Commercial and AFOFI,Emissions|NOx|Energy and Industrial Processes,1
resid others coal,,NOx,Emissions|NOx,Emissions|NOx|Energy,Emissions|NOx|Energy|Demand,Emissions|NOx|Energy|Demand|Residential and Commercial,Emissions|NOx|Energy|Demand|Residential,,Emissions|NOx|Energy|Demand|Residential and Commercial and AFOFI,Emissions|NOx|Energy and Industrial Processes,1
resid others modern,,NOx,Emissions|NOx,Emissions|NOx|Energy,Emissions|NOx|Energy|Demand,Emissions|NOx|Energy|Demand|Residential and Commercial,Emissions|NOx|Energy|Demand|Residential,,Emissions|NOx|Energy|Demand|Residential and Commercial and AFOFI,Emissions|NOx|Energy and Industrial Processes,1
resid others TradBio,,NOx,Emissions|NOx,Emissions|NOx|Energy,Emissions|NOx|Energy|Demand,Emissions|NOx|Energy|Demand|Residential and Commercial,Emissions|NOx|Energy|Demand|Residential,,Emissions|NOx|Energy|Demand|Residential and Commercial and AFOFI,Emissions|NOx|Energy and Industrial Processes,1
trn_aviation_intl,,NOx,Emissions|NOx,Emissions|NOx|Energy,Emissions|NOx|Energy|Demand,Emissions|NOx|Energy|Demand|Bunkers,Emissions|NOx|Energy|Demand|Bunkers|International Aviation,,,Emissions|NOx|Energy and Industrial Processes,1
trn_freight,,NOx,Emissions|NOx,Emissions|NOx|Energy,Emissions|NOx|Energy|Demand,Emissions|NOx|Energy|Demand|Transportation,Emissions|NOx|Energy|Demand|Transportation,,,Emissions|NOx|Energy and Industrial Processes,1
trn_freight_road,,NOx,Emissions|NOx,Emissions|NOx|Energy,Emissions|NOx|Energy|Demand,Emissions|NOx|Energy|Demand|Transportation,Emissions|NOx|Energy|Demand|Transportation|Truck,,,Emissions|NOx|Energy and Industrial Processes,1
trn_pass,,NOx,Emissions|NOx,Emissions|NOx|Energy,Emissions|NOx|Energy|Demand,Emissions|NOx|Energy|Demand|Transportation,Emissions|NOx|Energy|Demand|Transportation,,,Emissions|NOx|Energy and Industrial Processes,1
trn_pass_road,,NOx,Emissions|NOx,Emissions|NOx|Energy,Emissions|NOx|Energy|Demand,Emissions|NOx|Energy|Demand|Transportation,Emissions|NOx|Energy|Demand|Transportation,,,Emissions|NOx|Energy and Industrial Processes,1
trn_pass_road_LDV,,NOx,Emissions|NOx,Emissions|NOx|Energy,Emissions|NOx|Energy|Demand,Emissions|NOx|Energy|Demand|Transportation,Emissions|NOx|Energy|Demand|Transportation|Light-Duty Vehicle,,,Emissions|NOx|Energy and Industrial Processes,1
trn_pass_road_LDV_4W,,NOx,Emissions|NOx,Emissions|NOx|Energy,Emissions|NOx|Energy|Demand,Emissions|NOx|Energy|Demand|Transportation,Emissions|NOx|Energy|Demand|Transportation,,,Emissions|NOx|Energy and Industrial Processes,1
trn_shipping_intl,,NOx,Emissions|NOx,Emissions|NOx|Energy,Emissions|NOx|Energy|Demand,Emissions|NOx|Energy|Demand|Bunkers,Emissions|NOx|Energy|Demand|Bunkers|International Shipping,,,Emissions|NOx|Energy and Industrial Processes,1
UnmanagedLand,ForestFire,NOx,Emissions|NOx,Emissions|NOx|AFOLU,Emissions|NOx|AFOLU|Land,Emissions|NOx|AFOLU|Land|Fires,Emissions|NOx|AFOLU|Land|Fires|Forest Burning,Emissions|NOx|AFOLU [NGHGI],,,1
UnmanagedLand,GrasslandFires,NOx,Emissions|NOx,Emissions|NOx|AFOLU,Emissions|NOx|AFOLU|Land,Emissions|NOx|AFOLU|Land|Fires,Emissions|NOx|AFOLU|Land|Fires|Grassland Burning,Emissions|NOx|AFOLU [NGHGI],,,1
UnmanagedLand,,NOx,Emissions|NOx,Emissions|NOx|AFOLU,Emissions|NOx|AFOLU|Land,Emissions|NOx|AFOLU|Land|Other,,Emissions|NOx|AFOLU [NGHGI],,,1
urban processes,landfills,NOx,Emissions|NOx,Emissions|NOx|Waste,,,,,,,1
urban processes,wastewater,NOx,Emissions|NOx,Emissions|NOx|Waste,,,,,,,1
urban processes,waste_incineration,NOx,Emissions|NOx,Emissions|NOx|Waste,,,,,,,1
urban processes,,NOx,Emissions|NOx,Emissions|NOx|Other,,,,,,,1
waste biomass for paper,,NOx,Emissions|NOx,Emissions|NOx|Industrial Processes,Emissions|NOx|Industrial Processes|Pulp and Paper,,,,,Emissions|NOx|Energy and Industrial Processes,1
Beef,,NOx_AGR,Emissions|NOx,Emissions|NOx|AFOLU,Emissions|NOx|AFOLU|Agriculture,Emissions|NOx|AFOLU|Agriculture|Livestock,Emissions|NOx|AFOLU|Agriculture|Livestock|Enteric Fermentation,Emissions|NOx|AFOLU [NGHGI],,,1
Corn,,NOx_AGR,Emissions|NOx,Emissions|NOx|AFOLU,Emissions|NOx|AFOLU|Agriculture,Emissions|NOx|AFOLU|Agriculture|Managed Soils,,Emissions|NOx|AFOLU [NGHGI],,,1
Dairy,,NOx_AGR,Emissions|NOx,Emissions|NOx|AFOLU,Emissions|NOx|AFOLU|Agriculture,Emissions|NOx|AFOLU|Agriculture|Livestock,Emissions|NOx|AFOLU|Agriculture|Livestock|Enteric Fermentation,Emissions|NOx|AFOLU [NGHGI],,,1
FiberCrop,,NOx_AGR,Emissions|NOx,Emissions|NOx|AFOLU,Emissions|NOx|AFOLU|Agriculture,Emissions|NOx|AFOLU|Agriculture|Managed Soils,,Emissions|NOx|AFOLU [NGHGI],,,1
FodderGrass,,NOx_AGR,Emissions|NOx,Emissions|NOx|AFOLU,Emissions|NOx|AFOLU|Land,,,Emissions|NOx|AFOLU [NGHGI],,,1
FodderHerb,,NOx_AGR,Emissions|NOx,Emissions|NOx|AFOLU,Emissions|NOx|AFOLU|Land,,,Emissions|NOx|AFOLU [NGHGI],,,1
Fruits,,NOx_AGR,Emissions|NOx,Emissions|NOx|AFOLU,Emissions|NOx|AFOLU|Agriculture,Emissions|NOx|AFOLU|Agriculture|Managed Soils,,Emissions|NOx|AFOLU [NGHGI],,,1
Legumes,,NOx_AGR,Emissions|NOx,Emissions|NOx|AFOLU,Emissions|NOx|AFOLU|Agriculture,Emissions|NOx|AFOLU|Agriculture|Managed Soils,,Emissions|NOx|AFOLU [NGHGI],,,1
MiscCrop,,NOx_AGR,Emissions|NOx,Emissions|NOx|AFOLU,Emissions|NOx|AFOLU|Agriculture,Emissions|NOx|AFOLU|Agriculture|Managed Soils,,Emissions|NOx|AFOLU [NGHGI],,,1
NutsSeeds,,NOx_AGR,Emissions|NOx,Emissions|NOx|AFOLU,Emissions|NOx|AFOLU|Agriculture,Emissions|NOx|AFOLU|Agriculture|Managed Soils,,Emissions|NOx|AFOLU [NGHGI],,,1
OilCrop,,NOx_AGR,Emissions|NOx,Emissions|NOx|AFOLU,Emissions|NOx|AFOLU|Agriculture,Emissions|NOx|AFOLU|Agriculture|Managed Soils,,Emissions|NOx|AFOLU [NGHGI],,,1
OilPalm,,NOx_AGR,Emissions|NOx,Emissions|NOx|AFOLU,Emissions|NOx|AFOLU|Agriculture,Emissions|NOx|AFOLU|Agriculture|Managed Soils,,Emissions|NOx|AFOLU [NGHGI],,,1
OtherGrain,,NOx_AGR,Emissions|NOx,Emissions|NOx|AFOLU,Emissions|NOx|AFOLU|Agriculture,Emissions|NOx|AFOLU|Agriculture|Managed Soils,,Emissions|NOx|AFOLU [NGHGI],,,1
PalmFruit,,NOx_AGR,Emissions|NOx,Emissions|NOx|AFOLU,Emissions|NOx|AFOLU|Agriculture,Emissions|NOx|AFOLU|Agriculture|Managed Soils,,Emissions|NOx|AFOLU [NGHGI],,,1
Pork,,NOx_AGR,Emissions|NOx,Emissions|NOx|AFOLU,Emissions|NOx|AFOLU|Agriculture,Emissions|NOx|AFOLU|Agriculture|Livestock,,Emissions|NOx|AFOLU [NGHGI],,,1
Poultry,,NOx_AGR,Emissions|NOx,Emissions|NOx|AFOLU,Emissions|NOx|AFOLU|Agriculture,Emissions|NOx|AFOLU|Agriculture|Livestock,,Emissions|NOx|AFOLU [NGHGI],,,1
Rice,,NOx_AGR,Emissions|NOx,Emissions|NOx|AFOLU,Emissions|NOx|AFOLU|Agriculture,Emissions|NOx|AFOLU|Agriculture|Rice,,Emissions|NOx|AFOLU [NGHGI],,,1
RootTuber,,NOx_AGR,Emissions|NOx,Emissions|NOx|AFOLU,Emissions|NOx|AFOLU|Agriculture,Emissions|NOx|AFOLU|Agriculture|Managed Soils,,Emissions|NOx|AFOLU [NGHGI],,,1
SheepGoat,,NOx_AGR,Emissions|NOx,Emissions|NOx|AFOLU,Emissions|NOx|AFOLU|Agriculture,Emissions|NOx|AFOLU|Agriculture|Livestock,Emissions|NOx|AFOLU|Agriculture|Livestock|Enteric Fermentation,Emissions|NOx|AFOLU [NGHGI],,,1
Soybean,,NOx_AGR,Emissions|NOx,Emissions|NOx|AFOLU,Emissions|NOx|AFOLU|Agriculture,Emissions|NOx|AFOLU|Agriculture|Managed Soils,,Emissions|NOx|AFOLU [NGHGI],,,1
SugarCrop,,NOx_AGR,Emissions|NOx,Emissions|NOx|AFOLU,Emissions|NOx|AFOLU|Agriculture,Emissions|NOx|AFOLU|Agriculture|Managed Soils,,Emissions|NOx|AFOLU [NGHGI],,,1
Vegetables,,NOx_AGR,Emissions|NOx,Emissions|NOx|AFOLU,Emissions|NOx|AFOLU|Agriculture,Emissions|NOx|AFOLU|Agriculture|Managed Soils,,Emissions|NOx|AFOLU [NGHGI],,,1
Wheat,,NOx_AGR,Emissions|NOx,Emissions|NOx|AFOLU,Emissions|NOx|AFOLU|Agriculture,Emissions|NOx|AFOLU|Agriculture|Managed Soils,,Emissions|NOx|AFOLU [NGHGI],,,1
Corn,,NOx_AWB,Emissions|NOx,Emissions|NOx|AFOLU,Emissions|NOx|AFOLU|Agricultural Waste Burning,,,Emissions|NOx|AFOLU [NGHGI],,,1
FiberCrop,,NOx_AWB,Emissions|NOx,Emissions|NOx|AFOLU,Emissions|NOx|AFOLU|Agricultural Waste Burning,,,Emissions|NOx|AFOLU [NGHGI],,,1
Fruits,,NOx_AWB,Emissions|NOx,Emissions|NOx|AFOLU,Emissions|NOx|AFOLU|Agricultural Waste Burning,,,Emissions|NOx|AFOLU [NGHGI],,,1
Legumes,,NOx_AWB,Emissions|NOx,Emissions|NOx|AFOLU,Emissions|NOx|AFOLU|Agricultural Waste Burning,,,Emissions|NOx|AFOLU [NGHGI],,,1
MiscCrop,,NOx_AWB,Emissions|NOx,Emissions|NOx|AFOLU,Emissions|NOx|AFOLU|Agricultural Waste Burning,,,Emissions|NOx|AFOLU [NGHGI],,,1
NutsSeeds,,NOx_AWB,Emissions|NOx,Emissions|NOx|AFOLU,Emissions|NOx|AFOLU|Agricultural Waste Burning,,,Emissions|NOx|AFOLU [NGHGI],,,1
OilCrop,,NOx_AWB,Emissions|NOx,Emissions|NOx|AFOLU,Emissions|NOx|AFOLU|Agricultural Waste Burning,,,Emissions|NOx|AFOLU [NGHGI],,,1
OilPalm,,NOx_AWB,Emissions|NOx,Emissions|NOx|AFOLU,Emissions|NOx|AFOLU|Agricultural Waste Burning,,,Emissions|NOx|AFOLU [NGHGI],,,1
OtherGrain,,NOx_AWB,Emissions|NOx,Emissions|NOx|AFOLU,Emissions|NOx|AFOLU|Agricultural Waste Burning,,,Emissions|NOx|AFOLU [NGHGI],,,1
PalmFruit,,NOx_AWB,Emissions|NOx,Emissions|NOx|AFOLU,Emissions|NOx|AFOLU|Agricultural Waste Burning,,,Emissions|NOx|AFOLU [NGHGI],,,1
Rice,,NOx_AWB,Emissions|NOx,Emissions|NOx|AFOLU,Emissions|NOx|AFOLU|Agricultural Waste Burning,,,Emissions|NOx|AFOLU [NGHGI],,,1
RootTuber,,NOx_AWB,Emissions|NOx,Emissions|NOx|AFOLU,Emissions|NOx|AFOLU|Agricultural Waste Burning,,,Emissions|NOx|AFOLU [NGHGI],,,1
Soybean,,NOx_AWB,Emissions|NOx,Emissions|NOx|AFOLU,Emissions|NOx|AFOLU|Agricultural Waste Burning,,,Emissions|NOx|AFOLU [NGHGI],,,1
SugarCrop,,NOx_AWB,Emissions|NOx,Emissions|NOx|AFOLU,Emissions|NOx|AFOLU|Agricultural Waste Burning,,,Emissions|NOx|AFOLU [NGHGI],,,1
Vegetables,,NOx_AWB,Emissions|NOx,Emissions|NOx|AFOLU,Emissions|NOx|AFOLU|Agricultural Waste Burning,,,Emissions|NOx|AFOLU [NGHGI],,,1
Wheat,,NOx_AWB,Emissions|NOx,Emissions|NOx|AFOLU,Emissions|NOx|AFOLU|Agricultural Waste Burning,,,Emissions|NOx|AFOLU [NGHGI],,,1
agricultural energy use,,OC,Emissions|OC,Emissions|OC|Energy,Emissions|OC|Energy|Demand,Emissions|OC|Energy|Demand|AFOFI,,,Emissions|OC|Energy|Demand|Residential and Commercial and AFOFI,Emissions|OC|Energy and Industrial Processes,1
alumina,,OC,Emissions|OC,Emissions|OC|Industrial Processes,Emissions|OC|Industrial Processes|Non-Ferrous Metals,,,,,Emissions|OC|Energy and Industrial Processes,1
ammonia,,OC,Emissions|OC,Emissions|OC|Industrial Processes,Emissions|OC|Industrial Processes|Chemicals,Emissions|OC|Industrial Processes|Chemicals|Ammonia,,,,Emissions|OC|Energy and Industrial Processes,1
backup_electricity,,OC,Emissions|OC,Emissions|OC|Energy,Emissions|OC|Energy|Supply,Emissions|OC|Energy|Supply|Electricity,,,,Emissions|OC|Energy and Industrial Processes,1
chemical energy use,,OC,Emissions|OC,Emissions|OC|Energy,Emissions|OC|Energy|Demand,Emissions|OC|Energy|Demand|Industry,,,,Emissions|OC|Energy and Industrial Processes,1
comm cooling,,OC,Emissions|OC,Emissions|OC|Energy,Emissions|OC|Energy|Demand,Emissions|OC|Energy|Demand|Residential and Commercial,Emissions|OC|Energy|Demand|Commercial,,Emissions|OC|Energy|Demand|Residential and Commercial and AFOFI,Emissions|OC|Energy and Industrial Processes,1
comm cooling,,OC,Emissions|OC,Emissions|OC|Energy,Emissions|OC|Energy|Demand,Emissions|OC|Energy|Demand|Residential and Commercial,Emissions|OC|Energy|Demand|Commercial,,Emissions|OC|Energy|Demand|Residential and Commercial and AFOFI,Emissions|OC|Energy and Industrial Processes,1
comm heating,,OC,Emissions|OC,Emissions|OC|Energy,Emissions|OC|Energy|Demand,Emissions|OC|Energy|Demand|Residential and Commercial,Emissions|OC|Energy|Demand|Commercial,,Emissions|OC|Energy|Demand|Residential and Commercial and AFOFI,Emissions|OC|Energy and Industrial Processes,1
comm others,,OC,Emissions|OC,Emissions|OC|Energy,Emissions|OC|Energy|Demand,Emissions|OC|Energy|Demand|Residential and Commercial,Emissions|OC|Energy|Demand|Commercial,,Emissions|OC|Energy|Demand|Residential and Commercial and AFOFI,Emissions|OC|Energy and Industrial Processes,1
construction energy use,,OC,Emissions|OC,Emissions|OC|Energy,Emissions|OC|Energy|Demand,Emissions|OC|Energy|Demand|Industry,,,,Emissions|OC|Energy and Industrial Processes,1
district heat,,OC,Emissions|OC,Emissions|OC|Energy,Emissions|OC|Energy|Supply,Emissions|OC|Energy|Supply|Heat,,,,Emissions|OC|Energy and Industrial Processes,1
electricity,,OC,Emissions|OC,Emissions|OC|Energy,Emissions|OC|Energy|Supply,Emissions|OC|Energy|Supply|Electricity,,,,Emissions|OC|Energy and Industrial Processes,1
industrial energy use,,OC,Emissions|OC,Emissions|OC|Energy,Emissions|OC|Energy|Demand,Emissions|OC|Energy|Demand|Industry,,,,Emissions|OC|Energy and Industrial Processes,1
industrial processes,,OC,Emissions|OC,Emissions|PFC,Emissions|F-Gases,Emissions|OC|Product Use,,,,,1
industrial processes,,OC,Emissions|OC,Emissions|OC|Product Use,,,,,,,1
iron and steel,,OC,Emissions|OC,Emissions|OC|Industrial Processes,Emissions|OC|Industrial Processes|Iron and Steel,,,,,Emissions|OC|Energy and Industrial Processes,1
mining energy use,,OC,Emissions|OC,Emissions|OC|Energy,Emissions|OC|Energy|Demand,Emissions|OC|Energy|Demand|Industry,,,,Emissions|OC|Energy and Industrial Processes,1
N fertilizer,,OC,Emissions|OC,Emissions|OC|Industrial Processes,Emissions|OC|Industrial Processes|Chemicals,Emissions|OC|Industrial Processes|Chemicals|Ammonia,,,,Emissions|OC|Energy and Industrial Processes,1
other industrial energy use,,OC,Emissions|OC,Emissions|OC|Energy,Emissions|OC|Energy|Demand,Emissions|OC|Energy|Demand|Industry,,,,Emissions|OC|Energy and Industrial Processes,1
process heat cement,,OC,Emissions|OC,Emissions|OC|Energy,Emissions|OC|Energy|Demand,Emissions|OC|Energy|Demand|Industry,,,,Emissions|OC|Energy and Industrial Processes,1
process heat food processing,,OC,Emissions|OC,Emissions|OC|Energy,Emissions|OC|Energy|Demand,Emissions|OC|Energy|Demand|Industry,,,,Emissions|OC|Energy and Industrial Processes,1
process heat paper,,OC,Emissions|OC,Emissions|OC|Energy,Emissions|OC|Energy|Demand,Emissions|OC|Energy|Demand|Industry,,,,Emissions|OC|Energy and Industrial Processes,1
resid cooling,,OC,Emissions|OC,Emissions|OC|Energy,Emissions|OC|Energy|Demand,Emissions|OC|Energy|Demand|Residential and Commercial,Emissions|OC|Energy|Demand|Residential,,Emissions|OC|Energy|Demand|Residential and Commercial and AFOFI,Emissions|OC|Energy and Industrial Processes,1
resid cooling modern,,OC,Emissions|OC,Emissions|OC|Energy,Emissions|OC|Energy|Demand,Emissions|OC|Energy|Demand|Residential and Commercial,Emissions|OC|Energy|Demand|Residential,,Emissions|OC|Energy|Demand|Residential and Commercial and AFOFI,Emissions|OC|Energy and Industrial Processes,1
resid heating,,OC,Emissions|OC,Emissions|OC|Energy,Emissions|OC|Energy|Demand,Emissions|OC|Energy|Demand|Residential and Commercial,Emissions|OC|Energy|Demand|Residential,,Emissions|OC|Energy|Demand|Residential and Commercial and AFOFI,Emissions|OC|Energy and Industrial Processes,1
resid heating coal,,OC,Emissions|OC,Emissions|OC|Energy,Emissions|OC|Energy|Demand,Emissions|OC|Energy|Demand|Residential and Commercial,Emissions|OC|Energy|Demand|Residential,,Emissions|OC|Energy|Demand|Residential and Commercial and AFOFI,Emissions|OC|Energy and Industrial Processes,1
resid heating modern,,OC,Emissions|OC,Emissions|OC|Energy,Emissions|OC|Energy|Demand,Emissions|OC|Energy|Demand|Residential and Commercial,Emissions|OC|Energy|Demand|Residential,,Emissions|OC|Energy|Demand|Residential and Commercial and AFOFI,Emissions|OC|Energy and Industrial Processes,1
resid heating TradBio,,OC,Emissions|OC,Emissions|OC|Energy,Emissions|OC|Energy|Demand,Emissions|OC|Energy|Demand|Residential and Commercial,Emissions|OC|Energy|Demand|Residential,,Emissions|OC|Energy|Demand|Residential and Commercial and AFOFI,Emissions|OC|Energy and Industrial Processes,1
resid others,,OC,Emissions|OC,Emissions|OC|Energy,Emissions|OC|Energy|Demand,Emissions|OC|Energy|Demand|Residential and Commercial,Emissions|OC|Energy|Demand|Residential,,Emissions|OC|Energy|Demand|Residential and Commercial and AFOFI,Emissions|OC|Energy and Industrial Processes,1
resid others coal,,OC,Emissions|OC,Emissions|OC|Energy,Emissions|OC|Energy|Demand,Emissions|OC|Energy|Demand|Residential and Commercial,Emissions|OC|Energy|Demand|Residential,,Emissions|OC|Energy|Demand|Residential and Commercial and AFOFI,Emissions|OC|Energy and Industrial Processes,1
resid others modern,,OC,Emissions|OC,Emissions|OC|Energy,Emissions|OC|Energy|Demand,Emissions|OC|Energy|Demand|Residential and Commercial,Emissions|OC|Energy|Demand|Residential,,Emissions|OC|Energy|Demand|Residential and Commercial and AFOFI,Emissions|OC|Energy and Industrial Processes,1
resid others TradBio,,OC,Emissions|OC,Emissions|OC|Energy,Emissions|OC|Energy|Demand,Emissions|OC|Energy|Demand|Residential and Commercial,Emissions|OC|Energy|Demand|Residential,,Emissions|OC|Energy|Demand|Residential and Commercial and AFOFI,Emissions|OC|Energy and Industrial Processes,1
trn_aviation_intl,,OC,Emissions|OC,Emissions|OC|Energy,Emissions|OC|Energy|Demand,Emissions|OC|Energy|Demand|Bunkers,Emissions|OC|Energy|Demand|Bunkers|International Aviation,,,Emissions|OC|Energy and Industrial Processes,1
trn_freight,,OC,Emissions|OC,Emissions|OC|Energy,Emissions|OC|Energy|Demand,Emissions|OC|Energy|Demand|Transportation,Emissions|OC|Energy|Demand|Transportation,,,Emissions|OC|Energy and Industrial Processes,1
trn_freight_road,,OC,Emissions|OC,Emissions|OC|Energy,Emissions|OC|Energy|Demand,Emissions|OC|Energy|Demand|Transportation,Emissions|OC|Energy|Demand|Transportation|Truck,,,Emissions|OC|Energy and Industrial Processes,1
trn_pass,,OC,Emissions|OC,Emissions|OC|Energy,Emissions|OC|Energy|Demand,Emissions|OC|Energy|Demand|Transportation,Emissions|OC|Energy|Demand|Transportation,,,Emissions|OC|Energy and Industrial Processes,1
trn_pass_road,,OC,Emissions|OC,Emissions|OC|Energy,Emissions|OC|Energy|Demand,Emissions|OC|Energy|Demand|Transportation,Emissions|OC|Energy|Demand|Transportation,,,Emissions|OC|Energy and Industrial Processes,1
trn_pass_road_LDV,,OC,Emissions|OC,Emissions|OC|Energy,Emissions|OC|Energy|Demand,Emissions|OC|Energy|Demand|Transportation,Emissions|OC|Energy|Demand|Transportation|Light-Duty Vehicle,,,Emissions|OC|Energy and Industrial Processes,1
trn_pass_road_LDV_4W,,OC,Emissions|OC,Emissions|OC|Energy,Emissions|OC|Energy|Demand,Emissions|OC|Energy|Demand|Transportation,Emissions|OC|Energy|Demand|Transportation,,,Emissions|OC|Energy and Industrial Processes,1
trn_shipping_intl,,OC,Emissions|OC,Emissions|OC|Energy,Emissions|OC|Energy|Demand,Emissions|OC|Energy|Demand|Bunkers,Emissions|OC|Energy|Demand|Bunkers|International Shipping,,,Emissions|OC|Energy and Industrial Processes,1
UnmanagedLand,ForestFire,OC,Emissions|OC,Emissions|OC|AFOLU,Emissions|OC|AFOLU|Land,Emissions|OC|AFOLU|Land|Fires,Emissions|OC|AFOLU|Land|Fires|Forest Burning,Emissions|OC|AFOLU [NGHGI],,,1
UnmanagedLand,GrasslandFires,OC,Emissions|OC,Emissions|OC|AFOLU,Emissions|OC|AFOLU|Land,Emissions|OC|AFOLU|Land|Fires,Emissions|OC|AFOLU|Land|Fires|Grassland Burning,Emissions|OC|AFOLU [NGHGI],,,1
UnmanagedLand,,OC,Emissions|OC,Emissions|OC|AFOLU,Emissions|OC|AFOLU|Land,Emissions|OC|AFOLU|Land|Other,,Emissions|OC|AFOLU [NGHGI],,,1
urban processes,landfills,OC,Emissions|OC,Emissions|OC|Waste,,,,,,,1
urban processes,wastewater,OC,Emissions|OC,Emissions|OC|Waste,,,,,,,1
urban processes,waste_incineration,OC,Emissions|OC,Emissions|OC|Waste,,,,,,,1
urban processes,,OC,Emissions|OC,Emissions|OC|Other,,,,,,,1
waste biomass for paper,,OC,Emissions|OC,Emissions|OC|Industrial Processes,Emissions|OC|Industrial Processes|Pulp and Paper,,,,,Emissions|OC|Energy and Industrial Processes,1
Corn,,OC_AWB,Emissions|OC,Emissions|OC|AFOLU,Emissions|OC|AFOLU|Agricultural Waste Burning,,,Emissions|OC|AFOLU [NGHGI],,,1
FiberCrop,,OC_AWB,Emissions|OC,Emissions|OC|AFOLU,Emissions|OC|AFOLU|Agricultural Waste Burning,,,Emissions|OC|AFOLU [NGHGI],,,1
Fruits,,OC_AWB,Emissions|OC,Emissions|OC|AFOLU,Emissions|OC|AFOLU|Agricultural Waste Burning,,,Emissions|OC|AFOLU [NGHGI],,,1
Legumes,,OC_AWB,Emissions|OC,Emissions|OC|AFOLU,Emissions|OC|AFOLU|Agricultural Waste Burning,,,Emissions|OC|AFOLU [NGHGI],,,1
MiscCrop,,OC_AWB,Emissions|OC,Emissions|OC|AFOLU,Emissions|OC|AFOLU|Agricultural Waste Burning,,,Emissions|OC|AFOLU [NGHGI],,,1
NutsSeeds,,OC_AWB,Emissions|OC,Emissions|OC|AFOLU,Emissions|OC|AFOLU|Agricultural Waste Burning,,,Emissions|OC|AFOLU [NGHGI],,,1
OilCrop,,OC_AWB,Emissions|OC,Emissions|OC|AFOLU,Emissions|OC|AFOLU|Agricultural Waste Burning,,,Emissions|OC|AFOLU [NGHGI],,,1
OilPalm,,OC_AWB,Emissions|OC,Emissions|OC|AFOLU,Emissions|OC|AFOLU|Agricultural Waste Burning,,,Emissions|OC|AFOLU [NGHGI],,,1
OtherGrain,,OC_AWB,Emissions|OC,Emissions|OC|AFOLU,Emissions|OC|AFOLU|Agricultural Waste Burning,,,Emissions|OC|AFOLU [NGHGI],,,1
PalmFruit,,OC_AWB,Emissions|OC,Emissions|OC|AFOLU,Emissions|OC|AFOLU|Agricultural Waste Burning,,,Emissions|OC|AFOLU [NGHGI],,,1
Rice,,OC_AWB,Emissions|OC,Emissions|OC|AFOLU,Emissions|OC|AFOLU|Agricultural Waste Burning,,,Emissions|OC|AFOLU [NGHGI],,,1
RootTuber,,OC_AWB,Emissions|OC,Emissions|OC|AFOLU,Emissions|OC|AFOLU|Agricultural Waste Burning,,,Emissions|OC|AFOLU [NGHGI],,,1
Soybean,,OC_AWB,Emissions|OC,Emissions|OC|AFOLU,Emissions|OC|AFOLU|Agricultural Waste Burning,,,Emissions|OC|AFOLU [NGHGI],,,1
SugarCrop,,OC_AWB,Emissions|OC,Emissions|OC|AFOLU,Emissions|OC|AFOLU|Agricultural Waste Burning,,,Emissions|OC|AFOLU [NGHGI],,,1
Vegetables,,OC_AWB,Emissions|OC,Emissions|OC|AFOLU,Emissions|OC|AFOLU|Agricultural Waste Burning,,,Emissions|OC|AFOLU [NGHGI],,,1
Wheat,,OC_AWB,Emissions|OC,Emissions|OC|AFOLU,Emissions|OC|AFOLU|Agricultural Waste Burning,,,Emissions|OC|AFOLU [NGHGI],,,1
electricity_net_ownuse,,SF6,Emissions|SF6,,Emissions|F-Gases,,,,,,1
industrial processes,,SF6,Emissions|SF6,,Emissions|F-Gases,,,,,,1
agricultural energy use,,SO2_1,Emissions|Sulfur,Emissions|Sulfur|Energy,Emissions|Sulfur|Energy|Demand,Emissions|Sulfur|Energy|Demand|AFOFI,,,Emissions|Sulfur|Energy|Demand|Residential and Commercial and AFOFI,Emissions|Sulfur|Energy and Industrial Processes,1
alumina,,SO2_1,Emissions|Sulfur,Emissions|Sulfur|Industrial Processes,Emissions|Sulfur|Industrial Processes|Non-Ferrous Metals,,,,,Emissions|Sulfur|Energy and Industrial Processes,1
ammonia,,SO2_1,Emissions|Sulfur,Emissions|Sulfur|Industrial Processes,Emissions|Sulfur|Industrial Processes|Chemicals,Emissions|Sulfur|Industrial Processes|Chemicals|Ammonia,,,,Emissions|Sulfur|Energy and Industrial Processes,1
backup_electricity,,SO2_1,Emissions|Sulfur,Emissions|Sulfur|Energy,Emissions|Sulfur|Energy|Supply,Emissions|Sulfur|Energy|Supply|Electricity,,,,Emissions|Sulfur|Energy and Industrial Processes,1
chemical energy use,,SO2_1,Emissions|Sulfur,Emissions|Sulfur|Energy,Emissions|Sulfur|Energy|Demand,Emissions|Sulfur|Energy|Demand|Industry,,,,Emissions|Sulfur|Energy and Industrial Processes,1
comm cooling,,SO2_1,Emissions|Sulfur,Emissions|Sulfur|Energy,Emissions|Sulfur|Energy|Demand,Emissions|Sulfur|Energy|Demand|Residential and Commercial,Emissions|Sulfur|Energy|Demand|Commercial,,Emissions|Sulfur|Energy|Demand|Residential and Commercial and AFOFI,Emissions|Sulfur|Energy and Industrial Processes,1
comm heating,,SO2_1,Emissions|Sulfur,Emissions|Sulfur|Energy,Emissions|Sulfur|Energy|Demand,Emissions|Sulfur|Energy|Demand|Residential and Commercial,Emissions|Sulfur|Energy|Demand|Commercial,,Emissions|Sulfur|Energy|Demand|Residential and Commercial and AFOFI,Emissions|Sulfur|Energy and Industrial Processes,1
comm others,,SO2_1,Emissions|Sulfur,Emissions|Sulfur|Energy,Emissions|Sulfur|Energy|Demand,Emissions|Sulfur|Energy|Demand|Residential and Commercial,Emissions|Sulfur|Energy|Demand|Commercial,,Emissions|Sulfur|Energy|Demand|Residential and Commercial and AFOFI,Emissions|Sulfur|Energy and Industrial Processes,1
construction energy use,,SO2_1,Emissions|Sulfur,Emissions|Sulfur|Energy,Emissions|Sulfur|Energy|Demand,Emissions|Sulfur|Energy|Demand|Industry,,,,Emissions|Sulfur|Energy and Industrial Processes,1
district heat,,SO2_1,Emissions|Sulfur,Emissions|Sulfur|Energy,Emissions|Sulfur|Energy|Supply,Emissions|Sulfur|Energy|Supply|Heat,,,,Emissions|Sulfur|Energy and Industrial Processes,1
electricity,,SO2_1,Emissions|Sulfur,Emissions|Sulfur|Energy,Emissions|Sulfur|Energy|Supply,Emissions|Sulfur|Energy|Supply|Electricity,,,,Emissions|Sulfur|Energy and Industrial Processes,1
H2 central production,,SO2_1,Emissions|Sulfur,Emissions|Sulfur|Energy,Emissions|Sulfur|Energy|Supply,Emissions|Sulfur|Energy|Supply|Hydrogen,,,,Emissions|Sulfur|Energy and Industrial Processes,1
industrial energy use,,SO2_1,Emissions|Sulfur,Emissions|Sulfur|Energy,Emissions|Sulfur|Energy|Demand,Emissions|Sulfur|Energy|Demand|Industry,,,,Emissions|Sulfur|Energy and Industrial Processes,1
industrial processes,,SO2_1,Emissions|Sulfur,Emissions|Sulfur|Product Use,,,,,,,1
iron and steel,,SO2_1,Emissions|Sulfur,Emissions|Sulfur|Industrial Processes,Emissions|Sulfur|Industrial Processes|Iron and Steel,,,,,Emissions|Sulfur|Energy and Industrial Processes,1
mining energy use,,SO2_1,Emissions|Sulfur,Emissions|Sulfur|Energy,Emissions|Sulfur|Energy|Demand,Emissions|Sulfur|Energy|Demand|Industry,,,,Emissions|Sulfur|Energy and Industrial Processes,1
N fertilizer,,SO2_1,Emissions|Sulfur,Emissions|Sulfur|Industrial Processes,Emissions|Sulfur|Industrial Processes|Chemicals,Emissions|Sulfur|Industrial Processes|Chemicals|Ammonia,,,,Emissions|Sulfur|Energy and Industrial Processes,1
other industrial energy use,,SO2_1,Emissions|Sulfur,Emissions|Sulfur|Energy,Emissions|Sulfur|Energy|Demand,Emissions|Sulfur|Energy|Demand|Industry,,,,Emissions|Sulfur|Energy and Industrial Processes,1
process heat cement,,SO2_1,Emissions|Sulfur,Emissions|Sulfur|Energy,Emissions|Sulfur|Energy|Demand,Emissions|Sulfur|Energy|Demand|Industry,,,,Emissions|Sulfur|Energy and Industrial Processes,1
process heat food processing,,SO2_1,Emissions|Sulfur,Emissions|Sulfur|Energy,Emissions|Sulfur|Energy|Demand,Emissions|Sulfur|Energy|Demand|Industry,,,,Emissions|Sulfur|Energy and Industrial Processes,1
process heat paper,,SO2_1,Emissions|Sulfur,Emissions|Sulfur|Energy,Emissions|Sulfur|Energy|Demand,Emissions|Sulfur|Energy|Demand|Industry,,,,Emissions|Sulfur|Energy and Industrial Processes,1
refining,,SO2_1,Emissions|Sulfur,Emissions|Sulfur|Energy,Emissions|Sulfur|Energy|Supply,Emissions|Sulfur|Energy|Supply|Liquids,,,,Emissions|Sulfur|Energy and Industrial Processes,1
resid cooling,,SO2_1,Emissions|Sulfur,Emissions|Sulfur|Energy,Emissions|Sulfur|Energy|Demand,Emissions|Sulfur|Energy|Demand|Residential and Commercial,Emissions|Sulfur|Energy|Demand|Residential,,Emissions|Sulfur|Energy|Demand|Residential and Commercial and AFOFI,Emissions|Sulfur|Energy and Industrial Processes,1
resid cooling modern,,SO2_1,Emissions|Sulfur,Emissions|Sulfur|Energy,Emissions|Sulfur|Energy|Demand,Emissions|Sulfur|Energy|Demand|Residential and Commercial,Emissions|Sulfur|Energy|Demand|Residential,,Emissions|Sulfur|Energy|Demand|Residential and Commercial and AFOFI,Emissions|Sulfur|Energy and Industrial Processes,1
resid heating,,SO2_1,Emissions|Sulfur,Emissions|Sulfur|Energy,Emissions|Sulfur|Energy|Demand,Emissions|Sulfur|Energy|Demand|Residential and Commercial,Emissions|Sulfur|Energy|Demand|Residential,,Emissions|Sulfur|Energy|Demand|Residential and Commercial and AFOFI,Emissions|Sulfur|Energy and Industrial Processes,1
resid heating coal,,SO2_1,Emissions|Sulfur,Emissions|Sulfur|Energy,Emissions|Sulfur|Energy|Demand,Emissions|Sulfur|Energy|Demand|Residential and Commercial,Emissions|Sulfur|Energy|Demand|Residential,,Emissions|Sulfur|Energy|Demand|Residential and Commercial and AFOFI,Emissions|Sulfur|Energy and Industrial Processes,1
resid heating modern,,SO2_1,Emissions|Sulfur,Emissions|Sulfur|Energy,Emissions|Sulfur|Energy|Demand,Emissions|Sulfur|Energy|Demand|Residential and Commercial,Emissions|Sulfur|Energy|Demand|Residential,,Emissions|Sulfur|Energy|Demand|Residential and Commercial and AFOFI,Emissions|Sulfur|Energy and Industrial Processes,1
resid heating TradBio,,SO2_1,Emissions|Sulfur,Emissions|Sulfur|Energy,Emissions|Sulfur|Energy|Demand,Emissions|Sulfur|Energy|Demand|Residential and Commercial,Emissions|Sulfur|Energy|Demand|Residential,,Emissions|Sulfur|Energy|Demand|Residential and Commercial and AFOFI,Emissions|Sulfur|Energy and Industrial Processes,1
resid others,,SO2_1,Emissions|Sulfur,Emissions|Sulfur|Energy,Emissions|Sulfur|Energy|Demand,Emissions|Sulfur|Energy|Demand|Residential and Commercial,Emissions|Sulfur|Energy|Demand|Residential,,Emissions|Sulfur|Energy|Demand|Residential and Commercial and AFOFI,Emissions|Sulfur|Energy and Industrial Processes,1
resid others coal,,SO2_1,Emissions|Sulfur,Emissions|Sulfur|Energy,Emissions|Sulfur|Energy|Demand,Emissions|Sulfur|Energy|Demand|Residential and Commercial,Emissions|Sulfur|Energy|Demand|Residential,,Emissions|Sulfur|Energy|Demand|Residential and Commercial and AFOFI,Emissions|Sulfur|Energy and Industrial Processes,1
resid others modern,,SO2_1,Emissions|Sulfur,Emissions|Sulfur|Energy,Emissions|Sulfur|Energy|Demand,Emissions|Sulfur|Energy|Demand|Residential and Commercial,Emissions|Sulfur|Energy|Demand|Residential,,Emissions|Sulfur|Energy|Demand|Residential and Commercial and AFOFI,Emissions|Sulfur|Energy and Industrial Processes,1
resid others TradBio,,SO2_1,Emissions|Sulfur,Emissions|Sulfur|Energy,Emissions|Sulfur|Energy|Demand,Emissions|Sulfur|Energy|Demand|Residential and Commercial,Emissions|Sulfur|Energy|Demand|Residential,,Emissions|Sulfur|Energy|Demand|Residential and Commercial and AFOFI,Emissions|Sulfur|Energy and Industrial Processes,1
trn_aviation_intl,,SO2_1,Emissions|Sulfur,Emissions|Sulfur|Energy,Emissions|Sulfur|Energy|Demand,Emissions|Sulfur|Energy|Demand|Bunkers,Emissions|Sulfur|Energy|Demand|Bunkers|International Aviation,,,Emissions|Sulfur|Energy and Industrial Processes,1
trn_freight,,SO2_1,Emissions|Sulfur,Emissions|Sulfur|Energy,Emissions|Sulfur|Energy|Demand,Emissions|Sulfur|Energy|Demand|Transportation,Emissions|Sulfur|Energy|Demand|Transportation,,,Emissions|Sulfur|Energy and Industrial Processes,1
trn_freight_road,,SO2_1,Emissions|Sulfur,Emissions|Sulfur|Energy,Emissions|Sulfur|Energy|Demand,Emissions|Sulfur|Energy|Demand|Transportation,Emissions|Sulfur|Energy|Demand|Transportation|Truck,,,Emissions|Sulfur|Energy and Industrial Processes,1
trn_pass,,SO2_1,Emissions|Sulfur,Emissions|Sulfur|Energy,Emissions|Sulfur|Energy|Demand,Emissions|Sulfur|Energy|Demand|Transportation,Emissions|Sulfur|Energy|Demand|Transportation,,,Emissions|Sulfur|Energy and Industrial Processes,1
trn_pass_road,,SO2_1,Emissions|Sulfur,Emissions|Sulfur|Energy,Emissions|Sulfur|Energy|Demand,Emissions|Sulfur|Energy|Demand|Transportation,Emissions|Sulfur|Energy|Demand|Transportation,,,Emissions|Sulfur|Energy and Industrial Processes,1
trn_pass_road_LDV,,SO2_1,Emissions|Sulfur,Emissions|Sulfur|Energy,Emissions|Sulfur|Energy|Demand,Emissions|Sulfur|Energy|Demand|Transportation,Emissions|Sulfur|Energy|Demand|Transportation|Light-Duty Vehicle,,,Emissions|Sulfur|Energy and Industrial Processes,1
trn_pass_road_LDV_4W,,SO2_1,Emissions|Sulfur,Emissions|Sulfur|Energy,Emissions|Sulfur|Energy|Demand,Emissions|Sulfur|Energy|Demand|Transportation,Emissions|Sulfur|Energy|Demand|Transportation,,,Emissions|Sulfur|Energy and Industrial Processes,1
trn_shipping_intl,,SO2_1,Emissions|Sulfur,Emissions|Sulfur|Energy,Emissions|Sulfur|Energy|Demand,Emissions|Sulfur|Energy|Demand|Bunkers,Emissions|Sulfur|Energy|Demand|Bunkers|International Shipping,,,Emissions|Sulfur|Energy and Industrial Processes,1
UnmanagedLand,ForestFire,SO2_1,Emissions|Sulfur,Emissions|Sulfur|AFOLU,Emissions|Sulfur|AFOLU|Land,Emissions|Sulfur|AFOLU|Land|Fires,Emissions|Sulfur|AFOLU|Land|Fires|Forest Burning,Emissions|Sulfur|AFOLU [NGHGI],,,1
UnmanagedLand,GrasslandFires,SO2_1,Emissions|Sulfur,Emissions|Sulfur|AFOLU,Emissions|Sulfur|AFOLU|Land,Emissions|Sulfur|AFOLU|Land|Fires,Emissions|Sulfur|AFOLU|Land|Fires|Grassland Burning,Emissions|Sulfur|AFOLU [NGHGI],,,1
UnmanagedLand,,SO2_1,Emissions|Sulfur,Emissions|Sulfur|AFOLU,Emissions|Sulfur|AFOLU|Land,Emissions|Sulfur|AFOLU|Land|Other,,Emissions|Sulfur|AFOLU [NGHGI],,,1
urban processes,landfills,SO2_1,Emissions|Sulfur,Emissions|Sulfur|Waste,,,,,,,1
urban processes,wastewater,SO2_1,Emissions|Sulfur,Emissions|Sulfur|Waste,,,,,,,1
urban processes,waste_incineration,SO2_1,Emissions|Sulfur,Emissions|Sulfur|Waste,,,,,,,1
urban processes,,SO2_1,Emissions|Sulfur,Emissions|Sulfur|Other,,,,,,,1
waste biomass for paper,,SO2_1,Emissions|Sulfur,Emissions|Sulfur|Industrial Processes,Emissions|Sulfur|Industrial Processes|Pulp and Paper,,,,,Emissions|Sulfur|Energy and Industrial Processes,1
Corn,,SO2_1_AWB,Emissions|Sulfur,Emissions|Sulfur|AFOLU,Emissions|Sulfur|AFOLU|Agricultural Waste Burning,,,Emissions|Sulfur|AFOLU [NGHGI],,,1
FiberCrop,,SO2_1_AWB,Emissions|Sulfur,Emissions|Sulfur|AFOLU,Emissions|Sulfur|AFOLU|Agricultural Waste Burning,,,Emissions|Sulfur|AFOLU [NGHGI],,,1
Fruits,,SO2_1_AWB,Emissions|Sulfur,Emissions|Sulfur|AFOLU,Emissions|Sulfur|AFOLU|Agricultural Waste Burning,,,Emissions|Sulfur|AFOLU [NGHGI],,,1
Legumes,,SO2_1_AWB,Emissions|Sulfur,Emissions|Sulfur|AFOLU,Emissions|Sulfur|AFOLU|Agricultural Waste Burning,,,Emissions|Sulfur|AFOLU [NGHGI],,,1
MiscCrop,,SO2_1_AWB,Emissions|Sulfur,Emissions|Sulfur|AFOLU,Emissions|Sulfur|AFOLU|Agricultural Waste Burning,,,Emissions|Sulfur|AFOLU [NGHGI],,,1
NutsSeeds,,SO2_1_AWB,Emissions|Sulfur,Emissions|Sulfur|AFOLU,Emissions|Sulfur|AFOLU|Agricultural Waste Burning,,,Emissions|Sulfur|AFOLU [NGHGI],,,1
OilCrop,,SO2_1_AWB,Emissions|Sulfur,Emissions|Sulfur|AFOLU,Emissions|Sulfur|AFOLU|Agricultural Waste Burning,,,Emissions|Sulfur|AFOLU [NGHGI],,,1
OilPalm,,SO2_1_AWB,Emissions|Sulfur,Emissions|Sulfur|AFOLU,Emissions|Sulfur|AFOLU|Agricultural Waste Burning,,,Emissions|Sulfur|AFOLU [NGHGI],,,1
OtherGrain,,SO2_1_AWB,Emissions|Sulfur,Emissions|Sulfur|AFOLU,Emissions|Sulfur|AFOLU|Agricultural Waste Burning,,,Emissions|Sulfur|AFOLU [NGHGI],,,1
PalmFruit,,SO2_1_AWB,Emissions|Sulfur,Emissions|Sulfur|AFOLU,Emissions|Sulfur|AFOLU|Agricultural Waste Burning,,,Emissions|Sulfur|AFOLU [NGHGI],,,1
Rice,,SO2_1_AWB,Emissions|Sulfur,Emissions|Sulfur|AFOLU,Emissions|Sulfur|AFOLU|Agricultural Waste Burning,,,Emissions|Sulfur|AFOLU [NGHGI],,,1
RootTuber,,SO2_1_AWB,Emissions|Sulfur,Emissions|Sulfur|AFOLU,Emissions|Sulfur|AFOLU|Agricultural Waste Burning,,,Emissions|Sulfur|AFOLU [NGHGI],,,1
Soybean,,SO2_1_AWB,Emissions|Sulfur,Emissions|Sulfur|AFOLU,Emissions|Sulfur|AFOLU|Agricultural Waste Burning,,,Emissions|Sulfur|AFOLU [NGHGI],,,1
SugarCrop,,SO2_1_AWB,Emissions|Sulfur,Emissions|Sulfur|AFOLU,Emissions|Sulfur|AFOLU|Agricultural Waste Burning,,,Emissions|Sulfur|AFOLU [NGHGI],,,1
Vegetables,,SO2_1_AWB,Emissions|Sulfur,Emissions|Sulfur|AFOLU,Emissions|Sulfur|AFOLU|Agricultural Waste Burning,,,Emissions|Sulfur|AFOLU [NGHGI],,,1
Wheat,,SO2_1_AWB,Emissions|Sulfur,Emissions|Sulfur|AFOLU,Emissions|Sulfur|AFOLU|Agricultural Waste Burning,,,Emissions|Sulfur|AFOLU [NGHGI],,,1
agricultural energy use,,SO2_2,Emissions|Sulfur,Emissions|Sulfur|Energy,Emissions|Sulfur|Energy|Demand,Emissions|Sulfur|Energy|Demand|AFOFI,,,Emissions|Sulfur|Energy|Demand|Residential and Commercial and AFOFI,Emissions|Sulfur|Energy and Industrial Processes,1
alumina,,SO2_2,Emissions|Sulfur,Emissions|Sulfur|Industrial Processes,Emissions|Sulfur|Industrial Processes|Non-Ferrous Metals,,,,,Emissions|Sulfur|Energy and Industrial Processes,1
ammonia,,SO2_2,Emissions|Sulfur,Emissions|Sulfur|Industrial Processes,Emissions|Sulfur|Industrial Processes|Chemicals,Emissions|Sulfur|Industrial Processes|Chemicals|Ammonia,,,,Emissions|Sulfur|Energy and Industrial Processes,1
backup_electricity,,SO2_2,Emissions|Sulfur,Emissions|Sulfur|Energy,Emissions|Sulfur|Energy|Supply,Emissions|Sulfur|Energy|Supply|Electricity,,,,Emissions|Sulfur|Energy and Industrial Processes,1
chemical energy use,,SO2_2,Emissions|Sulfur,Emissions|Sulfur|Energy,Emissions|Sulfur|Energy|Demand,Emissions|Sulfur|Energy|Demand|Industry,,,,Emissions|Sulfur|Energy and Industrial Processes,1
comm cooling,,SO2_2,Emissions|Sulfur,Emissions|Sulfur|Energy,Emissions|Sulfur|Energy|Demand,Emissions|Sulfur|Energy|Demand|Residential and Commercial,Emissions|Sulfur|Energy|Demand|Commercial,,Emissions|Sulfur|Energy|Demand|Residential and Commercial and AFOFI,Emissions|Sulfur|Energy and Industrial Processes,1
comm heating,,SO2_2,Emissions|Sulfur,Emissions|Sulfur|Energy,Emissions|Sulfur|Energy|Demand,Emissions|Sulfur|Energy|Demand|Residential and Commercial,Emissions|Sulfur|Energy|Demand|Commercial,,Emissions|Sulfur|Energy|Demand|Residential and Commercial and AFOFI,Emissions|Sulfur|Energy and Industrial Processes,1
comm others,,SO2_2,Emissions|Sulfur,Emissions|Sulfur|Energy,Emissions|Sulfur|Energy|Demand,Emissions|Sulfur|Energy|Demand|Residential and Commercial,Emissions|Sulfur|Energy|Demand|Commercial,,Emissions|Sulfur|Energy|Demand|Residential and Commercial and AFOFI,Emissions|Sulfur|Energy and Industrial Processes,1
construction energy use,,SO2_2,Emissions|Sulfur,Emissions|Sulfur|Energy,Emissions|Sulfur|Energy|Demand,Emissions|Sulfur|Energy|Demand|Industry,,,,Emissions|Sulfur|Energy and Industrial Processes,1
district heat,,SO2_2,Emissions|Sulfur,Emissions|Sulfur|Energy,Emissions|Sulfur|Energy|Supply,Emissions|Sulfur|Energy|Supply|Heat,,,,Emissions|Sulfur|Energy and Industrial Processes,1
electricity,,SO2_2,Emissions|Sulfur,Emissions|Sulfur|Energy,Emissions|Sulfur|Energy|Supply,Emissions|Sulfur|Energy|Supply|Electricity,,,,Emissions|Sulfur|Energy and Industrial Processes,1
H2 central production,,SO2_2,Emissions|Sulfur,Emissions|Sulfur|Energy,Emissions|Sulfur|Energy|Supply,Emissions|Sulfur|Energy|Supply|Hydrogen,,,,Emissions|Sulfur|Energy and Industrial Processes,1
industrial energy use,,SO2_2,Emissions|Sulfur,Emissions|Sulfur|Energy,Emissions|Sulfur|Energy|Demand,Emissions|Sulfur|Energy|Demand|Industry,,,,Emissions|Sulfur|Energy and Industrial Processes,1
industrial processes,,SO2_2,Emissions|Sulfur,Emissions|Sulfur|Product Use,,,,,,,1
iron and steel,,SO2_2,Emissions|Sulfur,Emissions|Sulfur|Industrial Processes,Emissions|Sulfur|Industrial Processes|Iron and Steel,,,,,Emissions|Sulfur|Energy and Industrial Processes,1
mining energy use,,SO2_2,Emissions|Sulfur,Emissions|Sulfur|Energy,Emissions|Sulfur|Energy|Demand,Emissions|Sulfur|Energy|Demand|Industry,,,,Emissions|Sulfur|Energy and Industrial Processes,1
N fertilizer,,SO2_2,Emissions|Sulfur,Emissions|Sulfur|Industrial Processes,Emissions|Sulfur|Industrial Processes|Chemicals,Emissions|Sulfur|Industrial Processes|Chemicals|Ammonia,,,,Emissions|Sulfur|Energy and Industrial Processes,1
other industrial energy use,,SO2_2,Emissions|Sulfur,Emissions|Sulfur|Energy,Emissions|Sulfur|Energy|Demand,Emissions|Sulfur|Energy|Demand|Industry,,,,Emissions|Sulfur|Energy and Industrial Processes,1
process heat cement,,SO2_2,Emissions|Sulfur,Emissions|Sulfur|Energy,Emissions|Sulfur|Energy|Demand,Emissions|Sulfur|Energy|Demand|Industry,,,,Emissions|Sulfur|Energy and Industrial Processes,1
process heat food processing,,SO2_2,Emissions|Sulfur,Emissions|Sulfur|Energy,Emissions|Sulfur|Energy|Demand,Emissions|Sulfur|Energy|Demand|Industry,,,,Emissions|Sulfur|Energy and Industrial Processes,1
process heat paper,,SO2_2,Emissions|Sulfur,Emissions|Sulfur|Energy,Emissions|Sulfur|Energy|Demand,Emissions|Sulfur|Energy|Demand|Industry,,,,Emissions|Sulfur|Energy and Industrial Processes,1
refining,,SO2_2,Emissions|Sulfur,Emissions|Sulfur|Energy,Emissions|Sulfur|Energy|Supply,Emissions|Sulfur|Energy|Supply|Liquids,,,,Emissions|Sulfur|Energy and Industrial Processes,1
resid cooling,,SO2_2,Emissions|Sulfur,Emissions|Sulfur|Energy,Emissions|Sulfur|Energy|Demand,Emissions|Sulfur|Energy|Demand|Residential and Commercial,Emissions|Sulfur|Energy|Demand|Residential,,Emissions|Sulfur|Energy|Demand|Residential and Commercial and AFOFI,Emissions|Sulfur|Energy and Industrial Processes,1
resid cooling modern,,SO2_2,Emissions|Sulfur,Emissions|Sulfur|Energy,Emissions|Sulfur|Energy|Demand,Emissions|Sulfur|Energy|Demand|Residential and Commercial,Emissions|Sulfur|Energy|Demand|Residential,,Emissions|Sulfur|Energy|Demand|Residential and Commercial and AFOFI,Emissions|Sulfur|Energy and Industrial Processes,1
resid heating,,SO2_2,Emissions|Sulfur,Emissions|Sulfur|Energy,Emissions|Sulfur|Energy|Demand,Emissions|Sulfur|Energy|Demand|Residential and Commercial,Emissions|Sulfur|Energy|Demand|Residential,,Emissions|Sulfur|Energy|Demand|Residential and Commercial and AFOFI,Emissions|Sulfur|Energy and Industrial Processes,1
resid heating coal,,SO2_2,Emissions|Sulfur,Emissions|Sulfur|Energy,Emissions|Sulfur|Energy|Demand,Emissions|Sulfur|Energy|Demand|Residential and Commercial,Emissions|Sulfur|Energy|Demand|Residential,,Emissions|Sulfur|Energy|Demand|Residential and Commercial and AFOFI,Emissions|Sulfur|Energy and Industrial Processes,1
resid heating modern,,SO2_2,Emissions|Sulfur,Emissions|Sulfur|Energy,Emissions|Sulfur|Energy|Demand,Emissions|Sulfur|Energy|Demand|Residential and Commercial,Emissions|Sulfur|Energy|Demand|Residential,,Emissions|Sulfur|Energy|Demand|Residential and Commercial and AFOFI,Emissions|Sulfur|Energy and Industrial Processes,1
resid heating TradBio,,SO2_2,Emissions|Sulfur,Emissions|Sulfur|Energy,Emissions|Sulfur|Energy|Demand,Emissions|Sulfur|Energy|Demand|Residential and Commercial,Emissions|Sulfur|Energy|Demand|Residential,,Emissions|Sulfur|Energy|Demand|Residential and Commercial and AFOFI,Emissions|Sulfur|Energy and Industrial Processes,1
resid others,,SO2_2,Emissions|Sulfur,Emissions|Sulfur|Energy,Emissions|Sulfur|Energy|Demand,Emissions|Sulfur|Energy|Demand|Residential and Commercial,Emissions|Sulfur|Energy|Demand|Residential,,Emissions|Sulfur|Energy|Demand|Residential and Commercial and AFOFI,Emissions|Sulfur|Energy and Industrial Processes,1
resid others coal,,SO2_2,Emissions|Sulfur,Emissions|Sulfur|Energy,Emissions|Sulfur|Energy|Demand,Emissions|Sulfur|Energy|Demand|Residential and Commercial,Emissions|Sulfur|Energy|Demand|Residential,,Emissions|Sulfur|Energy|Demand|Residential and Commercial and AFOFI,Emissions|Sulfur|Energy and Industrial Processes,1
resid others modern,,SO2_2,Emissions|Sulfur,Emissions|Sulfur|Energy,Emissions|Sulfur|Energy|Demand,Emissions|Sulfur|Energy|Demand|Residential and Commercial,Emissions|Sulfur|Energy|Demand|Residential,,Emissions|Sulfur|Energy|Demand|Residential and Commercial and AFOFI,Emissions|Sulfur|Energy and Industrial Processes,1
resid others TradBio,,SO2_2,Emissions|Sulfur,Emissions|Sulfur|Energy,Emissions|Sulfur|Energy|Demand,Emissions|Sulfur|Energy|Demand|Residential and Commercial,Emissions|Sulfur|Energy|Demand|Residential,,Emissions|Sulfur|Energy|Demand|Residential and Commercial and AFOFI,Emissions|Sulfur|Energy and Industrial Processes,1
trn_aviation_intl,,SO2_2,Emissions|Sulfur,Emissions|Sulfur|Energy,Emissions|Sulfur|Energy|Demand,Emissions|Sulfur|Energy|Demand|Bunkers,Emissions|Sulfur|Energy|Demand|Bunkers|International Aviation,,,Emissions|Sulfur|Energy and Industrial Processes,1
trn_freight,,SO2_2,Emissions|Sulfur,Emissions|Sulfur|Energy,Emissions|Sulfur|Energy|Demand,Emissions|Sulfur|Energy|Demand|Transportation,Emissions|Sulfur|Energy|Demand|Transportation,,,Emissions|Sulfur|Energy and Industrial Processes,1
trn_freight_road,,SO2_2,Emissions|Sulfur,Emissions|Sulfur|Energy,Emissions|Sulfur|Energy|Demand,Emissions|Sulfur|Energy|Demand|Transportation,Emissions|Sulfur|Energy|Demand|Transportation|Truck,,,Emissions|Sulfur|Energy and Industrial Processes,1
trn_pass,,SO2_2,Emissions|Sulfur,Emissions|Sulfur|Energy,Emissions|Sulfur|Energy|Demand,Emissions|Sulfur|Energy|Demand|Transportation,Emissions|Sulfur|Energy|Demand|Transportation,,,Emissions|Sulfur|Energy and Industrial Processes,1
trn_pass_road,,SO2_2,Emissions|Sulfur,Emissions|Sulfur|Energy,Emissions|Sulfur|Energy|Demand,Emissions|Sulfur|Energy|Demand|Transportation,Emissions|Sulfur|Energy|Demand|Transportation,,,Emissions|Sulfur|Energy and Industrial Processes,1
trn_pass_road_LDV,,SO2_2,Emissions|Sulfur,Emissions|Sulfur|Energy,Emissions|Sulfur|Energy|Demand,Emissions|Sulfur|Energy|Demand|Transportation,Emissions|Sulfur|Energy|Demand|Transportation|Light-Duty Vehicle,,,Emissions|Sulfur|Energy and Industrial Processes,1
trn_pass_road_LDV_4W,,SO2_2,Emissions|Sulfur,Emissions|Sulfur|Energy,Emissions|Sulfur|Energy|Demand,Emissions|Sulfur|Energy|Demand|Transportation,Emissions|Sulfur|Energy|Demand|Transportation,,,Emissions|Sulfur|Energy and Industrial Processes,1
trn_shipping_intl,,SO2_2,Emissions|Sulfur,Emissions|Sulfur|Energy,Emissions|Sulfur|Energy|Demand,Emissions|Sulfur|Energy|Demand|Bunkers,Emissions|Sulfur|Energy|Demand|Bunkers|International Shipping,,,Emissions|Sulfur|Energy and Industrial Processes,1
UnmanagedLand,ForestFire,SO2_2,Emissions|Sulfur,Emissions|Sulfur|AFOLU,Emissions|Sulfur|AFOLU|Land,Emissions|Sulfur|AFOLU|Land|Fires,Emissions|Sulfur|AFOLU|Land|Fires|Forest Burning,Emissions|Sulfur|AFOLU [NGHGI],,,1
UnmanagedLand,GrasslandFires,SO2_2,Emissions|Sulfur,Emissions|Sulfur|AFOLU,Emissions|Sulfur|AFOLU|Land,Emissions|Sulfur|AFOLU|Land|Fires,Emissions|Sulfur|AFOLU|Land|Fires|Grassland Burning,Emissions|Sulfur|AFOLU [NGHGI],,,1
UnmanagedLand,,SO2_2,Emissions|Sulfur,Emissions|Sulfur|AFOLU,Emissions|Sulfur|AFOLU|Land,Emissions|Sulfur|AFOLU|Land|Other,,Emissions|Sulfur|AFOLU [NGHGI],,,1
urban processes,landfills,SO2_2,Emissions|Sulfur,Emissions|Sulfur|Waste,,,,,,,1
urban processes,wastewater,SO2_2,Emissions|Sulfur,Emissions|Sulfur|Waste,,,,,,,1
urban processes,waste_incineration,SO2_2,Emissions|Sulfur,Emissions|Sulfur|Waste,,,,,,,1
urban processes,,SO2_2,Emissions|Sulfur,Emissions|Sulfur|Other,,,,,,,1
waste biomass for paper,,SO2_2,Emissions|Sulfur,Emissions|Sulfur|Industrial Processes,Emissions|Sulfur|Industrial Processes|Pulp and Paper,,,,,Emissions|Sulfur|Energy and Industrial Processes,1
Corn,,SO2_2_AWB,Emissions|Sulfur,Emissions|Sulfur|AFOLU,Emissions|Sulfur|AFOLU|Agricultural Waste Burning,,,Emissions|Sulfur|AFOLU [NGHGI],,,1
FiberCrop,,SO2_2_AWB,Emissions|Sulfur,Emissions|Sulfur|AFOLU,Emissions|Sulfur|AFOLU|Agricultural Waste Burning,,,Emissions|Sulfur|AFOLU [NGHGI],,,1
Fruits,,SO2_2_AWB,Emissions|Sulfur,Emissions|Sulfur|AFOLU,Emissions|Sulfur|AFOLU|Agricultural Waste Burning,,,Emissions|Sulfur|AFOLU [NGHGI],,,1
Legumes,,SO2_2_AWB,Emissions|Sulfur,Emissions|Sulfur|AFOLU,Emissions|Sulfur|AFOLU|Agricultural Waste Burning,,,Emissions|Sulfur|AFOLU [NGHGI],,,1
MiscCrop,,SO2_2_AWB,Emissions|Sulfur,Emissions|Sulfur|AFOLU,Emissions|Sulfur|AFOLU|Agricultural Waste Burning,,,Emissions|Sulfur|AFOLU [NGHGI],,,1
NutsSeeds,,SO2_2_AWB,Emissions|Sulfur,Emissions|Sulfur|AFOLU,Emissions|Sulfur|AFOLU|Agricultural Waste Burning,,,Emissions|Sulfur|AFOLU [NGHGI],,,1
OilCrop,,SO2_2_AWB,Emissions|Sulfur,Emissions|Sulfur|AFOLU,Emissions|Sulfur|AFOLU|Agricultural Waste Burning,,,Emissions|Sulfur|AFOLU [NGHGI],,,1
OilPalm,,SO2_2_AWB,Emissions|Sulfur,Emissions|Sulfur|AFOLU,Emissions|Sulfur|AFOLU|Agricultural Waste Burning,,,Emissions|Sulfur|AFOLU [NGHGI],,,1
OtherGrain,,SO2_2_AWB,Emissions|Sulfur,Emissions|Sulfur|AFOLU,Emissions|Sulfur|AFOLU|Agricultural Waste Burning,,,Emissions|Sulfur|AFOLU [NGHGI],,,1
PalmFruit,,SO2_2_AWB,Emissions|Sulfur,Emissions|Sulfur|AFOLU,Emissions|Sulfur|AFOLU|Agricultural Waste Burning,,,Emissions|Sulfur|AFOLU [NGHGI],,,1
Rice,,SO2_2_AWB,Emissions|Sulfur,Emissions|Sulfur|AFOLU,Emissions|Sulfur|AFOLU|Agricultural Waste Burning,,,Emissions|Sulfur|AFOLU [NGHGI],,,1
RootTuber,,SO2_2_AWB,Emissions|Sulfur,Emissions|Sulfur|AFOLU,Emissions|Sulfur|AFOLU|Agricultural Waste Burning,,,Emissions|Sulfur|AFOLU [NGHGI],,,1
Soybean,,SO2_2_AWB,Emissions|Sulfur,Emissions|Sulfur|AFOLU,Emissions|Sulfur|AFOLU|Agricultural Waste Burning,,,Emissions|Sulfur|AFOLU [NGHGI],,,1
SugarCrop,,SO2_2_AWB,Emissions|Sulfur,Emissions|Sulfur|AFOLU,Emissions|Sulfur|AFOLU|Agricultural Waste Burning,,,Emissions|Sulfur|AFOLU [NGHGI],,,1
Vegetables,,SO2_2_AWB,Emissions|Sulfur,Emissions|Sulfur|AFOLU,Emissions|Sulfur|AFOLU|Agricultural Waste Burning,,,Emissions|Sulfur|AFOLU [NGHGI],,,1
Wheat,,SO2_2_AWB,Emissions|Sulfur,Emissions|Sulfur|AFOLU,Emissions|Sulfur|AFOLU|Agricultural Waste Burning,,,Emissions|Sulfur|AFOLU [NGHGI],,,1
agricultural energy use,,SO2_3,Emissions|Sulfur,Emissions|Sulfur|Energy,Emissions|Sulfur|Energy|Demand,Emissions|Sulfur|Energy|Demand|AFOFI,,,Emissions|Sulfur|Energy|Demand|Residential and Commercial and AFOFI,Emissions|Sulfur|Energy and Industrial Processes,1
alumina,,SO2_3,Emissions|Sulfur,Emissions|Sulfur|Industrial Processes,Emissions|Sulfur|Industrial Processes|Non-Ferrous Metals,,,,,Emissions|Sulfur|Energy and Industrial Processes,1
ammonia,,SO2_3,Emissions|Sulfur,Emissions|Sulfur|Industrial Processes,Emissions|Sulfur|Industrial Processes|Chemicals,Emissions|Sulfur|Industrial Processes|Chemicals|Ammonia,,,,Emissions|Sulfur|Energy and Industrial Processes,1
backup_electricity,,SO2_3,Emissions|Sulfur,Emissions|Sulfur|Energy,Emissions|Sulfur|Energy|Supply,Emissions|Sulfur|Energy|Supply|Electricity,,,,Emissions|Sulfur|Energy and Industrial Processes,1
chemical energy use,,SO2_3,Emissions|Sulfur,Emissions|Sulfur|Energy,Emissions|Sulfur|Energy|Demand,Emissions|Sulfur|Energy|Demand|Industry,,,,Emissions|Sulfur|Energy and Industrial Processes,1
comm cooling,,SO2_3,Emissions|Sulfur,Emissions|Sulfur|Energy,Emissions|Sulfur|Energy|Demand,Emissions|Sulfur|Energy|Demand|Residential and Commercial,Emissions|Sulfur|Energy|Demand|Commercial,,Emissions|Sulfur|Energy|Demand|Residential and Commercial and AFOFI,Emissions|Sulfur|Energy and Industrial Processes,1
comm heating,,SO2_3,Emissions|Sulfur,Emissions|Sulfur|Energy,Emissions|Sulfur|Energy|Demand,Emissions|Sulfur|Energy|Demand|Residential and Commercial,Emissions|Sulfur|Energy|Demand|Commercial,,Emissions|Sulfur|Energy|Demand|Residential and Commercial and AFOFI,Emissions|Sulfur|Energy and Industrial Processes,1
comm others,,SO2_3,Emissions|Sulfur,Emissions|Sulfur|Energy,Emissions|Sulfur|Energy|Demand,Emissions|Sulfur|Energy|Demand|Residential and Commercial,Emissions|Sulfur|Energy|Demand|Commercial,,Emissions|Sulfur|Energy|Demand|Residential and Commercial and AFOFI,Emissions|Sulfur|Energy and Industrial Processes,1
construction energy use,,SO2_3,Emissions|Sulfur,Emissions|Sulfur|Energy,Emissions|Sulfur|Energy|Demand,Emissions|Sulfur|Energy|Demand|Industry,,,,Emissions|Sulfur|Energy and Industrial Processes,1
district heat,,SO2_3,Emissions|Sulfur,Emissions|Sulfur|Energy,Emissions|Sulfur|Energy|Supply,Emissions|Sulfur|Energy|Supply|Heat,,,,Emissions|Sulfur|Energy and Industrial Processes,1
electricity,,SO2_3,Emissions|Sulfur,Emissions|Sulfur|Energy,Emissions|Sulfur|Energy|Supply,Emissions|Sulfur|Energy|Supply|Electricity,,,,Emissions|Sulfur|Energy and Industrial Processes,1
H2 central production,,SO2_3,Emissions|Sulfur,Emissions|Sulfur|Energy,Emissions|Sulfur|Energy|Supply,Emissions|Sulfur|Energy|Supply|Hydrogen,,,,Emissions|Sulfur|Energy and Industrial Processes,1
industrial energy use,,SO2_3,Emissions|Sulfur,Emissions|Sulfur|Energy,Emissions|Sulfur|Energy|Demand,Emissions|Sulfur|Energy|Demand|Industry,,,,Emissions|Sulfur|Energy and Industrial Processes,1
industrial processes,,SO2_3,Emissions|Sulfur,Emissions|Sulfur|Product Use,,,,,,,1
iron and steel,,SO2_3,Emissions|Sulfur,Emissions|Sulfur|Industrial Processes,Emissions|Sulfur|Industrial Processes|Iron and Steel,,,,,Emissions|Sulfur|Energy and Industrial Processes,1
mining energy use,,SO2_3,Emissions|Sulfur,Emissions|Sulfur|Energy,Emissions|Sulfur|Energy|Demand,Emissions|Sulfur|Energy|Demand|Industry,,,,Emissions|Sulfur|Energy and Industrial Processes,1
N fertilizer,,SO2_3,Emissions|Sulfur,Emissions|Sulfur|Industrial Processes,Emissions|Sulfur|Industrial Processes|Chemicals,Emissions|Sulfur|Industrial Processes|Chemicals|Ammonia,,,,Emissions|Sulfur|Energy and Industrial Processes,1
other industrial energy use,,SO2_3,Emissions|Sulfur,Emissions|Sulfur|Energy,Emissions|Sulfur|Energy|Demand,Emissions|Sulfur|Energy|Demand|Industry,,,,Emissions|Sulfur|Energy and Industrial Processes,1
process heat cement,,SO2_3,Emissions|Sulfur,Emissions|Sulfur|Energy,Emissions|Sulfur|Energy|Demand,Emissions|Sulfur|Energy|Demand|Industry,,,,Emissions|Sulfur|Energy and Industrial Processes,1
process heat food processing,,SO2_3,Emissions|Sulfur,Emissions|Sulfur|Energy,Emissions|Sulfur|Energy|Demand,Emissions|Sulfur|Energy|Demand|Industry,,,,Emissions|Sulfur|Energy and Industrial Processes,1
process heat paper,,SO2_3,Emissions|Sulfur,Emissions|Sulfur|Energy,Emissions|Sulfur|Energy|Demand,Emissions|Sulfur|Energy|Demand|Industry,,,,Emissions|Sulfur|Energy and Industrial Processes,1
refining,,SO2_3,Emissions|Sulfur,Emissions|Sulfur|Energy,Emissions|Sulfur|Energy|Supply,Emissions|Sulfur|Energy|Supply|Liquids,,,,Emissions|Sulfur|Energy and Industrial Processes,1
resid cooling,,SO2_3,Emissions|Sulfur,Emissions|Sulfur|Energy,Emissions|Sulfur|Energy|Demand,Emissions|Sulfur|Energy|Demand|Residential and Commercial,Emissions|Sulfur|Energy|Demand|Residential,,Emissions|Sulfur|Energy|Demand|Residential and Commercial and AFOFI,Emissions|Sulfur|Energy and Industrial Processes,1
resid cooling modern,,SO2_3,Emissions|Sulfur,Emissions|Sulfur|Energy,Emissions|Sulfur|Energy|Demand,Emissions|Sulfur|Energy|Demand|Residential and Commercial,Emissions|Sulfur|Energy|Demand|Residential,,Emissions|Sulfur|Energy|Demand|Residential and Commercial and AFOFI,Emissions|Sulfur|Energy and Industrial Processes,1
resid heating,,SO2_3,Emissions|Sulfur,Emissions|Sulfur|Energy,Emissions|Sulfur|Energy|Demand,Emissions|Sulfur|Energy|Demand|Residential and Commercial,Emissions|Sulfur|Energy|Demand|Residential,,Emissions|Sulfur|Energy|Demand|Residential and Commercial and AFOFI,Emissions|Sulfur|Energy and Industrial Processes,1
resid heating coal,,SO2_3,Emissions|Sulfur,Emissions|Sulfur|Energy,Emissions|Sulfur|Energy|Demand,Emissions|Sulfur|Energy|Demand|Residential and Commercial,Emissions|Sulfur|Energy|Demand|Residential,,Emissions|Sulfur|Energy|Demand|Residential and Commercial and AFOFI,Emissions|Sulfur|Energy and Industrial Processes,1
resid heating modern,,SO2_3,Emissions|Sulfur,Emissions|Sulfur|Energy,Emissions|Sulfur|Energy|Demand,Emissions|Sulfur|Energy|Demand|Residential and Commercial,Emissions|Sulfur|Energy|Demand|Residential,,Emissions|Sulfur|Energy|Demand|Residential and Commercial and AFOFI,Emissions|Sulfur|Energy and Industrial Processes,1
resid heating TradBio,,SO2_3,Emissions|Sulfur,Emissions|Sulfur|Energy,Emissions|Sulfur|Energy|Demand,Emissions|Sulfur|Energy|Demand|Residential and Commercial,Emissions|Sulfur|Energy|Demand|Residential,,Emissions|Sulfur|Energy|Demand|Residential and Commercial and AFOFI,Emissions|Sulfur|Energy and Industrial Processes,1
resid others,,SO2_3,Emissions|Sulfur,Emissions|Sulfur|Energy,Emissions|Sulfur|Energy|Demand,Emissions|Sulfur|Energy|Demand|Residential and Commercial,Emissions|Sulfur|Energy|Demand|Residential,,Emissions|Sulfur|Energy|Demand|Residential and Commercial and AFOFI,Emissions|Sulfur|Energy and Industrial Processes,1
resid others coal,,SO2_3,Emissions|Sulfur,Emissions|Sulfur|Energy,Emissions|Sulfur|Energy|Demand,Emissions|Sulfur|Energy|Demand|Residential and Commercial,Emissions|Sulfur|Energy|Demand|Residential,,Emissions|Sulfur|Energy|Demand|Residential and Commercial and AFOFI,Emissions|Sulfur|Energy and Industrial Processes,1
resid others modern,,SO2_3,Emissions|Sulfur,Emissions|Sulfur|Energy,Emissions|Sulfur|Energy|Demand,Emissions|Sulfur|Energy|Demand|Residential and Commercial,Emissions|Sulfur|Energy|Demand|Residential,,Emissions|Sulfur|Energy|Demand|Residential and Commercial and AFOFI,Emissions|Sulfur|Energy and Industrial Processes,1
resid others TradBio,,SO2_3,Emissions|Sulfur,Emissions|Sulfur|Energy,Emissions|Sulfur|Energy|Demand,Emissions|Sulfur|Energy|Demand|Residential and Commercial,Emissions|Sulfur|Energy|Demand|Residential,,Emissions|Sulfur|Energy|Demand|Residential and Commercial and AFOFI,Emissions|Sulfur|Energy and Industrial Processes,1
trn_aviation_intl,,SO2_3,Emissions|Sulfur,Emissions|Sulfur|Energy,Emissions|Sulfur|Energy|Demand,Emissions|Sulfur|Energy|Demand|Bunkers,Emissions|Sulfur|Energy|Demand|Bunkers|International Aviation,,,Emissions|Sulfur|Energy and Industrial Processes,1
trn_freight,,SO2_3,Emissions|Sulfur,Emissions|Sulfur|Energy,Emissions|Sulfur|Energy|Demand,Emissions|Sulfur|Energy|Demand|Transportation,Emissions|Sulfur|Energy|Demand|Transportation,,,Emissions|Sulfur|Energy and Industrial Processes,1
trn_freight_road,,SO2_3,Emissions|Sulfur,Emissions|Sulfur|Energy,Emissions|Sulfur|Energy|Demand,Emissions|Sulfur|Energy|Demand|Transportation,Emissions|Sulfur|Energy|Demand|Transportation|Truck,,,Emissions|Sulfur|Energy and Industrial Processes,1
trn_pass,,SO2_3,Emissions|Sulfur,Emissions|Sulfur|Energy,Emissions|Sulfur|Energy|Demand,Emissions|Sulfur|Energy|Demand|Transportation,Emissions|Sulfur|Energy|Demand|Transportation,,,Emissions|Sulfur|Energy and Industrial Processes,1
trn_pass_road,,SO2_3,Emissions|Sulfur,Emissions|Sulfur|Energy,Emissions|Sulfur|Energy|Demand,Emissions|Sulfur|Energy|Demand|Transportation,Emissions|Sulfur|Energy|Demand|Transportation,,,Emissions|Sulfur|Energy and Industrial Processes,1
trn_pass_road_LDV,,SO2_3,Emissions|Sulfur,Emissions|Sulfur|Energy,Emissions|Sulfur|Energy|Demand,Emissions|Sulfur|Energy|Demand|Transportation,Emissions|Sulfur|Energy|Demand|Transportation|Light-Duty Vehicle,,,Emissions|Sulfur|Energy and Industrial Processes,1
trn_pass_road_LDV_4W,,SO2_3,Emissions|Sulfur,Emissions|Sulfur|Energy,Emissions|Sulfur|Energy|Demand,Emissions|Sulfur|Energy|Demand|Transportation,Emissions|Sulfur|Energy|Demand|Transportation,,,Emissions|Sulfur|Energy and Industrial Processes,1
trn_shipping_intl,,SO2_3,Emissions|Sulfur,Emissions|Sulfur|Energy,Emissions|Sulfur|Energy|Demand,Emissions|Sulfur|Energy|Demand|Bunkers,Emissions|Sulfur|Energy|Demand|Bunkers|International Shipping,,,Emissions|Sulfur|Energy and Industrial Processes,1
UnmanagedLand,ForestFire,SO2_3,Emissions|Sulfur,Emissions|Sulfur|AFOLU,Emissions|Sulfur|AFOLU|Land,Emissions|Sulfur|AFOLU|Land|Fires,Emissions|Sulfur|AFOLU|Land|Fires|Forest Burning,Emissions|Sulfur|AFOLU [NGHGI],,,1
UnmanagedLand,GrasslandFires,SO2_3,Emissions|Sulfur,Emissions|Sulfur|AFOLU,Emissions|Sulfur|AFOLU|Land,Emissions|Sulfur|AFOLU|Land|Fires,Emissions|Sulfur|AFOLU|Land|Fires|Grassland Burning,Emissions|Sulfur|AFOLU [NGHGI],,,1
UnmanagedLand,,SO2_3,Emissions|Sulfur,Emissions|Sulfur|AFOLU,Emissions|Sulfur|AFOLU|Land,Emissions|Sulfur|AFOLU|Land|Other,,Emissions|Sulfur|AFOLU [NGHGI],,,1
urban processes,landfills,SO2_3,Emissions|Sulfur,Emissions|Sulfur|Waste,,,,,,,1
urban processes,wastewater,SO2_3,Emissions|Sulfur,Emissions|Sulfur|Waste,,,,,,,1
urban processes,waste_incineration,SO2_3,Emissions|Sulfur,Emissions|Sulfur|Waste,,,,,,,1
urban processes,,SO2_3,Emissions|Sulfur,Emissions|Sulfur|Other,,,,,,,1
waste biomass for paper,,SO2_3,Emissions|Sulfur,Emissions|Sulfur|Industrial Processes,Emissions|Sulfur|Industrial Processes|Pulp and Paper,,,,,Emissions|Sulfur|Energy and Industrial Processes,1
Corn,,SO2_3_AWB,Emissions|Sulfur,Emissions|Sulfur|AFOLU,Emissions|Sulfur|AFOLU|Agricultural Waste Burning,,,Emissions|Sulfur|AFOLU [NGHGI],,,1
FiberCrop,,SO2_3_AWB,Emissions|Sulfur,Emissions|Sulfur|AFOLU,Emissions|Sulfur|AFOLU|Agricultural Waste Burning,,,Emissions|Sulfur|AFOLU [NGHGI],,,1
Fruits,,SO2_3_AWB,Emissions|Sulfur,Emissions|Sulfur|AFOLU,Emissions|Sulfur|AFOLU|Agricultural Waste Burning,,,Emissions|Sulfur|AFOLU [NGHGI],,,1
Legumes,,SO2_3_AWB,Emissions|Sulfur,Emissions|Sulfur|AFOLU,Emissions|Sulfur|AFOLU|Agricultural Waste Burning,,,Emissions|Sulfur|AFOLU [NGHGI],,,1
MiscCrop,,SO2_3_AWB,Emissions|Sulfur,Emissions|Sulfur|AFOLU,Emissions|Sulfur|AFOLU|Agricultural Waste Burning,,,Emissions|Sulfur|AFOLU [NGHGI],,,1
NutsSeeds,,SO2_3_AWB,Emissions|Sulfur,Emissions|Sulfur|AFOLU,Emissions|Sulfur|AFOLU|Agricultural Waste Burning,,,Emissions|Sulfur|AFOLU [NGHGI],,,1
OilCrop,,SO2_3_AWB,Emissions|Sulfur,Emissions|Sulfur|AFOLU,Emissions|Sulfur|AFOLU|Agricultural Waste Burning,,,Emissions|Sulfur|AFOLU [NGHGI],,,1
OilPalm,,SO2_3_AWB,Emissions|Sulfur,Emissions|Sulfur|AFOLU,Emissions|Sulfur|AFOLU|Agricultural Waste Burning,,,Emissions|Sulfur|AFOLU [NGHGI],,,1
OtherGrain,,SO2_3_AWB,Emissions|Sulfur,Emissions|Sulfur|AFOLU,Emissions|Sulfur|AFOLU|Agricultural Waste Burning,,,Emissions|Sulfur|AFOLU [NGHGI],,,1
PalmFruit,,SO2_3_AWB,Emissions|Sulfur,Emissions|Sulfur|AFOLU,Emissions|Sulfur|AFOLU|Agricultural Waste Burning,,,Emissions|Sulfur|AFOLU [NGHGI],,,1
Rice,,SO2_3_AWB,Emissions|Sulfur,Emissions|Sulfur|AFOLU,Emissions|Sulfur|AFOLU|Agricultural Waste Burning,,,Emissions|Sulfur|AFOLU [NGHGI],,,1
RootTuber,,SO2_3_AWB,Emissions|Sulfur,Emissions|Sulfur|AFOLU,Emissions|Sulfur|AFOLU|Agricultural Waste Burning,,,Emissions|Sulfur|AFOLU [NGHGI],,,1
Soybean,,SO2_3_AWB,Emissions|Sulfur,Emissions|Sulfur|AFOLU,Emissions|Sulfur|AFOLU|Agricultural Waste Burning,,,Emissions|Sulfur|AFOLU [NGHGI],,,1
SugarCrop,,SO2_3_AWB,Emissions|Sulfur,Emissions|Sulfur|AFOLU,Emissions|Sulfur|AFOLU|Agricultural Waste Burning,,,Emissions|Sulfur|AFOLU [NGHGI],,,1
Vegetables,,SO2_3_AWB,Emissions|Sulfur,Emissions|Sulfur|AFOLU,Emissions|Sulfur|AFOLU|Agricultural Waste Burning,,,Emissions|Sulfur|AFOLU [NGHGI],,,1
Wheat,,SO2_3_AWB,Emissions|Sulfur,Emissions|Sulfur|AFOLU,Emissions|Sulfur|AFOLU|Agricultural Waste Burning,,,Emissions|Sulfur|AFOLU [NGHGI],,,1
agricultural energy use,,SO2_4,Emissions|Sulfur,Emissions|Sulfur|Energy,Emissions|Sulfur|Energy|Demand,Emissions|Sulfur|Energy|Demand|AFOFI,,,Emissions|Sulfur|Energy|Demand|Residential and Commercial and AFOFI,Emissions|Sulfur|Energy and Industrial Processes,1
alumina,,SO2_4,Emissions|Sulfur,Emissions|Sulfur|Industrial Processes,Emissions|Sulfur|Industrial Processes|Non-Ferrous Metals,,,,,Emissions|Sulfur|Energy and Industrial Processes,1
ammonia,,SO2_4,Emissions|Sulfur,Emissions|Sulfur|Industrial Processes,Emissions|Sulfur|Industrial Processes|Chemicals,Emissions|Sulfur|Industrial Processes|Chemicals|Ammonia,,,,Emissions|Sulfur|Energy and Industrial Processes,1
backup_electricity,,SO2_4,Emissions|Sulfur,Emissions|Sulfur|Energy,Emissions|Sulfur|Energy|Supply,Emissions|Sulfur|Energy|Supply|Electricity,,,,Emissions|Sulfur|Energy and Industrial Processes,1
chemical energy use,,SO2_4,Emissions|Sulfur,Emissions|Sulfur|Energy,Emissions|Sulfur|Energy|Demand,Emissions|Sulfur|Energy|Demand|Industry,,,,Emissions|Sulfur|Energy and Industrial Processes,1
comm cooling,,SO2_4,Emissions|Sulfur,Emissions|Sulfur|Energy,Emissions|Sulfur|Energy|Demand,Emissions|Sulfur|Energy|Demand|Residential and Commercial,Emissions|Sulfur|Energy|Demand|Commercial,,Emissions|Sulfur|Energy|Demand|Residential and Commercial and AFOFI,Emissions|Sulfur|Energy and Industrial Processes,1
comm heating,,SO2_4,Emissions|Sulfur,Emissions|Sulfur|Energy,Emissions|Sulfur|Energy|Demand,Emissions|Sulfur|Energy|Demand|Residential and Commercial,Emissions|Sulfur|Energy|Demand|Commercial,,Emissions|Sulfur|Energy|Demand|Residential and Commercial and AFOFI,Emissions|Sulfur|Energy and Industrial Processes,1
comm others,,SO2_4,Emissions|Sulfur,Emissions|Sulfur|Energy,Emissions|Sulfur|Energy|Demand,Emissions|Sulfur|Energy|Demand|Residential and Commercial,Emissions|Sulfur|Energy|Demand|Commercial,,Emissions|Sulfur|Energy|Demand|Residential and Commercial and AFOFI,Emissions|Sulfur|Energy and Industrial Processes,1
construction energy use,,SO2_4,Emissions|Sulfur,Emissions|Sulfur|Energy,Emissions|Sulfur|Energy|Demand,Emissions|Sulfur|Energy|Demand|Industry,,,,Emissions|Sulfur|Energy and Industrial Processes,1
district heat,,SO2_4,Emissions|Sulfur,Emissions|Sulfur|Energy,Emissions|Sulfur|Energy|Supply,Emissions|Sulfur|Energy|Supply|Heat,,,,Emissions|Sulfur|Energy and Industrial Processes,1
electricity,,SO2_4,Emissions|Sulfur,Emissions|Sulfur|Energy,Emissions|Sulfur|Energy|Supply,Emissions|Sulfur|Energy|Supply|Electricity,,,,Emissions|Sulfur|Energy and Industrial Processes,1
H2 central production,,SO2_4,Emissions|Sulfur,Emissions|Sulfur|Energy,Emissions|Sulfur|Energy|Supply,Emissions|Sulfur|Energy|Supply|Hydrogen,,,,Emissions|Sulfur|Energy and Industrial Processes,1
industrial energy use,,SO2_4,Emissions|Sulfur,Emissions|Sulfur|Energy,Emissions|Sulfur|Energy|Demand,Emissions|Sulfur|Energy|Demand|Industry,,,,Emissions|Sulfur|Energy and Industrial Processes,1
industrial processes,,SO2_4,Emissions|Sulfur,Emissions|Sulfur|Product Use,,,,,,,1
iron and steel,,SO2_4,Emissions|Sulfur,Emissions|Sulfur|Industrial Processes,Emissions|Sulfur|Industrial Processes|Iron and Steel,,,,,Emissions|Sulfur|Energy and Industrial Processes,1
mining energy use,,SO2_4,Emissions|Sulfur,Emissions|Sulfur|Energy,Emissions|Sulfur|Energy|Demand,Emissions|Sulfur|Energy|Demand|Industry,,,,Emissions|Sulfur|Energy and Industrial Processes,1
N fertilizer,,SO2_4,Emissions|Sulfur,Emissions|Sulfur|Industrial Processes,Emissions|Sulfur|Industrial Processes|Chemicals,Emissions|Sulfur|Industrial Processes|Chemicals|Ammonia,,,,Emissions|Sulfur|Energy and Industrial Processes,1
other industrial energy use,,SO2_4,Emissions|Sulfur,Emissions|Sulfur|Energy,Emissions|Sulfur|Energy|Demand,Emissions|Sulfur|Energy|Demand|Industry,,,,Emissions|Sulfur|Energy and Industrial Processes,1
process heat cement,,SO2_4,Emissions|Sulfur,Emissions|Sulfur|Energy,Emissions|Sulfur|Energy|Demand,Emissions|Sulfur|Energy|Demand|Industry,,,,Emissions|Sulfur|Energy and Industrial Processes,1
process heat food processing,,SO2_4,Emissions|Sulfur,Emissions|Sulfur|Energy,Emissions|Sulfur|Energy|Demand,Emissions|Sulfur|Energy|Demand|Industry,,,,Emissions|Sulfur|Energy and Industrial Processes,1
process heat paper,,SO2_4,Emissions|Sulfur,Emissions|Sulfur|Energy,Emissions|Sulfur|Energy|Demand,Emissions|Sulfur|Energy|Demand|Industry,,,,Emissions|Sulfur|Energy and Industrial Processes,1
refining,,SO2_4,Emissions|Sulfur,Emissions|Sulfur|Energy,Emissions|Sulfur|Energy|Supply,Emissions|Sulfur|Energy|Supply|Liquids,,,,Emissions|Sulfur|Energy and Industrial Processes,1
resid cooling,,SO2_4,Emissions|Sulfur,Emissions|Sulfur|Energy,Emissions|Sulfur|Energy|Demand,Emissions|Sulfur|Energy|Demand|Residential and Commercial,Emissions|Sulfur|Energy|Demand|Residential,,Emissions|Sulfur|Energy|Demand|Residential and Commercial and AFOFI,Emissions|Sulfur|Energy and Industrial Processes,1
resid cooling modern,,SO2_4,Emissions|Sulfur,Emissions|Sulfur|Energy,Emissions|Sulfur|Energy|Demand,Emissions|Sulfur|Energy|Demand|Residential and Commercial,Emissions|Sulfur|Energy|Demand|Residential,,Emissions|Sulfur|Energy|Demand|Residential and Commercial and AFOFI,Emissions|Sulfur|Energy and Industrial Processes,1
resid heating,,SO2_4,Emissions|Sulfur,Emissions|Sulfur|Energy,Emissions|Sulfur|Energy|Demand,Emissions|Sulfur|Energy|Demand|Residential and Commercial,Emissions|Sulfur|Energy|Demand|Residential,,Emissions|Sulfur|Energy|Demand|Residential and Commercial and AFOFI,Emissions|Sulfur|Energy and Industrial Processes,1
resid heating coal,,SO2_4,Emissions|Sulfur,Emissions|Sulfur|Energy,Emissions|Sulfur|Energy|Demand,Emissions|Sulfur|Energy|Demand|Residential and Commercial,Emissions|Sulfur|Energy|Demand|Residential,,Emissions|Sulfur|Energy|Demand|Residential and Commercial and AFOFI,Emissions|Sulfur|Energy and Industrial Processes,1
resid heating modern,,SO2_4,Emissions|Sulfur,Emissions|Sulfur|Energy,Emissions|Sulfur|Energy|Demand,Emissions|Sulfur|Energy|Demand|Residential and Commercial,Emissions|Sulfur|Energy|Demand|Residential,,Emissions|Sulfur|Energy|Demand|Residential and Commercial and AFOFI,Emissions|Sulfur|Energy and Industrial Processes,1
resid heating TradBio,,SO2_4,Emissions|Sulfur,Emissions|Sulfur|Energy,Emissions|Sulfur|Energy|Demand,Emissions|Sulfur|Energy|Demand|Residential and Commercial,Emissions|Sulfur|Energy|Demand|Residential,,Emissions|Sulfur|Energy|Demand|Residential and Commercial and AFOFI,Emissions|Sulfur|Energy and Industrial Processes,1
resid others,,SO2_4,Emissions|Sulfur,Emissions|Sulfur|Energy,Emissions|Sulfur|Energy|Demand,Emissions|Sulfur|Energy|Demand|Residential and Commercial,Emissions|Sulfur|Energy|Demand|Residential,,Emissions|Sulfur|Energy|Demand|Residential and Commercial and AFOFI,Emissions|Sulfur|Energy and Industrial Processes,1
resid others coal,,SO2_4,Emissions|Sulfur,Emissions|Sulfur|Energy,Emissions|Sulfur|Energy|Demand,Emissions|Sulfur|Energy|Demand|Residential and Commercial,Emissions|Sulfur|Energy|Demand|Residential,,Emissions|Sulfur|Energy|Demand|Residential and Commercial and AFOFI,Emissions|Sulfur|Energy and Industrial Processes,1
resid others modern,,SO2_4,Emissions|Sulfur,Emissions|Sulfur|Energy,Emissions|Sulfur|Energy|Demand,Emissions|Sulfur|Energy|Demand|Residential and Commercial,Emissions|Sulfur|Energy|Demand|Residential,,Emissions|Sulfur|Energy|Demand|Residential and Commercial and AFOFI,Emissions|Sulfur|Energy and Industrial Processes,1
resid others TradBio,,SO2_4,Emissions|Sulfur,Emissions|Sulfur|Energy,Emissions|Sulfur|Energy|Demand,Emissions|Sulfur|Energy|Demand|Residential and Commercial,Emissions|Sulfur|Energy|Demand|Residential,,Emissions|Sulfur|Energy|Demand|Residential and Commercial and AFOFI,Emissions|Sulfur|Energy and Industrial Processes,1
trn_aviation_intl,,SO2_4,Emissions|Sulfur,Emissions|Sulfur|Energy,Emissions|Sulfur|Energy|Demand,Emissions|Sulfur|Energy|Demand|Bunkers,Emissions|Sulfur|Energy|Demand|Bunkers|International Aviation,,,Emissions|Sulfur|Energy and Industrial Processes,1
trn_freight,,SO2_4,Emissions|Sulfur,Emissions|Sulfur|Energy,Emissions|Sulfur|Energy|Demand,Emissions|Sulfur|Energy|Demand|Transportation,Emissions|Sulfur|Energy|Demand|Transportation,,,Emissions|Sulfur|Energy and Industrial Processes,1
trn_freight_road,,SO2_4,Emissions|Sulfur,Emissions|Sulfur|Energy,Emissions|Sulfur|Energy|Demand,Emissions|Sulfur|Energy|Demand|Transportation,Emissions|Sulfur|Energy|Demand|Transportation|Truck,,,Emissions|Sulfur|Energy and Industrial Processes,1
trn_pass,,SO2_4,Emissions|Sulfur,Emissions|Sulfur|Energy,Emissions|Sulfur|Energy|Demand,Emissions|Sulfur|Energy|Demand|Transportation,Emissions|Sulfur|Energy|Demand|Transportation,,,Emissions|Sulfur|Energy and Industrial Processes,1
trn_pass_road,,SO2_4,Emissions|Sulfur,Emissions|Sulfur|Energy,Emissions|Sulfur|Energy|Demand,Emissions|Sulfur|Energy|Demand|Transportation,Emissions|Sulfur|Energy|Demand|Transportation,,,Emissions|Sulfur|Energy and Industrial Processes,1
trn_pass_road_LDV,,SO2_4,Emissions|Sulfur,Emissions|Sulfur|Energy,Emissions|Sulfur|Energy|Demand,Emissions|Sulfur|Energy|Demand|Transportation,Emissions|Sulfur|Energy|Demand|Transportation|Light-Duty Vehicle,,,Emissions|Sulfur|Energy and Industrial Processes,1
trn_pass_road_LDV_4W,,SO2_4,Emissions|Sulfur,Emissions|Sulfur|Energy,Emissions|Sulfur|Energy|Demand,Emissions|Sulfur|Energy|Demand|Transportation,Emissions|Sulfur|Energy|Demand|Transportation,,,Emissions|Sulfur|Energy and Industrial Processes,1
trn_shipping_intl,,SO2_4,Emissions|Sulfur,Emissions|Sulfur|Energy,Emissions|Sulfur|Energy|Demand,Emissions|Sulfur|Energy|Demand|Bunkers,Emissions|Sulfur|Energy|Demand|Bunkers|International Shipping,,,Emissions|Sulfur|Energy and Industrial Processes,1
UnmanagedLand,ForestFire,SO2_4,Emissions|Sulfur,Emissions|Sulfur|AFOLU,Emissions|Sulfur|AFOLU|Land,Emissions|Sulfur|AFOLU|Land|Fires,Emissions|Sulfur|AFOLU|Land|Fires|Forest Burning,Emissions|Sulfur|AFOLU [NGHGI],,,1
UnmanagedLand,GrasslandFires,SO2_4,Emissions|Sulfur,Emissions|Sulfur|AFOLU,Emissions|Sulfur|AFOLU|Land,Emissions|Sulfur|AFOLU|Land|Fires,Emissions|Sulfur|AFOLU|Land|Fires|Grassland Burning,Emissions|Sulfur|AFOLU [NGHGI],,,1
UnmanagedLand,,SO2_4,Emissions|Sulfur,Emissions|Sulfur|AFOLU,Emissions|Sulfur|AFOLU|Land,Emissions|Sulfur|AFOLU|Land|Other,,Emissions|Sulfur|AFOLU [NGHGI],,,1
urban processes,landfills,SO2_4,Emissions|Sulfur,Emissions|Sulfur|Waste,,,,,,,1
urban processes,wastewater,SO2_4,Emissions|Sulfur,Emissions|Sulfur|Waste,,,,,,,1
urban processes,waste_incineration,SO2_4,Emissions|Sulfur,Emissions|Sulfur|Waste,,,,,,,1
urban processes,,SO2_4,Emissions|Sulfur,Emissions|Sulfur|Other,,,,,,,1
waste biomass for paper,,SO2_4,Emissions|Sulfur,Emissions|Sulfur|Industrial Processes,Emissions|Sulfur|Industrial Processes|Pulp and Paper,,,,,Emissions|Sulfur|Energy and Industrial Processes,1
Corn,,SO2_4_AWB,Emissions|Sulfur,Emissions|Sulfur|AFOLU,Emissions|Sulfur|AFOLU|Agricultural Waste Burning,,,Emissions|Sulfur|AFOLU [NGHGI],,,1
FiberCrop,,SO2_4_AWB,Emissions|Sulfur,Emissions|Sulfur|AFOLU,Emissions|Sulfur|AFOLU|Agricultural Waste Burning,,,Emissions|Sulfur|AFOLU [NGHGI],,,1
Fruits,,SO2_4_AWB,Emissions|Sulfur,Emissions|Sulfur|AFOLU,Emissions|Sulfur|AFOLU|Agricultural Waste Burning,,,Emissions|Sulfur|AFOLU [NGHGI],,,1
Legumes,,SO2_4_AWB,Emissions|Sulfur,Emissions|Sulfur|AFOLU,Emissions|Sulfur|AFOLU|Agricultural Waste Burning,,,Emissions|Sulfur|AFOLU [NGHGI],,,1
MiscCrop,,SO2_4_AWB,Emissions|Sulfur,Emissions|Sulfur|AFOLU,Emissions|Sulfur|AFOLU|Agricultural Waste Burning,,,Emissions|Sulfur|AFOLU [NGHGI],,,1
NutsSeeds,,SO2_4_AWB,Emissions|Sulfur,Emissions|Sulfur|AFOLU,Emissions|Sulfur|AFOLU|Agricultural Waste Burning,,,Emissions|Sulfur|AFOLU [NGHGI],,,1
OilCrop,,SO2_4_AWB,Emissions|Sulfur,Emissions|Sulfur|AFOLU,Emissions|Sulfur|AFOLU|Agricultural Waste Burning,,,Emissions|Sulfur|AFOLU [NGHGI],,,1
OilPalm,,SO2_4_AWB,Emissions|Sulfur,Emissions|Sulfur|AFOLU,Emissions|Sulfur|AFOLU|Agricultural Waste Burning,,,Emissions|Sulfur|AFOLU [NGHGI],,,1
OtherGrain,,SO2_4_AWB,Emissions|Sulfur,Emissions|Sulfur|AFOLU,Emissions|Sulfur|AFOLU|Agricultural Waste Burning,,,Emissions|Sulfur|AFOLU [NGHGI],,,1
PalmFruit,,SO2_4_AWB,Emissions|Sulfur,Emissions|Sulfur|AFOLU,Emissions|Sulfur|AFOLU|Agricultural Waste Burning,,,Emissions|Sulfur|AFOLU [NGHGI],,,1
Rice,,SO2_4_AWB,Emissions|Sulfur,Emissions|Sulfur|AFOLU,Emissions|Sulfur|AFOLU|Agricultural Waste Burning,,,Emissions|Sulfur|AFOLU [NGHGI],,,1
RootTuber,,SO2_4_AWB,Emissions|Sulfur,Emissions|Sulfur|AFOLU,Emissions|Sulfur|AFOLU|Agricultural Waste Burning,,,Emissions|Sulfur|AFOLU [NGHGI],,,1
Soybean,,SO2_4_AWB,Emissions|Sulfur,Emissions|Sulfur|AFOLU,Emissions|Sulfur|AFOLU|Agricultural Waste Burning,,,Emissions|Sulfur|AFOLU [NGHGI],,,1
SugarCrop,,SO2_4_AWB,Emissions|Sulfur,Emissions|Sulfur|AFOLU,Emissions|Sulfur|AFOLU|Agricultural Waste Burning,,,Emissions|Sulfur|AFOLU [NGHGI],,,1
Vegetables,,SO2_4_AWB,Emissions|Sulfur,Emissions|Sulfur|AFOLU,Emissions|Sulfur|AFOLU|Agricultural Waste Burning,,,Emissions|Sulfur|AFOLU [NGHGI],,,1
Wheat,,SO2_4_AWB,Emissions|Sulfur,Emissions|Sulfur|AFOLU,Emissions|Sulfur|AFOLU|Agricultural Waste Burning,,,Emissions|Sulfur|AFOLU [NGHGI],,,1
