# Take GHG emissions for the energy system, filter to include only resources
# in model base years, and rename to regional SO2.
region,resource,subresource,technology,year,Non.CO2,emiss.coef,emiss.units
USA,crude oil,unconventional oil,unconventional oil,1975,CH4,0.0882,Tg
USA,crude oil,unconventional oil,unconventional oil,1990,CH4,0.0882,Tg
USA,crude oil,unconventional oil,unconventional oil,2005,CH4,0.0882,Tg
USA,crude oil,unconventional oil,unconventional oil,2010,CH4,0.0882,Tg
USA,crude oil,unconventional oil,unconventional oil,2015,CH4,0.0882,Tg
USA,crude oil,unconventional oil,unconventional oil,1975,CO2_FUG,0.2710909091,MTC
USA,crude oil,unconventional oil,unconventional oil,1990,CO2_FUG,0.2710909091,MTC
USA,crude oil,unconventional oil,unconventional oil,2005,CO2_FUG,0.2710909091,MTC
USA,crude oil,unconventional oil,unconventional oil,2010,CO2_FUG,0.2710909091,MTC
USA,crude oil,unconventional oil,unconventional oil,2015,CO2_FUG,0.2710909091,MTC
USA,crude oil,unconventional oil,unconventional oil,1975,N2O,9.39e-07,Tg
USA,crude oil,unconventional oil,unconventional oil,1990,N2O,9.39e-07,Tg
USA,crude oil,unconventional oil,unconventional oil,2005,N2O,9.39e-07,Tg
USA,crude oil,unconventional oil,unconventional oil,2010,N2O,9.39e-07,Tg
USA,crude oil,unconventional oil,unconventional oil,2015,N2O,9.39e-07,Tg
Africa_Eastern,crude oil,unconventional oil,unconventional oil,1975,CH4,0.0882,Tg
Africa_Eastern,crude oil,unconventional oil,unconventional oil,1990,CH4,0.0882,Tg
Africa_Eastern,crude oil,unconventional oil,unconventional oil,2005,CH4,0.0882,Tg
Africa_Eastern,crude oil,unconventional oil,unconventional oil,2010,CH4,0.0882,Tg
Africa_Eastern,crude oil,unconventional oil,unconventional oil,2015,CH4,0.0882,Tg
Africa_Eastern,crude oil,unconventional oil,unconventional oil,1975,CO2_FUG,0.2710909091,MTC
Africa_Eastern,crude oil,unconventional oil,unconventional oil,1990,CO2_FUG,0.2710909091,MTC
Africa_Eastern,crude oil,unconventional oil,unconventional oil,2005,CO2_FUG,0.2710909091,MTC
Africa_Eastern,crude oil,unconventional oil,unconventional oil,2010,CO2_FUG,0.2710909091,MTC
Africa_Eastern,crude oil,unconventional oil,unconventional oil,2015,CO2_FUG,0.2710909091,MTC
Africa_Eastern,crude oil,unconventional oil,unconventional oil,1975,N2O,9.39e-07,Tg
Africa_Eastern,crude oil,unconventional oil,unconventional oil,1990,N2O,9.39e-07,Tg
Africa_Eastern,crude oil,unconventional oil,unconventional oil,2005,N2O,9.39e-07,Tg
Africa_Eastern,crude oil,unconventional oil,unconventional oil,2010,N2O,9.39e-07,Tg
Africa_Eastern,crude oil,unconventional oil,unconventional oil,2015,N2O,9.39e-07,Tg
Africa_Northern,crude oil,unconventional oil,unconventional oil,1975,CH4,0.0882,Tg
Africa_Northern,crude oil,unconventional oil,unconventional oil,1990,CH4,0.0882,Tg
Africa_Northern,crude oil,unconventional oil,unconventional oil,2005,CH4,0.0882,Tg
Africa_Northern,crude oil,unconventional oil,unconventional oil,2010,CH4,0.0882,Tg
Africa_Northern,crude oil,unconventional oil,unconventional oil,2015,CH4,0.0882,Tg
Africa_Northern,crude oil,unconventional oil,unconventional oil,1975,CO2_FUG,0.2710909091,MTC
Africa_Northern,crude oil,unconventional oil,unconventional oil,1990,CO2_FUG,0.2710909091,MTC
Africa_Northern,crude oil,unconventional oil,unconventional oil,2005,CO2_FUG,0.2710909091,MTC
Africa_Northern,crude oil,unconventional oil,unconventional oil,2010,CO2_FUG,0.2710909091,MTC
Africa_Northern,crude oil,unconventional oil,unconventional oil,2015,CO2_FUG,0.2710909091,MTC
Africa_Northern,crude oil,unconventional oil,unconventional oil,1975,N2O,9.39e-07,Tg
Africa_Northern,crude oil,unconventional oil,unconventional oil,1990,N2O,9.39e-07,Tg
Africa_Northern,crude oil,unconventional oil,unconventional oil,2005,N2O,9.39e-07,Tg
Africa_Northern,crude oil,unconventional oil,unconventional oil,2010,N2O,9.39e-07,Tg
Africa_Northern,crude oil,unconventional oil,unconventional oil,2015,N2O,9.39e-07,Tg
Africa_Southern,crude oil,unconventional oil,unconventional oil,1975,CH4,0.0882,Tg
Africa_Southern,crude oil,unconventional oil,unconventional oil,1990,CH4,0.0882,Tg
Africa_Southern,crude oil,unconventional oil,unconventional oil,2005,CH4,0.0882,Tg
Africa_Southern,crude oil,unconventional oil,unconventional oil,2010,CH4,0.0882,Tg
Africa_Southern,crude oil,unconventional oil,unconventional oil,2015,CH4,0.0882,Tg
Africa_Southern,crude oil,unconventional oil,unconventional oil,1975,CO2_FUG,0.2710909091,MTC
Africa_Southern,crude oil,unconventional oil,unconventional oil,1990,CO2_FUG,0.2710909091,MTC
Africa_Southern,crude oil,unconventional oil,unconventional oil,2005,CO2_FUG,0.2710909091,MTC
Africa_Southern,crude oil,unconventional oil,unconventional oil,2010,CO2_FUG,0.2710909091,MTC
Africa_Southern,crude oil,unconventional oil,unconventional oil,2015,CO2_FUG,0.2710909091,MTC
Africa_Southern,crude oil,unconventional oil,unconventional oil,1975,N2O,9.39e-07,Tg
Africa_Southern,crude oil,unconventional oil,unconventional oil,1990,N2O,9.39e-07,Tg
Africa_Southern,crude oil,unconventional oil,unconventional oil,2005,N2O,9.39e-07,Tg
Africa_Southern,crude oil,unconventional oil,unconventional oil,2010,N2O,9.39e-07,Tg
Africa_Southern,crude oil,unconventional oil,unconventional oil,2015,N2O,9.39e-07,Tg
Africa_Western,crude oil,unconventional oil,unconventional oil,1975,CH4,0.0882,Tg
Africa_Western,crude oil,unconventional oil,unconventional oil,1990,CH4,0.0882,Tg
Africa_Western,crude oil,unconventional oil,unconventional oil,2005,CH4,0.0882,Tg
Africa_Western,crude oil,unconventional oil,unconventional oil,2010,CH4,0.0882,Tg
Africa_Western,crude oil,unconventional oil,unconventional oil,2015,CH4,0.0882,Tg
Africa_Western,crude oil,unconventional oil,unconventional oil,1975,CO2_FUG,0.2710909091,MTC
Africa_Western,crude oil,unconventional oil,unconventional oil,1990,CO2_FUG,0.2710909091,MTC
Africa_Western,crude oil,unconventional oil,unconventional oil,2005,CO2_FUG,0.2710909091,MTC
Africa_Western,crude oil,unconventional oil,unconventional oil,2010,CO2_FUG,0.2710909091,MTC
Africa_Western,crude oil,unconventional oil,unconventional oil,2015,CO2_FUG,0.2710909091,MTC
Africa_Western,crude oil,unconventional oil,unconventional oil,1975,N2O,9.39e-07,Tg
Africa_Western,crude oil,unconventional oil,unconventional oil,1990,N2O,9.39e-07,Tg
Africa_Western,crude oil,unconventional oil,unconventional oil,2005,N2O,9.39e-07,Tg
Africa_Western,crude oil,unconventional oil,unconventional oil,2010,N2O,9.39e-07,Tg
Africa_Western,crude oil,unconventional oil,unconventional oil,2015,N2O,9.39e-07,Tg
Australia_NZ,crude oil,unconventional oil,unconventional oil,1975,CH4,0.0882,Tg
Australia_NZ,crude oil,unconventional oil,unconventional oil,1990,CH4,0.0882,Tg
Australia_NZ,crude oil,unconventional oil,unconventional oil,2005,CH4,0.0882,Tg
Australia_NZ,crude oil,unconventional oil,unconventional oil,2010,CH4,0.0882,Tg
Australia_NZ,crude oil,unconventional oil,unconventional oil,2015,CH4,0.0882,Tg
Australia_NZ,crude oil,unconventional oil,unconventional oil,1975,CO2_FUG,0.2710909091,MTC
Australia_NZ,crude oil,unconventional oil,unconventional oil,1990,CO2_FUG,0.2710909091,MTC
Australia_NZ,crude oil,unconventional oil,unconventional oil,2005,CO2_FUG,0.2710909091,MTC
Australia_NZ,crude oil,unconventional oil,unconventional oil,2010,CO2_FUG,0.2710909091,MTC
Australia_NZ,crude oil,unconventional oil,unconventional oil,2015,CO2_FUG,0.2710909091,MTC
Australia_NZ,crude oil,unconventional oil,unconventional oil,1975,N2O,9.39e-07,Tg
Australia_NZ,crude oil,unconventional oil,unconventional oil,1990,N2O,9.39e-07,Tg
Australia_NZ,crude oil,unconventional oil,unconventional oil,2005,N2O,9.39e-07,Tg
Australia_NZ,crude oil,unconventional oil,unconventional oil,2010,N2O,9.39e-07,Tg
Australia_NZ,crude oil,unconventional oil,unconventional oil,2015,N2O,9.39e-07,Tg
Brazil,crude oil,unconventional oil,unconventional oil,1975,CH4,0.0882,Tg
Brazil,crude oil,unconventional oil,unconventional oil,1990,CH4,0.0882,Tg
Brazil,crude oil,unconventional oil,unconventional oil,2005,CH4,0.0882,Tg
Brazil,crude oil,unconventional oil,unconventional oil,2010,CH4,0.0882,Tg
Brazil,crude oil,unconventional oil,unconventional oil,2015,CH4,0.0882,Tg
Brazil,crude oil,unconventional oil,unconventional oil,1975,CO2_FUG,0.2710909091,MTC
Brazil,crude oil,unconventional oil,unconventional oil,1990,CO2_FUG,0.2710909091,MTC
Brazil,crude oil,unconventional oil,unconventional oil,2005,CO2_FUG,0.2710909091,MTC
Brazil,crude oil,unconventional oil,unconventional oil,2010,CO2_FUG,0.2710909091,MTC
Brazil,crude oil,unconventional oil,unconventional oil,2015,CO2_FUG,0.2710909091,MTC
Brazil,crude oil,unconventional oil,unconventional oil,1975,N2O,9.39e-07,Tg
Brazil,crude oil,unconventional oil,unconventional oil,1990,N2O,9.39e-07,Tg
Brazil,crude oil,unconventional oil,unconventional oil,2005,N2O,9.39e-07,Tg
Brazil,crude oil,unconventional oil,unconventional oil,2010,N2O,9.39e-07,Tg
Brazil,crude oil,unconventional oil,unconventional oil,2015,N2O,9.39e-07,Tg
Canada,crude oil,unconventional oil,unconventional oil,1975,CH4,0.02033,Tg
Canada,crude oil,unconventional oil,unconventional oil,1990,CH4,0.02033,Tg
Canada,crude oil,unconventional oil,unconventional oil,2005,CH4,0.02033,Tg
Canada,crude oil,unconventional oil,unconventional oil,2010,CH4,0.02033,Tg
Canada,crude oil,unconventional oil,unconventional oil,2015,CH4,0.02033,Tg
Canada,crude oil,unconventional oil,unconventional oil,1975,CO2_FUG,0.6259090909,MTC
Canada,crude oil,unconventional oil,unconventional oil,1990,CO2_FUG,0.6259090909,MTC
Canada,crude oil,unconventional oil,unconventional oil,2005,CO2_FUG,0.6259090909,MTC
Canada,crude oil,unconventional oil,unconventional oil,2010,CO2_FUG,0.6259090909,MTC
Canada,crude oil,unconventional oil,unconventional oil,2015,CO2_FUG,0.6259090909,MTC
Canada,crude oil,unconventional oil,unconventional oil,1975,N2O,9.112e-07,Tg
Canada,crude oil,unconventional oil,unconventional oil,1990,N2O,9.112e-07,Tg
Canada,crude oil,unconventional oil,unconventional oil,2005,N2O,9.112e-07,Tg
Canada,crude oil,unconventional oil,unconventional oil,2010,N2O,9.112e-07,Tg
Canada,crude oil,unconventional oil,unconventional oil,2015,N2O,9.112e-07,Tg
Central America and Caribbean,crude oil,unconventional oil,unconventional oil,1975,CH4,0.0882,Tg
Central America and Caribbean,crude oil,unconventional oil,unconventional oil,1990,CH4,0.0882,Tg
Central America and Caribbean,crude oil,unconventional oil,unconventional oil,2005,CH4,0.0882,Tg
Central America and Caribbean,crude oil,unconventional oil,unconventional oil,2010,CH4,0.0882,Tg
Central America and Caribbean,crude oil,unconventional oil,unconventional oil,2015,CH4,0.0882,Tg
Central America and Caribbean,crude oil,unconventional oil,unconventional oil,1975,CO2_FUG,0.2710909091,MTC
Central America and Caribbean,crude oil,unconventional oil,unconventional oil,1990,CO2_FUG,0.2710909091,MTC
Central America and Caribbean,crude oil,unconventional oil,unconventional oil,2005,CO2_FUG,0.2710909091,MTC
Central America and Caribbean,crude oil,unconventional oil,unconventional oil,2010,CO2_FUG,0.2710909091,MTC
Central America and Caribbean,crude oil,unconventional oil,unconventional oil,2015,CO2_FUG,0.2710909091,MTC
Central America and Caribbean,crude oil,unconventional oil,unconventional oil,1975,N2O,9.39e-07,Tg
Central America and Caribbean,crude oil,unconventional oil,unconventional oil,1990,N2O,9.39e-07,Tg
Central America and Caribbean,crude oil,unconventional oil,unconventional oil,2005,N2O,9.39e-07,Tg
Central America and Caribbean,crude oil,unconventional oil,unconventional oil,2010,N2O,9.39e-07,Tg
Central America and Caribbean,crude oil,unconventional oil,unconventional oil,2015,N2O,9.39e-07,Tg
Central Asia,crude oil,unconventional oil,unconventional oil,1975,CH4,0.0882,Tg
Central Asia,crude oil,unconventional oil,unconventional oil,1990,CH4,0.0882,Tg
Central Asia,crude oil,unconventional oil,unconventional oil,2005,CH4,0.0882,Tg
Central Asia,crude oil,unconventional oil,unconventional oil,2010,CH4,0.0882,Tg
Central Asia,crude oil,unconventional oil,unconventional oil,2015,CH4,0.0882,Tg
Central Asia,crude oil,unconventional oil,unconventional oil,1975,CO2_FUG,0.2710909091,MTC
Central Asia,crude oil,unconventional oil,unconventional oil,1990,CO2_FUG,0.2710909091,MTC
Central Asia,crude oil,unconventional oil,unconventional oil,2005,CO2_FUG,0.2710909091,MTC
Central Asia,crude oil,unconventional oil,unconventional oil,2010,CO2_FUG,0.2710909091,MTC
Central Asia,crude oil,unconventional oil,unconventional oil,2015,CO2_FUG,0.2710909091,MTC
Central Asia,crude oil,unconventional oil,unconventional oil,1975,N2O,9.39e-07,Tg
Central Asia,crude oil,unconventional oil,unconventional oil,1990,N2O,9.39e-07,Tg
Central Asia,crude oil,unconventional oil,unconventional oil,2005,N2O,9.39e-07,Tg
Central Asia,crude oil,unconventional oil,unconventional oil,2010,N2O,9.39e-07,Tg
Central Asia,crude oil,unconventional oil,unconventional oil,2015,N2O,9.39e-07,Tg
China,crude oil,unconventional oil,unconventional oil,1975,CH4,0.0882,Tg
China,crude oil,unconventional oil,unconventional oil,1990,CH4,0.0882,Tg
China,crude oil,unconventional oil,unconventional oil,2005,CH4,0.0882,Tg
China,crude oil,unconventional oil,unconventional oil,2010,CH4,0.0882,Tg
China,crude oil,unconventional oil,unconventional oil,2015,CH4,0.0882,Tg
China,crude oil,unconventional oil,unconventional oil,1975,CO2_FUG,0.2710909091,MTC
China,crude oil,unconventional oil,unconventional oil,1990,CO2_FUG,0.2710909091,MTC
China,crude oil,unconventional oil,unconventional oil,2005,CO2_FUG,0.2710909091,MTC
China,crude oil,unconventional oil,unconventional oil,2010,CO2_FUG,0.2710909091,MTC
China,crude oil,unconventional oil,unconventional oil,2015,CO2_FUG,0.2710909091,MTC
China,crude oil,unconventional oil,unconventional oil,1975,N2O,9.39e-07,Tg
China,crude oil,unconventional oil,unconventional oil,1990,N2O,9.39e-07,Tg
China,crude oil,unconventional oil,unconventional oil,2005,N2O,9.39e-07,Tg
China,crude oil,unconventional oil,unconventional oil,2010,N2O,9.39e-07,Tg
China,crude oil,unconventional oil,unconventional oil,2015,N2O,9.39e-07,Tg
India,crude oil,unconventional oil,unconventional oil,1975,CH4,0.0882,Tg
India,crude oil,unconventional oil,unconventional oil,1990,CH4,0.0882,Tg
India,crude oil,unconventional oil,unconventional oil,2005,CH4,0.0882,Tg
India,crude oil,unconventional oil,unconventional oil,2010,CH4,0.0882,Tg
India,crude oil,unconventional oil,unconventional oil,2015,CH4,0.0882,Tg
India,crude oil,unconventional oil,unconventional oil,1975,CO2_FUG,0.2710909091,MTC
India,crude oil,unconventional oil,unconventional oil,1990,CO2_FUG,0.2710909091,MTC
India,crude oil,unconventional oil,unconventional oil,2005,CO2_FUG,0.2710909091,MTC
India,crude oil,unconventional oil,unconventional oil,2010,CO2_FUG,0.2710909091,MTC
India,crude oil,unconventional oil,unconventional oil,2015,CO2_FUG,0.2710909091,MTC
India,crude oil,unconventional oil,unconventional oil,1975,N2O,9.39e-07,Tg
India,crude oil,unconventional oil,unconventional oil,1990,N2O,9.39e-07,Tg
India,crude oil,unconventional oil,unconventional oil,2005,N2O,9.39e-07,Tg
India,crude oil,unconventional oil,unconventional oil,2010,N2O,9.39e-07,Tg
India,crude oil,unconventional oil,unconventional oil,2015,N2O,9.39e-07,Tg
Indonesia,crude oil,unconventional oil,unconventional oil,1975,CH4,0.0882,Tg
Indonesia,crude oil,unconventional oil,unconventional oil,1990,CH4,0.0882,Tg
Indonesia,crude oil,unconventional oil,unconventional oil,2005,CH4,0.0882,Tg
Indonesia,crude oil,unconventional oil,unconventional oil,2010,CH4,0.0882,Tg
Indonesia,crude oil,unconventional oil,unconventional oil,2015,CH4,0.0882,Tg
Indonesia,crude oil,unconventional oil,unconventional oil,1975,CO2_FUG,0.2710909091,MTC
Indonesia,crude oil,unconventional oil,unconventional oil,1990,CO2_FUG,0.2710909091,MTC
Indonesia,crude oil,unconventional oil,unconventional oil,2005,CO2_FUG,0.2710909091,MTC
Indonesia,crude oil,unconventional oil,unconventional oil,2010,CO2_FUG,0.2710909091,MTC
Indonesia,crude oil,unconventional oil,unconventional oil,2015,CO2_FUG,0.2710909091,MTC
Indonesia,crude oil,unconventional oil,unconventional oil,1975,N2O,9.39e-07,Tg
Indonesia,crude oil,unconventional oil,unconventional oil,1990,N2O,9.39e-07,Tg
Indonesia,crude oil,unconventional oil,unconventional oil,2005,N2O,9.39e-07,Tg
Indonesia,crude oil,unconventional oil,unconventional oil,2010,N2O,9.39e-07,Tg
Indonesia,crude oil,unconventional oil,unconventional oil,2015,N2O,9.39e-07,Tg
Japan,crude oil,unconventional oil,unconventional oil,1975,CH4,0.0882,Tg
Japan,crude oil,unconventional oil,unconventional oil,1990,CH4,0.0882,Tg
Japan,crude oil,unconventional oil,unconventional oil,2005,CH4,0.0882,Tg
Japan,crude oil,unconventional oil,unconventional oil,2010,CH4,0.0882,Tg
Japan,crude oil,unconventional oil,unconventional oil,2015,CH4,0.0882,Tg
Japan,crude oil,unconventional oil,unconventional oil,1975,CO2_FUG,0.2710909091,MTC
Japan,crude oil,unconventional oil,unconventional oil,1990,CO2_FUG,0.2710909091,MTC
Japan,crude oil,unconventional oil,unconventional oil,2005,CO2_FUG,0.2710909091,MTC
Japan,crude oil,unconventional oil,unconventional oil,2010,CO2_FUG,0.2710909091,MTC
Japan,crude oil,unconventional oil,unconventional oil,2015,CO2_FUG,0.2710909091,MTC
Japan,crude oil,unconventional oil,unconventional oil,1975,N2O,9.39e-07,Tg
Japan,crude oil,unconventional oil,unconventional oil,1990,N2O,9.39e-07,Tg
Japan,crude oil,unconventional oil,unconventional oil,2005,N2O,9.39e-07,Tg
Japan,crude oil,unconventional oil,unconventional oil,2010,N2O,9.39e-07,Tg
Japan,crude oil,unconventional oil,unconventional oil,2015,N2O,9.39e-07,Tg
Mexico,crude oil,unconventional oil,unconventional oil,1975,CH4,0.0882,Tg
Mexico,crude oil,unconventional oil,unconventional oil,1990,CH4,0.0882,Tg
Mexico,crude oil,unconventional oil,unconventional oil,2005,CH4,0.0882,Tg
Mexico,crude oil,unconventional oil,unconventional oil,2010,CH4,0.0882,Tg
Mexico,crude oil,unconventional oil,unconventional oil,2015,CH4,0.0882,Tg
Mexico,crude oil,unconventional oil,unconventional oil,1975,CO2_FUG,0.2710909091,MTC
Mexico,crude oil,unconventional oil,unconventional oil,1990,CO2_FUG,0.2710909091,MTC
Mexico,crude oil,unconventional oil,unconventional oil,2005,CO2_FUG,0.2710909091,MTC
Mexico,crude oil,unconventional oil,unconventional oil,2010,CO2_FUG,0.2710909091,MTC
Mexico,crude oil,unconventional oil,unconventional oil,2015,CO2_FUG,0.2710909091,MTC
Mexico,crude oil,unconventional oil,unconventional oil,1975,N2O,9.39e-07,Tg
Mexico,crude oil,unconventional oil,unconventional oil,1990,N2O,9.39e-07,Tg
Mexico,crude oil,unconventional oil,unconventional oil,2005,N2O,9.39e-07,Tg
Mexico,crude oil,unconventional oil,unconventional oil,2010,N2O,9.39e-07,Tg
Mexico,crude oil,unconventional oil,unconventional oil,2015,N2O,9.39e-07,Tg
Middle East,crude oil,unconventional oil,unconventional oil,1975,CH4,0.0882,Tg
Middle East,crude oil,unconventional oil,unconventional oil,1990,CH4,0.0882,Tg
Middle East,crude oil,unconventional oil,unconventional oil,2005,CH4,0.0882,Tg
Middle East,crude oil,unconventional oil,unconventional oil,2010,CH4,0.0882,Tg
Middle East,crude oil,unconventional oil,unconventional oil,2015,CH4,0.0882,Tg
Middle East,crude oil,unconventional oil,unconventional oil,1975,CO2_FUG,0.2710909091,MTC
Middle East,crude oil,unconventional oil,unconventional oil,1990,CO2_FUG,0.2710909091,MTC
Middle East,crude oil,unconventional oil,unconventional oil,2005,CO2_FUG,0.2710909091,MTC
Middle East,crude oil,unconventional oil,unconventional oil,2010,CO2_FUG,0.2710909091,MTC
Middle East,crude oil,unconventional oil,unconventional oil,2015,CO2_FUG,0.2710909091,MTC
Middle East,crude oil,unconventional oil,unconventional oil,1975,N2O,9.39e-07,Tg
Middle East,crude oil,unconventional oil,unconventional oil,1990,N2O,9.39e-07,Tg
Middle East,crude oil,unconventional oil,unconventional oil,2005,N2O,9.39e-07,Tg
Middle East,crude oil,unconventional oil,unconventional oil,2010,N2O,9.39e-07,Tg
Middle East,crude oil,unconventional oil,unconventional oil,2015,N2O,9.39e-07,Tg
Pakistan,crude oil,unconventional oil,unconventional oil,1975,CH4,0.0882,Tg
Pakistan,crude oil,unconventional oil,unconventional oil,1990,CH4,0.0882,Tg
Pakistan,crude oil,unconventional oil,unconventional oil,2005,CH4,0.0882,Tg
Pakistan,crude oil,unconventional oil,unconventional oil,2010,CH4,0.0882,Tg
Pakistan,crude oil,unconventional oil,unconventional oil,2015,CH4,0.0882,Tg
Pakistan,crude oil,unconventional oil,unconventional oil,1975,CO2_FUG,0.2710909091,MTC
Pakistan,crude oil,unconventional oil,unconventional oil,1990,CO2_FUG,0.2710909091,MTC
Pakistan,crude oil,unconventional oil,unconventional oil,2005,CO2_FUG,0.2710909091,MTC
Pakistan,crude oil,unconventional oil,unconventional oil,2010,CO2_FUG,0.2710909091,MTC
Pakistan,crude oil,unconventional oil,unconventional oil,2015,CO2_FUG,0.2710909091,MTC
Pakistan,crude oil,unconventional oil,unconventional oil,1975,N2O,9.39e-07,Tg
Pakistan,crude oil,unconventional oil,unconventional oil,1990,N2O,9.39e-07,Tg
Pakistan,crude oil,unconventional oil,unconventional oil,2005,N2O,9.39e-07,Tg
Pakistan,crude oil,unconventional oil,unconventional oil,2010,N2O,9.39e-07,Tg
Pakistan,crude oil,unconventional oil,unconventional oil,2015,N2O,9.39e-07,Tg
Russia,crude oil,unconventional oil,unconventional oil,1975,CH4,0.0882,Tg
Russia,crude oil,unconventional oil,unconventional oil,1990,CH4,0.0882,Tg
Russia,crude oil,unconventional oil,unconventional oil,2005,CH4,0.0882,Tg
Russia,crude oil,unconventional oil,unconventional oil,2010,CH4,0.0882,Tg
Russia,crude oil,unconventional oil,unconventional oil,2015,CH4,0.0882,Tg
Russia,crude oil,unconventional oil,unconventional oil,1975,CO2_FUG,0.2710909091,MTC
Russia,crude oil,unconventional oil,unconventional oil,1990,CO2_FUG,0.2710909091,MTC
Russia,crude oil,unconventional oil,unconventional oil,2005,CO2_FUG,0.2710909091,MTC
Russia,crude oil,unconventional oil,unconventional oil,2010,CO2_FUG,0.2710909091,MTC
Russia,crude oil,unconventional oil,unconventional oil,2015,CO2_FUG,0.2710909091,MTC
Russia,crude oil,unconventional oil,unconventional oil,1975,N2O,9.39e-07,Tg
Russia,crude oil,unconventional oil,unconventional oil,1990,N2O,9.39e-07,Tg
Russia,crude oil,unconventional oil,unconventional oil,2005,N2O,9.39e-07,Tg
Russia,crude oil,unconventional oil,unconventional oil,2010,N2O,9.39e-07,Tg
Russia,crude oil,unconventional oil,unconventional oil,2015,N2O,9.39e-07,Tg
South Africa,crude oil,unconventional oil,unconventional oil,1975,CH4,0.0882,Tg
South Africa,crude oil,unconventional oil,unconventional oil,1990,CH4,0.0882,Tg
South Africa,crude oil,unconventional oil,unconventional oil,2005,CH4,0.0882,Tg
South Africa,crude oil,unconventional oil,unconventional oil,2010,CH4,0.0882,Tg
South Africa,crude oil,unconventional oil,unconventional oil,2015,CH4,0.0882,Tg
South Africa,crude oil,unconventional oil,unconventional oil,1975,CO2_FUG,0.2710909091,MTC
South Africa,crude oil,unconventional oil,unconventional oil,1990,CO2_FUG,0.2710909091,MTC
South Africa,crude oil,unconventional oil,unconventional oil,2005,CO2_FUG,0.2710909091,MTC
South Africa,crude oil,unconventional oil,unconventional oil,2010,CO2_FUG,0.2710909091,MTC
South Africa,crude oil,unconventional oil,unconventional oil,2015,CO2_FUG,0.2710909091,MTC
South Africa,crude oil,unconventional oil,unconventional oil,1975,N2O,9.39e-07,Tg
South Africa,crude oil,unconventional oil,unconventional oil,1990,N2O,9.39e-07,Tg
South Africa,crude oil,unconventional oil,unconventional oil,2005,N2O,9.39e-07,Tg
South Africa,crude oil,unconventional oil,unconventional oil,2010,N2O,9.39e-07,Tg
South Africa,crude oil,unconventional oil,unconventional oil,2015,N2O,9.39e-07,Tg
South America_Northern,crude oil,unconventional oil,unconventional oil,1975,CH4,0.02033,Tg
South America_Northern,crude oil,unconventional oil,unconventional oil,1990,CH4,0.02033,Tg
South America_Northern,crude oil,unconventional oil,unconventional oil,2005,CH4,0.02033,Tg
South America_Northern,crude oil,unconventional oil,unconventional oil,2010,CH4,0.02033,Tg
South America_Northern,crude oil,unconventional oil,unconventional oil,2015,CH4,0.02033,Tg
South America_Northern,crude oil,unconventional oil,unconventional oil,1975,CO2_FUG,0.6259090909,MTC
South America_Northern,crude oil,unconventional oil,unconventional oil,1990,CO2_FUG,0.6259090909,MTC
South America_Northern,crude oil,unconventional oil,unconventional oil,2005,CO2_FUG,0.6259090909,MTC
South America_Northern,crude oil,unconventional oil,unconventional oil,2010,CO2_FUG,0.6259090909,MTC
South America_Northern,crude oil,unconventional oil,unconventional oil,2015,CO2_FUG,0.6259090909,MTC
South America_Northern,crude oil,unconventional oil,unconventional oil,1975,N2O,9.112e-07,Tg
South America_Northern,crude oil,unconventional oil,unconventional oil,1990,N2O,9.112e-07,Tg
South America_Northern,crude oil,unconventional oil,unconventional oil,2005,N2O,9.112e-07,Tg
South America_Northern,crude oil,unconventional oil,unconventional oil,2010,N2O,9.112e-07,Tg
South America_Northern,crude oil,unconventional oil,unconventional oil,2015,N2O,9.112e-07,Tg
South America_Southern,crude oil,unconventional oil,unconventional oil,1975,CH4,0.0882,Tg
South America_Southern,crude oil,unconventional oil,unconventional oil,1990,CH4,0.0882,Tg
South America_Southern,crude oil,unconventional oil,unconventional oil,2005,CH4,0.0882,Tg
South America_Southern,crude oil,unconventional oil,unconventional oil,2010,CH4,0.0882,Tg
South America_Southern,crude oil,unconventional oil,unconventional oil,2015,CH4,0.0882,Tg
South America_Southern,crude oil,unconventional oil,unconventional oil,1975,CO2_FUG,0.2710909091,MTC
South America_Southern,crude oil,unconventional oil,unconventional oil,1990,CO2_FUG,0.2710909091,MTC
South America_Southern,crude oil,unconventional oil,unconventional oil,2005,CO2_FUG,0.2710909091,MTC
South America_Southern,crude oil,unconventional oil,unconventional oil,2010,CO2_FUG,0.2710909091,MTC
South America_Southern,crude oil,unconventional oil,unconventional oil,2015,CO2_FUG,0.2710909091,MTC
South America_Southern,crude oil,unconventional oil,unconventional oil,1975,N2O,9.39e-07,Tg
South America_Southern,crude oil,unconventional oil,unconventional oil,1990,N2O,9.39e-07,Tg
South America_Southern,crude oil,unconventional oil,unconventional oil,2005,N2O,9.39e-07,Tg
South America_Southern,crude oil,unconventional oil,unconventional oil,2010,N2O,9.39e-07,Tg
South America_Southern,crude oil,unconventional oil,unconventional oil,2015,N2O,9.39e-07,Tg
South Asia,crude oil,unconventional oil,unconventional oil,1975,CH4,0.0882,Tg
South Asia,crude oil,unconventional oil,unconventional oil,1990,CH4,0.0882,Tg
South Asia,crude oil,unconventional oil,unconventional oil,2005,CH4,0.0882,Tg
South Asia,crude oil,unconventional oil,unconventional oil,2010,CH4,0.0882,Tg
South Asia,crude oil,unconventional oil,unconventional oil,2015,CH4,0.0882,Tg
South Asia,crude oil,unconventional oil,unconventional oil,1975,CO2_FUG,0.2710909091,MTC
South Asia,crude oil,unconventional oil,unconventional oil,1990,CO2_FUG,0.2710909091,MTC
South Asia,crude oil,unconventional oil,unconventional oil,2005,CO2_FUG,0.2710909091,MTC
South Asia,crude oil,unconventional oil,unconventional oil,2010,CO2_FUG,0.2710909091,MTC
South Asia,crude oil,unconventional oil,unconventional oil,2015,CO2_FUG,0.2710909091,MTC
South Asia,crude oil,unconventional oil,unconventional oil,1975,N2O,9.39e-07,Tg
South Asia,crude oil,unconventional oil,unconventional oil,1990,N2O,9.39e-07,Tg
South Asia,crude oil,unconventional oil,unconventional oil,2005,N2O,9.39e-07,Tg
South Asia,crude oil,unconventional oil,unconventional oil,2010,N2O,9.39e-07,Tg
South Asia,crude oil,unconventional oil,unconventional oil,2015,N2O,9.39e-07,Tg
South Korea,crude oil,unconventional oil,unconventional oil,1975,CH4,0.0882,Tg
South Korea,crude oil,unconventional oil,unconventional oil,1990,CH4,0.0882,Tg
South Korea,crude oil,unconventional oil,unconventional oil,2005,CH4,0.0882,Tg
South Korea,crude oil,unconventional oil,unconventional oil,2010,CH4,0.0882,Tg
South Korea,crude oil,unconventional oil,unconventional oil,2015,CH4,0.0882,Tg
South Korea,crude oil,unconventional oil,unconventional oil,1975,CO2_FUG,0.2710909091,MTC
South Korea,crude oil,unconventional oil,unconventional oil,1990,CO2_FUG,0.2710909091,MTC
South Korea,crude oil,unconventional oil,unconventional oil,2005,CO2_FUG,0.2710909091,MTC
South Korea,crude oil,unconventional oil,unconventional oil,2010,CO2_FUG,0.2710909091,MTC
South Korea,crude oil,unconventional oil,unconventional oil,2015,CO2_FUG,0.2710909091,MTC
South Korea,crude oil,unconventional oil,unconventional oil,1975,N2O,9.39e-07,Tg
South Korea,crude oil,unconventional oil,unconventional oil,1990,N2O,9.39e-07,Tg
South Korea,crude oil,unconventional oil,unconventional oil,2005,N2O,9.39e-07,Tg
South Korea,crude oil,unconventional oil,unconventional oil,2010,N2O,9.39e-07,Tg
South Korea,crude oil,unconventional oil,unconventional oil,2015,N2O,9.39e-07,Tg
Southeast Asia,crude oil,unconventional oil,unconventional oil,1975,CH4,0.0882,Tg
Southeast Asia,crude oil,unconventional oil,unconventional oil,1990,CH4,0.0882,Tg
Southeast Asia,crude oil,unconventional oil,unconventional oil,2005,CH4,0.0882,Tg
Southeast Asia,crude oil,unconventional oil,unconventional oil,2010,CH4,0.0882,Tg
Southeast Asia,crude oil,unconventional oil,unconventional oil,2015,CH4,0.0882,Tg
Southeast Asia,crude oil,unconventional oil,unconventional oil,1975,CO2_FUG,0.2710909091,MTC
Southeast Asia,crude oil,unconventional oil,unconventional oil,1990,CO2_FUG,0.2710909091,MTC
Southeast Asia,crude oil,unconventional oil,unconventional oil,2005,CO2_FUG,0.2710909091,MTC
Southeast Asia,crude oil,unconventional oil,unconventional oil,2010,CO2_FUG,0.2710909091,MTC
Southeast Asia,crude oil,unconventional oil,unconventional oil,2015,CO2_FUG,0.2710909091,MTC
Southeast Asia,crude oil,unconventional oil,unconventional oil,1975,N2O,9.39e-07,Tg
Southeast Asia,crude oil,unconventional oil,unconventional oil,1990,N2O,9.39e-07,Tg
Southeast Asia,crude oil,unconventional oil,unconventional oil,2005,N2O,9.39e-07,Tg
Southeast Asia,crude oil,unconventional oil,unconventional oil,2010,N2O,9.39e-07,Tg
Southeast Asia,crude oil,unconventional oil,unconventional oil,2015,N2O,9.39e-07,Tg
Taiwan,crude oil,unconventional oil,unconventional oil,1975,CH4,0.0882,Tg
Taiwan,crude oil,unconventional oil,unconventional oil,1990,CH4,0.0882,Tg
Taiwan,crude oil,unconventional oil,unconventional oil,2005,CH4,0.0882,Tg
Taiwan,crude oil,unconventional oil,unconventional oil,2010,CH4,0.0882,Tg
Taiwan,crude oil,unconventional oil,unconventional oil,2015,CH4,0.0882,Tg
Taiwan,crude oil,unconventional oil,unconventional oil,1975,CO2_FUG,0.2710909091,MTC
Taiwan,crude oil,unconventional oil,unconventional oil,1990,CO2_FUG,0.2710909091,MTC
Taiwan,crude oil,unconventional oil,unconventional oil,2005,CO2_FUG,0.2710909091,MTC
Taiwan,crude oil,unconventional oil,unconventional oil,2010,CO2_FUG,0.2710909091,MTC
Taiwan,crude oil,unconventional oil,unconventional oil,2015,CO2_FUG,0.2710909091,MTC
Taiwan,crude oil,unconventional oil,unconventional oil,1975,N2O,9.39e-07,Tg
Taiwan,crude oil,unconventional oil,unconventional oil,1990,N2O,9.39e-07,Tg
Taiwan,crude oil,unconventional oil,unconventional oil,2005,N2O,9.39e-07,Tg
Taiwan,crude oil,unconventional oil,unconventional oil,2010,N2O,9.39e-07,Tg
Taiwan,crude oil,unconventional oil,unconventional oil,2015,N2O,9.39e-07,Tg
Argentina,crude oil,unconventional oil,unconventional oil,1975,CH4,0.0882,Tg
Argentina,crude oil,unconventional oil,unconventional oil,1990,CH4,0.0882,Tg
Argentina,crude oil,unconventional oil,unconventional oil,2005,CH4,0.0882,Tg
Argentina,crude oil,unconventional oil,unconventional oil,2010,CH4,0.0882,Tg
Argentina,crude oil,unconventional oil,unconventional oil,2015,CH4,0.0882,Tg
Argentina,crude oil,unconventional oil,unconventional oil,1975,CO2_FUG,0.2710909091,MTC
Argentina,crude oil,unconventional oil,unconventional oil,1990,CO2_FUG,0.2710909091,MTC
Argentina,crude oil,unconventional oil,unconventional oil,2005,CO2_FUG,0.2710909091,MTC
Argentina,crude oil,unconventional oil,unconventional oil,2010,CO2_FUG,0.2710909091,MTC
Argentina,crude oil,unconventional oil,unconventional oil,2015,CO2_FUG,0.2710909091,MTC
Argentina,crude oil,unconventional oil,unconventional oil,1975,N2O,9.39e-07,Tg
Argentina,crude oil,unconventional oil,unconventional oil,1990,N2O,9.39e-07,Tg
Argentina,crude oil,unconventional oil,unconventional oil,2005,N2O,9.39e-07,Tg
Argentina,crude oil,unconventional oil,unconventional oil,2010,N2O,9.39e-07,Tg
Argentina,crude oil,unconventional oil,unconventional oil,2015,N2O,9.39e-07,Tg
Colombia,crude oil,unconventional oil,unconventional oil,1975,CH4,0.0882,Tg
Colombia,crude oil,unconventional oil,unconventional oil,1990,CH4,0.0882,Tg
Colombia,crude oil,unconventional oil,unconventional oil,2005,CH4,0.0882,Tg
Colombia,crude oil,unconventional oil,unconventional oil,2010,CH4,0.0882,Tg
Colombia,crude oil,unconventional oil,unconventional oil,2015,CH4,0.0882,Tg
Colombia,crude oil,unconventional oil,unconventional oil,1975,CO2_FUG,0.2710909091,MTC
Colombia,crude oil,unconventional oil,unconventional oil,1990,CO2_FUG,0.2710909091,MTC
Colombia,crude oil,unconventional oil,unconventional oil,2005,CO2_FUG,0.2710909091,MTC
Colombia,crude oil,unconventional oil,unconventional oil,2010,CO2_FUG,0.2710909091,MTC
Colombia,crude oil,unconventional oil,unconventional oil,2015,CO2_FUG,0.2710909091,MTC
Colombia,crude oil,unconventional oil,unconventional oil,1975,N2O,9.39e-07,Tg
Colombia,crude oil,unconventional oil,unconventional oil,1990,N2O,9.39e-07,Tg
Colombia,crude oil,unconventional oil,unconventional oil,2005,N2O,9.39e-07,Tg
Colombia,crude oil,unconventional oil,unconventional oil,2010,N2O,9.39e-07,Tg
Colombia,crude oil,unconventional oil,unconventional oil,2015,N2O,9.39e-07,Tg
Austria,crude oil,unconventional oil,unconventional oil,1975,CH4,0.0882,Tg
Austria,crude oil,unconventional oil,unconventional oil,1990,CH4,0.0882,Tg
Austria,crude oil,unconventional oil,unconventional oil,2005,CH4,0.0882,Tg
Austria,crude oil,unconventional oil,unconventional oil,2010,CH4,0.0882,Tg
Austria,crude oil,unconventional oil,unconventional oil,2015,CH4,0.0882,Tg
Austria,crude oil,unconventional oil,unconventional oil,1975,CO2_FUG,0.2710909091,MTC
Austria,crude oil,unconventional oil,unconventional oil,1990,CO2_FUG,0.2710909091,MTC
Austria,crude oil,unconventional oil,unconventional oil,2005,CO2_FUG,0.2710909091,MTC
Austria,crude oil,unconventional oil,unconventional oil,2010,CO2_FUG,0.2710909091,MTC
Austria,crude oil,unconventional oil,unconventional oil,2015,CO2_FUG,0.2710909091,MTC
Austria,crude oil,unconventional oil,unconventional oil,1975,N2O,9.39e-07,Tg
Austria,crude oil,unconventional oil,unconventional oil,1990,N2O,9.39e-07,Tg
Austria,crude oil,unconventional oil,unconventional oil,2005,N2O,9.39e-07,Tg
Austria,crude oil,unconventional oil,unconventional oil,2010,N2O,9.39e-07,Tg
Austria,crude oil,unconventional oil,unconventional oil,2015,N2O,9.39e-07,Tg
Belgium,crude oil,unconventional oil,unconventional oil,1975,CH4,0.0882,Tg
Belgium,crude oil,unconventional oil,unconventional oil,1990,CH4,0.0882,Tg
Belgium,crude oil,unconventional oil,unconventional oil,2005,CH4,0.0882,Tg
Belgium,crude oil,unconventional oil,unconventional oil,2010,CH4,0.0882,Tg
Belgium,crude oil,unconventional oil,unconventional oil,2015,CH4,0.0882,Tg
Belgium,crude oil,unconventional oil,unconventional oil,1975,CO2_FUG,0.2710909091,MTC
Belgium,crude oil,unconventional oil,unconventional oil,1990,CO2_FUG,0.2710909091,MTC
Belgium,crude oil,unconventional oil,unconventional oil,2005,CO2_FUG,0.2710909091,MTC
Belgium,crude oil,unconventional oil,unconventional oil,2010,CO2_FUG,0.2710909091,MTC
Belgium,crude oil,unconventional oil,unconventional oil,2015,CO2_FUG,0.2710909091,MTC
Belgium,crude oil,unconventional oil,unconventional oil,1975,N2O,9.39e-07,Tg
Belgium,crude oil,unconventional oil,unconventional oil,1990,N2O,9.39e-07,Tg
Belgium,crude oil,unconventional oil,unconventional oil,2005,N2O,9.39e-07,Tg
Belgium,crude oil,unconventional oil,unconventional oil,2010,N2O,9.39e-07,Tg
Belgium,crude oil,unconventional oil,unconventional oil,2015,N2O,9.39e-07,Tg
Bulgaria,crude oil,unconventional oil,unconventional oil,1975,CH4,0.0882,Tg
Bulgaria,crude oil,unconventional oil,unconventional oil,1990,CH4,0.0882,Tg
Bulgaria,crude oil,unconventional oil,unconventional oil,2005,CH4,0.0882,Tg
Bulgaria,crude oil,unconventional oil,unconventional oil,2010,CH4,0.0882,Tg
Bulgaria,crude oil,unconventional oil,unconventional oil,2015,CH4,0.0882,Tg
Bulgaria,crude oil,unconventional oil,unconventional oil,1975,CO2_FUG,0.2710909091,MTC
Bulgaria,crude oil,unconventional oil,unconventional oil,1990,CO2_FUG,0.2710909091,MTC
Bulgaria,crude oil,unconventional oil,unconventional oil,2005,CO2_FUG,0.2710909091,MTC
Bulgaria,crude oil,unconventional oil,unconventional oil,2010,CO2_FUG,0.2710909091,MTC
Bulgaria,crude oil,unconventional oil,unconventional oil,2015,CO2_FUG,0.2710909091,MTC
Bulgaria,crude oil,unconventional oil,unconventional oil,1975,N2O,9.39e-07,Tg
Bulgaria,crude oil,unconventional oil,unconventional oil,1990,N2O,9.39e-07,Tg
Bulgaria,crude oil,unconventional oil,unconventional oil,2005,N2O,9.39e-07,Tg
Bulgaria,crude oil,unconventional oil,unconventional oil,2010,N2O,9.39e-07,Tg
Bulgaria,crude oil,unconventional oil,unconventional oil,2015,N2O,9.39e-07,Tg
Croatia,crude oil,unconventional oil,unconventional oil,1975,CH4,0.0882,Tg
Croatia,crude oil,unconventional oil,unconventional oil,1990,CH4,0.0882,Tg
Croatia,crude oil,unconventional oil,unconventional oil,2005,CH4,0.0882,Tg
Croatia,crude oil,unconventional oil,unconventional oil,2010,CH4,0.0882,Tg
Croatia,crude oil,unconventional oil,unconventional oil,2015,CH4,0.0882,Tg
Croatia,crude oil,unconventional oil,unconventional oil,1975,CO2_FUG,0.2710909091,MTC
Croatia,crude oil,unconventional oil,unconventional oil,1990,CO2_FUG,0.2710909091,MTC
Croatia,crude oil,unconventional oil,unconventional oil,2005,CO2_FUG,0.2710909091,MTC
Croatia,crude oil,unconventional oil,unconventional oil,2010,CO2_FUG,0.2710909091,MTC
Croatia,crude oil,unconventional oil,unconventional oil,2015,CO2_FUG,0.2710909091,MTC
Croatia,crude oil,unconventional oil,unconventional oil,1975,N2O,9.39e-07,Tg
Croatia,crude oil,unconventional oil,unconventional oil,1990,N2O,9.39e-07,Tg
Croatia,crude oil,unconventional oil,unconventional oil,2005,N2O,9.39e-07,Tg
Croatia,crude oil,unconventional oil,unconventional oil,2010,N2O,9.39e-07,Tg
Croatia,crude oil,unconventional oil,unconventional oil,2015,N2O,9.39e-07,Tg
Cyprus,crude oil,unconventional oil,unconventional oil,1975,CH4,0.0882,Tg
Cyprus,crude oil,unconventional oil,unconventional oil,1990,CH4,0.0882,Tg
Cyprus,crude oil,unconventional oil,unconventional oil,2005,CH4,0.0882,Tg
Cyprus,crude oil,unconventional oil,unconventional oil,2010,CH4,0.0882,Tg
Cyprus,crude oil,unconventional oil,unconventional oil,2015,CH4,0.0882,Tg
Cyprus,crude oil,unconventional oil,unconventional oil,1975,CO2_FUG,0.2710909091,MTC
Cyprus,crude oil,unconventional oil,unconventional oil,1990,CO2_FUG,0.2710909091,MTC
Cyprus,crude oil,unconventional oil,unconventional oil,2005,CO2_FUG,0.2710909091,MTC
Cyprus,crude oil,unconventional oil,unconventional oil,2010,CO2_FUG,0.2710909091,MTC
Cyprus,crude oil,unconventional oil,unconventional oil,2015,CO2_FUG,0.2710909091,MTC
Cyprus,crude oil,unconventional oil,unconventional oil,1975,N2O,9.39e-07,Tg
Cyprus,crude oil,unconventional oil,unconventional oil,1990,N2O,9.39e-07,Tg
Cyprus,crude oil,unconventional oil,unconventional oil,2005,N2O,9.39e-07,Tg
Cyprus,crude oil,unconventional oil,unconventional oil,2010,N2O,9.39e-07,Tg
Cyprus,crude oil,unconventional oil,unconventional oil,2015,N2O,9.39e-07,Tg
Czech Republic,crude oil,unconventional oil,unconventional oil,1975,CH4,0.0882,Tg
Czech Republic,crude oil,unconventional oil,unconventional oil,1990,CH4,0.0882,Tg
Czech Republic,crude oil,unconventional oil,unconventional oil,2005,CH4,0.0882,Tg
Czech Republic,crude oil,unconventional oil,unconventional oil,2010,CH4,0.0882,Tg
Czech Republic,crude oil,unconventional oil,unconventional oil,2015,CH4,0.0882,Tg
Czech Republic,crude oil,unconventional oil,unconventional oil,1975,CO2_FUG,0.2710909091,MTC
Czech Republic,crude oil,unconventional oil,unconventional oil,1990,CO2_FUG,0.2710909091,MTC
Czech Republic,crude oil,unconventional oil,unconventional oil,2005,CO2_FUG,0.2710909091,MTC
Czech Republic,crude oil,unconventional oil,unconventional oil,2010,CO2_FUG,0.2710909091,MTC
Czech Republic,crude oil,unconventional oil,unconventional oil,2015,CO2_FUG,0.2710909091,MTC
Czech Republic,crude oil,unconventional oil,unconventional oil,1975,N2O,9.39e-07,Tg
Czech Republic,crude oil,unconventional oil,unconventional oil,1990,N2O,9.39e-07,Tg
Czech Republic,crude oil,unconventional oil,unconventional oil,2005,N2O,9.39e-07,Tg
Czech Republic,crude oil,unconventional oil,unconventional oil,2010,N2O,9.39e-07,Tg
Czech Republic,crude oil,unconventional oil,unconventional oil,2015,N2O,9.39e-07,Tg
Denmark,crude oil,unconventional oil,unconventional oil,1975,CH4,0.0882,Tg
Denmark,crude oil,unconventional oil,unconventional oil,1990,CH4,0.0882,Tg
Denmark,crude oil,unconventional oil,unconventional oil,2005,CH4,0.0882,Tg
Denmark,crude oil,unconventional oil,unconventional oil,2010,CH4,0.0882,Tg
Denmark,crude oil,unconventional oil,unconventional oil,2015,CH4,0.0882,Tg
Denmark,crude oil,unconventional oil,unconventional oil,1975,CO2_FUG,0.2710909091,MTC
Denmark,crude oil,unconventional oil,unconventional oil,1990,CO2_FUG,0.2710909091,MTC
Denmark,crude oil,unconventional oil,unconventional oil,2005,CO2_FUG,0.2710909091,MTC
Denmark,crude oil,unconventional oil,unconventional oil,2010,CO2_FUG,0.2710909091,MTC
Denmark,crude oil,unconventional oil,unconventional oil,2015,CO2_FUG,0.2710909091,MTC
Denmark,crude oil,unconventional oil,unconventional oil,1975,N2O,9.39e-07,Tg
Denmark,crude oil,unconventional oil,unconventional oil,1990,N2O,9.39e-07,Tg
Denmark,crude oil,unconventional oil,unconventional oil,2005,N2O,9.39e-07,Tg
Denmark,crude oil,unconventional oil,unconventional oil,2010,N2O,9.39e-07,Tg
Denmark,crude oil,unconventional oil,unconventional oil,2015,N2O,9.39e-07,Tg
Estonia,crude oil,unconventional oil,unconventional oil,1975,CH4,0.0882,Tg
Estonia,crude oil,unconventional oil,unconventional oil,1990,CH4,0.0882,Tg
Estonia,crude oil,unconventional oil,unconventional oil,2005,CH4,0.0882,Tg
Estonia,crude oil,unconventional oil,unconventional oil,2010,CH4,0.0882,Tg
Estonia,crude oil,unconventional oil,unconventional oil,2015,CH4,0.0882,Tg
Estonia,crude oil,unconventional oil,unconventional oil,1975,CO2_FUG,0.2710909091,MTC
Estonia,crude oil,unconventional oil,unconventional oil,1990,CO2_FUG,0.2710909091,MTC
Estonia,crude oil,unconventional oil,unconventional oil,2005,CO2_FUG,0.2710909091,MTC
Estonia,crude oil,unconventional oil,unconventional oil,2010,CO2_FUG,0.2710909091,MTC
Estonia,crude oil,unconventional oil,unconventional oil,2015,CO2_FUG,0.2710909091,MTC
Estonia,crude oil,unconventional oil,unconventional oil,1975,N2O,9.39e-07,Tg
Estonia,crude oil,unconventional oil,unconventional oil,1990,N2O,9.39e-07,Tg
Estonia,crude oil,unconventional oil,unconventional oil,2005,N2O,9.39e-07,Tg
Estonia,crude oil,unconventional oil,unconventional oil,2010,N2O,9.39e-07,Tg
Estonia,crude oil,unconventional oil,unconventional oil,2015,N2O,9.39e-07,Tg
Finland,crude oil,unconventional oil,unconventional oil,1975,CH4,0.0882,Tg
Finland,crude oil,unconventional oil,unconventional oil,1990,CH4,0.0882,Tg
Finland,crude oil,unconventional oil,unconventional oil,2005,CH4,0.0882,Tg
Finland,crude oil,unconventional oil,unconventional oil,2010,CH4,0.0882,Tg
Finland,crude oil,unconventional oil,unconventional oil,2015,CH4,0.0882,Tg
Finland,crude oil,unconventional oil,unconventional oil,1975,CO2_FUG,0.2710909091,MTC
Finland,crude oil,unconventional oil,unconventional oil,1990,CO2_FUG,0.2710909091,MTC
Finland,crude oil,unconventional oil,unconventional oil,2005,CO2_FUG,0.2710909091,MTC
Finland,crude oil,unconventional oil,unconventional oil,2010,CO2_FUG,0.2710909091,MTC
Finland,crude oil,unconventional oil,unconventional oil,2015,CO2_FUG,0.2710909091,MTC
Finland,crude oil,unconventional oil,unconventional oil,1975,N2O,9.39e-07,Tg
Finland,crude oil,unconventional oil,unconventional oil,1990,N2O,9.39e-07,Tg
Finland,crude oil,unconventional oil,unconventional oil,2005,N2O,9.39e-07,Tg
Finland,crude oil,unconventional oil,unconventional oil,2010,N2O,9.39e-07,Tg
Finland,crude oil,unconventional oil,unconventional oil,2015,N2O,9.39e-07,Tg
France,crude oil,unconventional oil,unconventional oil,1975,CH4,0.0882,Tg
France,crude oil,unconventional oil,unconventional oil,1990,CH4,0.0882,Tg
France,crude oil,unconventional oil,unconventional oil,2005,CH4,0.0882,Tg
France,crude oil,unconventional oil,unconventional oil,2010,CH4,0.0882,Tg
France,crude oil,unconventional oil,unconventional oil,2015,CH4,0.0882,Tg
France,crude oil,unconventional oil,unconventional oil,1975,CO2_FUG,0.2710909091,MTC
France,crude oil,unconventional oil,unconventional oil,1990,CO2_FUG,0.2710909091,MTC
France,crude oil,unconventional oil,unconventional oil,2005,CO2_FUG,0.2710909091,MTC
France,crude oil,unconventional oil,unconventional oil,2010,CO2_FUG,0.2710909091,MTC
France,crude oil,unconventional oil,unconventional oil,2015,CO2_FUG,0.2710909091,MTC
France,crude oil,unconventional oil,unconventional oil,1975,N2O,9.39e-07,Tg
France,crude oil,unconventional oil,unconventional oil,1990,N2O,9.39e-07,Tg
France,crude oil,unconventional oil,unconventional oil,2005,N2O,9.39e-07,Tg
France,crude oil,unconventional oil,unconventional oil,2010,N2O,9.39e-07,Tg
France,crude oil,unconventional oil,unconventional oil,2015,N2O,9.39e-07,Tg
Germany,crude oil,unconventional oil,unconventional oil,1975,CH4,0.0882,Tg
Germany,crude oil,unconventional oil,unconventional oil,1990,CH4,0.0882,Tg
Germany,crude oil,unconventional oil,unconventional oil,2005,CH4,0.0882,Tg
Germany,crude oil,unconventional oil,unconventional oil,2010,CH4,0.0882,Tg
Germany,crude oil,unconventional oil,unconventional oil,2015,CH4,0.0882,Tg
Germany,crude oil,unconventional oil,unconventional oil,1975,CO2_FUG,0.2710909091,MTC
Germany,crude oil,unconventional oil,unconventional oil,1990,CO2_FUG,0.2710909091,MTC
Germany,crude oil,unconventional oil,unconventional oil,2005,CO2_FUG,0.2710909091,MTC
Germany,crude oil,unconventional oil,unconventional oil,2010,CO2_FUG,0.2710909091,MTC
Germany,crude oil,unconventional oil,unconventional oil,2015,CO2_FUG,0.2710909091,MTC
Germany,crude oil,unconventional oil,unconventional oil,1975,N2O,9.39e-07,Tg
Germany,crude oil,unconventional oil,unconventional oil,1990,N2O,9.39e-07,Tg
Germany,crude oil,unconventional oil,unconventional oil,2005,N2O,9.39e-07,Tg
Germany,crude oil,unconventional oil,unconventional oil,2010,N2O,9.39e-07,Tg
Germany,crude oil,unconventional oil,unconventional oil,2015,N2O,9.39e-07,Tg
Greece,crude oil,unconventional oil,unconventional oil,1975,CH4,0.0882,Tg
Greece,crude oil,unconventional oil,unconventional oil,1990,CH4,0.0882,Tg
Greece,crude oil,unconventional oil,unconventional oil,2005,CH4,0.0882,Tg
Greece,crude oil,unconventional oil,unconventional oil,2010,CH4,0.0882,Tg
Greece,crude oil,unconventional oil,unconventional oil,2015,CH4,0.0882,Tg
Greece,crude oil,unconventional oil,unconventional oil,1975,CO2_FUG,0.2710909091,MTC
Greece,crude oil,unconventional oil,unconventional oil,1990,CO2_FUG,0.2710909091,MTC
Greece,crude oil,unconventional oil,unconventional oil,2005,CO2_FUG,0.2710909091,MTC
Greece,crude oil,unconventional oil,unconventional oil,2010,CO2_FUG,0.2710909091,MTC
Greece,crude oil,unconventional oil,unconventional oil,2015,CO2_FUG,0.2710909091,MTC
Greece,crude oil,unconventional oil,unconventional oil,1975,N2O,9.39e-07,Tg
Greece,crude oil,unconventional oil,unconventional oil,1990,N2O,9.39e-07,Tg
Greece,crude oil,unconventional oil,unconventional oil,2005,N2O,9.39e-07,Tg
Greece,crude oil,unconventional oil,unconventional oil,2010,N2O,9.39e-07,Tg
Greece,crude oil,unconventional oil,unconventional oil,2015,N2O,9.39e-07,Tg
Hungary,crude oil,unconventional oil,unconventional oil,1975,CH4,0.0882,Tg
Hungary,crude oil,unconventional oil,unconventional oil,1990,CH4,0.0882,Tg
Hungary,crude oil,unconventional oil,unconventional oil,2005,CH4,0.0882,Tg
Hungary,crude oil,unconventional oil,unconventional oil,2010,CH4,0.0882,Tg
Hungary,crude oil,unconventional oil,unconventional oil,2015,CH4,0.0882,Tg
Hungary,crude oil,unconventional oil,unconventional oil,1975,CO2_FUG,0.2710909091,MTC
Hungary,crude oil,unconventional oil,unconventional oil,1990,CO2_FUG,0.2710909091,MTC
Hungary,crude oil,unconventional oil,unconventional oil,2005,CO2_FUG,0.2710909091,MTC
Hungary,crude oil,unconventional oil,unconventional oil,2010,CO2_FUG,0.2710909091,MTC
Hungary,crude oil,unconventional oil,unconventional oil,2015,CO2_FUG,0.2710909091,MTC
Hungary,crude oil,unconventional oil,unconventional oil,1975,N2O,9.39e-07,Tg
Hungary,crude oil,unconventional oil,unconventional oil,1990,N2O,9.39e-07,Tg
Hungary,crude oil,unconventional oil,unconventional oil,2005,N2O,9.39e-07,Tg
Hungary,crude oil,unconventional oil,unconventional oil,2010,N2O,9.39e-07,Tg
Hungary,crude oil,unconventional oil,unconventional oil,2015,N2O,9.39e-07,Tg
Ireland,crude oil,unconventional oil,unconventional oil,1975,CH4,0.0882,Tg
Ireland,crude oil,unconventional oil,unconventional oil,1990,CH4,0.0882,Tg
Ireland,crude oil,unconventional oil,unconventional oil,2005,CH4,0.0882,Tg
Ireland,crude oil,unconventional oil,unconventional oil,2010,CH4,0.0882,Tg
Ireland,crude oil,unconventional oil,unconventional oil,2015,CH4,0.0882,Tg
Ireland,crude oil,unconventional oil,unconventional oil,1975,CO2_FUG,0.2710909091,MTC
Ireland,crude oil,unconventional oil,unconventional oil,1990,CO2_FUG,0.2710909091,MTC
Ireland,crude oil,unconventional oil,unconventional oil,2005,CO2_FUG,0.2710909091,MTC
Ireland,crude oil,unconventional oil,unconventional oil,2010,CO2_FUG,0.2710909091,MTC
Ireland,crude oil,unconventional oil,unconventional oil,2015,CO2_FUG,0.2710909091,MTC
Ireland,crude oil,unconventional oil,unconventional oil,1975,N2O,9.39e-07,Tg
Ireland,crude oil,unconventional oil,unconventional oil,1990,N2O,9.39e-07,Tg
Ireland,crude oil,unconventional oil,unconventional oil,2005,N2O,9.39e-07,Tg
Ireland,crude oil,unconventional oil,unconventional oil,2010,N2O,9.39e-07,Tg
Ireland,crude oil,unconventional oil,unconventional oil,2015,N2O,9.39e-07,Tg
Italy,crude oil,unconventional oil,unconventional oil,1975,CH4,0.0882,Tg
Italy,crude oil,unconventional oil,unconventional oil,1990,CH4,0.0882,Tg
Italy,crude oil,unconventional oil,unconventional oil,2005,CH4,0.0882,Tg
Italy,crude oil,unconventional oil,unconventional oil,2010,CH4,0.0882,Tg
Italy,crude oil,unconventional oil,unconventional oil,2015,CH4,0.0882,Tg
Italy,crude oil,unconventional oil,unconventional oil,1975,CO2_FUG,0.2710909091,MTC
Italy,crude oil,unconventional oil,unconventional oil,1990,CO2_FUG,0.2710909091,MTC
Italy,crude oil,unconventional oil,unconventional oil,2005,CO2_FUG,0.2710909091,MTC
Italy,crude oil,unconventional oil,unconventional oil,2010,CO2_FUG,0.2710909091,MTC
Italy,crude oil,unconventional oil,unconventional oil,2015,CO2_FUG,0.2710909091,MTC
Italy,crude oil,unconventional oil,unconventional oil,1975,N2O,9.39e-07,Tg
Italy,crude oil,unconventional oil,unconventional oil,1990,N2O,9.39e-07,Tg
Italy,crude oil,unconventional oil,unconventional oil,2005,N2O,9.39e-07,Tg
Italy,crude oil,unconventional oil,unconventional oil,2010,N2O,9.39e-07,Tg
Italy,crude oil,unconventional oil,unconventional oil,2015,N2O,9.39e-07,Tg
Latvia,crude oil,unconventional oil,unconventional oil,1975,CH4,0.0882,Tg
Latvia,crude oil,unconventional oil,unconventional oil,1990,CH4,0.0882,Tg
Latvia,crude oil,unconventional oil,unconventional oil,2005,CH4,0.0882,Tg
Latvia,crude oil,unconventional oil,unconventional oil,2010,CH4,0.0882,Tg
Latvia,crude oil,unconventional oil,unconventional oil,2015,CH4,0.0882,Tg
Latvia,crude oil,unconventional oil,unconventional oil,1975,CO2_FUG,0.2710909091,MTC
Latvia,crude oil,unconventional oil,unconventional oil,1990,CO2_FUG,0.2710909091,MTC
Latvia,crude oil,unconventional oil,unconventional oil,2005,CO2_FUG,0.2710909091,MTC
Latvia,crude oil,unconventional oil,unconventional oil,2010,CO2_FUG,0.2710909091,MTC
Latvia,crude oil,unconventional oil,unconventional oil,2015,CO2_FUG,0.2710909091,MTC
Latvia,crude oil,unconventional oil,unconventional oil,1975,N2O,9.39e-07,Tg
Latvia,crude oil,unconventional oil,unconventional oil,1990,N2O,9.39e-07,Tg
Latvia,crude oil,unconventional oil,unconventional oil,2005,N2O,9.39e-07,Tg
Latvia,crude oil,unconventional oil,unconventional oil,2010,N2O,9.39e-07,Tg
Latvia,crude oil,unconventional oil,unconventional oil,2015,N2O,9.39e-07,Tg
Lithuania,crude oil,unconventional oil,unconventional oil,1975,CH4,0.0882,Tg
Lithuania,crude oil,unconventional oil,unconventional oil,1990,CH4,0.0882,Tg
Lithuania,crude oil,unconventional oil,unconventional oil,2005,CH4,0.0882,Tg
Lithuania,crude oil,unconventional oil,unconventional oil,2010,CH4,0.0882,Tg
Lithuania,crude oil,unconventional oil,unconventional oil,2015,CH4,0.0882,Tg
Lithuania,crude oil,unconventional oil,unconventional oil,1975,CO2_FUG,0.2710909091,MTC
Lithuania,crude oil,unconventional oil,unconventional oil,1990,CO2_FUG,0.2710909091,MTC
Lithuania,crude oil,unconventional oil,unconventional oil,2005,CO2_FUG,0.2710909091,MTC
Lithuania,crude oil,unconventional oil,unconventional oil,2010,CO2_FUG,0.2710909091,MTC
Lithuania,crude oil,unconventional oil,unconventional oil,2015,CO2_FUG,0.2710909091,MTC
Lithuania,crude oil,unconventional oil,unconventional oil,1975,N2O,9.39e-07,Tg
Lithuania,crude oil,unconventional oil,unconventional oil,1990,N2O,9.39e-07,Tg
Lithuania,crude oil,unconventional oil,unconventional oil,2005,N2O,9.39e-07,Tg
Lithuania,crude oil,unconventional oil,unconventional oil,2010,N2O,9.39e-07,Tg
Lithuania,crude oil,unconventional oil,unconventional oil,2015,N2O,9.39e-07,Tg
Luxembourg,crude oil,unconventional oil,unconventional oil,1975,CH4,0.0882,Tg
Luxembourg,crude oil,unconventional oil,unconventional oil,1990,CH4,0.0882,Tg
Luxembourg,crude oil,unconventional oil,unconventional oil,2005,CH4,0.0882,Tg
Luxembourg,crude oil,unconventional oil,unconventional oil,2010,CH4,0.0882,Tg
Luxembourg,crude oil,unconventional oil,unconventional oil,2015,CH4,0.0882,Tg
Luxembourg,crude oil,unconventional oil,unconventional oil,1975,CO2_FUG,0.2710909091,MTC
Luxembourg,crude oil,unconventional oil,unconventional oil,1990,CO2_FUG,0.2710909091,MTC
Luxembourg,crude oil,unconventional oil,unconventional oil,2005,CO2_FUG,0.2710909091,MTC
Luxembourg,crude oil,unconventional oil,unconventional oil,2010,CO2_FUG,0.2710909091,MTC
Luxembourg,crude oil,unconventional oil,unconventional oil,2015,CO2_FUG,0.2710909091,MTC
Luxembourg,crude oil,unconventional oil,unconventional oil,1975,N2O,9.39e-07,Tg
Luxembourg,crude oil,unconventional oil,unconventional oil,1990,N2O,9.39e-07,Tg
Luxembourg,crude oil,unconventional oil,unconventional oil,2005,N2O,9.39e-07,Tg
Luxembourg,crude oil,unconventional oil,unconventional oil,2010,N2O,9.39e-07,Tg
Luxembourg,crude oil,unconventional oil,unconventional oil,2015,N2O,9.39e-07,Tg
Malta,crude oil,unconventional oil,unconventional oil,1975,CH4,0.0882,Tg
Malta,crude oil,unconventional oil,unconventional oil,1990,CH4,0.0882,Tg
Malta,crude oil,unconventional oil,unconventional oil,2005,CH4,0.0882,Tg
Malta,crude oil,unconventional oil,unconventional oil,2010,CH4,0.0882,Tg
Malta,crude oil,unconventional oil,unconventional oil,2015,CH4,0.0882,Tg
Malta,crude oil,unconventional oil,unconventional oil,1975,CO2_FUG,0.2710909091,MTC
Malta,crude oil,unconventional oil,unconventional oil,1990,CO2_FUG,0.2710909091,MTC
Malta,crude oil,unconventional oil,unconventional oil,2005,CO2_FUG,0.2710909091,MTC
Malta,crude oil,unconventional oil,unconventional oil,2010,CO2_FUG,0.2710909091,MTC
Malta,crude oil,unconventional oil,unconventional oil,2015,CO2_FUG,0.2710909091,MTC
Malta,crude oil,unconventional oil,unconventional oil,1975,N2O,9.39e-07,Tg
Malta,crude oil,unconventional oil,unconventional oil,1990,N2O,9.39e-07,Tg
Malta,crude oil,unconventional oil,unconventional oil,2005,N2O,9.39e-07,Tg
Malta,crude oil,unconventional oil,unconventional oil,2010,N2O,9.39e-07,Tg
Malta,crude oil,unconventional oil,unconventional oil,2015,N2O,9.39e-07,Tg
Netherlands,crude oil,unconventional oil,unconventional oil,1975,CH4,0.0882,Tg
Netherlands,crude oil,unconventional oil,unconventional oil,1990,CH4,0.0882,Tg
Netherlands,crude oil,unconventional oil,unconventional oil,2005,CH4,0.0882,Tg
Netherlands,crude oil,unconventional oil,unconventional oil,2010,CH4,0.0882,Tg
Netherlands,crude oil,unconventional oil,unconventional oil,2015,CH4,0.0882,Tg
Netherlands,crude oil,unconventional oil,unconventional oil,1975,CO2_FUG,0.2710909091,MTC
Netherlands,crude oil,unconventional oil,unconventional oil,1990,CO2_FUG,0.2710909091,MTC
Netherlands,crude oil,unconventional oil,unconventional oil,2005,CO2_FUG,0.2710909091,MTC
Netherlands,crude oil,unconventional oil,unconventional oil,2010,CO2_FUG,0.2710909091,MTC
Netherlands,crude oil,unconventional oil,unconventional oil,2015,CO2_FUG,0.2710909091,MTC
Netherlands,crude oil,unconventional oil,unconventional oil,1975,N2O,9.39e-07,Tg
Netherlands,crude oil,unconventional oil,unconventional oil,1990,N2O,9.39e-07,Tg
Netherlands,crude oil,unconventional oil,unconventional oil,2005,N2O,9.39e-07,Tg
Netherlands,crude oil,unconventional oil,unconventional oil,2010,N2O,9.39e-07,Tg
Netherlands,crude oil,unconventional oil,unconventional oil,2015,N2O,9.39e-07,Tg
Poland,crude oil,unconventional oil,unconventional oil,1975,CH4,0.0882,Tg
Poland,crude oil,unconventional oil,unconventional oil,1990,CH4,0.0882,Tg
Poland,crude oil,unconventional oil,unconventional oil,2005,CH4,0.0882,Tg
Poland,crude oil,unconventional oil,unconventional oil,2010,CH4,0.0882,Tg
Poland,crude oil,unconventional oil,unconventional oil,2015,CH4,0.0882,Tg
Poland,crude oil,unconventional oil,unconventional oil,1975,CO2_FUG,0.2710909091,MTC
Poland,crude oil,unconventional oil,unconventional oil,1990,CO2_FUG,0.2710909091,MTC
Poland,crude oil,unconventional oil,unconventional oil,2005,CO2_FUG,0.2710909091,MTC
Poland,crude oil,unconventional oil,unconventional oil,2010,CO2_FUG,0.2710909091,MTC
Poland,crude oil,unconventional oil,unconventional oil,2015,CO2_FUG,0.2710909091,MTC
Poland,crude oil,unconventional oil,unconventional oil,1975,N2O,9.39e-07,Tg
Poland,crude oil,unconventional oil,unconventional oil,1990,N2O,9.39e-07,Tg
Poland,crude oil,unconventional oil,unconventional oil,2005,N2O,9.39e-07,Tg
Poland,crude oil,unconventional oil,unconventional oil,2010,N2O,9.39e-07,Tg
Poland,crude oil,unconventional oil,unconventional oil,2015,N2O,9.39e-07,Tg
Portugal,crude oil,unconventional oil,unconventional oil,1975,CH4,0.0882,Tg
Portugal,crude oil,unconventional oil,unconventional oil,1990,CH4,0.0882,Tg
Portugal,crude oil,unconventional oil,unconventional oil,2005,CH4,0.0882,Tg
Portugal,crude oil,unconventional oil,unconventional oil,2010,CH4,0.0882,Tg
Portugal,crude oil,unconventional oil,unconventional oil,2015,CH4,0.0882,Tg
Portugal,crude oil,unconventional oil,unconventional oil,1975,CO2_FUG,0.2710909091,MTC
Portugal,crude oil,unconventional oil,unconventional oil,1990,CO2_FUG,0.2710909091,MTC
Portugal,crude oil,unconventional oil,unconventional oil,2005,CO2_FUG,0.2710909091,MTC
Portugal,crude oil,unconventional oil,unconventional oil,2010,CO2_FUG,0.2710909091,MTC
Portugal,crude oil,unconventional oil,unconventional oil,2015,CO2_FUG,0.2710909091,MTC
Portugal,crude oil,unconventional oil,unconventional oil,1975,N2O,9.39e-07,Tg
Portugal,crude oil,unconventional oil,unconventional oil,1990,N2O,9.39e-07,Tg
Portugal,crude oil,unconventional oil,unconventional oil,2005,N2O,9.39e-07,Tg
Portugal,crude oil,unconventional oil,unconventional oil,2010,N2O,9.39e-07,Tg
Portugal,crude oil,unconventional oil,unconventional oil,2015,N2O,9.39e-07,Tg
Romania,crude oil,unconventional oil,unconventional oil,1975,CH4,0.0882,Tg
Romania,crude oil,unconventional oil,unconventional oil,1990,CH4,0.0882,Tg
Romania,crude oil,unconventional oil,unconventional oil,2005,CH4,0.0882,Tg
Romania,crude oil,unconventional oil,unconventional oil,2010,CH4,0.0882,Tg
Romania,crude oil,unconventional oil,unconventional oil,2015,CH4,0.0882,Tg
Romania,crude oil,unconventional oil,unconventional oil,1975,CO2_FUG,0.2710909091,MTC
Romania,crude oil,unconventional oil,unconventional oil,1990,CO2_FUG,0.2710909091,MTC
Romania,crude oil,unconventional oil,unconventional oil,2005,CO2_FUG,0.2710909091,MTC
Romania,crude oil,unconventional oil,unconventional oil,2010,CO2_FUG,0.2710909091,MTC
Romania,crude oil,unconventional oil,unconventional oil,2015,CO2_FUG,0.2710909091,MTC
Romania,crude oil,unconventional oil,unconventional oil,1975,N2O,9.39e-07,Tg
Romania,crude oil,unconventional oil,unconventional oil,1990,N2O,9.39e-07,Tg
Romania,crude oil,unconventional oil,unconventional oil,2005,N2O,9.39e-07,Tg
Romania,crude oil,unconventional oil,unconventional oil,2010,N2O,9.39e-07,Tg
Romania,crude oil,unconventional oil,unconventional oil,2015,N2O,9.39e-07,Tg
Slovakia,crude oil,unconventional oil,unconventional oil,1975,CH4,0.0882,Tg
Slovakia,crude oil,unconventional oil,unconventional oil,1990,CH4,0.0882,Tg
Slovakia,crude oil,unconventional oil,unconventional oil,2005,CH4,0.0882,Tg
Slovakia,crude oil,unconventional oil,unconventional oil,2010,CH4,0.0882,Tg
Slovakia,crude oil,unconventional oil,unconventional oil,2015,CH4,0.0882,Tg
Slovakia,crude oil,unconventional oil,unconventional oil,1975,CO2_FUG,0.2710909091,MTC
Slovakia,crude oil,unconventional oil,unconventional oil,1990,CO2_FUG,0.2710909091,MTC
Slovakia,crude oil,unconventional oil,unconventional oil,2005,CO2_FUG,0.2710909091,MTC
Slovakia,crude oil,unconventional oil,unconventional oil,2010,CO2_FUG,0.2710909091,MTC
Slovakia,crude oil,unconventional oil,unconventional oil,2015,CO2_FUG,0.2710909091,MTC
Slovakia,crude oil,unconventional oil,unconventional oil,1975,N2O,9.39e-07,Tg
Slovakia,crude oil,unconventional oil,unconventional oil,1990,N2O,9.39e-07,Tg
Slovakia,crude oil,unconventional oil,unconventional oil,2005,N2O,9.39e-07,Tg
Slovakia,crude oil,unconventional oil,unconventional oil,2010,N2O,9.39e-07,Tg
Slovakia,crude oil,unconventional oil,unconventional oil,2015,N2O,9.39e-07,Tg
Slovenia,crude oil,unconventional oil,unconventional oil,1975,CH4,0.0882,Tg
Slovenia,crude oil,unconventional oil,unconventional oil,1990,CH4,0.0882,Tg
Slovenia,crude oil,unconventional oil,unconventional oil,2005,CH4,0.0882,Tg
Slovenia,crude oil,unconventional oil,unconventional oil,2010,CH4,0.0882,Tg
Slovenia,crude oil,unconventional oil,unconventional oil,2015,CH4,0.0882,Tg
Slovenia,crude oil,unconventional oil,unconventional oil,1975,CO2_FUG,0.2710909091,MTC
Slovenia,crude oil,unconventional oil,unconventional oil,1990,CO2_FUG,0.2710909091,MTC
Slovenia,crude oil,unconventional oil,unconventional oil,2005,CO2_FUG,0.2710909091,MTC
Slovenia,crude oil,unconventional oil,unconventional oil,2010,CO2_FUG,0.2710909091,MTC
Slovenia,crude oil,unconventional oil,unconventional oil,2015,CO2_FUG,0.2710909091,MTC
Slovenia,crude oil,unconventional oil,unconventional oil,1975,N2O,9.39e-07,Tg
Slovenia,crude oil,unconventional oil,unconventional oil,1990,N2O,9.39e-07,Tg
Slovenia,crude oil,unconventional oil,unconventional oil,2005,N2O,9.39e-07,Tg
Slovenia,crude oil,unconventional oil,unconventional oil,2010,N2O,9.39e-07,Tg
Slovenia,crude oil,unconventional oil,unconventional oil,2015,N2O,9.39e-07,Tg
Spain,crude oil,unconventional oil,unconventional oil,1975,CH4,0.0882,Tg
Spain,crude oil,unconventional oil,unconventional oil,1990,CH4,0.0882,Tg
Spain,crude oil,unconventional oil,unconventional oil,2005,CH4,0.0882,Tg
Spain,crude oil,unconventional oil,unconventional oil,2010,CH4,0.0882,Tg
Spain,crude oil,unconventional oil,unconventional oil,2015,CH4,0.0882,Tg
Spain,crude oil,unconventional oil,unconventional oil,1975,CO2_FUG,0.2710909091,MTC
Spain,crude oil,unconventional oil,unconventional oil,1990,CO2_FUG,0.2710909091,MTC
Spain,crude oil,unconventional oil,unconventional oil,2005,CO2_FUG,0.2710909091,MTC
Spain,crude oil,unconventional oil,unconventional oil,2010,CO2_FUG,0.2710909091,MTC
Spain,crude oil,unconventional oil,unconventional oil,2015,CO2_FUG,0.2710909091,MTC
Spain,crude oil,unconventional oil,unconventional oil,1975,N2O,9.39e-07,Tg
Spain,crude oil,unconventional oil,unconventional oil,1990,N2O,9.39e-07,Tg
Spain,crude oil,unconventional oil,unconventional oil,2005,N2O,9.39e-07,Tg
Spain,crude oil,unconventional oil,unconventional oil,2010,N2O,9.39e-07,Tg
Spain,crude oil,unconventional oil,unconventional oil,2015,N2O,9.39e-07,Tg
Sweden,crude oil,unconventional oil,unconventional oil,1975,CH4,0.0882,Tg
Sweden,crude oil,unconventional oil,unconventional oil,1990,CH4,0.0882,Tg
Sweden,crude oil,unconventional oil,unconventional oil,2005,CH4,0.0882,Tg
Sweden,crude oil,unconventional oil,unconventional oil,2010,CH4,0.0882,Tg
Sweden,crude oil,unconventional oil,unconventional oil,2015,CH4,0.0882,Tg
Sweden,crude oil,unconventional oil,unconventional oil,1975,CO2_FUG,0.2710909091,MTC
Sweden,crude oil,unconventional oil,unconventional oil,1990,CO2_FUG,0.2710909091,MTC
Sweden,crude oil,unconventional oil,unconventional oil,2005,CO2_FUG,0.2710909091,MTC
Sweden,crude oil,unconventional oil,unconventional oil,2010,CO2_FUG,0.2710909091,MTC
Sweden,crude oil,unconventional oil,unconventional oil,2015,CO2_FUG,0.2710909091,MTC
Sweden,crude oil,unconventional oil,unconventional oil,1975,N2O,9.39e-07,Tg
Sweden,crude oil,unconventional oil,unconventional oil,1990,N2O,9.39e-07,Tg
Sweden,crude oil,unconventional oil,unconventional oil,2005,N2O,9.39e-07,Tg
Sweden,crude oil,unconventional oil,unconventional oil,2010,N2O,9.39e-07,Tg
Sweden,crude oil,unconventional oil,unconventional oil,2015,N2O,9.39e-07,Tg
Albania,crude oil,unconventional oil,unconventional oil,1975,CH4,0.0882,Tg
Albania,crude oil,unconventional oil,unconventional oil,1990,CH4,0.0882,Tg
Albania,crude oil,unconventional oil,unconventional oil,2005,CH4,0.0882,Tg
Albania,crude oil,unconventional oil,unconventional oil,2010,CH4,0.0882,Tg
Albania,crude oil,unconventional oil,unconventional oil,2015,CH4,0.0882,Tg
Albania,crude oil,unconventional oil,unconventional oil,1975,CO2_FUG,0.2710909091,MTC
Albania,crude oil,unconventional oil,unconventional oil,1990,CO2_FUG,0.2710909091,MTC
Albania,crude oil,unconventional oil,unconventional oil,2005,CO2_FUG,0.2710909091,MTC
Albania,crude oil,unconventional oil,unconventional oil,2010,CO2_FUG,0.2710909091,MTC
Albania,crude oil,unconventional oil,unconventional oil,2015,CO2_FUG,0.2710909091,MTC
Albania,crude oil,unconventional oil,unconventional oil,1975,N2O,9.39e-07,Tg
Albania,crude oil,unconventional oil,unconventional oil,1990,N2O,9.39e-07,Tg
Albania,crude oil,unconventional oil,unconventional oil,2005,N2O,9.39e-07,Tg
Albania,crude oil,unconventional oil,unconventional oil,2010,N2O,9.39e-07,Tg
Albania,crude oil,unconventional oil,unconventional oil,2015,N2O,9.39e-07,Tg
Belarus,crude oil,unconventional oil,unconventional oil,1975,CH4,0.0882,Tg
Belarus,crude oil,unconventional oil,unconventional oil,1990,CH4,0.0882,Tg
Belarus,crude oil,unconventional oil,unconventional oil,2005,CH4,0.0882,Tg
Belarus,crude oil,unconventional oil,unconventional oil,2010,CH4,0.0882,Tg
Belarus,crude oil,unconventional oil,unconventional oil,2015,CH4,0.0882,Tg
Belarus,crude oil,unconventional oil,unconventional oil,1975,CO2_FUG,0.2710909091,MTC
Belarus,crude oil,unconventional oil,unconventional oil,1990,CO2_FUG,0.2710909091,MTC
Belarus,crude oil,unconventional oil,unconventional oil,2005,CO2_FUG,0.2710909091,MTC
Belarus,crude oil,unconventional oil,unconventional oil,2010,CO2_FUG,0.2710909091,MTC
Belarus,crude oil,unconventional oil,unconventional oil,2015,CO2_FUG,0.2710909091,MTC
Belarus,crude oil,unconventional oil,unconventional oil,1975,N2O,9.39e-07,Tg
Belarus,crude oil,unconventional oil,unconventional oil,1990,N2O,9.39e-07,Tg
Belarus,crude oil,unconventional oil,unconventional oil,2005,N2O,9.39e-07,Tg
Belarus,crude oil,unconventional oil,unconventional oil,2010,N2O,9.39e-07,Tg
Belarus,crude oil,unconventional oil,unconventional oil,2015,N2O,9.39e-07,Tg
Bosnia and Herzegovina,crude oil,unconventional oil,unconventional oil,1975,CH4,0.0882,Tg
Bosnia and Herzegovina,crude oil,unconventional oil,unconventional oil,1990,CH4,0.0882,Tg
Bosnia and Herzegovina,crude oil,unconventional oil,unconventional oil,2005,CH4,0.0882,Tg
Bosnia and Herzegovina,crude oil,unconventional oil,unconventional oil,2010,CH4,0.0882,Tg
Bosnia and Herzegovina,crude oil,unconventional oil,unconventional oil,2015,CH4,0.0882,Tg
Bosnia and Herzegovina,crude oil,unconventional oil,unconventional oil,1975,CO2_FUG,0.2710909091,MTC
Bosnia and Herzegovina,crude oil,unconventional oil,unconventional oil,1990,CO2_FUG,0.2710909091,MTC
Bosnia and Herzegovina,crude oil,unconventional oil,unconventional oil,2005,CO2_FUG,0.2710909091,MTC
Bosnia and Herzegovina,crude oil,unconventional oil,unconventional oil,2010,CO2_FUG,0.2710909091,MTC
Bosnia and Herzegovina,crude oil,unconventional oil,unconventional oil,2015,CO2_FUG,0.2710909091,MTC
Bosnia and Herzegovina,crude oil,unconventional oil,unconventional oil,1975,N2O,9.39e-07,Tg
Bosnia and Herzegovina,crude oil,unconventional oil,unconventional oil,1990,N2O,9.39e-07,Tg
Bosnia and Herzegovina,crude oil,unconventional oil,unconventional oil,2005,N2O,9.39e-07,Tg
Bosnia and Herzegovina,crude oil,unconventional oil,unconventional oil,2010,N2O,9.39e-07,Tg
Bosnia and Herzegovina,crude oil,unconventional oil,unconventional oil,2015,N2O,9.39e-07,Tg
Iceland,crude oil,unconventional oil,unconventional oil,1975,CH4,0.0882,Tg
Iceland,crude oil,unconventional oil,unconventional oil,1990,CH4,0.0882,Tg
Iceland,crude oil,unconventional oil,unconventional oil,2005,CH4,0.0882,Tg
Iceland,crude oil,unconventional oil,unconventional oil,2010,CH4,0.0882,Tg
Iceland,crude oil,unconventional oil,unconventional oil,2015,CH4,0.0882,Tg
Iceland,crude oil,unconventional oil,unconventional oil,1975,CO2_FUG,0.2710909091,MTC
Iceland,crude oil,unconventional oil,unconventional oil,1990,CO2_FUG,0.2710909091,MTC
Iceland,crude oil,unconventional oil,unconventional oil,2005,CO2_FUG,0.2710909091,MTC
Iceland,crude oil,unconventional oil,unconventional oil,2010,CO2_FUG,0.2710909091,MTC
Iceland,crude oil,unconventional oil,unconventional oil,2015,CO2_FUG,0.2710909091,MTC
Iceland,crude oil,unconventional oil,unconventional oil,1975,N2O,9.39e-07,Tg
Iceland,crude oil,unconventional oil,unconventional oil,1990,N2O,9.39e-07,Tg
Iceland,crude oil,unconventional oil,unconventional oil,2005,N2O,9.39e-07,Tg
Iceland,crude oil,unconventional oil,unconventional oil,2010,N2O,9.39e-07,Tg
Iceland,crude oil,unconventional oil,unconventional oil,2015,N2O,9.39e-07,Tg
Macedonia,crude oil,unconventional oil,unconventional oil,1975,CH4,0.0882,Tg
Macedonia,crude oil,unconventional oil,unconventional oil,1990,CH4,0.0882,Tg
Macedonia,crude oil,unconventional oil,unconventional oil,2005,CH4,0.0882,Tg
Macedonia,crude oil,unconventional oil,unconventional oil,2010,CH4,0.0882,Tg
Macedonia,crude oil,unconventional oil,unconventional oil,2015,CH4,0.0882,Tg
Macedonia,crude oil,unconventional oil,unconventional oil,1975,CO2_FUG,0.2710909091,MTC
Macedonia,crude oil,unconventional oil,unconventional oil,1990,CO2_FUG,0.2710909091,MTC
Macedonia,crude oil,unconventional oil,unconventional oil,2005,CO2_FUG,0.2710909091,MTC
Macedonia,crude oil,unconventional oil,unconventional oil,2010,CO2_FUG,0.2710909091,MTC
Macedonia,crude oil,unconventional oil,unconventional oil,2015,CO2_FUG,0.2710909091,MTC
Macedonia,crude oil,unconventional oil,unconventional oil,1975,N2O,9.39e-07,Tg
Macedonia,crude oil,unconventional oil,unconventional oil,1990,N2O,9.39e-07,Tg
Macedonia,crude oil,unconventional oil,unconventional oil,2005,N2O,9.39e-07,Tg
Macedonia,crude oil,unconventional oil,unconventional oil,2010,N2O,9.39e-07,Tg
Macedonia,crude oil,unconventional oil,unconventional oil,2015,N2O,9.39e-07,Tg
Moldova,crude oil,unconventional oil,unconventional oil,1975,CH4,0.0882,Tg
Moldova,crude oil,unconventional oil,unconventional oil,1990,CH4,0.0882,Tg
Moldova,crude oil,unconventional oil,unconventional oil,2005,CH4,0.0882,Tg
Moldova,crude oil,unconventional oil,unconventional oil,2010,CH4,0.0882,Tg
Moldova,crude oil,unconventional oil,unconventional oil,2015,CH4,0.0882,Tg
Moldova,crude oil,unconventional oil,unconventional oil,1975,CO2_FUG,0.2710909091,MTC
Moldova,crude oil,unconventional oil,unconventional oil,1990,CO2_FUG,0.2710909091,MTC
Moldova,crude oil,unconventional oil,unconventional oil,2005,CO2_FUG,0.2710909091,MTC
Moldova,crude oil,unconventional oil,unconventional oil,2010,CO2_FUG,0.2710909091,MTC
Moldova,crude oil,unconventional oil,unconventional oil,2015,CO2_FUG,0.2710909091,MTC
Moldova,crude oil,unconventional oil,unconventional oil,1975,N2O,9.39e-07,Tg
Moldova,crude oil,unconventional oil,unconventional oil,1990,N2O,9.39e-07,Tg
Moldova,crude oil,unconventional oil,unconventional oil,2005,N2O,9.39e-07,Tg
Moldova,crude oil,unconventional oil,unconventional oil,2010,N2O,9.39e-07,Tg
Moldova,crude oil,unconventional oil,unconventional oil,2015,N2O,9.39e-07,Tg
Norway,crude oil,unconventional oil,unconventional oil,1975,CH4,0.0882,Tg
Norway,crude oil,unconventional oil,unconventional oil,1990,CH4,0.0882,Tg
Norway,crude oil,unconventional oil,unconventional oil,2005,CH4,0.0882,Tg
Norway,crude oil,unconventional oil,unconventional oil,2010,CH4,0.0882,Tg
Norway,crude oil,unconventional oil,unconventional oil,2015,CH4,0.0882,Tg
Norway,crude oil,unconventional oil,unconventional oil,1975,CO2_FUG,0.2710909091,MTC
Norway,crude oil,unconventional oil,unconventional oil,1990,CO2_FUG,0.2710909091,MTC
Norway,crude oil,unconventional oil,unconventional oil,2005,CO2_FUG,0.2710909091,MTC
Norway,crude oil,unconventional oil,unconventional oil,2010,CO2_FUG,0.2710909091,MTC
Norway,crude oil,unconventional oil,unconventional oil,2015,CO2_FUG,0.2710909091,MTC
Norway,crude oil,unconventional oil,unconventional oil,1975,N2O,9.39e-07,Tg
Norway,crude oil,unconventional oil,unconventional oil,1990,N2O,9.39e-07,Tg
Norway,crude oil,unconventional oil,unconventional oil,2005,N2O,9.39e-07,Tg
Norway,crude oil,unconventional oil,unconventional oil,2010,N2O,9.39e-07,Tg
Norway,crude oil,unconventional oil,unconventional oil,2015,N2O,9.39e-07,Tg
Serbia and Montenegro,crude oil,unconventional oil,unconventional oil,1975,CH4,0.0882,Tg
Serbia and Montenegro,crude oil,unconventional oil,unconventional oil,1990,CH4,0.0882,Tg
Serbia and Montenegro,crude oil,unconventional oil,unconventional oil,2005,CH4,0.0882,Tg
Serbia and Montenegro,crude oil,unconventional oil,unconventional oil,2010,CH4,0.0882,Tg
Serbia and Montenegro,crude oil,unconventional oil,unconventional oil,2015,CH4,0.0882,Tg
Serbia and Montenegro,crude oil,unconventional oil,unconventional oil,1975,CO2_FUG,0.2710909091,MTC
Serbia and Montenegro,crude oil,unconventional oil,unconventional oil,1990,CO2_FUG,0.2710909091,MTC
Serbia and Montenegro,crude oil,unconventional oil,unconventional oil,2005,CO2_FUG,0.2710909091,MTC
Serbia and Montenegro,crude oil,unconventional oil,unconventional oil,2010,CO2_FUG,0.2710909091,MTC
Serbia and Montenegro,crude oil,unconventional oil,unconventional oil,2015,CO2_FUG,0.2710909091,MTC
Serbia and Montenegro,crude oil,unconventional oil,unconventional oil,1975,N2O,9.39e-07,Tg
Serbia and Montenegro,crude oil,unconventional oil,unconventional oil,1990,N2O,9.39e-07,Tg
Serbia and Montenegro,crude oil,unconventional oil,unconventional oil,2005,N2O,9.39e-07,Tg
Serbia and Montenegro,crude oil,unconventional oil,unconventional oil,2010,N2O,9.39e-07,Tg
Serbia and Montenegro,crude oil,unconventional oil,unconventional oil,2015,N2O,9.39e-07,Tg
Switzerland,crude oil,unconventional oil,unconventional oil,1975,CH4,0.0882,Tg
Switzerland,crude oil,unconventional oil,unconventional oil,1990,CH4,0.0882,Tg
Switzerland,crude oil,unconventional oil,unconventional oil,2005,CH4,0.0882,Tg
Switzerland,crude oil,unconventional oil,unconventional oil,2010,CH4,0.0882,Tg
Switzerland,crude oil,unconventional oil,unconventional oil,2015,CH4,0.0882,Tg
Switzerland,crude oil,unconventional oil,unconventional oil,1975,CO2_FUG,0.2710909091,MTC
Switzerland,crude oil,unconventional oil,unconventional oil,1990,CO2_FUG,0.2710909091,MTC
Switzerland,crude oil,unconventional oil,unconventional oil,2005,CO2_FUG,0.2710909091,MTC
Switzerland,crude oil,unconventional oil,unconventional oil,2010,CO2_FUG,0.2710909091,MTC
Switzerland,crude oil,unconventional oil,unconventional oil,2015,CO2_FUG,0.2710909091,MTC
Switzerland,crude oil,unconventional oil,unconventional oil,1975,N2O,9.39e-07,Tg
Switzerland,crude oil,unconventional oil,unconventional oil,1990,N2O,9.39e-07,Tg
Switzerland,crude oil,unconventional oil,unconventional oil,2005,N2O,9.39e-07,Tg
Switzerland,crude oil,unconventional oil,unconventional oil,2010,N2O,9.39e-07,Tg
Switzerland,crude oil,unconventional oil,unconventional oil,2015,N2O,9.39e-07,Tg
Turkey,crude oil,unconventional oil,unconventional oil,1975,CH4,0.0882,Tg
Turkey,crude oil,unconventional oil,unconventional oil,1990,CH4,0.0882,Tg
Turkey,crude oil,unconventional oil,unconventional oil,2005,CH4,0.0882,Tg
Turkey,crude oil,unconventional oil,unconventional oil,2010,CH4,0.0882,Tg
Turkey,crude oil,unconventional oil,unconventional oil,2015,CH4,0.0882,Tg
Turkey,crude oil,unconventional oil,unconventional oil,1975,CO2_FUG,0.2710909091,MTC
Turkey,crude oil,unconventional oil,unconventional oil,1990,CO2_FUG,0.2710909091,MTC
Turkey,crude oil,unconventional oil,unconventional oil,2005,CO2_FUG,0.2710909091,MTC
Turkey,crude oil,unconventional oil,unconventional oil,2010,CO2_FUG,0.2710909091,MTC
Turkey,crude oil,unconventional oil,unconventional oil,2015,CO2_FUG,0.2710909091,MTC
Turkey,crude oil,unconventional oil,unconventional oil,1975,N2O,9.39e-07,Tg
Turkey,crude oil,unconventional oil,unconventional oil,1990,N2O,9.39e-07,Tg
Turkey,crude oil,unconventional oil,unconventional oil,2005,N2O,9.39e-07,Tg
Turkey,crude oil,unconventional oil,unconventional oil,2010,N2O,9.39e-07,Tg
Turkey,crude oil,unconventional oil,unconventional oil,2015,N2O,9.39e-07,Tg
UK,crude oil,unconventional oil,unconventional oil,1975,CH4,0.0882,Tg
UK,crude oil,unconventional oil,unconventional oil,1990,CH4,0.0882,Tg
UK,crude oil,unconventional oil,unconventional oil,2005,CH4,0.0882,Tg
UK,crude oil,unconventional oil,unconventional oil,2010,CH4,0.0882,Tg
UK,crude oil,unconventional oil,unconventional oil,2015,CH4,0.0882,Tg
UK,crude oil,unconventional oil,unconventional oil,1975,CO2_FUG,0.2710909091,MTC
UK,crude oil,unconventional oil,unconventional oil,1990,CO2_FUG,0.2710909091,MTC
UK,crude oil,unconventional oil,unconventional oil,2005,CO2_FUG,0.2710909091,MTC
UK,crude oil,unconventional oil,unconventional oil,2010,CO2_FUG,0.2710909091,MTC
UK,crude oil,unconventional oil,unconventional oil,2015,CO2_FUG,0.2710909091,MTC
UK,crude oil,unconventional oil,unconventional oil,1975,N2O,9.39e-07,Tg
UK,crude oil,unconventional oil,unconventional oil,1990,N2O,9.39e-07,Tg
UK,crude oil,unconventional oil,unconventional oil,2005,N2O,9.39e-07,Tg
UK,crude oil,unconventional oil,unconventional oil,2010,N2O,9.39e-07,Tg
UK,crude oil,unconventional oil,unconventional oil,2015,N2O,9.39e-07,Tg
Ukraine,crude oil,unconventional oil,unconventional oil,1975,CH4,0.0882,Tg
Ukraine,crude oil,unconventional oil,unconventional oil,1990,CH4,0.0882,Tg
Ukraine,crude oil,unconventional oil,unconventional oil,2005,CH4,0.0882,Tg
Ukraine,crude oil,unconventional oil,unconventional oil,2010,CH4,0.0882,Tg
Ukraine,crude oil,unconventional oil,unconventional oil,2015,CH4,0.0882,Tg
Ukraine,crude oil,unconventional oil,unconventional oil,1975,CO2_FUG,0.2710909091,MTC
Ukraine,crude oil,unconventional oil,unconventional oil,1990,CO2_FUG,0.2710909091,MTC
Ukraine,crude oil,unconventional oil,unconventional oil,2005,CO2_FUG,0.2710909091,MTC
Ukraine,crude oil,unconventional oil,unconventional oil,2010,CO2_FUG,0.2710909091,MTC
Ukraine,crude oil,unconventional oil,unconventional oil,2015,CO2_FUG,0.2710909091,MTC
Ukraine,crude oil,unconventional oil,unconventional oil,1975,N2O,9.39e-07,Tg
Ukraine,crude oil,unconventional oil,unconventional oil,1990,N2O,9.39e-07,Tg
Ukraine,crude oil,unconventional oil,unconventional oil,2005,N2O,9.39e-07,Tg
Ukraine,crude oil,unconventional oil,unconventional oil,2010,N2O,9.39e-07,Tg
Ukraine,crude oil,unconventional oil,unconventional oil,2015,N2O,9.39e-07,Tg
USA,coal,coal,coal,1975,CH4,0.1917383426,Tg
USA,coal,coal,coal,1975,CO2_FUG,0.4347865423,MTC
USA,coal,coal,coal,1975,N2O,0,Tg
USA,crude oil,crude oil,crude oil,1975,CH4,0.2461823728,Tg
USA,crude oil,crude oil,crude oil,1975,CO2_FUG,0.2966313256,MTC
USA,crude oil,crude oil,crude oil,1975,N2O,0,Tg
USA,natural gas,natural gas,natural gas,1975,CH4,0.2461823728,Tg
USA,natural gas,natural gas,natural gas,1975,CO2_FUG,0.2966313256,MTC
USA,natural gas,natural gas,natural gas,1975,N2O,0,Tg
USA,coal,coal,coal,1990,CH4,0.1848987391,Tg
USA,coal,coal,coal,1990,CO2_FUG,0.2675507327,MTC
USA,coal,coal,coal,1990,N2O,0,Tg
USA,crude oil,crude oil,crude oil,1990,CH4,0.265871253,Tg
USA,crude oil,crude oil,crude oil,1990,CO2_FUG,0.3203549521,MTC
USA,crude oil,crude oil,crude oil,1990,N2O,2.809480491e-06,Tg
USA,natural gas,natural gas,natural gas,1990,CH4,0.265871253,Tg
USA,natural gas,natural gas,natural gas,1990,CO2_FUG,0.3203549521,MTC
USA,natural gas,natural gas,natural gas,1990,N2O,2.809480491e-06,Tg
USA,coal,coal,coal,2005,CH4,0.1194645614,Tg
USA,coal,coal,coal,2005,CO2_FUG,0.1714520881,MTC
USA,coal,coal,coal,2005,N2O,0,Tg
USA,crude oil,crude oil,crude oil,2005,CH4,0.2627008143,Tg
USA,crude oil,crude oil,crude oil,2005,CO2_FUG,0.3283744063,MTC
USA,crude oil,crude oil,crude oil,2005,N2O,3.535547401e-06,Tg
USA,natural gas,natural gas,natural gas,2005,CH4,0.2627008143,Tg
USA,natural gas,natural gas,natural gas,2005,CO2_FUG,0.3283744063,MTC
USA,natural gas,natural gas,natural gas,2005,N2O,3.535547401e-06,Tg
USA,coal,coal,coal,2010,CH4,0.1619244528,Tg
USA,coal,coal,coal,2010,CO2_FUG,0.1797175603,MTC
USA,coal,coal,coal,2010,N2O,0,Tg
USA,crude oil,crude oil,crude oil,2010,CH4,0.2144884533,Tg
USA,crude oil,crude oil,crude oil,2010,CO2_FUG,0.3154001474,MTC
USA,crude oil,crude oil,crude oil,2010,N2O,3.054473386e-06,Tg
USA,natural gas,natural gas,natural gas,2010,CH4,0.2144884533,Tg
USA,natural gas,natural gas,natural gas,2010,CO2_FUG,0.3154001474,MTC
USA,natural gas,natural gas,natural gas,2010,N2O,3.054473386e-06,Tg
USA,coal,coal,coal,2015,CH4,0.1520797488,Tg
USA,coal,coal,coal,2015,CO2_FUG,0.3021452267,MTC
USA,coal,coal,coal,2015,N2O,0,Tg
USA,crude oil,crude oil,crude oil,2015,CH4,0.1493332832,Tg
USA,crude oil,crude oil,crude oil,2015,CO2_FUG,0.3319791852,MTC
USA,crude oil,crude oil,crude oil,2015,N2O,2.356560627e-06,Tg
USA,natural gas,natural gas,natural gas,2015,CH4,0.1493332832,Tg
USA,natural gas,natural gas,natural gas,2015,CO2_FUG,0.3319791852,MTC
USA,natural gas,natural gas,natural gas,2015,N2O,2.356560627e-06,Tg
Africa_Eastern,coal,coal,coal,1975,CH4,0.2665364439,Tg
Africa_Eastern,coal,coal,coal,1975,CO2_FUG,0,MTC
Africa_Eastern,coal,coal,coal,1975,N2O,0,Tg
Africa_Eastern,crude oil,crude oil,crude oil,1975,CH4,0.3753392728,Tg
Africa_Eastern,crude oil,crude oil,crude oil,1975,CO2_FUG,0.6365496618,MTC
Africa_Eastern,crude oil,crude oil,crude oil,1975,N2O,0,Tg
Africa_Eastern,natural gas,natural gas,natural gas,1975,CH4,0.3155083342,Tg
Africa_Eastern,natural gas,natural gas,natural gas,1975,CO2_FUG,0.05696716155,MTC
Africa_Eastern,natural gas,natural gas,natural gas,1975,N2O,0,Tg
Africa_Eastern,coal,coal,coal,1990,CH4,0.3080877015,Tg
Africa_Eastern,coal,coal,coal,1990,CO2_FUG,0,MTC
Africa_Eastern,coal,coal,coal,1990,N2O,0,Tg
Africa_Eastern,crude oil,crude oil,crude oil,1990,CH4,0.3502836644,Tg
Africa_Eastern,crude oil,crude oil,crude oil,1990,CO2_FUG,0.3499209282,MTC
Africa_Eastern,crude oil,crude oil,crude oil,1990,N2O,0,Tg
Africa_Eastern,natural gas,natural gas,natural gas,1990,CH4,0.3306434513,Tg
Africa_Eastern,natural gas,natural gas,natural gas,1990,CO2_FUG,0.3203549521,MTC
Africa_Eastern,natural gas,natural gas,natural gas,1990,N2O,0,Tg
Africa_Eastern,coal,coal,coal,2005,CH4,0.2011892418,Tg
Africa_Eastern,coal,coal,coal,2005,CO2_FUG,0,MTC
Africa_Eastern,coal,coal,coal,2005,N2O,0,Tg
Africa_Eastern,crude oil,crude oil,crude oil,2005,CH4,0.07345209058,Tg
Africa_Eastern,crude oil,crude oil,crude oil,2005,CO2_FUG,0.1318799707,MTC
Africa_Eastern,crude oil,crude oil,crude oil,2005,N2O,0,Tg
Africa_Eastern,natural gas,natural gas,natural gas,2005,CH4,0.07345209058,Tg
Africa_Eastern,natural gas,natural gas,natural gas,2005,CO2_FUG,0.1318799707,MTC
Africa_Eastern,natural gas,natural gas,natural gas,2005,N2O,0,Tg
Africa_Eastern,coal,coal,coal,2010,CH4,0.20450647,Tg
Africa_Eastern,coal,coal,coal,2010,CO2_FUG,0,MTC
Africa_Eastern,coal,coal,coal,2010,N2O,0,Tg
Africa_Eastern,crude oil,crude oil,crude oil,2010,CH4,0.06875805181,Tg
Africa_Eastern,crude oil,crude oil,crude oil,2010,CO2_FUG,0.1379380533,MTC
Africa_Eastern,crude oil,crude oil,crude oil,2010,N2O,0,Tg
Africa_Eastern,natural gas,natural gas,natural gas,2010,CH4,0.06875805181,Tg
Africa_Eastern,natural gas,natural gas,natural gas,2010,CO2_FUG,0.1379380533,MTC
Africa_Eastern,natural gas,natural gas,natural gas,2010,N2O,0,Tg
Africa_Eastern,coal,coal,coal,2015,CH4,0.1941616332,Tg
Africa_Eastern,coal,coal,coal,2015,CO2_FUG,0,MTC
Africa_Eastern,coal,coal,coal,2015,N2O,0,Tg
Africa_Eastern,crude oil,crude oil,crude oil,2015,CH4,0.1083923474,Tg
Africa_Eastern,crude oil,crude oil,crude oil,2015,CO2_FUG,0.2302379127,MTC
Africa_Eastern,crude oil,crude oil,crude oil,2015,N2O,0,Tg
Africa_Eastern,natural gas,natural gas,natural gas,2015,CH4,0.1083923474,Tg
Africa_Eastern,natural gas,natural gas,natural gas,2015,CO2_FUG,0.2302379127,MTC
Africa_Eastern,natural gas,natural gas,natural gas,2015,N2O,0,Tg
Africa_Northern,coal,coal,coal,1975,CH4,1.021487565,Tg
Africa_Northern,coal,coal,coal,1975,CO2_FUG,0.5019497772,MTC
Africa_Northern,coal,coal,coal,1975,N2O,0.0004297381425,Tg
Africa_Northern,crude oil,crude oil,crude oil,1975,CH4,1.192449907,Tg
Africa_Northern,crude oil,crude oil,crude oil,1975,CO2_FUG,1.368132908,MTC
Africa_Northern,crude oil,crude oil,crude oil,1975,N2O,1.625669766e-06,Tg
Africa_Northern,natural gas,natural gas,natural gas,1975,CH4,1.192449907,Tg
Africa_Northern,natural gas,natural gas,natural gas,1975,CO2_FUG,1.368132908,MTC
Africa_Northern,natural gas,natural gas,natural gas,1975,N2O,1.625669766e-06,Tg
Africa_Northern,coal,coal,coal,1990,CH4,1.704561817,Tg
Africa_Northern,coal,coal,coal,1990,CO2_FUG,8.880604068,MTC
Africa_Northern,coal,coal,coal,1990,N2O,0.0008187136488,Tg
Africa_Northern,crude oil,crude oil,crude oil,1990,CH4,0.7710057384,Tg
Africa_Northern,crude oil,crude oil,crude oil,1990,CO2_FUG,0.6630485063,MTC
Africa_Northern,crude oil,crude oil,crude oil,1990,N2O,2.059654025e-06,Tg
Africa_Northern,natural gas,natural gas,natural gas,1990,CH4,0.7710057384,Tg
Africa_Northern,natural gas,natural gas,natural gas,1990,CO2_FUG,0.6630485063,MTC
Africa_Northern,natural gas,natural gas,natural gas,1990,N2O,2.059654025e-06,Tg
Africa_Northern,coal,coal,coal,2005,CH4,0.2011892418,Tg
Africa_Northern,coal,coal,coal,2005,CO2_FUG,0.5399132017,MTC
Africa_Northern,coal,coal,coal,2005,N2O,0,Tg
Africa_Northern,crude oil,crude oil,crude oil,2005,CH4,0.6482191108,Tg
Africa_Northern,crude oil,crude oil,crude oil,2005,CO2_FUG,0.4934763367,MTC
Africa_Northern,crude oil,crude oil,crude oil,2005,N2O,1.382947094e-06,Tg
Africa_Northern,natural gas,natural gas,natural gas,2005,CH4,0.6482191108,Tg
Africa_Northern,natural gas,natural gas,natural gas,2005,CO2_FUG,0.4934763367,MTC
Africa_Northern,natural gas,natural gas,natural gas,2005,N2O,1.382947094e-06,Tg
Africa_Northern,coal,coal,coal,2010,CH4,0.20450647,Tg
Africa_Northern,coal,coal,coal,2010,CO2_FUG,0.3980598136,MTC
Africa_Northern,coal,coal,coal,2010,N2O,0,Tg
Africa_Northern,crude oil,crude oil,crude oil,2010,CH4,0.5680044535,Tg
Africa_Northern,crude oil,crude oil,crude oil,2010,CO2_FUG,0.4312633525,MTC
Africa_Northern,crude oil,crude oil,crude oil,2010,N2O,1.359317603e-06,Tg
Africa_Northern,natural gas,natural gas,natural gas,2010,CH4,0.5680044535,Tg
Africa_Northern,natural gas,natural gas,natural gas,2010,CO2_FUG,0.4312633525,MTC
Africa_Northern,natural gas,natural gas,natural gas,2010,N2O,1.359317603e-06,Tg
Africa_Northern,coal,coal,coal,2015,CH4,0.1941616332,Tg
Africa_Northern,coal,coal,coal,2015,CO2_FUG,0.4351290798,MTC
Africa_Northern,coal,coal,coal,2015,N2O,0,Tg
Africa_Northern,crude oil,crude oil,crude oil,2015,CH4,0.5475285099,Tg
Africa_Northern,crude oil,crude oil,crude oil,2015,CO2_FUG,0.5273762877,MTC
Africa_Northern,crude oil,crude oil,crude oil,2015,N2O,9.718411657e-07,Tg
Africa_Northern,natural gas,natural gas,natural gas,2015,CH4,0.5475285099,Tg
Africa_Northern,natural gas,natural gas,natural gas,2015,CO2_FUG,0.5273762877,MTC
Africa_Northern,natural gas,natural gas,natural gas,2015,N2O,9.718411657e-07,Tg
Africa_Southern,coal,coal,coal,1975,CH4,2.068729916,Tg
Africa_Southern,coal,coal,coal,1975,CO2_FUG,1.270118914,MTC
Africa_Southern,coal,coal,coal,1975,N2O,0.002218368987,Tg
Africa_Southern,crude oil,crude oil,crude oil,1975,CH4,4.264628703,Tg
Africa_Southern,crude oil,crude oil,crude oil,1975,CO2_FUG,7.00024617,MTC
Africa_Southern,crude oil,crude oil,crude oil,1975,N2O,0,Tg
Africa_Southern,natural gas,natural gas,natural gas,1975,CH4,0.3155083342,Tg
Africa_Southern,natural gas,natural gas,natural gas,1975,CO2_FUG,0.3915210585,MTC
Africa_Southern,natural gas,natural gas,natural gas,1975,N2O,0,Tg
Africa_Southern,coal,coal,coal,1990,CH4,1.457955294,Tg
Africa_Southern,coal,coal,coal,1990,CO2_FUG,0,MTC
Africa_Southern,coal,coal,coal,1990,N2O,0.001627571495,Tg
Africa_Southern,crude oil,crude oil,crude oil,1990,CH4,1.208672658,Tg
Africa_Southern,crude oil,crude oil,crude oil,1990,CO2_FUG,1.924360644,MTC
Africa_Southern,crude oil,crude oil,crude oil,1990,N2O,0,Tg
Africa_Southern,natural gas,natural gas,natural gas,1990,CH4,1.208672658,Tg
Africa_Southern,natural gas,natural gas,natural gas,1990,CO2_FUG,1.924360644,MTC
Africa_Southern,natural gas,natural gas,natural gas,1990,N2O,0,Tg
Africa_Southern,coal,coal,coal,2005,CH4,3.426097393,Tg
Africa_Southern,coal,coal,coal,2005,CO2_FUG,0.8490736579,MTC
Africa_Southern,coal,coal,coal,2005,N2O,0.004253281972,Tg
Africa_Southern,crude oil,crude oil,crude oil,2005,CH4,0.3150790535,Tg
Africa_Southern,crude oil,crude oil,crude oil,2005,CO2_FUG,0.8855955686,MTC
Africa_Southern,crude oil,crude oil,crude oil,2005,N2O,0,Tg
Africa_Southern,natural gas,natural gas,natural gas,2005,CH4,0.3150790535,Tg
Africa_Southern,natural gas,natural gas,natural gas,2005,CO2_FUG,0.8855955686,MTC
Africa_Southern,natural gas,natural gas,natural gas,2005,N2O,0,Tg
Africa_Southern,coal,coal,coal,2010,CH4,4.827361749,Tg
Africa_Southern,coal,coal,coal,2010,CO2_FUG,0.4210865798,MTC
Africa_Southern,coal,coal,coal,2010,N2O,0.006232428022,Tg
Africa_Southern,crude oil,crude oil,crude oil,2010,CH4,0.2095577464,Tg
Africa_Southern,crude oil,crude oil,crude oil,2010,CO2_FUG,0.5404338309,MTC
Africa_Southern,crude oil,crude oil,crude oil,2010,N2O,2.389238806e-06,Tg
Africa_Southern,natural gas,natural gas,natural gas,2010,CH4,0.2095577464,Tg
Africa_Southern,natural gas,natural gas,natural gas,2010,CO2_FUG,0.5404338309,MTC
Africa_Southern,natural gas,natural gas,natural gas,2010,N2O,2.389238806e-06,Tg
Africa_Southern,coal,coal,coal,2015,CH4,2.03103422,Tg
Africa_Southern,coal,coal,coal,2015,CO2_FUG,0.1486694262,MTC
Africa_Southern,coal,coal,coal,2015,N2O,0.002156870591,Tg
Africa_Southern,crude oil,crude oil,crude oil,2015,CH4,0.2507275009,Tg
Africa_Southern,crude oil,crude oil,crude oil,2015,CO2_FUG,0.6751649203,MTC
Africa_Southern,crude oil,crude oil,crude oil,2015,N2O,2.377307602e-06,Tg
Africa_Southern,natural gas,natural gas,natural gas,2015,CH4,0.2507275009,Tg
Africa_Southern,natural gas,natural gas,natural gas,2015,CO2_FUG,0.6751649203,MTC
Africa_Southern,natural gas,natural gas,natural gas,2015,N2O,2.377307602e-06,Tg
Africa_Western,coal,coal,coal,1975,CH4,0.2665364439,Tg
Africa_Western,coal,coal,coal,1975,CO2_FUG,0,MTC
Africa_Western,coal,coal,coal,1975,N2O,0,Tg
Africa_Western,crude oil,crude oil,crude oil,1975,CH4,2.215641681,Tg
Africa_Western,crude oil,crude oil,crude oil,1975,CO2_FUG,4.062739505,MTC
Africa_Western,crude oil,crude oil,crude oil,1975,N2O,2.326245342e-06,Tg
Africa_Western,natural gas,natural gas,natural gas,1975,CH4,2.215641681,Tg
Africa_Western,natural gas,natural gas,natural gas,1975,CO2_FUG,4.062739505,MTC
Africa_Western,natural gas,natural gas,natural gas,1975,N2O,2.326245342e-06,Tg
Africa_Western,coal,coal,coal,1990,CH4,0.3080877015,Tg
Africa_Western,coal,coal,coal,1990,CO2_FUG,0,MTC
Africa_Western,coal,coal,coal,1990,N2O,0,Tg
Africa_Western,crude oil,crude oil,crude oil,1990,CH4,1.704510017,Tg
Africa_Western,crude oil,crude oil,crude oil,1990,CO2_FUG,2.735424569,MTC
Africa_Western,crude oil,crude oil,crude oil,1990,N2O,1.915545685e-06,Tg
Africa_Western,natural gas,natural gas,natural gas,1990,CH4,1.704510017,Tg
Africa_Western,natural gas,natural gas,natural gas,1990,CO2_FUG,2.735424569,MTC
Africa_Western,natural gas,natural gas,natural gas,1990,N2O,1.915545685e-06,Tg
Africa_Western,coal,coal,coal,2005,CH4,0.2011892418,Tg
Africa_Western,coal,coal,coal,2005,CO2_FUG,0.04252275361,MTC
Africa_Western,coal,coal,coal,2005,N2O,0,Tg
Africa_Western,crude oil,crude oil,crude oil,2005,CH4,0.7635936678,Tg
Africa_Western,crude oil,crude oil,crude oil,2005,CO2_FUG,1.95055334,MTC
Africa_Western,crude oil,crude oil,crude oil,2005,N2O,1.194899988e-06,Tg
Africa_Western,natural gas,natural gas,natural gas,2005,CH4,0.7635936678,Tg
Africa_Western,natural gas,natural gas,natural gas,2005,CO2_FUG,1.95055334,MTC
Africa_Western,natural gas,natural gas,natural gas,2005,N2O,1.194899988e-06,Tg
Africa_Western,coal,coal,coal,2010,CH4,0.20450647,Tg
Africa_Western,coal,coal,coal,2010,CO2_FUG,1.008446386,MTC
Africa_Western,coal,coal,coal,2010,N2O,0,Tg
Africa_Western,crude oil,crude oil,crude oil,2010,CH4,0.6095316582,Tg
Africa_Western,crude oil,crude oil,crude oil,2010,CO2_FUG,1.394031545,MTC
Africa_Western,crude oil,crude oil,crude oil,2010,N2O,1.130749518e-06,Tg
Africa_Western,natural gas,natural gas,natural gas,2010,CH4,0.6095316582,Tg
Africa_Western,natural gas,natural gas,natural gas,2010,CO2_FUG,1.394031545,MTC
Africa_Western,natural gas,natural gas,natural gas,2010,N2O,1.130749518e-06,Tg
Africa_Western,coal,coal,coal,2015,CH4,0.1941616332,Tg
Africa_Western,coal,coal,coal,2015,CO2_FUG,0,MTC
Africa_Western,coal,coal,coal,2015,N2O,0,Tg
Africa_Western,crude oil,crude oil,crude oil,2015,CH4,0.608990693,Tg
Africa_Western,crude oil,crude oil,crude oil,2015,CO2_FUG,1.265015061,MTC
Africa_Western,crude oil,crude oil,crude oil,2015,N2O,1.206022467e-06,Tg
Africa_Western,natural gas,natural gas,natural gas,2015,CH4,0.608990693,Tg
Africa_Western,natural gas,natural gas,natural gas,2015,CO2_FUG,1.265015061,MTC
Africa_Western,natural gas,natural gas,natural gas,2015,N2O,1.206022467e-06,Tg
Australia_NZ,coal,coal,coal,1975,CH4,0.2781072666,Tg
Australia_NZ,coal,coal,coal,1975,CO2_FUG,0.5831811163,MTC
Australia_NZ,coal,coal,coal,1975,N2O,0,Tg
Australia_NZ,crude oil,crude oil,crude oil,1975,CH4,0.07782093511,Tg
Australia_NZ,crude oil,crude oil,crude oil,1975,CO2_FUG,1.398916021,MTC
Australia_NZ,crude oil,crude oil,crude oil,1975,N2O,0,Tg
Australia_NZ,natural gas,natural gas,natural gas,1975,CH4,0.07782093511,Tg
Australia_NZ,natural gas,natural gas,natural gas,1975,CO2_FUG,1.398916021,MTC
Australia_NZ,natural gas,natural gas,natural gas,1975,N2O,0,Tg
Australia_NZ,coal,coal,coal,1990,CH4,0.191808022,Tg
Australia_NZ,coal,coal,coal,1990,CO2_FUG,0.1571479926,MTC
Australia_NZ,coal,coal,coal,1990,N2O,0,Tg
Australia_NZ,crude oil,crude oil,crude oil,1990,CH4,0.1683989171,Tg
Australia_NZ,crude oil,crude oil,crude oil,1990,CO2_FUG,0.8375074634,MTC
Australia_NZ,crude oil,crude oil,crude oil,1990,N2O,0,Tg
Australia_NZ,natural gas,natural gas,natural gas,1990,CH4,0.1683989171,Tg
Australia_NZ,natural gas,natural gas,natural gas,1990,CO2_FUG,0.8375074634,MTC
Australia_NZ,natural gas,natural gas,natural gas,1990,N2O,0,Tg
Australia_NZ,coal,coal,coal,2005,CH4,0.1330234123,Tg
Australia_NZ,coal,coal,coal,2005,CO2_FUG,0.04385716227,MTC
Australia_NZ,coal,coal,coal,2005,N2O,0,Tg
Australia_NZ,crude oil,crude oil,crude oil,2005,CH4,0.1047831879,Tg
Australia_NZ,crude oil,crude oil,crude oil,2005,CO2_FUG,0.7301356529,MTC
Australia_NZ,crude oil,crude oil,crude oil,2005,N2O,0,Tg
Australia_NZ,natural gas,natural gas,natural gas,2005,CH4,0.1047831879,Tg
Australia_NZ,natural gas,natural gas,natural gas,2005,CO2_FUG,0.7301356529,MTC
Australia_NZ,natural gas,natural gas,natural gas,2005,N2O,0,Tg
Australia_NZ,coal,coal,coal,2010,CH4,0.1207712805,Tg
Australia_NZ,coal,coal,coal,2010,CO2_FUG,0.09981166217,MTC
Australia_NZ,coal,coal,coal,2010,N2O,0,Tg
Australia_NZ,crude oil,crude oil,crude oil,2010,CH4,0.08851432169,Tg
Australia_NZ,crude oil,crude oil,crude oil,2010,CO2_FUG,0.7333947145,MTC
Australia_NZ,crude oil,crude oil,crude oil,2010,N2O,0,Tg
Australia_NZ,natural gas,natural gas,natural gas,2010,CH4,0.08851432169,Tg
Australia_NZ,natural gas,natural gas,natural gas,2010,CO2_FUG,0.7333947145,MTC
Australia_NZ,natural gas,natural gas,natural gas,2010,N2O,0,Tg
Australia_NZ,coal,coal,coal,2015,CH4,0.1065949991,Tg
Australia_NZ,coal,coal,coal,2015,CO2_FUG,0.02771223737,MTC
Australia_NZ,coal,coal,coal,2015,N2O,0,Tg
Australia_NZ,crude oil,crude oil,crude oil,2015,CH4,0.1062844309,Tg
Australia_NZ,crude oil,crude oil,crude oil,2015,CO2_FUG,0.8478626162,MTC
Australia_NZ,crude oil,crude oil,crude oil,2015,N2O,0,Tg
Australia_NZ,natural gas,natural gas,natural gas,2015,CH4,0.1062844309,Tg
Australia_NZ,natural gas,natural gas,natural gas,2015,CO2_FUG,0.8478626162,MTC
Australia_NZ,natural gas,natural gas,natural gas,2015,N2O,0,Tg
Brazil,coal,coal,coal,1975,CH4,13.00974062,Tg
Brazil,coal,coal,coal,1975,CO2_FUG,7.647346377,MTC
Brazil,coal,coal,coal,1975,N2O,0.01736556154,Tg
Brazil,crude oil,crude oil,crude oil,1975,CH4,0.4900609421,Tg
Brazil,crude oil,crude oil,crude oil,1975,CO2_FUG,0.666965926,MTC
Brazil,crude oil,crude oil,crude oil,1975,N2O,0,Tg
Brazil,natural gas,natural gas,natural gas,1975,CH4,0.4900609421,Tg
Brazil,natural gas,natural gas,natural gas,1975,CO2_FUG,0.666965926,MTC
Brazil,natural gas,natural gas,natural gas,1975,N2O,0,Tg
Brazil,coal,coal,coal,1990,CH4,8.720453924,Tg
Brazil,coal,coal,coal,1990,CO2_FUG,11.07695482,MTC
Brazil,coal,coal,coal,1990,N2O,0,Tg
Brazil,crude oil,crude oil,crude oil,1990,CH4,0.3699238775,Tg
Brazil,crude oil,crude oil,crude oil,1990,CO2_FUG,0.4668238443,MTC
Brazil,crude oil,crude oil,crude oil,1990,N2O,0,Tg
Brazil,natural gas,natural gas,natural gas,1990,CH4,0.3699238775,Tg
Brazil,natural gas,natural gas,natural gas,1990,CO2_FUG,0.4668238443,MTC
Brazil,natural gas,natural gas,natural gas,1990,N2O,0,Tg
Brazil,coal,coal,coal,2005,CH4,6.745791478,Tg
Brazil,coal,coal,coal,2005,CO2_FUG,3.024103724,MTC
Brazil,coal,coal,coal,2005,N2O,0.008460119286,Tg
Brazil,crude oil,crude oil,crude oil,2005,CH4,0.1778376297,Tg
Brazil,crude oil,crude oil,crude oil,2005,CO2_FUG,0.2541071187,MTC
Brazil,crude oil,crude oil,crude oil,2005,N2O,2.469246882e-06,Tg
Brazil,natural gas,natural gas,natural gas,2005,CH4,0.1778376297,Tg
Brazil,natural gas,natural gas,natural gas,2005,CO2_FUG,0.2541071187,MTC
Brazil,natural gas,natural gas,natural gas,2005,N2O,2.469246882e-06,Tg
Brazil,coal,coal,coal,2010,CH4,6.170360992,Tg
Brazil,coal,coal,coal,2010,CO2_FUG,7.400877436,MTC
Brazil,coal,coal,coal,2010,N2O,0.007621721542,Tg
Brazil,crude oil,crude oil,crude oil,2010,CH4,0.1385108513,Tg
Brazil,crude oil,crude oil,crude oil,2010,CO2_FUG,0.127375263,MTC
Brazil,crude oil,crude oil,crude oil,2010,N2O,1.893544017e-06,Tg
Brazil,natural gas,natural gas,natural gas,2010,CH4,0.1385108513,Tg
Brazil,natural gas,natural gas,natural gas,2010,CO2_FUG,0.127375263,MTC
Brazil,natural gas,natural gas,natural gas,2010,N2O,1.893544017e-06,Tg
Brazil,coal,coal,coal,2015,CH4,3.725450063,Tg
Brazil,coal,coal,coal,2015,CO2_FUG,4.198713221,MTC
Brazil,coal,coal,coal,2015,N2O,0.00434966679,Tg
Brazil,crude oil,crude oil,crude oil,2015,CH4,0.134569381,Tg
Brazil,crude oil,crude oil,crude oil,2015,CO2_FUG,0.08358296816,MTC
Brazil,crude oil,crude oil,crude oil,2015,N2O,1.573671617e-06,Tg
Brazil,natural gas,natural gas,natural gas,2015,CH4,0.134569381,Tg
Brazil,natural gas,natural gas,natural gas,2015,CO2_FUG,0.08358296816,MTC
Brazil,natural gas,natural gas,natural gas,2015,N2O,1.573671617e-06,Tg
Canada,coal,coal,coal,1975,CH4,0.0902129222,Tg
Canada,coal,coal,coal,1975,CO2_FUG,0.6013601859,MTC
Canada,coal,coal,coal,1975,N2O,0,Tg
Canada,crude oil,crude oil,crude oil,1975,CH4,0.1532122013,Tg
Canada,crude oil,crude oil,crude oil,1975,CO2_FUG,0.3080448928,MTC
Canada,crude oil,crude oil,crude oil,1975,N2O,1.659523643e-06,Tg
Canada,natural gas,natural gas,natural gas,1975,CH4,0.1532122013,Tg
Canada,natural gas,natural gas,natural gas,1975,CO2_FUG,0.3080448928,MTC
Canada,natural gas,natural gas,natural gas,1975,N2O,1.659523643e-06,Tg
Canada,coal,coal,coal,1990,CH4,0.06672615198,Tg
Canada,coal,coal,coal,1990,CO2_FUG,0.1530658838,MTC
Canada,coal,coal,coal,1990,N2O,0,Tg
Canada,crude oil,crude oil,crude oil,1990,CH4,0.2174696159,Tg
Canada,crude oil,crude oil,crude oil,1990,CO2_FUG,0.3665549259,MTC
Canada,crude oil,crude oil,crude oil,1990,N2O,1.405451775e-06,Tg
Canada,natural gas,natural gas,natural gas,1990,CH4,0.178579672,Tg
Canada,natural gas,natural gas,natural gas,1990,CO2_FUG,0.4177180007,MTC
Canada,natural gas,natural gas,natural gas,1990,N2O,1.307950196e-06,Tg
Canada,coal,coal,coal,2005,CH4,0.03295957641,Tg
Canada,coal,coal,coal,2005,CO2_FUG,0.1125025567,MTC
Canada,coal,coal,coal,2005,N2O,0,Tg
Canada,crude oil,crude oil,crude oil,2005,CH4,0.288792578,Tg
Canada,crude oil,crude oil,crude oil,2005,CO2_FUG,0.1425056645,MTC
Canada,crude oil,crude oil,crude oil,2005,N2O,7.287921253e-07,Tg
Canada,natural gas,natural gas,natural gas,2005,CH4,0.1789514636,Tg
Canada,natural gas,natural gas,natural gas,2005,CO2_FUG,0.3402895473,MTC
Canada,natural gas,natural gas,natural gas,2005,N2O,8.034240698e-07,Tg
Canada,coal,coal,coal,2010,CH4,0.0345691749,Tg
Canada,coal,coal,coal,2010,CO2_FUG,0.2971051075,MTC
Canada,coal,coal,coal,2010,N2O,0,Tg
Canada,crude oil,crude oil,crude oil,2010,CH4,0.267365273,Tg
Canada,crude oil,crude oil,crude oil,2010,CO2_FUG,0.07097658974,MTC
Canada,crude oil,crude oil,crude oil,2010,N2O,6.911785924e-07,Tg
Canada,natural gas,natural gas,natural gas,2010,CH4,0.1603791915,Tg
Canada,natural gas,natural gas,natural gas,2010,CO2_FUG,0.3113068596,MTC
Canada,natural gas,natural gas,natural gas,2010,N2O,7.864655041e-07,Tg
Canada,coal,coal,coal,2015,CH4,0.03255315968,Tg
Canada,coal,coal,coal,2015,CO2_FUG,0.1454217362,MTC
Canada,coal,coal,coal,2015,N2O,0,Tg
Canada,crude oil,crude oil,crude oil,2015,CH4,0.2532244489,Tg
Canada,crude oil,crude oil,crude oil,2015,CO2_FUG,0.1237741618,MTC
Canada,crude oil,crude oil,crude oil,2015,N2O,1.49491411e-06,Tg
Canada,natural gas,natural gas,natural gas,2015,CH4,0.1773029259,Tg
Canada,natural gas,natural gas,natural gas,2015,CO2_FUG,0.2874656914,MTC
Canada,natural gas,natural gas,natural gas,2015,N2O,1.304628492e-06,Tg
Central America and Caribbean,coal,coal,coal,1975,CH4,0.2665364439,Tg
Central America and Caribbean,coal,coal,coal,1975,CO2_FUG,0,MTC
Central America and Caribbean,coal,coal,coal,1975,N2O,0,Tg
Central America and Caribbean,crude oil,crude oil,crude oil,1975,CH4,0.3916921922,Tg
Central America and Caribbean,crude oil,crude oil,crude oil,1975,CO2_FUG,0.5034867892,MTC
Central America and Caribbean,crude oil,crude oil,crude oil,1975,N2O,0,Tg
Central America and Caribbean,natural gas,natural gas,natural gas,1975,CH4,0.3916921922,Tg
Central America and Caribbean,natural gas,natural gas,natural gas,1975,CO2_FUG,0.5034867892,MTC
Central America and Caribbean,natural gas,natural gas,natural gas,1975,N2O,0,Tg
Central America and Caribbean,coal,coal,coal,1990,CH4,0.3080877015,Tg
Central America and Caribbean,coal,coal,coal,1990,CO2_FUG,0,MTC
Central America and Caribbean,coal,coal,coal,1990,N2O,0,Tg
Central America and Caribbean,crude oil,crude oil,crude oil,1990,CH4,0.4529187969,Tg
Central America and Caribbean,crude oil,crude oil,crude oil,1990,CO2_FUG,0.296517836,MTC
Central America and Caribbean,crude oil,crude oil,crude oil,1990,N2O,0,Tg
Central America and Caribbean,natural gas,natural gas,natural gas,1990,CH4,0.4529187969,Tg
Central America and Caribbean,natural gas,natural gas,natural gas,1990,CO2_FUG,0.296517836,MTC
Central America and Caribbean,natural gas,natural gas,natural gas,1990,N2O,0,Tg
Central America and Caribbean,coal,coal,coal,2005,CH4,0.2011892418,Tg
Central America and Caribbean,coal,coal,coal,2005,CO2_FUG,0,MTC
Central America and Caribbean,coal,coal,coal,2005,N2O,0,Tg
Central America and Caribbean,crude oil,crude oil,crude oil,2005,CH4,0.2974630182,Tg
Central America and Caribbean,crude oil,crude oil,crude oil,2005,CO2_FUG,0.09231752238,MTC
Central America and Caribbean,crude oil,crude oil,crude oil,2005,N2O,6.044153575e-06,Tg
Central America and Caribbean,natural gas,natural gas,natural gas,2005,CH4,0.2974630182,Tg
Central America and Caribbean,natural gas,natural gas,natural gas,2005,CO2_FUG,0.09231752238,MTC
Central America and Caribbean,natural gas,natural gas,natural gas,2005,N2O,6.044153575e-06,Tg
Central America and Caribbean,coal,coal,coal,2010,CH4,0.20450647,Tg
Central America and Caribbean,coal,coal,coal,2010,CO2_FUG,0,MTC
Central America and Caribbean,coal,coal,coal,2010,N2O,0,Tg
Central America and Caribbean,crude oil,crude oil,crude oil,2010,CH4,0.3000915414,Tg
Central America and Caribbean,crude oil,crude oil,crude oil,2010,CO2_FUG,0.0385180913,MTC
Central America and Caribbean,crude oil,crude oil,crude oil,2010,N2O,4.95233252e-06,Tg
Central America and Caribbean,natural gas,natural gas,natural gas,2010,CH4,0.3000915414,Tg
Central America and Caribbean,natural gas,natural gas,natural gas,2010,CO2_FUG,0.0385180913,MTC
Central America and Caribbean,natural gas,natural gas,natural gas,2010,N2O,4.95233252e-06,Tg
Central America and Caribbean,coal,coal,coal,2015,CH4,0.1941616332,Tg
Central America and Caribbean,coal,coal,coal,2015,CO2_FUG,0,MTC
Central America and Caribbean,coal,coal,coal,2015,N2O,0,Tg
Central America and Caribbean,crude oil,crude oil,crude oil,2015,CH4,0.3205846522,Tg
Central America and Caribbean,crude oil,crude oil,crude oil,2015,CO2_FUG,0.04566694641,MTC
Central America and Caribbean,crude oil,crude oil,crude oil,2015,N2O,5.776924571e-06,Tg
Central America and Caribbean,natural gas,natural gas,natural gas,2015,CH4,0.3205846522,Tg
Central America and Caribbean,natural gas,natural gas,natural gas,2015,CO2_FUG,0.04566694641,MTC
Central America and Caribbean,natural gas,natural gas,natural gas,2015,N2O,5.776924571e-06,Tg
Central Asia,coal,coal,coal,1975,CH4,0.01138984903,Tg
Central Asia,coal,coal,coal,1975,CO2_FUG,0.0114606811,MTC
Central Asia,coal,coal,coal,1975,N2O,0,Tg
Central Asia,crude oil,crude oil,crude oil,1975,CH4,0.4059789904,Tg
Central Asia,crude oil,crude oil,crude oil,1975,CO2_FUG,0.323333685,MTC
Central Asia,crude oil,crude oil,crude oil,1975,N2O,0,Tg
Central Asia,natural gas,natural gas,natural gas,1975,CH4,0.4059789904,Tg
Central Asia,natural gas,natural gas,natural gas,1975,CO2_FUG,0.323333685,MTC
Central Asia,natural gas,natural gas,natural gas,1975,N2O,0,Tg
Central Asia,coal,coal,coal,1990,CH4,0.4575501513,Tg
Central Asia,coal,coal,coal,1990,CO2_FUG,0.02213958526,MTC
Central Asia,coal,coal,coal,1990,N2O,0,Tg
Central Asia,crude oil,crude oil,crude oil,1990,CH4,0.4824949159,Tg
Central Asia,crude oil,crude oil,crude oil,1990,CO2_FUG,0.2865225757,MTC
Central Asia,crude oil,crude oil,crude oil,1990,N2O,0,Tg
Central Asia,natural gas,natural gas,natural gas,1990,CH4,0.4824949159,Tg
Central Asia,natural gas,natural gas,natural gas,1990,CO2_FUG,0.2865225757,MTC
Central Asia,natural gas,natural gas,natural gas,1990,N2O,0,Tg
Central Asia,coal,coal,coal,2005,CH4,0.3067034109,Tg
Central Asia,coal,coal,coal,2005,CO2_FUG,0.6478747459,MTC
Central Asia,coal,coal,coal,2005,N2O,0,Tg
Central Asia,crude oil,crude oil,crude oil,2005,CH4,0.3807930985,Tg
Central Asia,crude oil,crude oil,crude oil,2005,CO2_FUG,0.3234807156,MTC
Central Asia,crude oil,crude oil,crude oil,2005,N2O,2.142229627e-06,Tg
Central Asia,natural gas,natural gas,natural gas,2005,CH4,0.3807930985,Tg
Central Asia,natural gas,natural gas,natural gas,2005,CO2_FUG,0.3234807156,MTC
Central Asia,natural gas,natural gas,natural gas,2005,N2O,2.142229627e-06,Tg
Central Asia,coal,coal,coal,2010,CH4,0.3546506546,Tg
Central Asia,coal,coal,coal,2010,CO2_FUG,0.4257488078,MTC
Central Asia,coal,coal,coal,2010,N2O,0,Tg
Central Asia,crude oil,crude oil,crude oil,2010,CH4,0.2842509217,Tg
Central Asia,crude oil,crude oil,crude oil,2010,CO2_FUG,0.1849607015,MTC
Central Asia,crude oil,crude oil,crude oil,2010,N2O,3.413595152e-06,Tg
Central Asia,natural gas,natural gas,natural gas,2010,CH4,0.2842509217,Tg
Central Asia,natural gas,natural gas,natural gas,2010,CO2_FUG,0.1849607015,MTC
Central Asia,natural gas,natural gas,natural gas,2010,N2O,3.413595152e-06,Tg
Central Asia,coal,coal,coal,2015,CH4,0.3656238509,Tg
Central Asia,coal,coal,coal,2015,CO2_FUG,0.8003251522,MTC
Central Asia,coal,coal,coal,2015,N2O,0,Tg
Central Asia,crude oil,crude oil,crude oil,2015,CH4,0.3549129655,Tg
Central Asia,crude oil,crude oil,crude oil,2015,CO2_FUG,0.4014952624,MTC
Central Asia,crude oil,crude oil,crude oil,2015,N2O,7.722012599e-07,Tg
Central Asia,natural gas,natural gas,natural gas,2015,CH4,0.3549129655,Tg
Central Asia,natural gas,natural gas,natural gas,2015,CO2_FUG,0.4014952624,MTC
Central Asia,natural gas,natural gas,natural gas,2015,N2O,7.722012599e-07,Tg
China,coal,coal,coal,1975,CH4,0.4173793228,Tg
China,coal,coal,coal,1975,CO2_FUG,0.4065503276,MTC
China,coal,coal,coal,1975,N2O,0,Tg
China,crude oil,crude oil,crude oil,1975,CH4,0.2660748549,Tg
China,crude oil,crude oil,crude oil,1975,CO2_FUG,0.1975998422,MTC
China,crude oil,crude oil,crude oil,1975,N2O,0,Tg
China,natural gas,natural gas,natural gas,1975,CH4,0.2660748549,Tg
China,natural gas,natural gas,natural gas,1975,CO2_FUG,0.1975998422,MTC
China,natural gas,natural gas,natural gas,1975,N2O,0,Tg
China,coal,coal,coal,1990,CH4,0.3355900643,Tg
China,coal,coal,coal,1990,CO2_FUG,0.3084075668,MTC
China,coal,coal,coal,1990,N2O,0,Tg
China,crude oil,crude oil,crude oil,1990,CH4,0.2280231478,Tg
China,crude oil,crude oil,crude oil,1990,CO2_FUG,0.1997387457,MTC
China,crude oil,crude oil,crude oil,1990,N2O,0,Tg
China,natural gas,natural gas,natural gas,1990,CH4,0.2280231478,Tg
China,natural gas,natural gas,natural gas,1990,CO2_FUG,0.1997387457,MTC
China,natural gas,natural gas,natural gas,1990,N2O,0,Tg
China,coal,coal,coal,2005,CH4,0.26648002,Tg
China,coal,coal,coal,2005,CO2_FUG,0.2669079223,MTC
China,coal,coal,coal,2005,N2O,0,Tg
China,crude oil,crude oil,crude oil,2005,CH4,0.2105146536,Tg
China,crude oil,crude oil,crude oil,2005,CO2_FUG,0.2100315825,MTC
China,crude oil,crude oil,crude oil,2005,N2O,1.17101134e-06,Tg
China,natural gas,natural gas,natural gas,2005,CH4,0.2105146536,Tg
China,natural gas,natural gas,natural gas,2005,CO2_FUG,0.2100315825,MTC
China,natural gas,natural gas,natural gas,2005,N2O,8.034240698e-07,Tg
China,coal,coal,coal,2010,CH4,0.2509810548,Tg
China,coal,coal,coal,2010,CO2_FUG,0.3980598136,MTC
China,coal,coal,coal,2010,N2O,0,Tg
China,crude oil,crude oil,crude oil,2010,CH4,0.2201704497,Tg
China,crude oil,crude oil,crude oil,2010,CO2_FUG,0.1336115577,MTC
China,crude oil,crude oil,crude oil,2010,N2O,1.261065897e-06,Tg
China,natural gas,natural gas,natural gas,2010,CH4,0.2201704497,Tg
China,natural gas,natural gas,natural gas,2010,CO2_FUG,0.1336115577,MTC
China,natural gas,natural gas,natural gas,2010,N2O,1.152461792e-06,Tg
China,coal,coal,coal,2015,CH4,0.2565939672,Tg
China,coal,coal,coal,2015,CO2_FUG,0.6963857873,MTC
China,coal,coal,coal,2015,N2O,0,Tg
China,crude oil,crude oil,crude oil,2015,CH4,0.2366140612,Tg
China,crude oil,crude oil,crude oil,2015,CO2_FUG,0.1064008833,MTC
China,crude oil,crude oil,crude oil,2015,N2O,8.720212128e-07,Tg
China,natural gas,natural gas,natural gas,2015,CH4,0.2366140612,Tg
China,natural gas,natural gas,natural gas,2015,CO2_FUG,0.1064008833,MTC
China,natural gas,natural gas,natural gas,2015,N2O,8.720212128e-07,Tg
India,coal,coal,coal,1975,CH4,0.6385549504,Tg
India,coal,coal,coal,1975,CO2_FUG,0.006968098816,MTC
India,coal,coal,coal,1975,N2O,0.0001547132047,Tg
India,crude oil,crude oil,crude oil,1975,CH4,0.2134164629,Tg
India,crude oil,crude oil,crude oil,1975,CO2_FUG,0.03071328058,MTC
India,crude oil,crude oil,crude oil,1975,N2O,0,Tg
India,natural gas,natural gas,natural gas,1975,CH4,0.2134164629,Tg
India,natural gas,natural gas,natural gas,1975,CO2_FUG,0.03071328058,MTC
India,natural gas,natural gas,natural gas,1975,N2O,0,Tg
India,coal,coal,coal,1990,CH4,0.268103877,Tg
India,coal,coal,coal,1990,CO2_FUG,0.05809546367,MTC
India,coal,coal,coal,1990,N2O,7.769700548e-05,Tg
India,crude oil,crude oil,crude oil,1990,CH4,0.1659182552,Tg
India,crude oil,crude oil,crude oil,1990,CO2_FUG,0.02858698371,MTC
India,crude oil,crude oil,crude oil,1990,N2O,0,Tg
India,natural gas,natural gas,natural gas,1990,CH4,0.1659182552,Tg
India,natural gas,natural gas,natural gas,1990,CO2_FUG,0.02858698371,MTC
India,natural gas,natural gas,natural gas,1990,N2O,0,Tg
India,coal,coal,coal,2005,CH4,0.2544014806,Tg
India,coal,coal,coal,2005,CO2_FUG,0.5777393756,MTC
India,coal,coal,coal,2005,N2O,5.554521734e-05,Tg
India,crude oil,crude oil,crude oil,2005,CH4,0.226466533,Tg
India,crude oil,crude oil,crude oil,2005,CO2_FUG,0.01247295587,MTC
India,crude oil,crude oil,crude oil,2005,N2O,1.17101134e-06,Tg
India,natural gas,natural gas,natural gas,2005,CH4,0.226466533,Tg
India,natural gas,natural gas,natural gas,2005,CO2_FUG,0.01247295587,MTC
India,natural gas,natural gas,natural gas,2005,N2O,8.034240698e-07,Tg
India,coal,coal,coal,2010,CH4,0.2517912563,Tg
India,coal,coal,coal,2010,CO2_FUG,0.1731923416,MTC
India,coal,coal,coal,2010,N2O,4.569859412e-05,Tg
India,crude oil,crude oil,crude oil,2010,CH4,0.2506550466,Tg
India,crude oil,crude oil,crude oil,2010,CO2_FUG,0.01196551879,MTC
India,crude oil,crude oil,crude oil,2010,N2O,1.261065897e-06,Tg
India,natural gas,natural gas,natural gas,2010,CH4,0.2506550466,Tg
India,natural gas,natural gas,natural gas,2010,CO2_FUG,0.01196551879,MTC
India,natural gas,natural gas,natural gas,2010,N2O,1.152461792e-06,Tg
India,coal,coal,coal,2015,CH4,0.2463307757,Tg
India,coal,coal,coal,2015,CO2_FUG,0.2274027339,MTC
India,coal,coal,coal,2015,N2O,3.771983702e-05,Tg
India,crude oil,crude oil,crude oil,2015,CH4,0.25817335,Tg
India,crude oil,crude oil,crude oil,2015,CO2_FUG,0.05403196893,MTC
India,crude oil,crude oil,crude oil,2015,N2O,8.720212128e-07,Tg
India,natural gas,natural gas,natural gas,2015,CH4,0.25817335,Tg
India,natural gas,natural gas,natural gas,2015,CO2_FUG,0.05403196893,MTC
India,natural gas,natural gas,natural gas,2015,N2O,8.720212128e-07,Tg
Indonesia,coal,coal,coal,1975,CH4,0.2665364439,Tg
Indonesia,coal,coal,coal,1975,CO2_FUG,0,MTC
Indonesia,coal,coal,coal,1975,N2O,0,Tg
Indonesia,crude oil,crude oil,crude oil,1975,CH4,0.5640994325,Tg
Indonesia,crude oil,crude oil,crude oil,1975,CO2_FUG,0.8587948463,MTC
Indonesia,crude oil,crude oil,crude oil,1975,N2O,0,Tg
Indonesia,natural gas,natural gas,natural gas,1975,CH4,0.5640994325,Tg
Indonesia,natural gas,natural gas,natural gas,1975,CO2_FUG,0.8587948463,MTC
Indonesia,natural gas,natural gas,natural gas,1975,N2O,0,Tg
Indonesia,coal,coal,coal,1990,CH4,0.813437922,Tg
Indonesia,coal,coal,coal,1990,CO2_FUG,0,MTC
Indonesia,coal,coal,coal,1990,N2O,0.0007440737166,Tg
Indonesia,crude oil,crude oil,crude oil,1990,CH4,0.5349286449,Tg
Indonesia,crude oil,crude oil,crude oil,1990,CO2_FUG,0.6271043984,MTC
Indonesia,crude oil,crude oil,crude oil,1990,N2O,2.044037283e-06,Tg
Indonesia,natural gas,natural gas,natural gas,1990,CH4,0.5349286449,Tg
Indonesia,natural gas,natural gas,natural gas,1990,CO2_FUG,0.6271043984,MTC
Indonesia,natural gas,natural gas,natural gas,1990,N2O,2.044037283e-06,Tg
Indonesia,coal,coal,coal,2005,CH4,0.2665660534,Tg
Indonesia,coal,coal,coal,2005,CO2_FUG,0.0003047065026,MTC
Indonesia,coal,coal,coal,2005,N2O,2.187079038e-05,Tg
Indonesia,crude oil,crude oil,crude oil,2005,CH4,0.3326925687,Tg
Indonesia,crude oil,crude oil,crude oil,2005,CO2_FUG,0.3489291129,MTC
Indonesia,crude oil,crude oil,crude oil,2005,N2O,2.009073757e-06,Tg
Indonesia,natural gas,natural gas,natural gas,2005,CH4,0.3326925687,Tg
Indonesia,natural gas,natural gas,natural gas,2005,CO2_FUG,0.3489291129,MTC
Indonesia,natural gas,natural gas,natural gas,2005,N2O,2.009073757e-06,Tg
Indonesia,coal,coal,coal,2010,CH4,0.2766514177,Tg
Indonesia,coal,coal,coal,2010,CO2_FUG,0.0002045934784,MTC
Indonesia,coal,coal,coal,2010,N2O,1.174801598e-05,Tg
Indonesia,crude oil,crude oil,crude oil,2010,CH4,0.3156335519,Tg
Indonesia,crude oil,crude oil,crude oil,2010,CO2_FUG,0.240889343,MTC
Indonesia,crude oil,crude oil,crude oil,2010,N2O,1.898581941e-06,Tg
Indonesia,natural gas,natural gas,natural gas,2010,CH4,0.3156335519,Tg
Indonesia,natural gas,natural gas,natural gas,2010,CO2_FUG,0.240889343,MTC
Indonesia,natural gas,natural gas,natural gas,2010,N2O,1.898581941e-06,Tg
Indonesia,coal,coal,coal,2015,CH4,0.376678512,Tg
Indonesia,coal,coal,coal,2015,CO2_FUG,0,MTC
Indonesia,coal,coal,coal,2015,N2O,1.088357385e-05,Tg
Indonesia,crude oil,crude oil,crude oil,2015,CH4,0.3377593229,Tg
Indonesia,crude oil,crude oil,crude oil,2015,CO2_FUG,0.2650686698,MTC
Indonesia,crude oil,crude oil,crude oil,2015,N2O,2.266278326e-06,Tg
Indonesia,natural gas,natural gas,natural gas,2015,CH4,0.3377593229,Tg
Indonesia,natural gas,natural gas,natural gas,2015,CO2_FUG,0.2650686698,MTC
Indonesia,natural gas,natural gas,natural gas,2015,N2O,2.266278326e-06,Tg
Japan,coal,coal,coal,1975,CH4,0.8008475012,Tg
Japan,coal,coal,coal,1975,CO2_FUG,8.547188373,MTC
Japan,coal,coal,coal,1975,N2O,0,Tg
Japan,crude oil,crude oil,crude oil,1975,CH4,0.07007216193,Tg
Japan,crude oil,crude oil,crude oil,1975,CO2_FUG,0.3915210585,MTC
Japan,crude oil,crude oil,crude oil,1975,N2O,0,Tg
Japan,natural gas,natural gas,natural gas,1975,CH4,0.07007216193,Tg
Japan,natural gas,natural gas,natural gas,1975,CO2_FUG,0.3915210585,MTC
Japan,natural gas,natural gas,natural gas,1975,N2O,0,Tg
Japan,coal,coal,coal,1990,CH4,0.846932931,Tg
Japan,coal,coal,coal,1990,CO2_FUG,10.28225911,MTC
Japan,coal,coal,coal,1990,N2O,0,Tg
Japan,crude oil,crude oil,crude oil,1990,CH4,0.1065888265,Tg
Japan,crude oil,crude oil,crude oil,1990,CO2_FUG,0.4926513352,MTC
Japan,crude oil,crude oil,crude oil,1990,N2O,0,Tg
Japan,natural gas,natural gas,natural gas,1990,CH4,0.1065888265,Tg
Japan,natural gas,natural gas,natural gas,1990,CO2_FUG,0.4926513352,MTC
Japan,natural gas,natural gas,natural gas,1990,N2O,0,Tg
Japan,coal,coal,coal,2005,CH4,0.1635605259,Tg
Japan,coal,coal,coal,2005,CO2_FUG,55.73835292,MTC
Japan,coal,coal,coal,2005,N2O,0,Tg
Japan,crude oil,crude oil,crude oil,2005,CH4,0.1008327585,Tg
Japan,crude oil,crude oil,crude oil,2005,CO2_FUG,0.9097680726,MTC
Japan,crude oil,crude oil,crude oil,2005,N2O,0,Tg
Japan,natural gas,natural gas,natural gas,2005,CH4,0.1008327585,Tg
Japan,natural gas,natural gas,natural gas,2005,CO2_FUG,0.9097680726,MTC
Japan,natural gas,natural gas,natural gas,2005,N2O,0,Tg
Japan,coal,coal,coal,2010,CH4,0.1285614353,Tg
Japan,coal,coal,coal,2010,CO2_FUG,0.3980598136,MTC
Japan,coal,coal,coal,2010,N2O,0,Tg
Japan,crude oil,crude oil,crude oil,2010,CH4,0.09488133263,Tg
Japan,crude oil,crude oil,crude oil,2010,CO2_FUG,0.7778294761,MTC
Japan,crude oil,crude oil,crude oil,2010,N2O,0,Tg
Japan,natural gas,natural gas,natural gas,2010,CH4,0.09488133263,Tg
Japan,natural gas,natural gas,natural gas,2010,CO2_FUG,0.7778294761,MTC
Japan,natural gas,natural gas,natural gas,2010,N2O,0,Tg
Japan,coal,coal,coal,2015,CH4,0.09968747375,Tg
Japan,coal,coal,coal,2015,CO2_FUG,5.178544428,MTC
Japan,coal,coal,coal,2015,N2O,0,Tg
Japan,crude oil,crude oil,crude oil,2015,CH4,0.1247887106,Tg
Japan,crude oil,crude oil,crude oil,2015,CO2_FUG,0.9821707398,MTC
Japan,crude oil,crude oil,crude oil,2015,N2O,0,Tg
Japan,natural gas,natural gas,natural gas,2015,CH4,0.1247887106,Tg
Japan,natural gas,natural gas,natural gas,2015,CO2_FUG,0.9821707398,MTC
Japan,natural gas,natural gas,natural gas,2015,N2O,0,Tg
Mexico,coal,coal,coal,1975,CH4,0.5892415749,Tg
Mexico,coal,coal,coal,1975,CO2_FUG,7.016079908,MTC
Mexico,coal,coal,coal,1975,N2O,0,Tg
Mexico,crude oil,crude oil,crude oil,1975,CH4,1.07495586,Tg
Mexico,crude oil,crude oil,crude oil,1975,CO2_FUG,1.552507263,MTC
Mexico,crude oil,crude oil,crude oil,1975,N2O,0,Tg
Mexico,natural gas,natural gas,natural gas,1975,CH4,1.07495586,Tg
Mexico,natural gas,natural gas,natural gas,1975,CO2_FUG,1.552507263,MTC
Mexico,natural gas,natural gas,natural gas,1975,N2O,0,Tg
Mexico,coal,coal,coal,1990,CH4,0.3080877015,Tg
Mexico,coal,coal,coal,1990,CO2_FUG,1.240167667,MTC
Mexico,coal,coal,coal,1990,N2O,0,Tg
Mexico,crude oil,crude oil,crude oil,1990,CH4,0.1570358105,Tg
Mexico,crude oil,crude oil,crude oil,1990,CO2_FUG,0.09499658362,MTC
Mexico,crude oil,crude oil,crude oil,1990,N2O,1.351066501e-06,Tg
Mexico,natural gas,natural gas,natural gas,1990,CH4,0.1570358105,Tg
Mexico,natural gas,natural gas,natural gas,1990,CO2_FUG,0.09499658362,MTC
Mexico,natural gas,natural gas,natural gas,1990,N2O,1.351066501e-06,Tg
Mexico,coal,coal,coal,2005,CH4,0.2011892418,Tg
Mexico,coal,coal,coal,2005,CO2_FUG,0.6544445645,MTC
Mexico,coal,coal,coal,2005,N2O,0,Tg
Mexico,crude oil,crude oil,crude oil,2005,CH4,0.148475051,Tg
Mexico,crude oil,crude oil,crude oil,2005,CO2_FUG,0.1220270811,MTC
Mexico,crude oil,crude oil,crude oil,2005,N2O,2.019285732e-06,Tg
Mexico,natural gas,natural gas,natural gas,2005,CH4,0.148475051,Tg
Mexico,natural gas,natural gas,natural gas,2005,CO2_FUG,0.1220270811,MTC
Mexico,natural gas,natural gas,natural gas,2005,N2O,2.019285732e-06,Tg
Mexico,coal,coal,coal,2010,CH4,0.206349704,Tg
Mexico,coal,coal,coal,2010,CO2_FUG,0.6292530816,MTC
Mexico,coal,coal,coal,2010,N2O,0,Tg
Mexico,crude oil,crude oil,crude oil,2010,CH4,0.1895715773,Tg
Mexico,crude oil,crude oil,crude oil,2010,CO2_FUG,0.2046197324,MTC
Mexico,crude oil,crude oil,crude oil,2010,N2O,1.174174067e-06,Tg
Mexico,natural gas,natural gas,natural gas,2010,CH4,0.1895715773,Tg
Mexico,natural gas,natural gas,natural gas,2010,CO2_FUG,0.2046197324,MTC
Mexico,natural gas,natural gas,natural gas,2010,N2O,1.174174067e-06,Tg
Mexico,coal,coal,coal,2015,CH4,0.2374768499,Tg
Mexico,coal,coal,coal,2015,CO2_FUG,0.5098153243,MTC
Mexico,coal,coal,coal,2015,N2O,0,Tg
Mexico,crude oil,crude oil,crude oil,2015,CH4,0.194548521,Tg
Mexico,crude oil,crude oil,crude oil,2015,CO2_FUG,0.2044496441,MTC
Mexico,crude oil,crude oil,crude oil,2015,N2O,1.435062264e-06,Tg
Mexico,natural gas,natural gas,natural gas,2015,CH4,0.194548521,Tg
Mexico,natural gas,natural gas,natural gas,2015,CO2_FUG,0.2044496441,MTC
Mexico,natural gas,natural gas,natural gas,2015,N2O,1.435062264e-06,Tg
Middle East,coal,coal,coal,1975,CH4,1.033540228,Tg
Middle East,coal,coal,coal,1975,CO2_FUG,8.650214395,MTC
Middle East,coal,coal,coal,1975,N2O,0.0008265015819,Tg
Middle East,crude oil,crude oil,crude oil,1975,CH4,0.656916709,Tg
Middle East,crude oil,crude oil,crude oil,1975,CO2_FUG,1.367035946,MTC
Middle East,crude oil,crude oil,crude oil,1975,N2O,1.645070767e-06,Tg
Middle East,natural gas,natural gas,natural gas,1975,CH4,0.656916709,Tg
Middle East,natural gas,natural gas,natural gas,1975,CO2_FUG,1.367035946,MTC
Middle East,natural gas,natural gas,natural gas,1975,N2O,1.645070767e-06,Tg
Middle East,coal,coal,coal,1990,CH4,0.9907634969,Tg
Middle East,coal,coal,coal,1990,CO2_FUG,4.684338012,MTC
Middle East,coal,coal,coal,1990,N2O,0.0004175151693,Tg
Middle East,crude oil,crude oil,crude oil,1990,CH4,0.3306434513,Tg
Middle East,crude oil,crude oil,crude oil,1990,CO2_FUG,0.3975393895,MTC
Middle East,crude oil,crude oil,crude oil,1990,N2O,2.281787634e-06,Tg
Middle East,natural gas,natural gas,natural gas,1990,CH4,0.3306434513,Tg
Middle East,natural gas,natural gas,natural gas,1990,CO2_FUG,0.3975393895,MTC
Middle East,natural gas,natural gas,natural gas,1990,N2O,2.281787634e-06,Tg
Middle East,coal,coal,coal,2005,CH4,0.7498058428,Tg
Middle East,coal,coal,coal,2005,CO2_FUG,2.98017989,MTC
Middle East,coal,coal,coal,2005,N2O,0.0002290882502,Tg
Middle East,crude oil,crude oil,crude oil,2005,CH4,0.2304140069,Tg
Middle East,crude oil,crude oil,crude oil,2005,CO2_FUG,0.2973129949,MTC
Middle East,crude oil,crude oil,crude oil,2005,N2O,2.361996383e-06,Tg
Middle East,natural gas,natural gas,natural gas,2005,CH4,0.2304140069,Tg
Middle East,natural gas,natural gas,natural gas,2005,CO2_FUG,0.2973129949,MTC
Middle East,natural gas,natural gas,natural gas,2005,N2O,2.361996383e-06,Tg
Middle East,coal,coal,coal,2010,CH4,0.8743087206,Tg
Middle East,coal,coal,coal,2010,CO2_FUG,3.010872473,MTC
Middle East,coal,coal,coal,2010,N2O,0.0003208472369,Tg
Middle East,crude oil,crude oil,crude oil,2010,CH4,0.2332268181,Tg
Middle East,crude oil,crude oil,crude oil,2010,CO2_FUG,0.2693165969,MTC
Middle East,crude oil,crude oil,crude oil,2010,N2O,2.147964256e-06,Tg
Middle East,natural gas,natural gas,natural gas,2010,CH4,0.2332268181,Tg
Middle East,natural gas,natural gas,natural gas,2010,CO2_FUG,0.2693165969,MTC
Middle East,natural gas,natural gas,natural gas,2010,N2O,2.147964256e-06,Tg
Middle East,coal,coal,coal,2015,CH4,0.8237242479,Tg
Middle East,coal,coal,coal,2015,CO2_FUG,3.586006675,MTC
Middle East,coal,coal,coal,2015,N2O,0.0002866124732,Tg
Middle East,crude oil,crude oil,crude oil,2015,CH4,0.2237440803,Tg
Middle East,crude oil,crude oil,crude oil,2015,CO2_FUG,0.2455312363,MTC
Middle East,crude oil,crude oil,crude oil,2015,N2O,2.139752299e-06,Tg
Middle East,natural gas,natural gas,natural gas,2015,CH4,0.2237440803,Tg
Middle East,natural gas,natural gas,natural gas,2015,CO2_FUG,0.2455312363,MTC
Middle East,natural gas,natural gas,natural gas,2015,N2O,2.139752299e-06,Tg
Pakistan,coal,coal,coal,1975,CH4,1.026026772,Tg
Pakistan,coal,coal,coal,1975,CO2_FUG,0.09405013383,MTC
Pakistan,coal,coal,coal,1975,N2O,0.0004253842338,Tg
Pakistan,crude oil,crude oil,crude oil,1975,CH4,1.218617924,Tg
Pakistan,crude oil,crude oil,crude oil,1975,CO2_FUG,1.189724366,MTC
Pakistan,crude oil,crude oil,crude oil,1975,N2O,0,Tg
Pakistan,natural gas,natural gas,natural gas,1975,CH4,1.218617924,Tg
Pakistan,natural gas,natural gas,natural gas,1975,CO2_FUG,1.189724366,MTC
Pakistan,natural gas,natural gas,natural gas,1975,N2O,0,Tg
Pakistan,coal,coal,coal,1990,CH4,0.8016907819,Tg
Pakistan,coal,coal,coal,1990,CO2_FUG,3.27657902,MTC
Pakistan,coal,coal,coal,1990,N2O,0.0004407316008,Tg
Pakistan,crude oil,crude oil,crude oil,1990,CH4,0.4599850657,Tg
Pakistan,crude oil,crude oil,crude oil,1990,CO2_FUG,0.003428468665,MTC
Pakistan,crude oil,crude oil,crude oil,1990,N2O,0,Tg
Pakistan,natural gas,natural gas,natural gas,1990,CH4,0.4599850657,Tg
Pakistan,natural gas,natural gas,natural gas,1990,CO2_FUG,0.003428468665,MTC
Pakistan,natural gas,natural gas,natural gas,1990,N2O,0,Tg
Pakistan,coal,coal,coal,2005,CH4,0.7250043243,Tg
Pakistan,coal,coal,coal,2005,CO2_FUG,0.9729979656,MTC
Pakistan,coal,coal,coal,2005,N2O,0.0003858458352,Tg
Pakistan,crude oil,crude oil,crude oil,2005,CH4,0.4113437729,Tg
Pakistan,crude oil,crude oil,crude oil,2005,CO2_FUG,0.002009676755,MTC
Pakistan,crude oil,crude oil,crude oil,2005,N2O,0,Tg
Pakistan,natural gas,natural gas,natural gas,2005,CH4,0.4113437729,Tg
Pakistan,natural gas,natural gas,natural gas,2005,CO2_FUG,0.002009676755,MTC
Pakistan,natural gas,natural gas,natural gas,2005,N2O,0,Tg
Pakistan,coal,coal,coal,2010,CH4,0.9291070381,Tg
Pakistan,coal,coal,coal,2010,CO2_FUG,1.03038342,MTC
Pakistan,coal,coal,coal,2010,N2O,0.0005329485878,Tg
Pakistan,crude oil,crude oil,crude oil,2010,CH4,0.4014286005,Tg
Pakistan,crude oil,crude oil,crude oil,2010,CO2_FUG,0.001846971422,MTC
Pakistan,crude oil,crude oil,crude oil,2010,N2O,0,Tg
Pakistan,natural gas,natural gas,natural gas,2010,CH4,0.4014286005,Tg
Pakistan,natural gas,natural gas,natural gas,2010,CO2_FUG,0.001846971422,MTC
Pakistan,natural gas,natural gas,natural gas,2010,N2O,0,Tg
Pakistan,coal,coal,coal,2015,CH4,0.8236024748,Tg
Pakistan,coal,coal,coal,2015,CO2_FUG,0.7587015845,MTC
Pakistan,coal,coal,coal,2015,N2O,0.0005583745592,Tg
Pakistan,crude oil,crude oil,crude oil,2015,CH4,0.4332282634,Tg
Pakistan,crude oil,crude oil,crude oil,2015,CO2_FUG,0.003177722778,MTC
Pakistan,crude oil,crude oil,crude oil,2015,N2O,0,Tg
Pakistan,natural gas,natural gas,natural gas,2015,CH4,0.4332282634,Tg
Pakistan,natural gas,natural gas,natural gas,2015,CO2_FUG,0.003177722778,MTC
Pakistan,natural gas,natural gas,natural gas,2015,N2O,0,Tg
Russia,coal,coal,coal,1975,CH4,0.05923654695,Tg
Russia,coal,coal,coal,1975,CO2_FUG,0.3475923213,MTC
Russia,coal,coal,coal,1975,N2O,0,Tg
Russia,crude oil,crude oil,crude oil,1975,CH4,0.3767329798,Tg
Russia,crude oil,crude oil,crude oil,1975,CO2_FUG,0.3144933496,MTC
Russia,crude oil,crude oil,crude oil,1975,N2O,1.997396665e-06,Tg
Russia,natural gas,natural gas,natural gas,1975,CH4,0.3767329798,Tg
Russia,natural gas,natural gas,natural gas,1975,CO2_FUG,0.3144933496,MTC
Russia,natural gas,natural gas,natural gas,1975,N2O,1.997396665e-06,Tg
Russia,coal,coal,coal,1990,CH4,0.3343473274,Tg
Russia,coal,coal,coal,1990,CO2_FUG,0.8408494849,MTC
Russia,coal,coal,coal,1990,N2O,0,Tg
Russia,crude oil,crude oil,crude oil,1990,CH4,0.5139149921,Tg
Russia,crude oil,crude oil,crude oil,1990,CO2_FUG,0.1591918968,MTC
Russia,crude oil,crude oil,crude oil,1990,N2O,0,Tg
Russia,natural gas,natural gas,natural gas,1990,CH4,0.5139149921,Tg
Russia,natural gas,natural gas,natural gas,1990,CO2_FUG,0.1591918968,MTC
Russia,natural gas,natural gas,natural gas,1990,N2O,0,Tg
Russia,coal,coal,coal,2005,CH4,0.2929096994,Tg
Russia,coal,coal,coal,2005,CO2_FUG,0.9926266764,MTC
Russia,coal,coal,coal,2005,N2O,0,Tg
Russia,crude oil,crude oil,crude oil,2005,CH4,0.3802381438,Tg
Russia,crude oil,crude oil,crude oil,2005,CO2_FUG,0.2074987647,MTC
Russia,crude oil,crude oil,crude oil,2005,N2O,1.17101134e-06,Tg
Russia,natural gas,natural gas,natural gas,2005,CH4,0.3802381438,Tg
Russia,natural gas,natural gas,natural gas,2005,CO2_FUG,0.2074987647,MTC
Russia,natural gas,natural gas,natural gas,2005,N2O,8.034240698e-07,Tg
Russia,coal,coal,coal,2010,CH4,0.2889989698,Tg
Russia,coal,coal,coal,2010,CO2_FUG,0.7693794991,MTC
Russia,coal,coal,coal,2010,N2O,0,Tg
Russia,crude oil,crude oil,crude oil,2010,CH4,0.3370964711,Tg
Russia,crude oil,crude oil,crude oil,2010,CO2_FUG,0.2192951296,MTC
Russia,crude oil,crude oil,crude oil,2010,N2O,1.261065897e-06,Tg
Russia,natural gas,natural gas,natural gas,2010,CH4,0.3370964711,Tg
Russia,natural gas,natural gas,natural gas,2010,CO2_FUG,0.2192951296,MTC
Russia,natural gas,natural gas,natural gas,2010,N2O,1.152461792e-06,Tg
Russia,coal,coal,coal,2015,CH4,0.2969367018,Tg
Russia,coal,coal,coal,2015,CO2_FUG,1.324230434,MTC
Russia,coal,coal,coal,2015,N2O,0,Tg
Russia,crude oil,crude oil,crude oil,2015,CH4,0.3175271743,Tg
Russia,crude oil,crude oil,crude oil,2015,CO2_FUG,0.1558015553,MTC
Russia,crude oil,crude oil,crude oil,2015,N2O,8.720212128e-07,Tg
Russia,natural gas,natural gas,natural gas,2015,CH4,0.3175271743,Tg
Russia,natural gas,natural gas,natural gas,2015,CO2_FUG,0.1558015553,MTC
Russia,natural gas,natural gas,natural gas,2015,N2O,8.720212128e-07,Tg
South Africa,coal,coal,coal,1975,CH4,0.2665364439,Tg
South Africa,coal,coal,coal,1975,CO2_FUG,2.007291925,MTC
South Africa,coal,coal,coal,1975,N2O,6.293212852e-06,Tg
South Africa,crude oil,crude oil,crude oil,1975,CH4,0.3753392728,Tg
South Africa,crude oil,crude oil,crude oil,1975,CO2_FUG,0.6365496618,MTC
South Africa,crude oil,crude oil,crude oil,1975,N2O,0,Tg
South Africa,natural gas,natural gas,natural gas,1975,CH4,0.3155083342,Tg
South Africa,natural gas,natural gas,natural gas,1975,CO2_FUG,0.3915210585,MTC
South Africa,natural gas,natural gas,natural gas,1975,N2O,0,Tg
South Africa,coal,coal,coal,1990,CH4,0.2430204268,Tg
South Africa,coal,coal,coal,1990,CO2_FUG,3.83346376,MTC
South Africa,coal,coal,coal,1990,N2O,3.861566176e-05,Tg
South Africa,crude oil,crude oil,crude oil,1990,CH4,0.3502836644,Tg
South Africa,crude oil,crude oil,crude oil,1990,CO2_FUG,0.3499209282,MTC
South Africa,crude oil,crude oil,crude oil,1990,N2O,0,Tg
South Africa,natural gas,natural gas,natural gas,1990,CH4,0.8503205843,Tg
South Africa,natural gas,natural gas,natural gas,1990,CO2_FUG,7.802483352e-05,MTC
South Africa,natural gas,natural gas,natural gas,1990,N2O,0,Tg
South Africa,coal,coal,coal,2005,CH4,0.2187750487,Tg
South Africa,coal,coal,coal,2005,CO2_FUG,2.061963938,MTC
South Africa,coal,coal,coal,2005,N2O,3.45043843e-05,Tg
South Africa,crude oil,crude oil,crude oil,2005,CH4,0.5985837363,Tg
South Africa,crude oil,crude oil,crude oil,2005,CO2_FUG,0.7074199851,MTC
South Africa,crude oil,crude oil,crude oil,2005,N2O,0,Tg
South Africa,natural gas,natural gas,natural gas,2005,CH4,0.5985837363,Tg
South Africa,natural gas,natural gas,natural gas,2005,CO2_FUG,0.7074199851,MTC
South Africa,natural gas,natural gas,natural gas,2005,N2O,0,Tg
South Africa,coal,coal,coal,2010,CH4,0.2248180895,Tg
South Africa,coal,coal,coal,2010,CO2_FUG,1.877298085,MTC
South Africa,coal,coal,coal,2010,N2O,3.717034765e-05,Tg
South Africa,crude oil,crude oil,crude oil,2010,CH4,0.6766152089,Tg
South Africa,crude oil,crude oil,crude oil,2010,CO2_FUG,0.7315510469,MTC
South Africa,crude oil,crude oil,crude oil,2010,N2O,0,Tg
South Africa,natural gas,natural gas,natural gas,2010,CH4,0.6766152089,Tg
South Africa,natural gas,natural gas,natural gas,2010,CO2_FUG,0.7315510469,MTC
South Africa,natural gas,natural gas,natural gas,2010,N2O,0,Tg
South Africa,coal,coal,coal,2015,CH4,0.2291151155,Tg
South Africa,coal,coal,coal,2015,CO2_FUG,1.451203828,MTC
South Africa,coal,coal,coal,2015,N2O,4.026332848e-05,Tg
South Africa,crude oil,crude oil,crude oil,2015,CH4,0.6605658002,Tg
South Africa,crude oil,crude oil,crude oil,2015,CO2_FUG,0.4691963664,MTC
South Africa,crude oil,crude oil,crude oil,2015,N2O,0,Tg
South Africa,natural gas,natural gas,natural gas,2015,CH4,0.6605658002,Tg
South Africa,natural gas,natural gas,natural gas,2015,CO2_FUG,0.4691963664,MTC
South Africa,natural gas,natural gas,natural gas,2015,N2O,0,Tg
South America_Northern,coal,coal,coal,1975,CH4,1.363233258,Tg
South America_Northern,coal,coal,coal,1975,CO2_FUG,0.3659739388,MTC
South America_Northern,coal,coal,coal,1975,N2O,0,Tg
South America_Northern,crude oil,crude oil,crude oil,1975,CH4,1.244967294,Tg
South America_Northern,crude oil,crude oil,crude oil,1975,CO2_FUG,0.07648662854,MTC
South America_Northern,crude oil,crude oil,crude oil,1975,N2O,1.707418061e-06,Tg
South America_Northern,natural gas,natural gas,natural gas,1975,CH4,1.244967294,Tg
South America_Northern,natural gas,natural gas,natural gas,1975,CO2_FUG,0.07648662854,MTC
South America_Northern,natural gas,natural gas,natural gas,1975,N2O,1.707418061e-06,Tg
South America_Northern,coal,coal,coal,1990,CH4,0.5984172905,Tg
South America_Northern,coal,coal,coal,1990,CO2_FUG,0.1061234746,MTC
South America_Northern,coal,coal,coal,1990,N2O,0,Tg
South America_Northern,crude oil,crude oil,crude oil,1990,CH4,1.328857579,Tg
South America_Northern,crude oil,crude oil,crude oil,1990,CO2_FUG,0.09662010361,MTC
South America_Northern,crude oil,crude oil,crude oil,1990,N2O,1.703696327e-06,Tg
South America_Northern,natural gas,natural gas,natural gas,1990,CH4,1.328857579,Tg
South America_Northern,natural gas,natural gas,natural gas,1990,CO2_FUG,0.09662010361,MTC
South America_Northern,natural gas,natural gas,natural gas,1990,N2O,1.703696327e-06,Tg
South America_Northern,coal,coal,coal,2005,CH4,0.5800436593,Tg
South America_Northern,coal,coal,coal,2005,CO2_FUG,0,MTC
South America_Northern,coal,coal,coal,2005,N2O,0,Tg
South America_Northern,crude oil,crude oil,crude oil,2005,CH4,1.716446609,Tg
South America_Northern,crude oil,crude oil,crude oil,2005,CO2_FUG,0.07352863636,MTC
South America_Northern,crude oil,crude oil,crude oil,2005,N2O,1.17101134e-06,Tg
South America_Northern,natural gas,natural gas,natural gas,2005,CH4,1.434260832,Tg
South America_Northern,natural gas,natural gas,natural gas,2005,CO2_FUG,0.1654291029,MTC
South America_Northern,natural gas,natural gas,natural gas,2005,N2O,1.12778609e-06,Tg
South America_Northern,coal,coal,coal,2010,CH4,0.6091467579,Tg
South America_Northern,coal,coal,coal,2010,CO2_FUG,0,MTC
South America_Northern,coal,coal,coal,2010,N2O,0,Tg
South America_Northern,crude oil,crude oil,crude oil,2010,CH4,1.698353535,Tg
South America_Northern,crude oil,crude oil,crude oil,2010,CO2_FUG,0.1358373757,MTC
South America_Northern,crude oil,crude oil,crude oil,2010,N2O,1.293531811e-06,Tg
South America_Northern,natural gas,natural gas,natural gas,2010,CH4,1.39253259,Tg
South America_Northern,natural gas,natural gas,natural gas,2010,CO2_FUG,0.2251532833,MTC
South America_Northern,natural gas,natural gas,natural gas,2010,N2O,1.223851575e-06,Tg
South America_Northern,coal,coal,coal,2015,CH4,0.6535780427,Tg
South America_Northern,coal,coal,coal,2015,CO2_FUG,0,MTC
South America_Northern,coal,coal,coal,2015,N2O,0,Tg
South America_Northern,crude oil,crude oil,crude oil,2015,CH4,1.837043574,Tg
South America_Northern,crude oil,crude oil,crude oil,2015,CO2_FUG,0.3599887298,MTC
South America_Northern,crude oil,crude oil,crude oil,2015,N2O,1.449861539e-06,Tg
South America_Northern,natural gas,natural gas,natural gas,2015,CH4,1.469811702,Tg
South America_Northern,natural gas,natural gas,natural gas,2015,CO2_FUG,0.4137420751,MTC
South America_Northern,natural gas,natural gas,natural gas,2015,N2O,1.340976084e-06,Tg
South America_Southern,coal,coal,coal,1975,CH4,1.10294262,Tg
South America_Southern,coal,coal,coal,1975,CO2_FUG,2.81457967,MTC
South America_Southern,coal,coal,coal,1975,N2O,0.0007194668103,Tg
South America_Southern,crude oil,crude oil,crude oil,1975,CH4,2.841084556,Tg
South America_Southern,crude oil,crude oil,crude oil,1975,CO2_FUG,3.766115373,MTC
South America_Southern,crude oil,crude oil,crude oil,1975,N2O,0,Tg
South America_Southern,natural gas,natural gas,natural gas,1975,CH4,2.841084556,Tg
South America_Southern,natural gas,natural gas,natural gas,1975,CO2_FUG,3.766115373,MTC
South America_Southern,natural gas,natural gas,natural gas,1975,N2O,0,Tg
South America_Southern,coal,coal,coal,1990,CH4,1.289233795,Tg
South America_Southern,coal,coal,coal,1990,CO2_FUG,0.8865200742,MTC
South America_Southern,coal,coal,coal,1990,N2O,0.001114015129,Tg
South America_Southern,crude oil,crude oil,crude oil,1990,CH4,1.237106587,Tg
South America_Southern,crude oil,crude oil,crude oil,1990,CO2_FUG,1.278626393,MTC
South America_Southern,crude oil,crude oil,crude oil,1990,N2O,0,Tg
South America_Southern,natural gas,natural gas,natural gas,1990,CH4,1.237106587,Tg
South America_Southern,natural gas,natural gas,natural gas,1990,CO2_FUG,1.278626393,MTC
South America_Southern,natural gas,natural gas,natural gas,1990,N2O,0,Tg
South America_Southern,coal,coal,coal,2005,CH4,4.821302436,Tg
South America_Southern,coal,coal,coal,2005,CO2_FUG,4.507465978,MTC
South America_Southern,coal,coal,coal,2005,N2O,0.005588527414,Tg
South America_Southern,crude oil,crude oil,crude oil,2005,CH4,0.8948743005,Tg
South America_Southern,crude oil,crude oil,crude oil,2005,CO2_FUG,0.498716846,MTC
South America_Southern,crude oil,crude oil,crude oil,2005,N2O,0,Tg
South America_Southern,natural gas,natural gas,natural gas,2005,CH4,0.8948743005,Tg
South America_Southern,natural gas,natural gas,natural gas,2005,CO2_FUG,0.498716846,MTC
South America_Southern,natural gas,natural gas,natural gas,2005,N2O,0,Tg
South America_Southern,coal,coal,coal,2010,CH4,0.20450647,Tg
South America_Southern,coal,coal,coal,2010,CO2_FUG,2.086823952,MTC
South America_Southern,coal,coal,coal,2010,N2O,0,Tg
South America_Southern,crude oil,crude oil,crude oil,2010,CH4,0.6656057392,Tg
South America_Southern,crude oil,crude oil,crude oil,2010,CO2_FUG,0.4321845139,MTC
South America_Southern,crude oil,crude oil,crude oil,2010,N2O,0,Tg
South America_Southern,natural gas,natural gas,natural gas,2010,CH4,0.6656057392,Tg
South America_Southern,natural gas,natural gas,natural gas,2010,CO2_FUG,0.4321845139,MTC
South America_Southern,natural gas,natural gas,natural gas,2010,N2O,0,Tg
South America_Southern,coal,coal,coal,2015,CH4,1.673613493,Tg
South America_Southern,coal,coal,coal,2015,CO2_FUG,0,MTC
South America_Southern,coal,coal,coal,2015,N2O,0.001185278678,Tg
South America_Southern,crude oil,crude oil,crude oil,2015,CH4,0.6073939798,Tg
South America_Southern,crude oil,crude oil,crude oil,2015,CO2_FUG,0.4215262658,MTC
South America_Southern,crude oil,crude oil,crude oil,2015,N2O,0,Tg
South America_Southern,natural gas,natural gas,natural gas,2015,CH4,0.6073939798,Tg
South America_Southern,natural gas,natural gas,natural gas,2015,CO2_FUG,0.4215262658,MTC
South America_Southern,natural gas,natural gas,natural gas,2015,N2O,0,Tg
South Asia,coal,coal,coal,1975,CH4,0.4109824664,Tg
South Asia,coal,coal,coal,1975,CO2_FUG,0,MTC
South Asia,coal,coal,coal,1975,N2O,0,Tg
South Asia,crude oil,crude oil,crude oil,1975,CH4,1.720365268,Tg
South Asia,crude oil,crude oil,crude oil,1975,CO2_FUG,1.255779066,MTC
South Asia,crude oil,crude oil,crude oil,1975,N2O,0,Tg
South Asia,natural gas,natural gas,natural gas,1975,CH4,1.720365268,Tg
South Asia,natural gas,natural gas,natural gas,1975,CO2_FUG,1.255779066,MTC
South Asia,natural gas,natural gas,natural gas,1975,N2O,0,Tg
South Asia,coal,coal,coal,1990,CH4,7.034301475,Tg
South Asia,coal,coal,coal,1990,CO2_FUG,0,MTC
South Asia,coal,coal,coal,1990,N2O,0.006802999492,Tg
South Asia,crude oil,crude oil,crude oil,1990,CH4,0.2343789192,Tg
South Asia,crude oil,crude oil,crude oil,1990,CO2_FUG,0.03270156404,MTC
South Asia,crude oil,crude oil,crude oil,1990,N2O,0,Tg
South Asia,natural gas,natural gas,natural gas,1990,CH4,0.2343789192,Tg
South Asia,natural gas,natural gas,natural gas,1990,CO2_FUG,0.03270156404,MTC
South Asia,natural gas,natural gas,natural gas,1990,N2O,0,Tg
South Asia,coal,coal,coal,2005,CH4,1.899344437,Tg
South Asia,coal,coal,coal,2005,CO2_FUG,0,MTC
South Asia,coal,coal,coal,2005,N2O,0.002188184836,Tg
South Asia,crude oil,crude oil,crude oil,2005,CH4,0.5718469765,Tg
South Asia,crude oil,crude oil,crude oil,2005,CO2_FUG,0.000642634892,MTC
South Asia,crude oil,crude oil,crude oil,2005,N2O,0,Tg
South Asia,natural gas,natural gas,natural gas,2005,CH4,0.5718469765,Tg
South Asia,natural gas,natural gas,natural gas,2005,CO2_FUG,0.000642634892,MTC
South Asia,natural gas,natural gas,natural gas,2005,N2O,0,Tg
South Asia,coal,coal,coal,2010,CH4,0.9291520549,Tg
South Asia,coal,coal,coal,2010,CO2_FUG,0.1426357013,MTC
South Asia,coal,coal,coal,2010,N2O,0.001013528285,Tg
South Asia,crude oil,crude oil,crude oil,2010,CH4,1.035380308,Tg
South Asia,crude oil,crude oil,crude oil,2010,CO2_FUG,0.001142242082,MTC
South Asia,crude oil,crude oil,crude oil,2010,N2O,0,Tg
South Asia,natural gas,natural gas,natural gas,2010,CH4,1.035380308,Tg
South Asia,natural gas,natural gas,natural gas,2010,CO2_FUG,0.001142242082,MTC
South Asia,natural gas,natural gas,natural gas,2010,N2O,0,Tg
South Asia,coal,coal,coal,2015,CH4,0.4333186603,Tg
South Asia,coal,coal,coal,2015,CO2_FUG,0.02502268519,MTC
South Asia,coal,coal,coal,2015,N2O,0.0003587075002,Tg
South Asia,crude oil,crude oil,crude oil,2015,CH4,0.7593442432,Tg
South Asia,crude oil,crude oil,crude oil,2015,CO2_FUG,0.001214481815,MTC
South Asia,crude oil,crude oil,crude oil,2015,N2O,0,Tg
South Asia,natural gas,natural gas,natural gas,2015,CH4,0.7593442432,Tg
South Asia,natural gas,natural gas,natural gas,2015,CO2_FUG,0.001214481815,MTC
South Asia,natural gas,natural gas,natural gas,2015,N2O,0,Tg
South Korea,coal,coal,coal,1975,CH4,0.7859835137,Tg
South Korea,coal,coal,coal,1975,CO2_FUG,3.01767272,MTC
South Korea,coal,coal,coal,1975,N2O,0,Tg
South Korea,crude oil,crude oil,crude oil,1975,CH4,0.3753392728,Tg
South Korea,crude oil,crude oil,crude oil,1975,CO2_FUG,0.6365496618,MTC
South Korea,crude oil,crude oil,crude oil,1975,N2O,0,Tg
South Korea,natural gas,natural gas,natural gas,1975,CH4,0.3155083342,Tg
South Korea,natural gas,natural gas,natural gas,1975,CO2_FUG,0.3915210585,MTC
South Korea,natural gas,natural gas,natural gas,1975,N2O,0,Tg
South Korea,coal,coal,coal,1990,CH4,0.8046130139,Tg
South Korea,coal,coal,coal,1990,CO2_FUG,12.03732699,MTC
South Korea,coal,coal,coal,1990,N2O,0,Tg
South Korea,crude oil,crude oil,crude oil,1990,CH4,0.3502836644,Tg
South Korea,crude oil,crude oil,crude oil,1990,CO2_FUG,0.3499209282,MTC
South Korea,crude oil,crude oil,crude oil,1990,N2O,0,Tg
South Korea,natural gas,natural gas,natural gas,1990,CH4,0.3306434513,Tg
South Korea,natural gas,natural gas,natural gas,1990,CO2_FUG,0.3203549521,MTC
South Korea,natural gas,natural gas,natural gas,1990,N2O,0,Tg
South Korea,coal,coal,coal,2005,CH4,0.9665765574,Tg
South Korea,coal,coal,coal,2005,CO2_FUG,56.90261284,MTC
South Korea,coal,coal,coal,2005,N2O,0,Tg
South Korea,crude oil,crude oil,crude oil,2005,CH4,1.573105697,Tg
South Korea,crude oil,crude oil,crude oil,2005,CO2_FUG,0.001410382147,MTC
South Korea,crude oil,crude oil,crude oil,2005,N2O,0,Tg
South Korea,natural gas,natural gas,natural gas,2005,CH4,1.573105697,Tg
South Korea,natural gas,natural gas,natural gas,2005,CO2_FUG,0.001410382147,MTC
South Korea,natural gas,natural gas,natural gas,2005,N2O,0,Tg
South Korea,coal,coal,coal,2010,CH4,1.226662219,Tg
South Korea,coal,coal,coal,2010,CO2_FUG,0.3980598136,MTC
South Korea,coal,coal,coal,2010,N2O,0,Tg
South Korea,crude oil,crude oil,crude oil,2010,CH4,1.426034257,Tg
South Korea,crude oil,crude oil,crude oil,2010,CO2_FUG,0.001185257951,MTC
South Korea,crude oil,crude oil,crude oil,2010,N2O,0,Tg
South Korea,natural gas,natural gas,natural gas,2010,CH4,1.426034257,Tg
South Korea,natural gas,natural gas,natural gas,2010,CO2_FUG,0.001185257951,MTC
South Korea,natural gas,natural gas,natural gas,2010,N2O,0,Tg
South Korea,coal,coal,coal,2015,CH4,1.535463708,Tg
South Korea,coal,coal,coal,2015,CO2_FUG,0.4351290798,MTC
South Korea,coal,coal,coal,2015,N2O,0,Tg
South Korea,crude oil,crude oil,crude oil,2015,CH4,0.3190559132,Tg
South Korea,crude oil,crude oil,crude oil,2015,CO2_FUG,0.001173797946,MTC
South Korea,crude oil,crude oil,crude oil,2015,N2O,0,Tg
South Korea,natural gas,natural gas,natural gas,2015,CH4,0.3223237873,Tg
South Korea,natural gas,natural gas,natural gas,2015,CO2_FUG,0.001173797946,MTC
South Korea,natural gas,natural gas,natural gas,2015,N2O,0,Tg
Southeast Asia,coal,coal,coal,1975,CH4,0.5519533369,Tg
Southeast Asia,coal,coal,coal,1975,CO2_FUG,0,MTC
Southeast Asia,coal,coal,coal,1975,N2O,0.0007279087286,Tg
Southeast Asia,crude oil,crude oil,crude oil,1975,CH4,0.4295587522,Tg
Southeast Asia,crude oil,crude oil,crude oil,1975,CO2_FUG,2.469453862,MTC
Southeast Asia,crude oil,crude oil,crude oil,1975,N2O,0,Tg
Southeast Asia,natural gas,natural gas,natural gas,1975,CH4,0.4295587522,Tg
Southeast Asia,natural gas,natural gas,natural gas,1975,CO2_FUG,2.469453862,MTC
Southeast Asia,natural gas,natural gas,natural gas,1975,N2O,0,Tg
Southeast Asia,coal,coal,coal,1990,CH4,0.9371427948,Tg
Southeast Asia,coal,coal,coal,1990,CO2_FUG,0.5606340871,MTC
Southeast Asia,coal,coal,coal,1990,N2O,0.0006834209636,Tg
Southeast Asia,crude oil,crude oil,crude oil,1990,CH4,0.3087751628,Tg
Southeast Asia,crude oil,crude oil,crude oil,1990,CO2_FUG,0.2323526083,MTC
Southeast Asia,crude oil,crude oil,crude oil,1990,N2O,0,Tg
Southeast Asia,natural gas,natural gas,natural gas,1990,CH4,0.3087751628,Tg
Southeast Asia,natural gas,natural gas,natural gas,1990,CO2_FUG,0.2323526083,MTC
Southeast Asia,natural gas,natural gas,natural gas,1990,N2O,0,Tg
Southeast Asia,coal,coal,coal,2005,CH4,0.8162928532,Tg
Southeast Asia,coal,coal,coal,2005,CO2_FUG,0,MTC
Southeast Asia,coal,coal,coal,2005,N2O,0.000423077538,Tg
Southeast Asia,crude oil,crude oil,crude oil,2005,CH4,0.2686472995,Tg
Southeast Asia,crude oil,crude oil,crude oil,2005,CO2_FUG,0.2786590784,MTC
Southeast Asia,crude oil,crude oil,crude oil,2005,N2O,0,Tg
Southeast Asia,natural gas,natural gas,natural gas,2005,CH4,0.2686472995,Tg
Southeast Asia,natural gas,natural gas,natural gas,2005,CO2_FUG,0.2786590784,MTC
Southeast Asia,natural gas,natural gas,natural gas,2005,N2O,0,Tg
Southeast Asia,coal,coal,coal,2010,CH4,0.8773053311,Tg
Southeast Asia,coal,coal,coal,2010,CO2_FUG,0.01489519349,MTC
Southeast Asia,coal,coal,coal,2010,N2O,0.0004796927815,Tg
Southeast Asia,crude oil,crude oil,crude oil,2010,CH4,0.2940323252,Tg
Southeast Asia,crude oil,crude oil,crude oil,2010,CO2_FUG,0.2278885894,MTC
Southeast Asia,crude oil,crude oil,crude oil,2010,N2O,0,Tg
Southeast Asia,natural gas,natural gas,natural gas,2010,CH4,0.2940323252,Tg
Southeast Asia,natural gas,natural gas,natural gas,2010,CO2_FUG,0.2278885894,MTC
Southeast Asia,natural gas,natural gas,natural gas,2010,N2O,0,Tg
Southeast Asia,coal,coal,coal,2015,CH4,0.8928675529,Tg
Southeast Asia,coal,coal,coal,2015,CO2_FUG,0.02038060206,MTC
Southeast Asia,coal,coal,coal,2015,N2O,0.0004812814096,Tg
Southeast Asia,crude oil,crude oil,crude oil,2015,CH4,0.3240629225,Tg
Southeast Asia,crude oil,crude oil,crude oil,2015,CO2_FUG,0.2673125418,MTC
Southeast Asia,crude oil,crude oil,crude oil,2015,N2O,0,Tg
Southeast Asia,natural gas,natural gas,natural gas,2015,CH4,0.3240629225,Tg
Southeast Asia,natural gas,natural gas,natural gas,2015,CO2_FUG,0.2673125418,MTC
Southeast Asia,natural gas,natural gas,natural gas,2015,N2O,0,Tg
Taiwan,coal,coal,coal,1975,CH4,0.5497200258,Tg
Taiwan,coal,coal,coal,1975,CO2_FUG,0.3677904961,MTC
Taiwan,coal,coal,coal,1975,N2O,0,Tg
Taiwan,crude oil,crude oil,crude oil,1975,CH4,0.3648728853,Tg
Taiwan,crude oil,crude oil,crude oil,1975,CO2_FUG,0.002195393294,MTC
Taiwan,crude oil,crude oil,crude oil,1975,N2O,0,Tg
Taiwan,natural gas,natural gas,natural gas,1975,CH4,0.3648728853,Tg
Taiwan,natural gas,natural gas,natural gas,1975,CO2_FUG,0.002195393294,MTC
Taiwan,natural gas,natural gas,natural gas,1975,N2O,0,Tg
Taiwan,coal,coal,coal,1990,CH4,0.8597079076,Tg
Taiwan,coal,coal,coal,1990,CO2_FUG,0.5606340871,MTC
Taiwan,coal,coal,coal,1990,N2O,0,Tg
Taiwan,crude oil,crude oil,crude oil,1990,CH4,0.4420866629,Tg
Taiwan,crude oil,crude oil,crude oil,1990,CO2_FUG,0.00246598957,MTC
Taiwan,crude oil,crude oil,crude oil,1990,N2O,0,Tg
Taiwan,natural gas,natural gas,natural gas,1990,CH4,0.4420866629,Tg
Taiwan,natural gas,natural gas,natural gas,1990,CO2_FUG,0.00246598957,MTC
Taiwan,natural gas,natural gas,natural gas,1990,N2O,0,Tg
Taiwan,coal,coal,coal,2005,CH4,0.2011892418,Tg
Taiwan,coal,coal,coal,2005,CO2_FUG,0.5399132017,MTC
Taiwan,coal,coal,coal,2005,N2O,0,Tg
Taiwan,crude oil,crude oil,crude oil,2005,CH4,1.32057801,Tg
Taiwan,crude oil,crude oil,crude oil,2005,CO2_FUG,0.001665121359,MTC
Taiwan,crude oil,crude oil,crude oil,2005,N2O,0,Tg
Taiwan,natural gas,natural gas,natural gas,2005,CH4,1.32057801,Tg
Taiwan,natural gas,natural gas,natural gas,2005,CO2_FUG,0.001665121359,MTC
Taiwan,natural gas,natural gas,natural gas,2005,N2O,0,Tg
Taiwan,coal,coal,coal,2010,CH4,0.20450647,Tg
Taiwan,coal,coal,coal,2010,CO2_FUG,0.3980598136,MTC
Taiwan,coal,coal,coal,2010,N2O,0,Tg
Taiwan,crude oil,crude oil,crude oil,2010,CH4,0.2970619333,Tg
Taiwan,crude oil,crude oil,crude oil,2010,CO2_FUG,0.001910704387,MTC
Taiwan,crude oil,crude oil,crude oil,2010,N2O,0,Tg
Taiwan,natural gas,natural gas,natural gas,2010,CH4,0.2970619333,Tg
Taiwan,natural gas,natural gas,natural gas,2010,CO2_FUG,0.001910704387,MTC
Taiwan,natural gas,natural gas,natural gas,2010,N2O,0,Tg
Taiwan,coal,coal,coal,2015,CH4,0.1941616332,Tg
Taiwan,coal,coal,coal,2015,CO2_FUG,0.4351290798,MTC
Taiwan,coal,coal,coal,2015,N2O,0,Tg
Taiwan,crude oil,crude oil,crude oil,2015,CH4,0.3190559132,Tg
Taiwan,crude oil,crude oil,crude oil,2015,CO2_FUG,0.001460994168,MTC
Taiwan,crude oil,crude oil,crude oil,2015,N2O,0,Tg
Taiwan,natural gas,natural gas,natural gas,2015,CH4,0.3223237873,Tg
Taiwan,natural gas,natural gas,natural gas,2015,CO2_FUG,0.001460994168,MTC
Taiwan,natural gas,natural gas,natural gas,2015,N2O,0,Tg
Argentina,coal,coal,coal,1975,CH4,2.892331117,Tg
Argentina,coal,coal,coal,1975,CO2_FUG,1.270118914,MTC
Argentina,coal,coal,coal,1975,N2O,0.003328344208,Tg
Argentina,crude oil,crude oil,crude oil,1975,CH4,0.7909175142,Tg
Argentina,crude oil,crude oil,crude oil,1975,CO2_FUG,1.08337987,MTC
Argentina,crude oil,crude oil,crude oil,1975,N2O,0,Tg
Argentina,natural gas,natural gas,natural gas,1975,CH4,0.7909175142,Tg
Argentina,natural gas,natural gas,natural gas,1975,CO2_FUG,1.08337987,MTC
Argentina,natural gas,natural gas,natural gas,1975,N2O,0,Tg
Argentina,coal,coal,coal,1990,CH4,3.546033177,Tg
Argentina,coal,coal,coal,1990,CO2_FUG,0.5606340871,MTC
Argentina,coal,coal,coal,1990,N2O,0.004449226068,Tg
Argentina,crude oil,crude oil,crude oil,1990,CH4,0.74492594,Tg
Argentina,crude oil,crude oil,crude oil,1990,CO2_FUG,0.9130450536,MTC
Argentina,crude oil,crude oil,crude oil,1990,N2O,0,Tg
Argentina,natural gas,natural gas,natural gas,1990,CH4,0.74492594,Tg
Argentina,natural gas,natural gas,natural gas,1990,CO2_FUG,0.9130450536,MTC
Argentina,natural gas,natural gas,natural gas,1990,N2O,0,Tg
Argentina,coal,coal,coal,2005,CH4,0.2011892418,Tg
Argentina,coal,coal,coal,2005,CO2_FUG,0.5399132017,MTC
Argentina,coal,coal,coal,2005,N2O,0,Tg
Argentina,crude oil,crude oil,crude oil,2005,CH4,0.3853442116,Tg
Argentina,crude oil,crude oil,crude oil,2005,CO2_FUG,0.08806420173,MTC
Argentina,crude oil,crude oil,crude oil,2005,N2O,3.076919853e-06,Tg
Argentina,natural gas,natural gas,natural gas,2005,CH4,0.3853442116,Tg
Argentina,natural gas,natural gas,natural gas,2005,CO2_FUG,0.08806420173,MTC
Argentina,natural gas,natural gas,natural gas,2005,N2O,3.076919853e-06,Tg
Argentina,coal,coal,coal,2010,CH4,0.20450647,Tg
Argentina,coal,coal,coal,2010,CO2_FUG,0.3980598136,MTC
Argentina,coal,coal,coal,2010,N2O,0,Tg
Argentina,crude oil,crude oil,crude oil,2010,CH4,0.3686431003,Tg
Argentina,crude oil,crude oil,crude oil,2010,CO2_FUG,0.06356732164,MTC
Argentina,crude oil,crude oil,crude oil,2010,N2O,3.302217945e-06,Tg
Argentina,natural gas,natural gas,natural gas,2010,CH4,0.3686431003,Tg
Argentina,natural gas,natural gas,natural gas,2010,CO2_FUG,0.06356732164,MTC
Argentina,natural gas,natural gas,natural gas,2010,N2O,3.302217945e-06,Tg
Argentina,coal,coal,coal,2015,CH4,0.1941616332,Tg
Argentina,coal,coal,coal,2015,CO2_FUG,0.4351290798,MTC
Argentina,coal,coal,coal,2015,N2O,0,Tg
Argentina,crude oil,crude oil,crude oil,2015,CH4,0.3942618255,Tg
Argentina,crude oil,crude oil,crude oil,2015,CO2_FUG,0.08153214979,MTC
Argentina,crude oil,crude oil,crude oil,2015,N2O,0,Tg
Argentina,natural gas,natural gas,natural gas,2015,CH4,0.3942618255,Tg
Argentina,natural gas,natural gas,natural gas,2015,CO2_FUG,0.08153214979,MTC
Argentina,natural gas,natural gas,natural gas,2015,N2O,0,Tg
Colombia,coal,coal,coal,1975,CH4,0.34414307,Tg
Colombia,coal,coal,coal,1975,CO2_FUG,2.022087585,MTC
Colombia,coal,coal,coal,1975,N2O,0.0001020287785,Tg
Colombia,crude oil,crude oil,crude oil,1975,CH4,1.219738543,Tg
Colombia,crude oil,crude oil,crude oil,1975,CO2_FUG,1.608701558,MTC
Colombia,crude oil,crude oil,crude oil,1975,N2O,0,Tg
Colombia,natural gas,natural gas,natural gas,1975,CH4,1.219738543,Tg
Colombia,natural gas,natural gas,natural gas,1975,CO2_FUG,1.608701558,MTC
Colombia,natural gas,natural gas,natural gas,1975,N2O,0,Tg
Colombia,coal,coal,coal,1990,CH4,0.09734723468,Tg
Colombia,coal,coal,coal,1990,CO2_FUG,0.2767332049,MTC
Colombia,coal,coal,coal,1990,N2O,1.739896956e-05,Tg
Colombia,crude oil,crude oil,crude oil,1990,CH4,1.042175547,Tg
Colombia,crude oil,crude oil,crude oil,1990,CO2_FUG,0.3332869306,MTC
Colombia,crude oil,crude oil,crude oil,1990,N2O,0,Tg
Colombia,natural gas,natural gas,natural gas,1990,CH4,1.042175547,Tg
Colombia,natural gas,natural gas,natural gas,1990,CO2_FUG,0.3332869306,MTC
Colombia,natural gas,natural gas,natural gas,1990,N2O,0,Tg
Colombia,coal,coal,coal,2005,CH4,0.1073327413,Tg
Colombia,coal,coal,coal,2005,CO2_FUG,0.04225224059,MTC
Colombia,coal,coal,coal,2005,N2O,3.73071746e-05,Tg
Colombia,crude oil,crude oil,crude oil,2005,CH4,0.8307407198,Tg
Colombia,crude oil,crude oil,crude oil,2005,CO2_FUG,0.1681119105,MTC
Colombia,crude oil,crude oil,crude oil,2005,N2O,0,Tg
Colombia,natural gas,natural gas,natural gas,2005,CH4,0.8307407198,Tg
Colombia,natural gas,natural gas,natural gas,2005,CO2_FUG,0.1681119105,MTC
Colombia,natural gas,natural gas,natural gas,2005,N2O,0,Tg
Colombia,coal,coal,coal,2010,CH4,0.104297095,Tg
Colombia,coal,coal,coal,2010,CO2_FUG,0.0726989845,MTC
Colombia,coal,coal,coal,2010,N2O,3.019457515e-05,Tg
Colombia,crude oil,crude oil,crude oil,2010,CH4,0.7587848047,Tg
Colombia,crude oil,crude oil,crude oil,2010,CO2_FUG,0.1743603289,MTC
Colombia,crude oil,crude oil,crude oil,2010,N2O,0,Tg
Colombia,natural gas,natural gas,natural gas,2010,CH4,0.7587848047,Tg
Colombia,natural gas,natural gas,natural gas,2010,CO2_FUG,0.1743603289,MTC
Colombia,natural gas,natural gas,natural gas,2010,N2O,0,Tg
Colombia,coal,coal,coal,2015,CH4,0.09190348585,Tg
Colombia,coal,coal,coal,2015,CO2_FUG,0.07759071392,MTC
Colombia,coal,coal,coal,2015,N2O,1.308172602e-05,Tg
Colombia,crude oil,crude oil,crude oil,2015,CH4,0.7439609868,Tg
Colombia,crude oil,crude oil,crude oil,2015,CO2_FUG,0.1330462425,MTC
Colombia,crude oil,crude oil,crude oil,2015,N2O,0,Tg
Colombia,natural gas,natural gas,natural gas,2015,CH4,0.7439609868,Tg
Colombia,natural gas,natural gas,natural gas,2015,CO2_FUG,0.1330462425,MTC
Colombia,natural gas,natural gas,natural gas,2015,N2O,0,Tg
Austria,coal,coal,coal,1975,CH4,0.004844360203,Tg
Austria,coal,coal,coal,1975,CO2_FUG,7.128727761,MTC
Austria,coal,coal,coal,1975,N2O,0,Tg
Austria,crude oil,crude oil,crude oil,1975,CH4,0.05074233292,Tg
Austria,crude oil,crude oil,crude oil,1975,CO2_FUG,0.289363729,MTC
Austria,crude oil,crude oil,crude oil,1975,N2O,0,Tg
Austria,natural gas,natural gas,natural gas,1975,CH4,0.05074233292,Tg
Austria,natural gas,natural gas,natural gas,1975,CO2_FUG,0.289363729,MTC
Austria,natural gas,natural gas,natural gas,1975,N2O,0,Tg
Austria,coal,coal,coal,1990,CH4,0.02087248127,Tg
Austria,coal,coal,coal,1990,CO2_FUG,4.872988837,MTC
Austria,coal,coal,coal,1990,N2O,0,Tg
Austria,crude oil,crude oil,crude oil,1990,CH4,0.1095815618,Tg
Austria,crude oil,crude oil,crude oil,1990,CO2_FUG,0.2874913594,MTC
Austria,crude oil,crude oil,crude oil,1990,N2O,0,Tg
Austria,natural gas,natural gas,natural gas,1990,CH4,0.1095815618,Tg
Austria,natural gas,natural gas,natural gas,1990,CO2_FUG,0.2874913594,MTC
Austria,natural gas,natural gas,natural gas,1990,N2O,0,Tg
Austria,coal,coal,coal,2005,CH4,0.2011892418,Tg
Austria,coal,coal,coal,2005,CO2_FUG,0.5399132017,MTC
Austria,coal,coal,coal,2005,N2O,0,Tg
Austria,crude oil,crude oil,crude oil,2005,CH4,0.1158225704,Tg
Austria,crude oil,crude oil,crude oil,2005,CO2_FUG,0.4584808368,MTC
Austria,crude oil,crude oil,crude oil,2005,N2O,0,Tg
Austria,natural gas,natural gas,natural gas,2005,CH4,0.1158225704,Tg
Austria,natural gas,natural gas,natural gas,2005,CO2_FUG,0.4584808368,MTC
Austria,natural gas,natural gas,natural gas,2005,N2O,0,Tg
Austria,coal,coal,coal,2010,CH4,0.20450647,Tg
Austria,coal,coal,coal,2010,CO2_FUG,0.3980598136,MTC
Austria,coal,coal,coal,2010,N2O,0,Tg
Austria,crude oil,crude oil,crude oil,2010,CH4,0.1081833229,Tg
Austria,crude oil,crude oil,crude oil,2010,CO2_FUG,0.4781184168,MTC
Austria,crude oil,crude oil,crude oil,2010,N2O,0,Tg
Austria,natural gas,natural gas,natural gas,2010,CH4,0.1081833229,Tg
Austria,natural gas,natural gas,natural gas,2010,CO2_FUG,0.4781184168,MTC
Austria,natural gas,natural gas,natural gas,2010,N2O,0,Tg
Austria,coal,coal,coal,2015,CH4,0.1941616332,Tg
Austria,coal,coal,coal,2015,CO2_FUG,0.4351290798,MTC
Austria,coal,coal,coal,2015,N2O,0,Tg
Austria,crude oil,crude oil,crude oil,2015,CH4,0.154557905,Tg
Austria,crude oil,crude oil,crude oil,2015,CO2_FUG,0.5501638679,MTC
Austria,crude oil,crude oil,crude oil,2015,N2O,0,Tg
Austria,natural gas,natural gas,natural gas,2015,CH4,0.154557905,Tg
Austria,natural gas,natural gas,natural gas,2015,CO2_FUG,0.5501638679,MTC
Austria,natural gas,natural gas,natural gas,2015,N2O,0,Tg
Belgium,coal,coal,coal,1975,CH4,0.2653609922,Tg
Belgium,coal,coal,coal,1975,CO2_FUG,1.692200408,MTC
Belgium,coal,coal,coal,1975,N2O,0,Tg
Belgium,crude oil,crude oil,crude oil,1975,CH4,0.3753392728,Tg
Belgium,crude oil,crude oil,crude oil,1975,CO2_FUG,0.6365496618,MTC
Belgium,crude oil,crude oil,crude oil,1975,N2O,0,Tg
Belgium,natural gas,natural gas,natural gas,1975,CH4,0.3155083342,Tg
Belgium,natural gas,natural gas,natural gas,1975,CO2_FUG,0.3915210585,MTC
Belgium,natural gas,natural gas,natural gas,1975,N2O,0,Tg
Belgium,coal,coal,coal,1990,CH4,0.3213664813,Tg
Belgium,coal,coal,coal,1990,CO2_FUG,7.051603089,MTC
Belgium,coal,coal,coal,1990,N2O,0,Tg
Belgium,crude oil,crude oil,crude oil,1990,CH4,0.3502836644,Tg
Belgium,crude oil,crude oil,crude oil,1990,CO2_FUG,0.3499209282,MTC
Belgium,crude oil,crude oil,crude oil,1990,N2O,0,Tg
Belgium,natural gas,natural gas,natural gas,1990,CH4,0.3306434513,Tg
Belgium,natural gas,natural gas,natural gas,1990,CO2_FUG,0.3203549521,MTC
Belgium,natural gas,natural gas,natural gas,1990,N2O,0,Tg
Belgium,coal,coal,coal,2005,CH4,0.2345220627,Tg
Belgium,coal,coal,coal,2005,CO2_FUG,0,MTC
Belgium,coal,coal,coal,2005,N2O,0,Tg
Belgium,crude oil,crude oil,crude oil,2005,CH4,0.3150790535,Tg
Belgium,crude oil,crude oil,crude oil,2005,CO2_FUG,0.2271602006,MTC
Belgium,crude oil,crude oil,crude oil,2005,N2O,1.17101134e-06,Tg
Belgium,natural gas,natural gas,natural gas,2005,CH4,0.3619007817,Tg
Belgium,natural gas,natural gas,natural gas,2005,CO2_FUG,0.2786590784,MTC
Belgium,natural gas,natural gas,natural gas,2005,N2O,8.034240698e-07,Tg
Belgium,coal,coal,coal,2010,CH4,0.7836515513,Tg
Belgium,coal,coal,coal,2010,CO2_FUG,0.3980598136,MTC
Belgium,coal,coal,coal,2010,N2O,0,Tg
Belgium,crude oil,crude oil,crude oil,2010,CH4,0.2970619333,Tg
Belgium,crude oil,crude oil,crude oil,2010,CO2_FUG,0.211957431,MTC
Belgium,crude oil,crude oil,crude oil,2010,N2O,1.261065897e-06,Tg
Belgium,natural gas,natural gas,natural gas,2010,CH4,0.2970619333,Tg
Belgium,natural gas,natural gas,natural gas,2010,CO2_FUG,0.2265209363,MTC
Belgium,natural gas,natural gas,natural gas,2010,N2O,1.152461792e-06,Tg
Belgium,coal,coal,coal,2015,CH4,0.4546390356,Tg
Belgium,coal,coal,coal,2015,CO2_FUG,0.4351290798,MTC
Belgium,coal,coal,coal,2015,N2O,0,Tg
Belgium,crude oil,crude oil,crude oil,2015,CH4,0.3190559132,Tg
Belgium,crude oil,crude oil,crude oil,2015,CO2_FUG,0.255299953,MTC
Belgium,crude oil,crude oil,crude oil,2015,N2O,8.720212128e-07,Tg
Belgium,natural gas,natural gas,natural gas,2015,CH4,0.3223237873,Tg
Belgium,natural gas,natural gas,natural gas,2015,CO2_FUG,0.255299953,MTC
Belgium,natural gas,natural gas,natural gas,2015,N2O,8.720212128e-07,Tg
Bulgaria,coal,coal,coal,1975,CH4,0.131839182,Tg
Bulgaria,coal,coal,coal,1975,CO2_FUG,0.1942245032,MTC
Bulgaria,coal,coal,coal,1975,N2O,0,Tg
Bulgaria,crude oil,crude oil,crude oil,1975,CH4,3.585313482,Tg
Bulgaria,crude oil,crude oil,crude oil,1975,CO2_FUG,1.901380974,MTC
Bulgaria,crude oil,crude oil,crude oil,1975,N2O,0,Tg
Bulgaria,natural gas,natural gas,natural gas,1975,CH4,0.3155083342,Tg
Bulgaria,natural gas,natural gas,natural gas,1975,CO2_FUG,1.901380974,MTC
Bulgaria,natural gas,natural gas,natural gas,1975,N2O,0,Tg
Bulgaria,coal,coal,coal,1990,CH4,0.3955723274,Tg
Bulgaria,coal,coal,coal,1990,CO2_FUG,0.2046144159,MTC
Bulgaria,coal,coal,coal,1990,N2O,0,Tg
Bulgaria,crude oil,crude oil,crude oil,1990,CH4,0.3502836644,Tg
Bulgaria,crude oil,crude oil,crude oil,1990,CO2_FUG,0.3499209282,MTC
Bulgaria,crude oil,crude oil,crude oil,1990,N2O,0,Tg
Bulgaria,natural gas,natural gas,natural gas,1990,CH4,0.3306434513,Tg
Bulgaria,natural gas,natural gas,natural gas,1990,CO2_FUG,0.3203549521,MTC
Bulgaria,natural gas,natural gas,natural gas,1990,N2O,0,Tg
Bulgaria,coal,coal,coal,2005,CH4,0.1974584994,Tg
Bulgaria,coal,coal,coal,2005,CO2_FUG,0.6029486901,MTC
Bulgaria,coal,coal,coal,2005,N2O,0,Tg
Bulgaria,crude oil,crude oil,crude oil,2005,CH4,1.954228545,Tg
Bulgaria,crude oil,crude oil,crude oil,2005,CO2_FUG,1.559390043,MTC
Bulgaria,crude oil,crude oil,crude oil,2005,N2O,0,Tg
Bulgaria,natural gas,natural gas,natural gas,2005,CH4,1.954228545,Tg
Bulgaria,natural gas,natural gas,natural gas,2005,CO2_FUG,1.559390043,MTC
Bulgaria,natural gas,natural gas,natural gas,2005,N2O,0,Tg
Bulgaria,coal,coal,coal,2010,CH4,0.20450647,Tg
Bulgaria,coal,coal,coal,2010,CO2_FUG,0.2199072475,MTC
Bulgaria,coal,coal,coal,2010,N2O,0,Tg
Bulgaria,crude oil,crude oil,crude oil,2010,CH4,0.2970619333,Tg
Bulgaria,crude oil,crude oil,crude oil,2010,CO2_FUG,0.211957431,MTC
Bulgaria,crude oil,crude oil,crude oil,2010,N2O,0,Tg
Bulgaria,natural gas,natural gas,natural gas,2010,CH4,0.2970619333,Tg
Bulgaria,natural gas,natural gas,natural gas,2010,CO2_FUG,0.2265209363,MTC
Bulgaria,natural gas,natural gas,natural gas,2010,N2O,0,Tg
Bulgaria,coal,coal,coal,2015,CH4,0.1941616332,Tg
Bulgaria,coal,coal,coal,2015,CO2_FUG,0.4351290798,MTC
Bulgaria,coal,coal,coal,2015,N2O,0,Tg
Bulgaria,crude oil,crude oil,crude oil,2015,CH4,0.3190559132,Tg
Bulgaria,crude oil,crude oil,crude oil,2015,CO2_FUG,0.255299953,MTC
Bulgaria,crude oil,crude oil,crude oil,2015,N2O,0,Tg
Bulgaria,natural gas,natural gas,natural gas,2015,CH4,0.3223237873,Tg
Bulgaria,natural gas,natural gas,natural gas,2015,CO2_FUG,0.255299953,MTC
Bulgaria,natural gas,natural gas,natural gas,2015,N2O,0,Tg
Croatia,coal,coal,coal,1975,CH4,0.437808855,Tg
Croatia,coal,coal,coal,1975,CO2_FUG,0,MTC
Croatia,coal,coal,coal,1975,N2O,0,Tg
Croatia,crude oil,crude oil,crude oil,1975,CH4,0.3739455658,Tg
Croatia,crude oil,crude oil,crude oil,1975,CO2_FUG,1.726969717,MTC
Croatia,crude oil,crude oil,crude oil,1975,N2O,0,Tg
Croatia,natural gas,natural gas,natural gas,1975,CH4,0.3739455658,Tg
Croatia,natural gas,natural gas,natural gas,1975,CO2_FUG,1.726969717,MTC
Croatia,natural gas,natural gas,natural gas,1975,N2O,0,Tg
Croatia,coal,coal,coal,1990,CH4,0.5552869076,Tg
Croatia,coal,coal,coal,1990,CO2_FUG,0.5606340871,MTC
Croatia,coal,coal,coal,1990,N2O,0,Tg
Croatia,crude oil,crude oil,crude oil,1990,CH4,0.3108966684,Tg
Croatia,crude oil,crude oil,crude oil,1990,CO2_FUG,0.8894579194,MTC
Croatia,crude oil,crude oil,crude oil,1990,N2O,0,Tg
Croatia,natural gas,natural gas,natural gas,1990,CH4,0.3108966684,Tg
Croatia,natural gas,natural gas,natural gas,1990,CO2_FUG,0.8894579194,MTC
Croatia,natural gas,natural gas,natural gas,1990,N2O,0,Tg
Croatia,coal,coal,coal,2005,CH4,0.2011892418,Tg
Croatia,coal,coal,coal,2005,CO2_FUG,0.5399132017,MTC
Croatia,coal,coal,coal,2005,N2O,0,Tg
Croatia,crude oil,crude oil,crude oil,2005,CH4,0.5234928442,Tg
Croatia,crude oil,crude oil,crude oil,2005,CO2_FUG,1.750089703,MTC
Croatia,crude oil,crude oil,crude oil,2005,N2O,0,Tg
Croatia,natural gas,natural gas,natural gas,2005,CH4,0.5234928442,Tg
Croatia,natural gas,natural gas,natural gas,2005,CO2_FUG,1.750089703,MTC
Croatia,natural gas,natural gas,natural gas,2005,N2O,0,Tg
Croatia,coal,coal,coal,2010,CH4,0.20450647,Tg
Croatia,coal,coal,coal,2010,CO2_FUG,0.3980598136,MTC
Croatia,coal,coal,coal,2010,N2O,0,Tg
Croatia,crude oil,crude oil,crude oil,2010,CH4,0.5726434119,Tg
Croatia,crude oil,crude oil,crude oil,2010,CO2_FUG,1.215963561,MTC
Croatia,crude oil,crude oil,crude oil,2010,N2O,0,Tg
Croatia,natural gas,natural gas,natural gas,2010,CH4,0.5726434119,Tg
Croatia,natural gas,natural gas,natural gas,2010,CO2_FUG,1.215963561,MTC
Croatia,natural gas,natural gas,natural gas,2010,N2O,0,Tg
Croatia,coal,coal,coal,2015,CH4,0.1941616332,Tg
Croatia,coal,coal,coal,2015,CO2_FUG,0.4351290798,MTC
Croatia,coal,coal,coal,2015,N2O,0,Tg
Croatia,crude oil,crude oil,crude oil,2015,CH4,0.611880129,Tg
Croatia,crude oil,crude oil,crude oil,2015,CO2_FUG,0.7753625616,MTC
Croatia,crude oil,crude oil,crude oil,2015,N2O,0,Tg
Croatia,natural gas,natural gas,natural gas,2015,CH4,0.611880129,Tg
Croatia,natural gas,natural gas,natural gas,2015,CO2_FUG,0.7753625616,MTC
Croatia,natural gas,natural gas,natural gas,2015,N2O,0,Tg
Cyprus,coal,coal,coal,1975,CH4,0.2665364439,Tg
Cyprus,coal,coal,coal,1975,CO2_FUG,1.270118914,MTC
Cyprus,coal,coal,coal,1975,N2O,0,Tg
Cyprus,crude oil,crude oil,crude oil,1975,CH4,0.3753392728,Tg
Cyprus,crude oil,crude oil,crude oil,1975,CO2_FUG,0.6365496618,MTC
Cyprus,crude oil,crude oil,crude oil,1975,N2O,0,Tg
Cyprus,natural gas,natural gas,natural gas,1975,CH4,0.3155083342,Tg
Cyprus,natural gas,natural gas,natural gas,1975,CO2_FUG,0.3915210585,MTC
Cyprus,natural gas,natural gas,natural gas,1975,N2O,0,Tg
Cyprus,coal,coal,coal,1990,CH4,0.3080877015,Tg
Cyprus,coal,coal,coal,1990,CO2_FUG,0.5606340871,MTC
Cyprus,coal,coal,coal,1990,N2O,0,Tg
Cyprus,crude oil,crude oil,crude oil,1990,CH4,0.3502836644,Tg
Cyprus,crude oil,crude oil,crude oil,1990,CO2_FUG,0.3499209282,MTC
Cyprus,crude oil,crude oil,crude oil,1990,N2O,0,Tg
Cyprus,natural gas,natural gas,natural gas,1990,CH4,0.3306434513,Tg
Cyprus,natural gas,natural gas,natural gas,1990,CO2_FUG,0.3203549521,MTC
Cyprus,natural gas,natural gas,natural gas,1990,N2O,0,Tg
Cyprus,coal,coal,coal,2005,CH4,0.2011892418,Tg
Cyprus,coal,coal,coal,2005,CO2_FUG,0.5399132017,MTC
Cyprus,coal,coal,coal,2005,N2O,0,Tg
Cyprus,crude oil,crude oil,crude oil,2005,CH4,0.3150790535,Tg
Cyprus,crude oil,crude oil,crude oil,2005,CO2_FUG,0.2271602006,MTC
Cyprus,crude oil,crude oil,crude oil,2005,N2O,1.17101134e-06,Tg
Cyprus,natural gas,natural gas,natural gas,2005,CH4,0.3619007817,Tg
Cyprus,natural gas,natural gas,natural gas,2005,CO2_FUG,0.2786590784,MTC
Cyprus,natural gas,natural gas,natural gas,2005,N2O,8.034240698e-07,Tg
Cyprus,coal,coal,coal,2010,CH4,0.20450647,Tg
Cyprus,coal,coal,coal,2010,CO2_FUG,0.3980598136,MTC
Cyprus,coal,coal,coal,2010,N2O,0,Tg
Cyprus,crude oil,crude oil,crude oil,2010,CH4,0.2970619333,Tg
Cyprus,crude oil,crude oil,crude oil,2010,CO2_FUG,0.211957431,MTC
Cyprus,crude oil,crude oil,crude oil,2010,N2O,1.261065897e-06,Tg
Cyprus,natural gas,natural gas,natural gas,2010,CH4,0.2970619333,Tg
Cyprus,natural gas,natural gas,natural gas,2010,CO2_FUG,0.2265209363,MTC
Cyprus,natural gas,natural gas,natural gas,2010,N2O,1.152461792e-06,Tg
Cyprus,coal,coal,coal,2015,CH4,0.1941616332,Tg
Cyprus,coal,coal,coal,2015,CO2_FUG,0.4351290798,MTC
Cyprus,coal,coal,coal,2015,N2O,0,Tg
Cyprus,crude oil,crude oil,crude oil,2015,CH4,0.3190559132,Tg
Cyprus,crude oil,crude oil,crude oil,2015,CO2_FUG,0.255299953,MTC
Cyprus,crude oil,crude oil,crude oil,2015,N2O,8.720212128e-07,Tg
Cyprus,natural gas,natural gas,natural gas,2015,CH4,0.3223237873,Tg
Cyprus,natural gas,natural gas,natural gas,2015,CO2_FUG,0.255299953,MTC
Cyprus,natural gas,natural gas,natural gas,2015,N2O,8.720212128e-07,Tg
Czech Republic,coal,coal,coal,1975,CH4,0.2619233887,Tg
Czech Republic,coal,coal,coal,1975,CO2_FUG,1.655214361,MTC
Czech Republic,coal,coal,coal,1975,N2O,0,Tg
Czech Republic,crude oil,crude oil,crude oil,1975,CH4,0.9889297675,Tg
Czech Republic,crude oil,crude oil,crude oil,1975,CO2_FUG,0.008777518624,MTC
Czech Republic,crude oil,crude oil,crude oil,1975,N2O,0,Tg
Czech Republic,natural gas,natural gas,natural gas,1975,CH4,0.9889297675,Tg
Czech Republic,natural gas,natural gas,natural gas,1975,CO2_FUG,0.008777518624,MTC
Czech Republic,natural gas,natural gas,natural gas,1975,N2O,0,Tg
Czech Republic,coal,coal,coal,1990,CH4,0.2409424244,Tg
Czech Republic,coal,coal,coal,1990,CO2_FUG,0.5967241318,MTC
Czech Republic,coal,coal,coal,1990,N2O,0,Tg
Czech Republic,crude oil,crude oil,crude oil,1990,CH4,0.3502836644,Tg
Czech Republic,crude oil,crude oil,crude oil,1990,CO2_FUG,0.007312328548,MTC
Czech Republic,crude oil,crude oil,crude oil,1990,N2O,0,Tg
Czech Republic,natural gas,natural gas,natural gas,1990,CH4,0.3306434513,Tg
Czech Republic,natural gas,natural gas,natural gas,1990,CO2_FUG,0.007312328548,MTC
Czech Republic,natural gas,natural gas,natural gas,1990,N2O,0,Tg
Czech Republic,coal,coal,coal,2005,CH4,0.1741559786,Tg
Czech Republic,coal,coal,coal,2005,CO2_FUG,0.4856253782,MTC
Czech Republic,coal,coal,coal,2005,N2O,0,Tg
Czech Republic,crude oil,crude oil,crude oil,2005,CH4,1.040144078,Tg
Czech Republic,crude oil,crude oil,crude oil,2005,CO2_FUG,0.01258620279,MTC
Czech Republic,crude oil,crude oil,crude oil,2005,N2O,0,Tg
Czech Republic,natural gas,natural gas,natural gas,2005,CH4,1.040144078,Tg
Czech Republic,natural gas,natural gas,natural gas,2005,CO2_FUG,0.01258620279,MTC
Czech Republic,natural gas,natural gas,natural gas,2005,N2O,0,Tg
Czech Republic,coal,coal,coal,2010,CH4,0.1818119244,Tg
Czech Republic,coal,coal,coal,2010,CO2_FUG,0.6802228295,MTC
Czech Republic,coal,coal,coal,2010,N2O,0,Tg
Czech Republic,crude oil,crude oil,crude oil,2010,CH4,1.679594169,Tg
Czech Republic,crude oil,crude oil,crude oil,2010,CO2_FUG,0.006146233086,MTC
Czech Republic,crude oil,crude oil,crude oil,2010,N2O,0,Tg
Czech Republic,natural gas,natural gas,natural gas,2010,CH4,0.2970619333,Tg
Czech Republic,natural gas,natural gas,natural gas,2010,CO2_FUG,0.006146233086,MTC
Czech Republic,natural gas,natural gas,natural gas,2010,N2O,0,Tg
Czech Republic,coal,coal,coal,2015,CH4,0.161094957,Tg
Czech Republic,coal,coal,coal,2015,CO2_FUG,0.7910683532,MTC
Czech Republic,coal,coal,coal,2015,N2O,0,Tg
Czech Republic,crude oil,crude oil,crude oil,2015,CH4,1.496315629,Tg
Czech Republic,crude oil,crude oil,crude oil,2015,CO2_FUG,0.005195844364,MTC
Czech Republic,crude oil,crude oil,crude oil,2015,N2O,0,Tg
Czech Republic,natural gas,natural gas,natural gas,2015,CH4,1.496315629,Tg
Czech Republic,natural gas,natural gas,natural gas,2015,CO2_FUG,0.005195844364,MTC
Czech Republic,natural gas,natural gas,natural gas,2015,N2O,0,Tg
Denmark,coal,coal,coal,1975,CH4,0.2665364439,Tg
Denmark,coal,coal,coal,1975,CO2_FUG,1.270118914,MTC
Denmark,coal,coal,coal,1975,N2O,0,Tg
Denmark,crude oil,crude oil,crude oil,1975,CH4,0.02557786694,Tg
Denmark,crude oil,crude oil,crude oil,1975,CO2_FUG,0.6365496618,MTC
Denmark,crude oil,crude oil,crude oil,1975,N2O,0,Tg
Denmark,natural gas,natural gas,natural gas,1975,CH4,0.3155083342,Tg
Denmark,natural gas,natural gas,natural gas,1975,CO2_FUG,0.3915210585,MTC
Denmark,natural gas,natural gas,natural gas,1975,N2O,0,Tg
Denmark,coal,coal,coal,1990,CH4,0.3080877015,Tg
Denmark,coal,coal,coal,1990,CO2_FUG,0.5606340871,MTC
Denmark,coal,coal,coal,1990,N2O,0,Tg
Denmark,crude oil,crude oil,crude oil,1990,CH4,0.00566354816,Tg
Denmark,crude oil,crude oil,crude oil,1990,CO2_FUG,0.2495858174,MTC
Denmark,crude oil,crude oil,crude oil,1990,N2O,0,Tg
Denmark,natural gas,natural gas,natural gas,1990,CH4,0.00566354816,Tg
Denmark,natural gas,natural gas,natural gas,1990,CO2_FUG,0.2495858174,MTC
Denmark,natural gas,natural gas,natural gas,1990,N2O,0,Tg
Denmark,coal,coal,coal,2005,CH4,0.2011892418,Tg
Denmark,coal,coal,coal,2005,CO2_FUG,0.5399132017,MTC
Denmark,coal,coal,coal,2005,N2O,0,Tg
Denmark,crude oil,crude oil,crude oil,2005,CH4,0.004369133256,Tg
Denmark,crude oil,crude oil,crude oil,2005,CO2_FUG,0.1255864127,MTC
Denmark,crude oil,crude oil,crude oil,2005,N2O,0,Tg
Denmark,natural gas,natural gas,natural gas,2005,CH4,0.004369133256,Tg
Denmark,natural gas,natural gas,natural gas,2005,CO2_FUG,0.1255864127,MTC
Denmark,natural gas,natural gas,natural gas,2005,N2O,0,Tg
Denmark,coal,coal,coal,2010,CH4,0.20450647,Tg
Denmark,coal,coal,coal,2010,CO2_FUG,0.3980598136,MTC
Denmark,coal,coal,coal,2010,N2O,0,Tg
Denmark,crude oil,crude oil,crude oil,2010,CH4,0.006238618164,Tg
Denmark,crude oil,crude oil,crude oil,2010,CO2_FUG,0.1131040344,MTC
Denmark,crude oil,crude oil,crude oil,2010,N2O,0,Tg
Denmark,natural gas,natural gas,natural gas,2010,CH4,0.006238618164,Tg
Denmark,natural gas,natural gas,natural gas,2010,CO2_FUG,0.1131040344,MTC
Denmark,natural gas,natural gas,natural gas,2010,N2O,0,Tg
Denmark,coal,coal,coal,2015,CH4,0.1941616332,Tg
Denmark,coal,coal,coal,2015,CO2_FUG,0.4351290798,MTC
Denmark,coal,coal,coal,2015,N2O,0,Tg
Denmark,crude oil,crude oil,crude oil,2015,CH4,0.009790284114,Tg
Denmark,crude oil,crude oil,crude oil,2015,CO2_FUG,0.1334835318,MTC
Denmark,crude oil,crude oil,crude oil,2015,N2O,0,Tg
Denmark,natural gas,natural gas,natural gas,2015,CH4,0.009790284114,Tg
Denmark,natural gas,natural gas,natural gas,2015,CO2_FUG,0.1334835318,MTC
Denmark,natural gas,natural gas,natural gas,2015,N2O,0,Tg
Estonia,coal,coal,coal,1975,CH4,0.0005150987458,Tg
Estonia,coal,coal,coal,1975,CO2_FUG,1.498452689,MTC
Estonia,coal,coal,coal,1975,N2O,0,Tg
Estonia,crude oil,crude oil,crude oil,1975,CH4,0.3753392728,Tg
Estonia,crude oil,crude oil,crude oil,1975,CO2_FUG,0.6365496618,MTC
Estonia,crude oil,crude oil,crude oil,1975,N2O,0,Tg
Estonia,natural gas,natural gas,natural gas,1975,CH4,0,Tg
Estonia,natural gas,natural gas,natural gas,1975,CO2_FUG,0.001038942478,MTC
Estonia,natural gas,natural gas,natural gas,1975,N2O,0,Tg
Estonia,coal,coal,coal,1990,CH4,0.000239917907,Tg
Estonia,coal,coal,coal,1990,CO2_FUG,1.694339518,MTC
Estonia,coal,coal,coal,1990,N2O,0,Tg
Estonia,crude oil,crude oil,crude oil,1990,CH4,0.3502836644,Tg
Estonia,crude oil,crude oil,crude oil,1990,CO2_FUG,0.3499209282,MTC
Estonia,crude oil,crude oil,crude oil,1990,N2O,0,Tg
Estonia,natural gas,natural gas,natural gas,1990,CH4,0.3306434513,Tg
Estonia,natural gas,natural gas,natural gas,1990,CO2_FUG,0.3203549521,MTC
Estonia,natural gas,natural gas,natural gas,1990,N2O,0,Tg
Estonia,coal,coal,coal,2005,CH4,0.0003758028285,Tg
Estonia,coal,coal,coal,2005,CO2_FUG,3.789890216,MTC
Estonia,coal,coal,coal,2005,N2O,0,Tg
Estonia,crude oil,crude oil,crude oil,2005,CH4,0.3150790535,Tg
Estonia,crude oil,crude oil,crude oil,2005,CO2_FUG,0.2271602006,MTC
Estonia,crude oil,crude oil,crude oil,2005,N2O,1.17101134e-06,Tg
Estonia,natural gas,natural gas,natural gas,2005,CH4,0.3619007817,Tg
Estonia,natural gas,natural gas,natural gas,2005,CO2_FUG,0.2786590784,MTC
Estonia,natural gas,natural gas,natural gas,2005,N2O,8.034240698e-07,Tg
Estonia,coal,coal,coal,2010,CH4,0.0001850384521,Tg
Estonia,coal,coal,coal,2010,CO2_FUG,5.042893308,MTC
Estonia,coal,coal,coal,2010,N2O,0,Tg
Estonia,crude oil,crude oil,crude oil,2010,CH4,0.2970619333,Tg
Estonia,crude oil,crude oil,crude oil,2010,CO2_FUG,0.211957431,MTC
Estonia,crude oil,crude oil,crude oil,2010,N2O,1.261065897e-06,Tg
Estonia,natural gas,natural gas,natural gas,2010,CH4,0.2970619333,Tg
Estonia,natural gas,natural gas,natural gas,2010,CO2_FUG,0.2265209363,MTC
Estonia,natural gas,natural gas,natural gas,2010,N2O,1.152461792e-06,Tg
Estonia,coal,coal,coal,2015,CH4,5.710648901e-05,Tg
Estonia,coal,coal,coal,2015,CO2_FUG,5.933581991,MTC
Estonia,coal,coal,coal,2015,N2O,0,Tg
Estonia,crude oil,crude oil,crude oil,2015,CH4,0.3190559132,Tg
Estonia,crude oil,crude oil,crude oil,2015,CO2_FUG,0.255299953,MTC
Estonia,crude oil,crude oil,crude oil,2015,N2O,8.720212128e-07,Tg
Estonia,natural gas,natural gas,natural gas,2015,CH4,0.3223237873,Tg
Estonia,natural gas,natural gas,natural gas,2015,CO2_FUG,0.255299953,MTC
Estonia,natural gas,natural gas,natural gas,2015,N2O,8.720212128e-07,Tg
Finland,coal,coal,coal,1975,CH4,0.01399417451,Tg
Finland,coal,coal,coal,1975,CO2_FUG,0.4780588121,MTC
Finland,coal,coal,coal,1975,N2O,0,Tg
Finland,crude oil,crude oil,crude oil,1975,CH4,0.3753392728,Tg
Finland,crude oil,crude oil,crude oil,1975,CO2_FUG,0.6365496618,MTC
Finland,crude oil,crude oil,crude oil,1975,N2O,0,Tg
Finland,natural gas,natural gas,natural gas,1975,CH4,0.3155083342,Tg
Finland,natural gas,natural gas,natural gas,1975,CO2_FUG,0.3915210585,MTC
Finland,natural gas,natural gas,natural gas,1975,N2O,0,Tg
Finland,coal,coal,coal,1990,CH4,0.008409553193,Tg
Finland,coal,coal,coal,1990,CO2_FUG,0.3117665282,MTC
Finland,coal,coal,coal,1990,N2O,0,Tg
Finland,crude oil,crude oil,crude oil,1990,CH4,0.3502836644,Tg
Finland,crude oil,crude oil,crude oil,1990,CO2_FUG,0.3499209282,MTC
Finland,crude oil,crude oil,crude oil,1990,N2O,0,Tg
Finland,natural gas,natural gas,natural gas,1990,CH4,0.3306434513,Tg
Finland,natural gas,natural gas,natural gas,1990,CO2_FUG,0.3203549521,MTC
Finland,natural gas,natural gas,natural gas,1990,N2O,0,Tg
Finland,coal,coal,coal,2005,CH4,0.01317482455,Tg
Finland,coal,coal,coal,2005,CO2_FUG,0.8680676714,MTC
Finland,coal,coal,coal,2005,N2O,0,Tg
Finland,crude oil,crude oil,crude oil,2005,CH4,0.4805293512,Tg
Finland,crude oil,crude oil,crude oil,2005,CO2_FUG,0.2271602006,MTC
Finland,crude oil,crude oil,crude oil,2005,N2O,0,Tg
Finland,natural gas,natural gas,natural gas,2005,CH4,0.3619007817,Tg
Finland,natural gas,natural gas,natural gas,2005,CO2_FUG,0.2786590784,MTC
Finland,natural gas,natural gas,natural gas,2005,N2O,8.034240698e-07,Tg
Finland,coal,coal,coal,2010,CH4,0.01466207987,Tg
Finland,coal,coal,coal,2010,CO2_FUG,1.088074292,MTC
Finland,coal,coal,coal,2010,N2O,0,Tg
Finland,crude oil,crude oil,crude oil,2010,CH4,0.6600812205,Tg
Finland,crude oil,crude oil,crude oil,2010,CO2_FUG,0.211957431,MTC
Finland,crude oil,crude oil,crude oil,2010,N2O,0,Tg
Finland,natural gas,natural gas,natural gas,2010,CH4,0.2970619333,Tg
Finland,natural gas,natural gas,natural gas,2010,CO2_FUG,0.2265209363,MTC
Finland,natural gas,natural gas,natural gas,2010,N2O,1.152461792e-06,Tg
Finland,coal,coal,coal,2015,CH4,0.03356444113,Tg
Finland,coal,coal,coal,2015,CO2_FUG,1.391651173,MTC
Finland,coal,coal,coal,2015,N2O,0,Tg
Finland,crude oil,crude oil,crude oil,2015,CH4,0.3190559132,Tg
Finland,crude oil,crude oil,crude oil,2015,CO2_FUG,0.255299953,MTC
Finland,crude oil,crude oil,crude oil,2015,N2O,8.720212128e-07,Tg
Finland,natural gas,natural gas,natural gas,2015,CH4,0.3223237873,Tg
Finland,natural gas,natural gas,natural gas,2015,CO2_FUG,0.255299953,MTC
Finland,natural gas,natural gas,natural gas,2015,N2O,8.720212128e-07,Tg
France,coal,coal,coal,1975,CH4,1.064230908,Tg
France,coal,coal,coal,1975,CO2_FUG,2.13166868,MTC
France,coal,coal,coal,1975,N2O,0,Tg
France,crude oil,crude oil,crude oil,1975,CH4,0.1607737207,Tg
France,crude oil,crude oil,crude oil,1975,CO2_FUG,3.350292955,MTC
France,crude oil,crude oil,crude oil,1975,N2O,0,Tg
France,natural gas,natural gas,natural gas,1975,CH4,0.1607737207,Tg
France,natural gas,natural gas,natural gas,1975,CO2_FUG,3.350292955,MTC
France,natural gas,natural gas,natural gas,1975,N2O,0,Tg
France,coal,coal,coal,1990,CH4,0.5661589038,Tg
France,coal,coal,coal,1990,CO2_FUG,2.212627448,MTC
France,coal,coal,coal,1990,N2O,0,Tg
France,crude oil,crude oil,crude oil,1990,CH4,0.2848987998,Tg
France,crude oil,crude oil,crude oil,1990,CO2_FUG,4.745041535,MTC
France,crude oil,crude oil,crude oil,1990,N2O,0,Tg
France,natural gas,natural gas,natural gas,1990,CH4,0.2848987998,Tg
France,natural gas,natural gas,natural gas,1990,CO2_FUG,4.745041535,MTC
France,natural gas,natural gas,natural gas,1990,N2O,0,Tg
France,coal,coal,coal,2005,CH4,0.9760307889,Tg
France,coal,coal,coal,2005,CO2_FUG,38.39032339,MTC
France,coal,coal,coal,2005,N2O,0,Tg
France,crude oil,crude oil,crude oil,2005,CH4,0.521042787,Tg
France,crude oil,crude oil,crude oil,2005,CO2_FUG,0.2271602006,MTC
France,crude oil,crude oil,crude oil,2005,N2O,0,Tg
France,natural gas,natural gas,natural gas,2005,CH4,0.521042787,Tg
France,natural gas,natural gas,natural gas,2005,CO2_FUG,0.2786590784,MTC
France,natural gas,natural gas,natural gas,2005,N2O,0,Tg
France,coal,coal,coal,2010,CH4,0.3753120456,Tg
France,coal,coal,coal,2010,CO2_FUG,0.3980598136,MTC
France,coal,coal,coal,2010,N2O,0,Tg
France,crude oil,crude oil,crude oil,2010,CH4,0.7418419957,Tg
France,crude oil,crude oil,crude oil,2010,CO2_FUG,0.211957431,MTC
France,crude oil,crude oil,crude oil,2010,N2O,0,Tg
France,natural gas,natural gas,natural gas,2010,CH4,0.7418419957,Tg
France,natural gas,natural gas,natural gas,2010,CO2_FUG,0.2265209363,MTC
France,natural gas,natural gas,natural gas,2010,N2O,0,Tg
France,coal,coal,coal,2015,CH4,0.1941616332,Tg
France,coal,coal,coal,2015,CO2_FUG,0.4351290798,MTC
France,coal,coal,coal,2015,N2O,0,Tg
France,crude oil,crude oil,crude oil,2015,CH4,1.331304131,Tg
France,crude oil,crude oil,crude oil,2015,CO2_FUG,0.255299953,MTC
France,crude oil,crude oil,crude oil,2015,N2O,0,Tg
France,natural gas,natural gas,natural gas,2015,CH4,1.331304131,Tg
France,natural gas,natural gas,natural gas,2015,CO2_FUG,0.255299953,MTC
France,natural gas,natural gas,natural gas,2015,N2O,0,Tg
Germany,coal,coal,coal,1975,CH4,0.2811773043,Tg
Germany,coal,coal,coal,1975,CO2_FUG,0.6178832198,MTC
Germany,coal,coal,coal,1975,N2O,0,Tg
Germany,crude oil,crude oil,crude oil,1975,CH4,0.3155083342,Tg
Germany,crude oil,crude oil,crude oil,1975,CO2_FUG,0.6061333976,MTC
Germany,crude oil,crude oil,crude oil,1975,N2O,0,Tg
Germany,natural gas,natural gas,natural gas,1975,CH4,0.3155083342,Tg
Germany,natural gas,natural gas,natural gas,1975,CO2_FUG,0.6061333976,MTC
Germany,natural gas,natural gas,natural gas,1975,N2O,0,Tg
Germany,coal,coal,coal,1990,CH4,0.1913538666,Tg
Germany,coal,coal,coal,1990,CO2_FUG,0.9743358922,MTC
Germany,coal,coal,coal,1990,N2O,0,Tg
Germany,crude oil,crude oil,crude oil,1990,CH4,0.4875484153,Tg
Germany,crude oil,crude oil,crude oil,1990,CO2_FUG,0.7199194492,MTC
Germany,crude oil,crude oil,crude oil,1990,N2O,0,Tg
Germany,natural gas,natural gas,natural gas,1990,CH4,0.4875484153,Tg
Germany,natural gas,natural gas,natural gas,1990,CO2_FUG,0.7199194492,MTC
Germany,natural gas,natural gas,natural gas,1990,N2O,0,Tg
Germany,coal,coal,coal,2005,CH4,0.115864177,Tg
Germany,coal,coal,coal,2005,CO2_FUG,0.2829687268,MTC
Germany,coal,coal,coal,2005,N2O,0,Tg
Germany,crude oil,crude oil,crude oil,2005,CH4,0.3619007817,Tg
Germany,crude oil,crude oil,crude oil,2005,CO2_FUG,0.7436081627,MTC
Germany,crude oil,crude oil,crude oil,2005,N2O,0,Tg
Germany,natural gas,natural gas,natural gas,2005,CH4,0.3619007817,Tg
Germany,natural gas,natural gas,natural gas,2005,CO2_FUG,0.7436081627,MTC
Germany,natural gas,natural gas,natural gas,2005,N2O,0,Tg
Germany,coal,coal,coal,2010,CH4,0.07053001705,Tg
Germany,coal,coal,coal,2010,CO2_FUG,0.7901983854,MTC
Germany,coal,coal,coal,2010,N2O,0,Tg
Germany,crude oil,crude oil,crude oil,2010,CH4,0.4354381803,Tg
Germany,crude oil,crude oil,crude oil,2010,CO2_FUG,0.8213568749,MTC
Germany,crude oil,crude oil,crude oil,2010,N2O,0,Tg
Germany,natural gas,natural gas,natural gas,2010,CH4,0.4354381803,Tg
Germany,natural gas,natural gas,natural gas,2010,CO2_FUG,0.8213568749,MTC
Germany,natural gas,natural gas,natural gas,2010,N2O,0,Tg
Germany,coal,coal,coal,2015,CH4,0.09166148806,Tg
Germany,coal,coal,coal,2015,CO2_FUG,0.8220348148,MTC
Germany,coal,coal,coal,2015,N2O,0,Tg
Germany,crude oil,crude oil,crude oil,2015,CH4,0.6201575964,Tg
Germany,crude oil,crude oil,crude oil,2015,CO2_FUG,1.109472403,MTC
Germany,crude oil,crude oil,crude oil,2015,N2O,0,Tg
Germany,natural gas,natural gas,natural gas,2015,CH4,0.6201575964,Tg
Germany,natural gas,natural gas,natural gas,2015,CO2_FUG,1.109472403,MTC
Germany,natural gas,natural gas,natural gas,2015,N2O,0,Tg
Greece,coal,coal,coal,1975,CH4,0.103479146,Tg
Greece,coal,coal,coal,1975,CO2_FUG,0.7377606353,MTC
Greece,coal,coal,coal,1975,N2O,0,Tg
Greece,crude oil,crude oil,crude oil,1975,CH4,0.3753392728,Tg
Greece,crude oil,crude oil,crude oil,1975,CO2_FUG,0.6365496618,MTC
Greece,crude oil,crude oil,crude oil,1975,N2O,0,Tg
Greece,natural gas,natural gas,natural gas,1975,CH4,0.3155083342,Tg
Greece,natural gas,natural gas,natural gas,1975,CO2_FUG,0.3915210585,MTC
Greece,natural gas,natural gas,natural gas,1975,N2O,0,Tg
Greece,coal,coal,coal,1990,CH4,0.1919260755,Tg
Greece,coal,coal,coal,1990,CO2_FUG,0.1219041751,MTC
Greece,coal,coal,coal,1990,N2O,0,Tg
Greece,crude oil,crude oil,crude oil,1990,CH4,0.2395892286,Tg
Greece,crude oil,crude oil,crude oil,1990,CO2_FUG,0.2841103232,MTC
Greece,crude oil,crude oil,crude oil,1990,N2O,0,Tg
Greece,natural gas,natural gas,natural gas,1990,CH4,0.2395892286,Tg
Greece,natural gas,natural gas,natural gas,1990,CO2_FUG,0.2841103232,MTC
Greece,natural gas,natural gas,natural gas,1990,N2O,0,Tg
Greece,coal,coal,coal,2005,CH4,0.1895308967,Tg
Greece,coal,coal,coal,2005,CO2_FUG,0.1009961346,MTC
Greece,coal,coal,coal,2005,N2O,0,Tg
Greece,crude oil,crude oil,crude oil,2005,CH4,1.65911407,Tg
Greece,crude oil,crude oil,crude oil,2005,CO2_FUG,0.3302579567,MTC
Greece,crude oil,crude oil,crude oil,2005,N2O,0,Tg
Greece,natural gas,natural gas,natural gas,2005,CH4,1.65911407,Tg
Greece,natural gas,natural gas,natural gas,2005,CO2_FUG,0.3302579567,MTC
Greece,natural gas,natural gas,natural gas,2005,N2O,0,Tg
Greece,coal,coal,coal,2010,CH4,0.1889430122,Tg
Greece,coal,coal,coal,2010,CO2_FUG,0,MTC
Greece,coal,coal,coal,2010,N2O,0,Tg
Greece,crude oil,crude oil,crude oil,2010,CH4,0.2970619333,Tg
Greece,crude oil,crude oil,crude oil,2010,CO2_FUG,0.3336972907,MTC
Greece,crude oil,crude oil,crude oil,2010,N2O,0,Tg
Greece,natural gas,natural gas,natural gas,2010,CH4,0.2970619333,Tg
Greece,natural gas,natural gas,natural gas,2010,CO2_FUG,0.3336972907,MTC
Greece,natural gas,natural gas,natural gas,2010,N2O,0,Tg
Greece,coal,coal,coal,2015,CH4,0.1884675746,Tg
Greece,coal,coal,coal,2015,CO2_FUG,0,MTC
Greece,coal,coal,coal,2015,N2O,0,Tg
Greece,crude oil,crude oil,crude oil,2015,CH4,0.3190559132,Tg
Greece,crude oil,crude oil,crude oil,2015,CO2_FUG,0.3783509841,MTC
Greece,crude oil,crude oil,crude oil,2015,N2O,0,Tg
Greece,natural gas,natural gas,natural gas,2015,CH4,0.3223237873,Tg
Greece,natural gas,natural gas,natural gas,2015,CO2_FUG,0.3783509841,MTC
Greece,natural gas,natural gas,natural gas,2015,N2O,0,Tg
Hungary,coal,coal,coal,1975,CH4,0.1856218394,Tg
Hungary,coal,coal,coal,1975,CO2_FUG,1.36495111,MTC
Hungary,coal,coal,coal,1975,N2O,0,Tg
Hungary,crude oil,crude oil,crude oil,1975,CH4,0.29399332,Tg
Hungary,crude oil,crude oil,crude oil,1975,CO2_FUG,0.5001369411,MTC
Hungary,crude oil,crude oil,crude oil,1975,N2O,0,Tg
Hungary,natural gas,natural gas,natural gas,1975,CH4,0.29399332,Tg
Hungary,natural gas,natural gas,natural gas,1975,CO2_FUG,0.5001369411,MTC
Hungary,natural gas,natural gas,natural gas,1975,N2O,0,Tg
Hungary,coal,coal,coal,1990,CH4,0.1796037604,Tg
Hungary,coal,coal,coal,1990,CO2_FUG,0.6804636105,MTC
Hungary,coal,coal,coal,1990,N2O,0,Tg
Hungary,crude oil,crude oil,crude oil,1990,CH4,0.2880973665,Tg
Hungary,crude oil,crude oil,crude oil,1990,CO2_FUG,0.513442761,MTC
Hungary,crude oil,crude oil,crude oil,1990,N2O,0,Tg
Hungary,natural gas,natural gas,natural gas,1990,CH4,0.2880973665,Tg
Hungary,natural gas,natural gas,natural gas,1990,CO2_FUG,0.513442761,MTC
Hungary,natural gas,natural gas,natural gas,1990,N2O,0,Tg
Hungary,coal,coal,coal,2005,CH4,0.01420242305,Tg
Hungary,coal,coal,coal,2005,CO2_FUG,1.03766801,MTC
Hungary,coal,coal,coal,2005,N2O,0,Tg
Hungary,crude oil,crude oil,crude oil,2005,CH4,0.6221551007,Tg
Hungary,crude oil,crude oil,crude oil,2005,CO2_FUG,0.196372353,MTC
Hungary,crude oil,crude oil,crude oil,2005,N2O,0,Tg
Hungary,natural gas,natural gas,natural gas,2005,CH4,0.6221551007,Tg
Hungary,natural gas,natural gas,natural gas,2005,CO2_FUG,0.196372353,MTC
Hungary,natural gas,natural gas,natural gas,2005,N2O,0,Tg
Hungary,coal,coal,coal,2010,CH4,0.008549481175,Tg
Hungary,coal,coal,coal,2010,CO2_FUG,1.623912881,MTC
Hungary,coal,coal,coal,2010,N2O,0,Tg
Hungary,crude oil,crude oil,crude oil,2010,CH4,0.7142041853,Tg
Hungary,crude oil,crude oil,crude oil,2010,CO2_FUG,0.3611251188,MTC
Hungary,crude oil,crude oil,crude oil,2010,N2O,0,Tg
Hungary,natural gas,natural gas,natural gas,2010,CH4,0.7142041853,Tg
Hungary,natural gas,natural gas,natural gas,2010,CO2_FUG,0.3611251188,MTC
Hungary,natural gas,natural gas,natural gas,2010,N2O,0,Tg
Hungary,coal,coal,coal,2015,CH4,0.007826899515,Tg
Hungary,coal,coal,coal,2015,CO2_FUG,0.8696919659,MTC
Hungary,coal,coal,coal,2015,N2O,0,Tg
Hungary,crude oil,crude oil,crude oil,2015,CH4,0.982143142,Tg
Hungary,crude oil,crude oil,crude oil,2015,CO2_FUG,0.3853542193,MTC
Hungary,crude oil,crude oil,crude oil,2015,N2O,0,Tg
Hungary,natural gas,natural gas,natural gas,2015,CH4,0.982143142,Tg
Hungary,natural gas,natural gas,natural gas,2015,CO2_FUG,0.3853542193,MTC
Hungary,natural gas,natural gas,natural gas,2015,N2O,0,Tg
Ireland,coal,coal,coal,1975,CH4,0.01433558038,Tg
Ireland,coal,coal,coal,1975,CO2_FUG,1.379398797,MTC
Ireland,coal,coal,coal,1975,N2O,0,Tg
Ireland,crude oil,crude oil,crude oil,1975,CH4,0.3753392728,Tg
Ireland,crude oil,crude oil,crude oil,1975,CO2_FUG,0.6365496618,MTC
Ireland,crude oil,crude oil,crude oil,1975,N2O,0,Tg
Ireland,natural gas,natural gas,natural gas,1975,CH4,0.3155083342,Tg
Ireland,natural gas,natural gas,natural gas,1975,CO2_FUG,0.3915210585,MTC
Ireland,natural gas,natural gas,natural gas,1975,N2O,0,Tg
Ireland,coal,coal,coal,1990,CH4,0.005251562561,Tg
Ireland,coal,coal,coal,1990,CO2_FUG,0.5795830809,MTC
Ireland,coal,coal,coal,1990,N2O,0,Tg
Ireland,crude oil,crude oil,crude oil,1990,CH4,0.3502836644,Tg
Ireland,crude oil,crude oil,crude oil,1990,CO2_FUG,0.3499209282,MTC
Ireland,crude oil,crude oil,crude oil,1990,N2O,0,Tg
Ireland,natural gas,natural gas,natural gas,1990,CH4,0.08031465017,Tg
Ireland,natural gas,natural gas,natural gas,1990,CO2_FUG,1.969581692e-05,MTC
Ireland,natural gas,natural gas,natural gas,1990,N2O,0,Tg
Ireland,coal,coal,coal,2005,CH4,0.0002824969902,Tg
Ireland,coal,coal,coal,2005,CO2_FUG,0.440833985,MTC
Ireland,coal,coal,coal,2005,N2O,0,Tg
Ireland,crude oil,crude oil,crude oil,2005,CH4,0.3150790535,Tg
Ireland,crude oil,crude oil,crude oil,2005,CO2_FUG,0.2271602006,MTC
Ireland,crude oil,crude oil,crude oil,2005,N2O,1.17101134e-06,Tg
Ireland,natural gas,natural gas,natural gas,2005,CH4,0.1336378521,Tg
Ireland,natural gas,natural gas,natural gas,2005,CO2_FUG,0.0005396620185,MTC
Ireland,natural gas,natural gas,natural gas,2005,N2O,0,Tg
Ireland,coal,coal,coal,2010,CH4,0.0004811121772,Tg
Ireland,coal,coal,coal,2010,CO2_FUG,0.5090188703,MTC
Ireland,coal,coal,coal,2010,N2O,0,Tg
Ireland,crude oil,crude oil,crude oil,2010,CH4,0.2970619333,Tg
Ireland,crude oil,crude oil,crude oil,2010,CO2_FUG,0.211957431,MTC
Ireland,crude oil,crude oil,crude oil,2010,N2O,1.261065897e-06,Tg
Ireland,natural gas,natural gas,natural gas,2010,CH4,0.1511131509,Tg
Ireland,natural gas,natural gas,natural gas,2010,CO2_FUG,0.002005233212,MTC
Ireland,natural gas,natural gas,natural gas,2010,N2O,0,Tg
Ireland,coal,coal,coal,2015,CH4,0.0006306219826,Tg
Ireland,coal,coal,coal,2015,CO2_FUG,0.6363635091,MTC
Ireland,coal,coal,coal,2015,N2O,0,Tg
Ireland,crude oil,crude oil,crude oil,2015,CH4,0.3190559132,Tg
Ireland,crude oil,crude oil,crude oil,2015,CO2_FUG,0.255299953,MTC
Ireland,crude oil,crude oil,crude oil,2015,N2O,8.720212128e-07,Tg
Ireland,natural gas,natural gas,natural gas,2015,CH4,0.2492151079,Tg
Ireland,natural gas,natural gas,natural gas,2015,CO2_FUG,0.01891396186,MTC
Ireland,natural gas,natural gas,natural gas,2015,N2O,0,Tg
Italy,coal,coal,coal,1975,CH4,0.3969735715,Tg
Italy,coal,coal,coal,1975,CO2_FUG,1.270118914,MTC
Italy,coal,coal,coal,1975,N2O,0,Tg
Italy,crude oil,crude oil,crude oil,1975,CH4,0.3651293814,Tg
Italy,crude oil,crude oil,crude oil,1975,CO2_FUG,1.988645265,MTC
Italy,crude oil,crude oil,crude oil,1975,N2O,0,Tg
Italy,natural gas,natural gas,natural gas,1975,CH4,0.3651293814,Tg
Italy,natural gas,natural gas,natural gas,1975,CO2_FUG,1.988645265,MTC
Italy,natural gas,natural gas,natural gas,1975,N2O,0,Tg
Italy,coal,coal,coal,1990,CH4,0.5300727043,Tg
Italy,coal,coal,coal,1990,CO2_FUG,0.5606340871,MTC
Italy,coal,coal,coal,1990,N2O,0,Tg
Italy,crude oil,crude oil,crude oil,1990,CH4,0.450693481,Tg
Italy,crude oil,crude oil,crude oil,1990,CO2_FUG,1.431437479,MTC
Italy,crude oil,crude oil,crude oil,1990,N2O,0,Tg
Italy,natural gas,natural gas,natural gas,1990,CH4,0.450693481,Tg
Italy,natural gas,natural gas,natural gas,1990,CO2_FUG,1.431437479,MTC
Italy,natural gas,natural gas,natural gas,1990,N2O,0,Tg
Italy,coal,coal,coal,2005,CH4,1.32484026,Tg
Italy,coal,coal,coal,2005,CO2_FUG,7.924302526,MTC
Italy,coal,coal,coal,2005,N2O,0,Tg
Italy,crude oil,crude oil,crude oil,2005,CH4,0.3984312573,Tg
Italy,crude oil,crude oil,crude oil,2005,CO2_FUG,1.033284676,MTC
Italy,crude oil,crude oil,crude oil,2005,N2O,0,Tg
Italy,natural gas,natural gas,natural gas,2005,CH4,0.3984312573,Tg
Italy,natural gas,natural gas,natural gas,2005,CO2_FUG,1.033284676,MTC
Italy,natural gas,natural gas,natural gas,2005,N2O,0,Tg
Italy,coal,coal,coal,2010,CH4,1.20081089,Tg
Italy,coal,coal,coal,2010,CO2_FUG,0.3980598136,MTC
Italy,coal,coal,coal,2010,N2O,0,Tg
Italy,crude oil,crude oil,crude oil,2010,CH4,0.4554871145,Tg
Italy,crude oil,crude oil,crude oil,2010,CO2_FUG,1.21169036,MTC
Italy,crude oil,crude oil,crude oil,2010,N2O,0,Tg
Italy,natural gas,natural gas,natural gas,2010,CH4,0.4554871145,Tg
Italy,natural gas,natural gas,natural gas,2010,CO2_FUG,1.21169036,MTC
Italy,natural gas,natural gas,natural gas,2010,N2O,0,Tg
Italy,coal,coal,coal,2015,CH4,0.8557911258,Tg
Italy,coal,coal,coal,2015,CO2_FUG,0,MTC
Italy,coal,coal,coal,2015,N2O,0,Tg
Italy,crude oil,crude oil,crude oil,2015,CH4,0.5179386949,Tg
Italy,crude oil,crude oil,crude oil,2015,CO2_FUG,1.481586399,MTC
Italy,crude oil,crude oil,crude oil,2015,N2O,0,Tg
Italy,natural gas,natural gas,natural gas,2015,CH4,0.5179386949,Tg
Italy,natural gas,natural gas,natural gas,2015,CO2_FUG,1.481586399,MTC
Italy,natural gas,natural gas,natural gas,2015,N2O,0,Tg
Latvia,coal,coal,coal,1975,CH4,0.01640866752,Tg
Latvia,coal,coal,coal,1975,CO2_FUG,0.09331947042,MTC
Latvia,coal,coal,coal,1975,N2O,0,Tg
Latvia,crude oil,crude oil,crude oil,1975,CH4,0.3753392728,Tg
Latvia,crude oil,crude oil,crude oil,1975,CO2_FUG,0.6365496618,MTC
Latvia,crude oil,crude oil,crude oil,1975,N2O,0,Tg
Latvia,natural gas,natural gas,natural gas,1975,CH4,0,Tg
Latvia,natural gas,natural gas,natural gas,1975,CO2_FUG,6.968578344e-05,MTC
Latvia,natural gas,natural gas,natural gas,1975,N2O,0,Tg
Latvia,coal,coal,coal,1990,CH4,0.2932599171,Tg
Latvia,coal,coal,coal,1990,CO2_FUG,3.763760464,MTC
Latvia,coal,coal,coal,1990,N2O,0,Tg
Latvia,crude oil,crude oil,crude oil,1990,CH4,0.3502836644,Tg
Latvia,crude oil,crude oil,crude oil,1990,CO2_FUG,0.3499209282,MTC
Latvia,crude oil,crude oil,crude oil,1990,N2O,0,Tg
Latvia,natural gas,natural gas,natural gas,1990,CH4,0.3306434513,Tg
Latvia,natural gas,natural gas,natural gas,1990,CO2_FUG,0.3203549521,MTC
Latvia,natural gas,natural gas,natural gas,1990,N2O,0,Tg
Latvia,coal,coal,coal,2005,CH4,5.888178932,Tg
Latvia,coal,coal,coal,2005,CO2_FUG,0,MTC
Latvia,coal,coal,coal,2005,N2O,0,Tg
Latvia,crude oil,crude oil,crude oil,2005,CH4,0.3150790535,Tg
Latvia,crude oil,crude oil,crude oil,2005,CO2_FUG,0.2271602006,MTC
Latvia,crude oil,crude oil,crude oil,2005,N2O,1.17101134e-06,Tg
Latvia,natural gas,natural gas,natural gas,2005,CH4,0.3619007817,Tg
Latvia,natural gas,natural gas,natural gas,2005,CO2_FUG,0.2786590784,MTC
Latvia,natural gas,natural gas,natural gas,2005,N2O,8.034240698e-07,Tg
Latvia,coal,coal,coal,2010,CH4,0.20450647,Tg
Latvia,coal,coal,coal,2010,CO2_FUG,0,MTC
Latvia,coal,coal,coal,2010,N2O,0,Tg
Latvia,crude oil,crude oil,crude oil,2010,CH4,0.2970619333,Tg
Latvia,crude oil,crude oil,crude oil,2010,CO2_FUG,0.211957431,MTC
Latvia,crude oil,crude oil,crude oil,2010,N2O,1.261065897e-06,Tg
Latvia,natural gas,natural gas,natural gas,2010,CH4,0.2970619333,Tg
Latvia,natural gas,natural gas,natural gas,2010,CO2_FUG,0.2265209363,MTC
Latvia,natural gas,natural gas,natural gas,2010,N2O,1.152461792e-06,Tg
Latvia,coal,coal,coal,2015,CH4,0.1941616332,Tg
Latvia,coal,coal,coal,2015,CO2_FUG,0.4351290798,MTC
Latvia,coal,coal,coal,2015,N2O,0,Tg
Latvia,crude oil,crude oil,crude oil,2015,CH4,0.3190559132,Tg
Latvia,crude oil,crude oil,crude oil,2015,CO2_FUG,0.255299953,MTC
Latvia,crude oil,crude oil,crude oil,2015,N2O,8.720212128e-07,Tg
Latvia,natural gas,natural gas,natural gas,2015,CH4,0.3223237873,Tg
Latvia,natural gas,natural gas,natural gas,2015,CO2_FUG,0.255299953,MTC
Latvia,natural gas,natural gas,natural gas,2015,N2O,8.720212128e-07,Tg
Lithuania,coal,coal,coal,1975,CH4,0.002207438843,Tg
Lithuania,coal,coal,coal,1975,CO2_FUG,0.3159928637,MTC
Lithuania,coal,coal,coal,1975,N2O,0,Tg
Lithuania,crude oil,crude oil,crude oil,1975,CH4,0.003490369529,Tg
Lithuania,crude oil,crude oil,crude oil,1975,CO2_FUG,0.01186648802,MTC
Lithuania,crude oil,crude oil,crude oil,1975,N2O,0,Tg
Lithuania,natural gas,natural gas,natural gas,1975,CH4,0.003490369529,Tg
Lithuania,natural gas,natural gas,natural gas,1975,CO2_FUG,0.01186648802,MTC
Lithuania,natural gas,natural gas,natural gas,1975,N2O,0,Tg
Lithuania,coal,coal,coal,1990,CH4,0.1899395795,Tg
Lithuania,coal,coal,coal,1990,CO2_FUG,5.898565794,MTC
Lithuania,coal,coal,coal,1990,N2O,0,Tg
Lithuania,crude oil,crude oil,crude oil,1990,CH4,0.3502836644,Tg
Lithuania,crude oil,crude oil,crude oil,1990,CO2_FUG,0.3499209282,MTC
Lithuania,crude oil,crude oil,crude oil,1990,N2O,0,Tg
Lithuania,natural gas,natural gas,natural gas,1990,CH4,0.3306434513,Tg
Lithuania,natural gas,natural gas,natural gas,1990,CO2_FUG,0.3203549521,MTC
Lithuania,natural gas,natural gas,natural gas,1990,N2O,0,Tg
Lithuania,coal,coal,coal,2005,CH4,0.1193549783,Tg
Lithuania,coal,coal,coal,2005,CO2_FUG,1.439095525,MTC
Lithuania,coal,coal,coal,2005,N2O,0,Tg
Lithuania,crude oil,crude oil,crude oil,2005,CH4,1.174373023,Tg
Lithuania,crude oil,crude oil,crude oil,2005,CO2_FUG,0.2271602006,MTC
Lithuania,crude oil,crude oil,crude oil,2005,N2O,0,Tg
Lithuania,natural gas,natural gas,natural gas,2005,CH4,0.3619007817,Tg
Lithuania,natural gas,natural gas,natural gas,2005,CO2_FUG,0.2786590784,MTC
Lithuania,natural gas,natural gas,natural gas,2005,N2O,8.034240698e-07,Tg
Lithuania,coal,coal,coal,2010,CH4,0.2702246729,Tg
Lithuania,coal,coal,coal,2010,CO2_FUG,1.594816887,MTC
Lithuania,coal,coal,coal,2010,N2O,0,Tg
Lithuania,crude oil,crude oil,crude oil,2010,CH4,0.2970619333,Tg
Lithuania,crude oil,crude oil,crude oil,2010,CO2_FUG,0.211957431,MTC
Lithuania,crude oil,crude oil,crude oil,2010,N2O,0,Tg
Lithuania,natural gas,natural gas,natural gas,2010,CH4,0.2970619333,Tg
Lithuania,natural gas,natural gas,natural gas,2010,CO2_FUG,0.2265209363,MTC
Lithuania,natural gas,natural gas,natural gas,2010,N2O,1.152461792e-06,Tg
Lithuania,coal,coal,coal,2015,CH4,0.1154638821,Tg
Lithuania,coal,coal,coal,2015,CO2_FUG,0.3101779741,MTC
Lithuania,coal,coal,coal,2015,N2O,0,Tg
Lithuania,crude oil,crude oil,crude oil,2015,CH4,0.3190559132,Tg
Lithuania,crude oil,crude oil,crude oil,2015,CO2_FUG,0.255299953,MTC
Lithuania,crude oil,crude oil,crude oil,2015,N2O,0,Tg
Lithuania,natural gas,natural gas,natural gas,2015,CH4,0.3223237873,Tg
Lithuania,natural gas,natural gas,natural gas,2015,CO2_FUG,0.255299953,MTC
Lithuania,natural gas,natural gas,natural gas,2015,N2O,8.720212128e-07,Tg
Luxembourg,coal,coal,coal,1975,CH4,0.2665364439,Tg
Luxembourg,coal,coal,coal,1975,CO2_FUG,1.270118914,MTC
Luxembourg,coal,coal,coal,1975,N2O,0,Tg
Luxembourg,crude oil,crude oil,crude oil,1975,CH4,0.3753392728,Tg
Luxembourg,crude oil,crude oil,crude oil,1975,CO2_FUG,0.6365496618,MTC
Luxembourg,crude oil,crude oil,crude oil,1975,N2O,0,Tg
Luxembourg,natural gas,natural gas,natural gas,1975,CH4,0.3155083342,Tg
Luxembourg,natural gas,natural gas,natural gas,1975,CO2_FUG,0.3915210585,MTC
Luxembourg,natural gas,natural gas,natural gas,1975,N2O,0,Tg
Luxembourg,coal,coal,coal,1990,CH4,0.3080877015,Tg
Luxembourg,coal,coal,coal,1990,CO2_FUG,0.5606340871,MTC
Luxembourg,coal,coal,coal,1990,N2O,0,Tg
Luxembourg,crude oil,crude oil,crude oil,1990,CH4,0.3502836644,Tg
Luxembourg,crude oil,crude oil,crude oil,1990,CO2_FUG,0.3499209282,MTC
Luxembourg,crude oil,crude oil,crude oil,1990,N2O,0,Tg
Luxembourg,natural gas,natural gas,natural gas,1990,CH4,0.3306434513,Tg
Luxembourg,natural gas,natural gas,natural gas,1990,CO2_FUG,0.3203549521,MTC
Luxembourg,natural gas,natural gas,natural gas,1990,N2O,0,Tg
Luxembourg,coal,coal,coal,2005,CH4,0.2011892418,Tg
Luxembourg,coal,coal,coal,2005,CO2_FUG,0.5399132017,MTC
Luxembourg,coal,coal,coal,2005,N2O,0,Tg
Luxembourg,crude oil,crude oil,crude oil,2005,CH4,0.3150790535,Tg
Luxembourg,crude oil,crude oil,crude oil,2005,CO2_FUG,0.2271602006,MTC
Luxembourg,crude oil,crude oil,crude oil,2005,N2O,1.17101134e-06,Tg
Luxembourg,natural gas,natural gas,natural gas,2005,CH4,0.3619007817,Tg
Luxembourg,natural gas,natural gas,natural gas,2005,CO2_FUG,0.2786590784,MTC
Luxembourg,natural gas,natural gas,natural gas,2005,N2O,8.034240698e-07,Tg
Luxembourg,coal,coal,coal,2010,CH4,0.20450647,Tg
Luxembourg,coal,coal,coal,2010,CO2_FUG,0.3980598136,MTC
Luxembourg,coal,coal,coal,2010,N2O,0,Tg
Luxembourg,crude oil,crude oil,crude oil,2010,CH4,0.2970619333,Tg
Luxembourg,crude oil,crude oil,crude oil,2010,CO2_FUG,0.211957431,MTC
Luxembourg,crude oil,crude oil,crude oil,2010,N2O,1.261065897e-06,Tg
Luxembourg,natural gas,natural gas,natural gas,2010,CH4,0.2970619333,Tg
Luxembourg,natural gas,natural gas,natural gas,2010,CO2_FUG,0.2265209363,MTC
Luxembourg,natural gas,natural gas,natural gas,2010,N2O,1.152461792e-06,Tg
Luxembourg,coal,coal,coal,2015,CH4,0.1941616332,Tg
Luxembourg,coal,coal,coal,2015,CO2_FUG,0.4351290798,MTC
Luxembourg,coal,coal,coal,2015,N2O,0,Tg
Luxembourg,crude oil,crude oil,crude oil,2015,CH4,0.3190559132,Tg
Luxembourg,crude oil,crude oil,crude oil,2015,CO2_FUG,0.255299953,MTC
Luxembourg,crude oil,crude oil,crude oil,2015,N2O,8.720212128e-07,Tg
Luxembourg,natural gas,natural gas,natural gas,2015,CH4,0.3223237873,Tg
Luxembourg,natural gas,natural gas,natural gas,2015,CO2_FUG,0.255299953,MTC
Luxembourg,natural gas,natural gas,natural gas,2015,N2O,8.720212128e-07,Tg
Malta,coal,coal,coal,1975,CH4,0.2665364439,Tg
Malta,coal,coal,coal,1975,CO2_FUG,1.270118914,MTC
Malta,coal,coal,coal,1975,N2O,0,Tg
Malta,crude oil,crude oil,crude oil,1975,CH4,0.3753392728,Tg
Malta,crude oil,crude oil,crude oil,1975,CO2_FUG,0.6365496618,MTC
Malta,crude oil,crude oil,crude oil,1975,N2O,0,Tg
Malta,natural gas,natural gas,natural gas,1975,CH4,0.3155083342,Tg
Malta,natural gas,natural gas,natural gas,1975,CO2_FUG,0.3915210585,MTC
Malta,natural gas,natural gas,natural gas,1975,N2O,0,Tg
Malta,coal,coal,coal,1990,CH4,0.3080877015,Tg
Malta,coal,coal,coal,1990,CO2_FUG,0.5606340871,MTC
Malta,coal,coal,coal,1990,N2O,0,Tg
Malta,crude oil,crude oil,crude oil,1990,CH4,0.3502836644,Tg
Malta,crude oil,crude oil,crude oil,1990,CO2_FUG,0.3499209282,MTC
Malta,crude oil,crude oil,crude oil,1990,N2O,0,Tg
Malta,natural gas,natural gas,natural gas,1990,CH4,0.3306434513,Tg
Malta,natural gas,natural gas,natural gas,1990,CO2_FUG,0.3203549521,MTC
Malta,natural gas,natural gas,natural gas,1990,N2O,0,Tg
Malta,coal,coal,coal,2005,CH4,0.2011892418,Tg
Malta,coal,coal,coal,2005,CO2_FUG,0.5399132017,MTC
Malta,coal,coal,coal,2005,N2O,0,Tg
Malta,crude oil,crude oil,crude oil,2005,CH4,0.3150790535,Tg
Malta,crude oil,crude oil,crude oil,2005,CO2_FUG,0.2271602006,MTC
Malta,crude oil,crude oil,crude oil,2005,N2O,1.17101134e-06,Tg
Malta,natural gas,natural gas,natural gas,2005,CH4,0.3619007817,Tg
Malta,natural gas,natural gas,natural gas,2005,CO2_FUG,0.2786590784,MTC
Malta,natural gas,natural gas,natural gas,2005,N2O,8.034240698e-07,Tg
Malta,coal,coal,coal,2010,CH4,0.20450647,Tg
Malta,coal,coal,coal,2010,CO2_FUG,0.3980598136,MTC
Malta,coal,coal,coal,2010,N2O,0,Tg
Malta,crude oil,crude oil,crude oil,2010,CH4,0.2970619333,Tg
Malta,crude oil,crude oil,crude oil,2010,CO2_FUG,0.211957431,MTC
Malta,crude oil,crude oil,crude oil,2010,N2O,1.261065897e-06,Tg
Malta,natural gas,natural gas,natural gas,2010,CH4,0.2970619333,Tg
Malta,natural gas,natural gas,natural gas,2010,CO2_FUG,0.2265209363,MTC
Malta,natural gas,natural gas,natural gas,2010,N2O,1.152461792e-06,Tg
Malta,coal,coal,coal,2015,CH4,0.1941616332,Tg
Malta,coal,coal,coal,2015,CO2_FUG,0.4351290798,MTC
Malta,coal,coal,coal,2015,N2O,0,Tg
Malta,crude oil,crude oil,crude oil,2015,CH4,0.3190559132,Tg
Malta,crude oil,crude oil,crude oil,2015,CO2_FUG,0.255299953,MTC
Malta,crude oil,crude oil,crude oil,2015,N2O,8.720212128e-07,Tg
Malta,natural gas,natural gas,natural gas,2015,CH4,0.3223237873,Tg
Malta,natural gas,natural gas,natural gas,2015,CO2_FUG,0.255299953,MTC
Malta,natural gas,natural gas,natural gas,2015,N2O,8.720212128e-07,Tg
Netherlands,coal,coal,coal,1975,CH4,0.2665364439,Tg
Netherlands,coal,coal,coal,1975,CO2_FUG,1.270118914,MTC
Netherlands,coal,coal,coal,1975,N2O,0,Tg
Netherlands,crude oil,crude oil,crude oil,1975,CH4,0.03250303393,Tg
Netherlands,crude oil,crude oil,crude oil,1975,CO2_FUG,0.0666411555,MTC
Netherlands,crude oil,crude oil,crude oil,1975,N2O,0,Tg
Netherlands,natural gas,natural gas,natural gas,1975,CH4,0.03250303393,Tg
Netherlands,natural gas,natural gas,natural gas,1975,CO2_FUG,0.0666411555,MTC
Netherlands,natural gas,natural gas,natural gas,1975,N2O,0,Tg
Netherlands,coal,coal,coal,1990,CH4,0.3080877015,Tg
Netherlands,coal,coal,coal,1990,CO2_FUG,0.5606340871,MTC
Netherlands,coal,coal,coal,1990,N2O,0,Tg
Netherlands,crude oil,crude oil,crude oil,1990,CH4,0.0320685128,Tg
Netherlands,crude oil,crude oil,crude oil,1990,CO2_FUG,0.08660157131,MTC
Netherlands,crude oil,crude oil,crude oil,1990,N2O,0,Tg
Netherlands,natural gas,natural gas,natural gas,1990,CH4,0.0320685128,Tg
Netherlands,natural gas,natural gas,natural gas,1990,CO2_FUG,0.08660157131,MTC
Netherlands,natural gas,natural gas,natural gas,1990,N2O,0,Tg
Netherlands,coal,coal,coal,2005,CH4,0.2011892418,Tg
Netherlands,coal,coal,coal,2005,CO2_FUG,0.5399132017,MTC
Netherlands,coal,coal,coal,2005,N2O,0,Tg
Netherlands,crude oil,crude oil,crude oil,2005,CH4,0.01475710594,Tg
Netherlands,crude oil,crude oil,crude oil,2005,CO2_FUG,0.1198791376,MTC
Netherlands,crude oil,crude oil,crude oil,2005,N2O,0,Tg
Netherlands,natural gas,natural gas,natural gas,2005,CH4,0.01475710594,Tg
Netherlands,natural gas,natural gas,natural gas,2005,CO2_FUG,0.1198791376,MTC
Netherlands,natural gas,natural gas,natural gas,2005,N2O,0,Tg
Netherlands,coal,coal,coal,2010,CH4,0.20450647,Tg
Netherlands,coal,coal,coal,2010,CO2_FUG,0.3980598136,MTC
Netherlands,coal,coal,coal,2010,N2O,0,Tg
Netherlands,crude oil,crude oil,crude oil,2010,CH4,0.01260270158,Tg
Netherlands,crude oil,crude oil,crude oil,2010,CO2_FUG,0.1018179796,MTC
Netherlands,crude oil,crude oil,crude oil,2010,N2O,0,Tg
Netherlands,natural gas,natural gas,natural gas,2010,CH4,0.01260270158,Tg
Netherlands,natural gas,natural gas,natural gas,2010,CO2_FUG,0.1018179796,MTC
Netherlands,natural gas,natural gas,natural gas,2010,N2O,0,Tg
Netherlands,coal,coal,coal,2015,CH4,0.1941616332,Tg
Netherlands,coal,coal,coal,2015,CO2_FUG,0.4351290798,MTC
Netherlands,coal,coal,coal,2015,N2O,0,Tg
Netherlands,crude oil,crude oil,crude oil,2015,CH4,0.01511723889,Tg
Netherlands,crude oil,crude oil,crude oil,2015,CO2_FUG,0.1528662231,MTC
Netherlands,crude oil,crude oil,crude oil,2015,N2O,0,Tg
Netherlands,natural gas,natural gas,natural gas,2015,CH4,0.01511723889,Tg
Netherlands,natural gas,natural gas,natural gas,2015,CO2_FUG,0.1528662231,MTC
Netherlands,natural gas,natural gas,natural gas,2015,N2O,0,Tg
Poland,coal,coal,coal,1975,CH4,0.2418446204,Tg
Poland,coal,coal,coal,1975,CO2_FUG,0.4205631493,MTC
Poland,coal,coal,coal,1975,N2O,0,Tg
Poland,crude oil,crude oil,crude oil,1975,CH4,0.2608595724,Tg
Poland,crude oil,crude oil,crude oil,1975,CO2_FUG,0.0005089819082,MTC
Poland,crude oil,crude oil,crude oil,1975,N2O,0,Tg
Poland,natural gas,natural gas,natural gas,1975,CH4,0.2608595724,Tg
Poland,natural gas,natural gas,natural gas,1975,CO2_FUG,0.0005089819082,MTC
Poland,natural gas,natural gas,natural gas,1975,N2O,0,Tg
Poland,coal,coal,coal,1990,CH4,0.1550291252,Tg
Poland,coal,coal,coal,1990,CO2_FUG,0.4497985855,MTC
Poland,coal,coal,coal,1990,N2O,0,Tg
Poland,crude oil,crude oil,crude oil,1990,CH4,1.388040068,Tg
Poland,crude oil,crude oil,crude oil,1990,CO2_FUG,0.001193378827,MTC
Poland,crude oil,crude oil,crude oil,1990,N2O,0,Tg
Poland,natural gas,natural gas,natural gas,1990,CH4,1.388040068,Tg
Poland,natural gas,natural gas,natural gas,1990,CO2_FUG,0.001193378827,MTC
Poland,natural gas,natural gas,natural gas,1990,N2O,0,Tg
Poland,coal,coal,coal,2005,CH4,0.1605520937,Tg
Poland,coal,coal,coal,2005,CO2_FUG,0.2217140543,MTC
Poland,coal,coal,coal,2005,N2O,0,Tg
Poland,crude oil,crude oil,crude oil,2005,CH4,1.031387066,Tg
Poland,crude oil,crude oil,crude oil,2005,CO2_FUG,0.003368516871,MTC
Poland,crude oil,crude oil,crude oil,2005,N2O,0,Tg
Poland,natural gas,natural gas,natural gas,2005,CH4,1.031387066,Tg
Poland,natural gas,natural gas,natural gas,2005,CO2_FUG,0.003368516871,MTC
Poland,natural gas,natural gas,natural gas,2005,N2O,0,Tg
Poland,coal,coal,coal,2010,CH4,0.1535378327,Tg
Poland,coal,coal,coal,2010,CO2_FUG,0.3048721139,MTC
Poland,coal,coal,coal,2010,N2O,0,Tg
Poland,crude oil,crude oil,crude oil,2010,CH4,1.124036234,Tg
Poland,crude oil,crude oil,crude oil,2010,CO2_FUG,0.00287931287,MTC
Poland,crude oil,crude oil,crude oil,2010,N2O,0,Tg
Poland,natural gas,natural gas,natural gas,2010,CH4,1.124036234,Tg
Poland,natural gas,natural gas,natural gas,2010,CO2_FUG,0.00287931287,MTC
Poland,natural gas,natural gas,natural gas,2010,N2O,0,Tg
Poland,coal,coal,coal,2015,CH4,0.1489631337,Tg
Poland,coal,coal,coal,2015,CO2_FUG,0.345326734,MTC
Poland,coal,coal,coal,2015,N2O,0,Tg
Poland,crude oil,crude oil,crude oil,2015,CH4,1.295422297,Tg
Poland,crude oil,crude oil,crude oil,2015,CO2_FUG,0.003831032662,MTC
Poland,crude oil,crude oil,crude oil,2015,N2O,0,Tg
Poland,natural gas,natural gas,natural gas,2015,CH4,1.295422297,Tg
Poland,natural gas,natural gas,natural gas,2015,CO2_FUG,0.003831032662,MTC
Poland,natural gas,natural gas,natural gas,2015,N2O,0,Tg
Portugal,coal,coal,coal,1975,CH4,0.06296326336,Tg
Portugal,coal,coal,coal,1975,CO2_FUG,1.270118914,MTC
Portugal,coal,coal,coal,1975,N2O,0,Tg
Portugal,crude oil,crude oil,crude oil,1975,CH4,0.3753392728,Tg
Portugal,crude oil,crude oil,crude oil,1975,CO2_FUG,0.6365496618,MTC
Portugal,crude oil,crude oil,crude oil,1975,N2O,0,Tg
Portugal,natural gas,natural gas,natural gas,1975,CH4,0.3155083342,Tg
Portugal,natural gas,natural gas,natural gas,1975,CO2_FUG,0.3915210585,MTC
Portugal,natural gas,natural gas,natural gas,1975,N2O,0,Tg
Portugal,coal,coal,coal,1990,CH4,0.7441427322,Tg
Portugal,coal,coal,coal,1990,CO2_FUG,11.38849109,MTC
Portugal,coal,coal,coal,1990,N2O,0,Tg
Portugal,crude oil,crude oil,crude oil,1990,CH4,0.3502836644,Tg
Portugal,crude oil,crude oil,crude oil,1990,CO2_FUG,0.3499209282,MTC
Portugal,crude oil,crude oil,crude oil,1990,N2O,0,Tg
Portugal,natural gas,natural gas,natural gas,1990,CH4,0.3306434513,Tg
Portugal,natural gas,natural gas,natural gas,1990,CO2_FUG,0.3203549521,MTC
Portugal,natural gas,natural gas,natural gas,1990,N2O,0,Tg
Portugal,coal,coal,coal,2005,CH4,0.2011892418,Tg
Portugal,coal,coal,coal,2005,CO2_FUG,0.5399132017,MTC
Portugal,coal,coal,coal,2005,N2O,0,Tg
Portugal,crude oil,crude oil,crude oil,2005,CH4,0.3150790535,Tg
Portugal,crude oil,crude oil,crude oil,2005,CO2_FUG,0.2271602006,MTC
Portugal,crude oil,crude oil,crude oil,2005,N2O,1.17101134e-06,Tg
Portugal,natural gas,natural gas,natural gas,2005,CH4,0.3619007817,Tg
Portugal,natural gas,natural gas,natural gas,2005,CO2_FUG,0.2786590784,MTC
Portugal,natural gas,natural gas,natural gas,2005,N2O,8.034240698e-07,Tg
Portugal,coal,coal,coal,2010,CH4,0.20450647,Tg
Portugal,coal,coal,coal,2010,CO2_FUG,0.3980598136,MTC
Portugal,coal,coal,coal,2010,N2O,0,Tg
Portugal,crude oil,crude oil,crude oil,2010,CH4,0.2970619333,Tg
Portugal,crude oil,crude oil,crude oil,2010,CO2_FUG,0.211957431,MTC
Portugal,crude oil,crude oil,crude oil,2010,N2O,1.261065897e-06,Tg
Portugal,natural gas,natural gas,natural gas,2010,CH4,0.2970619333,Tg
Portugal,natural gas,natural gas,natural gas,2010,CO2_FUG,0.2265209363,MTC
Portugal,natural gas,natural gas,natural gas,2010,N2O,1.152461792e-06,Tg
Portugal,coal,coal,coal,2015,CH4,0.1941616332,Tg
Portugal,coal,coal,coal,2015,CO2_FUG,0.4351290798,MTC
Portugal,coal,coal,coal,2015,N2O,0,Tg
Portugal,crude oil,crude oil,crude oil,2015,CH4,0.3190559132,Tg
Portugal,crude oil,crude oil,crude oil,2015,CO2_FUG,0.255299953,MTC
Portugal,crude oil,crude oil,crude oil,2015,N2O,8.720212128e-07,Tg
Portugal,natural gas,natural gas,natural gas,2015,CH4,0.3223237873,Tg
Portugal,natural gas,natural gas,natural gas,2015,CO2_FUG,0.255299953,MTC
Portugal,natural gas,natural gas,natural gas,2015,N2O,8.720212128e-07,Tg
Romania,coal,coal,coal,1975,CH4,0.544155289,Tg
Romania,coal,coal,coal,1975,CO2_FUG,1.729594542,MTC
Romania,coal,coal,coal,1975,N2O,0,Tg
Romania,crude oil,crude oil,crude oil,1975,CH4,0.5203951282,Tg
Romania,crude oil,crude oil,crude oil,1975,CO2_FUG,0.1732599142,MTC
Romania,crude oil,crude oil,crude oil,1975,N2O,0,Tg
Romania,natural gas,natural gas,natural gas,1975,CH4,0.5203951282,Tg
Romania,natural gas,natural gas,natural gas,1975,CO2_FUG,0.1732599142,MTC
Romania,natural gas,natural gas,natural gas,1975,N2O,0,Tg
Romania,coal,coal,coal,1990,CH4,0.4563038596,Tg
Romania,coal,coal,coal,1990,CO2_FUG,0.8694962639,MTC
Romania,coal,coal,coal,1990,N2O,0,Tg
Romania,crude oil,crude oil,crude oil,1990,CH4,0.6403325623,Tg
Romania,crude oil,crude oil,crude oil,1990,CO2_FUG,0.2514683048,MTC
Romania,crude oil,crude oil,crude oil,1990,N2O,0,Tg
Romania,natural gas,natural gas,natural gas,1990,CH4,0.6403325623,Tg
Romania,natural gas,natural gas,natural gas,1990,CO2_FUG,0.2514683048,MTC
Romania,natural gas,natural gas,natural gas,1990,N2O,0,Tg
Romania,coal,coal,coal,2005,CH4,0.400294432,Tg
Romania,coal,coal,coal,2005,CO2_FUG,0.5399132017,MTC
Romania,coal,coal,coal,2005,N2O,0,Tg
Romania,crude oil,crude oil,crude oil,2005,CH4,0.6459520456,Tg
Romania,crude oil,crude oil,crude oil,2005,CO2_FUG,0.4783486003,MTC
Romania,crude oil,crude oil,crude oil,2005,N2O,0,Tg
Romania,natural gas,natural gas,natural gas,2005,CH4,0.6459520456,Tg
Romania,natural gas,natural gas,natural gas,2005,CO2_FUG,0.4783486003,MTC
Romania,natural gas,natural gas,natural gas,2005,N2O,0,Tg
Romania,coal,coal,coal,2010,CH4,0.1493650402,Tg
Romania,coal,coal,coal,2010,CO2_FUG,0.001695270363,MTC
Romania,coal,coal,coal,2010,N2O,0,Tg
Romania,crude oil,crude oil,crude oil,2010,CH4,0.6112480018,Tg
Romania,crude oil,crude oil,crude oil,2010,CO2_FUG,0.5409110412,MTC
Romania,crude oil,crude oil,crude oil,2010,N2O,0,Tg
Romania,natural gas,natural gas,natural gas,2010,CH4,0.6112480018,Tg
Romania,natural gas,natural gas,natural gas,2010,CO2_FUG,0.5409110412,MTC
Romania,natural gas,natural gas,natural gas,2010,N2O,0,Tg
Romania,coal,coal,coal,2015,CH4,0.1518036395,Tg
Romania,coal,coal,coal,2015,CO2_FUG,0,MTC
Romania,coal,coal,coal,2015,N2O,0,Tg
Romania,crude oil,crude oil,crude oil,2015,CH4,0.6020685928,Tg
Romania,crude oil,crude oil,crude oil,2015,CO2_FUG,0.294808491,MTC
Romania,crude oil,crude oil,crude oil,2015,N2O,0,Tg
Romania,natural gas,natural gas,natural gas,2015,CH4,0.6020685928,Tg
Romania,natural gas,natural gas,natural gas,2015,CO2_FUG,0.294808491,MTC
Romania,natural gas,natural gas,natural gas,2015,N2O,0,Tg
Slovakia,coal,coal,coal,1975,CH4,0.05595692993,Tg
Slovakia,coal,coal,coal,1975,CO2_FUG,8.216970732,MTC
Slovakia,coal,coal,coal,1975,N2O,0,Tg
Slovakia,crude oil,crude oil,crude oil,1975,CH4,0.8540088003,Tg
Slovakia,crude oil,crude oil,crude oil,1975,CO2_FUG,0.06049464603,MTC
Slovakia,crude oil,crude oil,crude oil,1975,N2O,0,Tg
Slovakia,natural gas,natural gas,natural gas,1975,CH4,0.8540088003,Tg
Slovakia,natural gas,natural gas,natural gas,1975,CO2_FUG,0.06049464603,MTC
Slovakia,natural gas,natural gas,natural gas,1975,N2O,0,Tg
Slovakia,coal,coal,coal,1990,CH4,0.4706773729,Tg
Slovakia,coal,coal,coal,1990,CO2_FUG,1.184747804,MTC
Slovakia,coal,coal,coal,1990,N2O,0,Tg
Slovakia,crude oil,crude oil,crude oil,1990,CH4,1.414996102,Tg
Slovakia,crude oil,crude oil,crude oil,1990,CO2_FUG,0.08164049095,MTC
Slovakia,crude oil,crude oil,crude oil,1990,N2O,0,Tg
Slovakia,natural gas,natural gas,natural gas,1990,CH4,1.414996102,Tg
Slovakia,natural gas,natural gas,natural gas,1990,CO2_FUG,0.08164049095,MTC
Slovakia,natural gas,natural gas,natural gas,1990,N2O,0,Tg
Slovakia,coal,coal,coal,2005,CH4,0.6599187343,Tg
Slovakia,coal,coal,coal,2005,CO2_FUG,1.573911802,MTC
Slovakia,coal,coal,coal,2005,N2O,0,Tg
Slovakia,crude oil,crude oil,crude oil,2005,CH4,0.3150790535,Tg
Slovakia,crude oil,crude oil,crude oil,2005,CO2_FUG,0.04134725408,MTC
Slovakia,crude oil,crude oil,crude oil,2005,N2O,0,Tg
Slovakia,natural gas,natural gas,natural gas,2005,CH4,0.3619007817,Tg
Slovakia,natural gas,natural gas,natural gas,2005,CO2_FUG,0.04134725408,MTC
Slovakia,natural gas,natural gas,natural gas,2005,N2O,0,Tg
Slovakia,coal,coal,coal,2010,CH4,0.6078071435,Tg
Slovakia,coal,coal,coal,2010,CO2_FUG,2.611954899,MTC
Slovakia,coal,coal,coal,2010,N2O,0,Tg
Slovakia,crude oil,crude oil,crude oil,2010,CH4,0.2970619333,Tg
Slovakia,crude oil,crude oil,crude oil,2010,CO2_FUG,0.03113487383,MTC
Slovakia,crude oil,crude oil,crude oil,2010,N2O,0,Tg
Slovakia,natural gas,natural gas,natural gas,2010,CH4,0.2970619333,Tg
Slovakia,natural gas,natural gas,natural gas,2010,CO2_FUG,0.03113487383,MTC
Slovakia,natural gas,natural gas,natural gas,2010,N2O,0,Tg
Slovakia,coal,coal,coal,2015,CH4,0.789632997,Tg
Slovakia,coal,coal,coal,2015,CO2_FUG,4.659284451,MTC
Slovakia,coal,coal,coal,2015,N2O,0,Tg
Slovakia,crude oil,crude oil,crude oil,2015,CH4,0.3190559132,Tg
Slovakia,crude oil,crude oil,crude oil,2015,CO2_FUG,0.02615956728,MTC
Slovakia,crude oil,crude oil,crude oil,2015,N2O,0,Tg
Slovakia,natural gas,natural gas,natural gas,2015,CH4,0.3223237873,Tg
Slovakia,natural gas,natural gas,natural gas,2015,CO2_FUG,0.02615956728,MTC
Slovakia,natural gas,natural gas,natural gas,2015,N2O,0,Tg
Slovenia,coal,coal,coal,1975,CH4,0.2500623794,Tg
Slovenia,coal,coal,coal,1975,CO2_FUG,0,MTC
Slovenia,coal,coal,coal,1975,N2O,0,Tg
Slovenia,crude oil,crude oil,crude oil,1975,CH4,0.2480664562,Tg
Slovenia,crude oil,crude oil,crude oil,1975,CO2_FUG,0.004777462355,MTC
Slovenia,crude oil,crude oil,crude oil,1975,N2O,0,Tg
Slovenia,natural gas,natural gas,natural gas,1975,CH4,0.2480664562,Tg
Slovenia,natural gas,natural gas,natural gas,1975,CO2_FUG,0.004777462355,MTC
Slovenia,natural gas,natural gas,natural gas,1975,N2O,0,Tg
Slovenia,coal,coal,coal,1990,CH4,0.2582155038,Tg
Slovenia,coal,coal,coal,1990,CO2_FUG,8.106879391e-05,MTC
Slovenia,coal,coal,coal,1990,N2O,0,Tg
Slovenia,crude oil,crude oil,crude oil,1990,CH4,0.3502836644,Tg
Slovenia,crude oil,crude oil,crude oil,1990,CO2_FUG,0.07204039167,MTC
Slovenia,crude oil,crude oil,crude oil,1990,N2O,0,Tg
Slovenia,natural gas,natural gas,natural gas,1990,CH4,0.3306434513,Tg
Slovenia,natural gas,natural gas,natural gas,1990,CO2_FUG,0.07204039167,MTC
Slovenia,natural gas,natural gas,natural gas,1990,N2O,0,Tg
Slovenia,coal,coal,coal,2005,CH4,0.2453631903,Tg
Slovenia,coal,coal,coal,2005,CO2_FUG,0,MTC
Slovenia,coal,coal,coal,2005,N2O,0,Tg
Slovenia,crude oil,crude oil,crude oil,2005,CH4,0.3150790535,Tg
Slovenia,crude oil,crude oil,crude oil,2005,CO2_FUG,0.2271602006,MTC
Slovenia,crude oil,crude oil,crude oil,2005,N2O,1.17101134e-06,Tg
Slovenia,natural gas,natural gas,natural gas,2005,CH4,0,Tg
Slovenia,natural gas,natural gas,natural gas,2005,CO2_FUG,0.2909914125,MTC
Slovenia,natural gas,natural gas,natural gas,2005,N2O,0,Tg
Slovenia,coal,coal,coal,2010,CH4,0.2413720886,Tg
Slovenia,coal,coal,coal,2010,CO2_FUG,0,MTC
Slovenia,coal,coal,coal,2010,N2O,0,Tg
Slovenia,crude oil,crude oil,crude oil,2010,CH4,0.2970619333,Tg
Slovenia,crude oil,crude oil,crude oil,2010,CO2_FUG,0.211957431,MTC
Slovenia,crude oil,crude oil,crude oil,2010,N2O,1.261065897e-06,Tg
Slovenia,natural gas,natural gas,natural gas,2010,CH4,0,Tg
Slovenia,natural gas,natural gas,natural gas,2010,CO2_FUG,0.1382652772,MTC
Slovenia,natural gas,natural gas,natural gas,2010,N2O,0,Tg
Slovenia,coal,coal,coal,2015,CH4,0.2545697307,Tg
Slovenia,coal,coal,coal,2015,CO2_FUG,0,MTC
Slovenia,coal,coal,coal,2015,N2O,0,Tg
Slovenia,crude oil,crude oil,crude oil,2015,CH4,0.3190559132,Tg
Slovenia,crude oil,crude oil,crude oil,2015,CO2_FUG,0.255299953,MTC
Slovenia,crude oil,crude oil,crude oil,2015,N2O,8.720212128e-07,Tg
Slovenia,natural gas,natural gas,natural gas,2015,CH4,0,Tg
Slovenia,natural gas,natural gas,natural gas,2015,CO2_FUG,0.2402922441,MTC
Slovenia,natural gas,natural gas,natural gas,2015,N2O,0,Tg
Spain,coal,coal,coal,1975,CH4,0.2779204043,Tg
Spain,coal,coal,coal,1975,CO2_FUG,4.817649212,MTC
Spain,coal,coal,coal,1975,N2O,0,Tg
Spain,crude oil,crude oil,crude oil,1975,CH4,0.5648861448,Tg
Spain,crude oil,crude oil,crude oil,1975,CO2_FUG,4.570282494,MTC
Spain,crude oil,crude oil,crude oil,1975,N2O,0,Tg
Spain,natural gas,natural gas,natural gas,1975,CH4,0.5648861448,Tg
Spain,natural gas,natural gas,natural gas,1975,CO2_FUG,0.3915210585,MTC
Spain,natural gas,natural gas,natural gas,1975,N2O,0,Tg
Spain,coal,coal,coal,1990,CH4,0.1781414053,Tg
Spain,coal,coal,coal,1990,CO2_FUG,1.263234469,MTC
Spain,coal,coal,coal,1990,N2O,0,Tg
Spain,crude oil,crude oil,crude oil,1990,CH4,0.2862327619,Tg
Spain,crude oil,crude oil,crude oil,1990,CO2_FUG,4.671858132,MTC
Spain,crude oil,crude oil,crude oil,1990,N2O,0,Tg
Spain,natural gas,natural gas,natural gas,1990,CH4,0.2862327619,Tg
Spain,natural gas,natural gas,natural gas,1990,CO2_FUG,4.671858132,MTC
Spain,natural gas,natural gas,natural gas,1990,N2O,0,Tg
Spain,coal,coal,coal,2005,CH4,0.1703818992,Tg
Spain,coal,coal,coal,2005,CO2_FUG,1.416777267,MTC
Spain,coal,coal,coal,2005,N2O,0,Tg
Spain,crude oil,crude oil,crude oil,2005,CH4,0.3150790535,Tg
Spain,crude oil,crude oil,crude oil,2005,CO2_FUG,0.2271602006,MTC
Spain,crude oil,crude oil,crude oil,2005,N2O,0,Tg
Spain,natural gas,natural gas,natural gas,2005,CH4,0.3619007817,Tg
Spain,natural gas,natural gas,natural gas,2005,CO2_FUG,0.2786590784,MTC
Spain,natural gas,natural gas,natural gas,2005,N2O,0,Tg
Spain,coal,coal,coal,2010,CH4,0.1883046203,Tg
Spain,coal,coal,coal,2010,CO2_FUG,0.3932027468,MTC
Spain,coal,coal,coal,2010,N2O,0,Tg
Spain,crude oil,crude oil,crude oil,2010,CH4,0.2970619333,Tg
Spain,crude oil,crude oil,crude oil,2010,CO2_FUG,0.211957431,MTC
Spain,crude oil,crude oil,crude oil,2010,N2O,0,Tg
Spain,natural gas,natural gas,natural gas,2010,CH4,0.2970619333,Tg
Spain,natural gas,natural gas,natural gas,2010,CO2_FUG,0.2265209363,MTC
Spain,natural gas,natural gas,natural gas,2010,N2O,0,Tg
Spain,coal,coal,coal,2015,CH4,0.2181488963,Tg
Spain,coal,coal,coal,2015,CO2_FUG,2.109148305,MTC
Spain,coal,coal,coal,2015,N2O,0,Tg
Spain,crude oil,crude oil,crude oil,2015,CH4,0.3190559132,Tg
Spain,crude oil,crude oil,crude oil,2015,CO2_FUG,0.255299953,MTC
Spain,crude oil,crude oil,crude oil,2015,N2O,0,Tg
Spain,natural gas,natural gas,natural gas,2015,CH4,0.3223237873,Tg
Spain,natural gas,natural gas,natural gas,2015,CO2_FUG,0.255299953,MTC
Spain,natural gas,natural gas,natural gas,2015,N2O,0,Tg
Sweden,coal,coal,coal,1975,CH4,0.3606498688,Tg
Sweden,coal,coal,coal,1975,CO2_FUG,1.270118914,MTC
Sweden,coal,coal,coal,1975,N2O,0,Tg
Sweden,crude oil,crude oil,crude oil,1975,CH4,0.3753392728,Tg
Sweden,crude oil,crude oil,crude oil,1975,CO2_FUG,0.6365496618,MTC
Sweden,crude oil,crude oil,crude oil,1975,N2O,0,Tg
Sweden,natural gas,natural gas,natural gas,1975,CH4,0.3155083342,Tg
Sweden,natural gas,natural gas,natural gas,1975,CO2_FUG,0.3915210585,MTC
Sweden,natural gas,natural gas,natural gas,1975,N2O,0,Tg
Sweden,coal,coal,coal,1990,CH4,0.07816784003,Tg
Sweden,coal,coal,coal,1990,CO2_FUG,0.5606340871,MTC
Sweden,coal,coal,coal,1990,N2O,0,Tg
Sweden,crude oil,crude oil,crude oil,1990,CH4,0.3502836644,Tg
Sweden,crude oil,crude oil,crude oil,1990,CO2_FUG,0.3499209282,MTC
Sweden,crude oil,crude oil,crude oil,1990,N2O,0,Tg
Sweden,natural gas,natural gas,natural gas,1990,CH4,0.3306434513,Tg
Sweden,natural gas,natural gas,natural gas,1990,CO2_FUG,0.3203549521,MTC
Sweden,natural gas,natural gas,natural gas,1990,N2O,0,Tg
Sweden,coal,coal,coal,2005,CH4,0.003393980427,Tg
Sweden,coal,coal,coal,2005,CO2_FUG,25.72719545,MTC
Sweden,coal,coal,coal,2005,N2O,0,Tg
Sweden,crude oil,crude oil,crude oil,2005,CH4,0.3150790535,Tg
Sweden,crude oil,crude oil,crude oil,2005,CO2_FUG,0.2271602006,MTC
Sweden,crude oil,crude oil,crude oil,2005,N2O,1.17101134e-06,Tg
Sweden,natural gas,natural gas,natural gas,2005,CH4,0.3619007817,Tg
Sweden,natural gas,natural gas,natural gas,2005,CO2_FUG,0.2786590784,MTC
Sweden,natural gas,natural gas,natural gas,2005,N2O,8.034240698e-07,Tg
Sweden,coal,coal,coal,2010,CH4,0.002043716013,Tg
Sweden,coal,coal,coal,2010,CO2_FUG,0.3980598136,MTC
Sweden,coal,coal,coal,2010,N2O,0,Tg
Sweden,crude oil,crude oil,crude oil,2010,CH4,0.2970619333,Tg
Sweden,crude oil,crude oil,crude oil,2010,CO2_FUG,0.211957431,MTC
Sweden,crude oil,crude oil,crude oil,2010,N2O,1.261065897e-06,Tg
Sweden,natural gas,natural gas,natural gas,2010,CH4,0.2970619333,Tg
Sweden,natural gas,natural gas,natural gas,2010,CO2_FUG,0.2265209363,MTC
Sweden,natural gas,natural gas,natural gas,2010,N2O,1.152461792e-06,Tg
Sweden,coal,coal,coal,2015,CH4,0.004408620951,Tg
Sweden,coal,coal,coal,2015,CO2_FUG,0.4351290798,MTC
Sweden,coal,coal,coal,2015,N2O,0,Tg
Sweden,crude oil,crude oil,crude oil,2015,CH4,0.3190559132,Tg
Sweden,crude oil,crude oil,crude oil,2015,CO2_FUG,0.255299953,MTC
Sweden,crude oil,crude oil,crude oil,2015,N2O,8.720212128e-07,Tg
Sweden,natural gas,natural gas,natural gas,2015,CH4,0.3223237873,Tg
Sweden,natural gas,natural gas,natural gas,2015,CO2_FUG,0.255299953,MTC
Sweden,natural gas,natural gas,natural gas,2015,N2O,8.720212128e-07,Tg
Albania,coal,coal,coal,1975,CH4,0.08419753814,Tg
Albania,coal,coal,coal,1975,CO2_FUG,0.4091914511,MTC
Albania,coal,coal,coal,1975,N2O,0,Tg
Albania,crude oil,crude oil,crude oil,1975,CH4,0.2706759616,Tg
Albania,crude oil,crude oil,crude oil,1975,CO2_FUG,0.01457727647,MTC
Albania,crude oil,crude oil,crude oil,1975,N2O,0,Tg
Albania,natural gas,natural gas,natural gas,1975,CH4,0.2706759616,Tg
Albania,natural gas,natural gas,natural gas,1975,CO2_FUG,0.01457727647,MTC
Albania,natural gas,natural gas,natural gas,1975,N2O,0,Tg
Albania,coal,coal,coal,1990,CH4,0.2313171209,Tg
Albania,coal,coal,coal,1990,CO2_FUG,2.242250806,MTC
Albania,coal,coal,coal,1990,N2O,0,Tg
Albania,crude oil,crude oil,crude oil,1990,CH4,0.1708032701,Tg
Albania,crude oil,crude oil,crude oil,1990,CO2_FUG,0.01387818365,MTC
Albania,crude oil,crude oil,crude oil,1990,N2O,0,Tg
Albania,natural gas,natural gas,natural gas,1990,CH4,0.1708032701,Tg
Albania,natural gas,natural gas,natural gas,1990,CO2_FUG,0.01387818365,MTC
Albania,natural gas,natural gas,natural gas,1990,N2O,0,Tg
Albania,coal,coal,coal,2005,CH4,0.2170090515,Tg
Albania,coal,coal,coal,2005,CO2_FUG,0,MTC
Albania,coal,coal,coal,2005,N2O,0,Tg
Albania,crude oil,crude oil,crude oil,2005,CH4,0.1911266486,Tg
Albania,crude oil,crude oil,crude oil,2005,CO2_FUG,0.01596093148,MTC
Albania,crude oil,crude oil,crude oil,2005,N2O,0,Tg
Albania,natural gas,natural gas,natural gas,2005,CH4,0.1911266486,Tg
Albania,natural gas,natural gas,natural gas,2005,CO2_FUG,0.01596093148,MTC
Albania,natural gas,natural gas,natural gas,2005,N2O,0,Tg
Albania,coal,coal,coal,2010,CH4,0.2432022056,Tg
Albania,coal,coal,coal,2010,CO2_FUG,0,MTC
Albania,coal,coal,coal,2010,N2O,0,Tg
Albania,crude oil,crude oil,crude oil,2010,CH4,0.1264330347,Tg
Albania,crude oil,crude oil,crude oil,2010,CO2_FUG,0.0156070477,MTC
Albania,crude oil,crude oil,crude oil,2010,N2O,0,Tg
Albania,natural gas,natural gas,natural gas,2010,CH4,0.1264330347,Tg
Albania,natural gas,natural gas,natural gas,2010,CO2_FUG,0.0156070477,MTC
Albania,natural gas,natural gas,natural gas,2010,N2O,0,Tg
Albania,coal,coal,coal,2015,CH4,0.5776590099,Tg
Albania,coal,coal,coal,2015,CO2_FUG,0,MTC
Albania,coal,coal,coal,2015,N2O,0,Tg
Albania,crude oil,crude oil,crude oil,2015,CH4,0.1006380441,Tg
Albania,crude oil,crude oil,crude oil,2015,CO2_FUG,0.01583472604,MTC
Albania,crude oil,crude oil,crude oil,2015,N2O,0,Tg
Albania,natural gas,natural gas,natural gas,2015,CH4,0.1006380441,Tg
Albania,natural gas,natural gas,natural gas,2015,CO2_FUG,0.01583472604,MTC
Albania,natural gas,natural gas,natural gas,2015,N2O,0,Tg
Belarus,coal,coal,coal,1975,CH4,0.0008825563255,Tg
Belarus,coal,coal,coal,1975,CO2_FUG,1.795253287,MTC
Belarus,coal,coal,coal,1975,N2O,0,Tg
Belarus,crude oil,crude oil,crude oil,1975,CH4,0.02454671983,Tg
Belarus,crude oil,crude oil,crude oil,1975,CO2_FUG,0.0001664251139,MTC
Belarus,crude oil,crude oil,crude oil,1975,N2O,0,Tg
Belarus,natural gas,natural gas,natural gas,1975,CH4,0.02454671983,Tg
Belarus,natural gas,natural gas,natural gas,1975,CO2_FUG,0.0001664251139,MTC
Belarus,natural gas,natural gas,natural gas,1975,N2O,0,Tg
Belarus,coal,coal,coal,1990,CH4,0.005755744835,Tg
Belarus,coal,coal,coal,1990,CO2_FUG,2.482400422,MTC
Belarus,coal,coal,coal,1990,N2O,0,Tg
Belarus,crude oil,crude oil,crude oil,1990,CH4,0.602848884,Tg
Belarus,crude oil,crude oil,crude oil,1990,CO2_FUG,0.003834479342,MTC
Belarus,crude oil,crude oil,crude oil,1990,N2O,0,Tg
Belarus,natural gas,natural gas,natural gas,1990,CH4,0.602848884,Tg
Belarus,natural gas,natural gas,natural gas,1990,CO2_FUG,0.003834479342,MTC
Belarus,natural gas,natural gas,natural gas,1990,N2O,0,Tg
Belarus,coal,coal,coal,2005,CH4,0.004255079442,Tg
Belarus,coal,coal,coal,2005,CO2_FUG,2.14792542,MTC
Belarus,coal,coal,coal,2005,N2O,0,Tg
Belarus,crude oil,crude oil,crude oil,2005,CH4,0.9014484195,Tg
Belarus,crude oil,crude oil,crude oil,2005,CO2_FUG,0.005035239178,MTC
Belarus,crude oil,crude oil,crude oil,2005,N2O,0,Tg
Belarus,natural gas,natural gas,natural gas,2005,CH4,0.9014484195,Tg
Belarus,natural gas,natural gas,natural gas,2005,CO2_FUG,0.005035239178,MTC
Belarus,natural gas,natural gas,natural gas,2005,N2O,0,Tg
Belarus,coal,coal,coal,2010,CH4,0.01618508548,Tg
Belarus,coal,coal,coal,2010,CO2_FUG,2.230521613,MTC
Belarus,coal,coal,coal,2010,N2O,0,Tg
Belarus,crude oil,crude oil,crude oil,2010,CH4,0.9932433284,Tg
Belarus,crude oil,crude oil,crude oil,2010,CO2_FUG,0.005259082831,MTC
Belarus,crude oil,crude oil,crude oil,2010,N2O,0,Tg
Belarus,natural gas,natural gas,natural gas,2010,CH4,0.9932433284,Tg
Belarus,natural gas,natural gas,natural gas,2010,CO2_FUG,0.005259082831,MTC
Belarus,natural gas,natural gas,natural gas,2010,N2O,0,Tg
Belarus,coal,coal,coal,2015,CH4,0.02870102211,Tg
Belarus,coal,coal,coal,2015,CO2_FUG,3.16597466,MTC
Belarus,coal,coal,coal,2015,N2O,0,Tg
Belarus,crude oil,crude oil,crude oil,2015,CH4,0.967982593,Tg
Belarus,crude oil,crude oil,crude oil,2015,CO2_FUG,0.004948179122,MTC
Belarus,crude oil,crude oil,crude oil,2015,N2O,0,Tg
Belarus,natural gas,natural gas,natural gas,2015,CH4,0.967982593,Tg
Belarus,natural gas,natural gas,natural gas,2015,CO2_FUG,0.004948179122,MTC
Belarus,natural gas,natural gas,natural gas,2015,N2O,0,Tg
Bosnia and Herzegovina,coal,coal,coal,1975,CH4,0.60925095,Tg
Bosnia and Herzegovina,coal,coal,coal,1975,CO2_FUG,0,MTC
Bosnia and Herzegovina,coal,coal,coal,1975,N2O,0,Tg
Bosnia and Herzegovina,crude oil,crude oil,crude oil,1975,CH4,0.01628720436,Tg
Bosnia and Herzegovina,crude oil,crude oil,crude oil,1975,CO2_FUG,1.360319837e-05,MTC
Bosnia and Herzegovina,crude oil,crude oil,crude oil,1975,N2O,0,Tg
Bosnia and Herzegovina,natural gas,natural gas,natural gas,1975,CH4,0.01628720436,Tg
Bosnia and Herzegovina,natural gas,natural gas,natural gas,1975,CO2_FUG,1.360319837e-05,MTC
Bosnia and Herzegovina,natural gas,natural gas,natural gas,1975,N2O,0,Tg
Bosnia and Herzegovina,coal,coal,coal,1990,CH4,0.5863585836,Tg
Bosnia and Herzegovina,coal,coal,coal,1990,CO2_FUG,0,MTC
Bosnia and Herzegovina,coal,coal,coal,1990,N2O,0,Tg
Bosnia and Herzegovina,crude oil,crude oil,crude oil,1990,CH4,0.3502836644,Tg
Bosnia and Herzegovina,crude oil,crude oil,crude oil,1990,CO2_FUG,0.3499209282,MTC
Bosnia and Herzegovina,crude oil,crude oil,crude oil,1990,N2O,0,Tg
Bosnia and Herzegovina,natural gas,natural gas,natural gas,1990,CH4,0.3306434513,Tg
Bosnia and Herzegovina,natural gas,natural gas,natural gas,1990,CO2_FUG,0.3203549521,MTC
Bosnia and Herzegovina,natural gas,natural gas,natural gas,1990,N2O,0,Tg
Bosnia and Herzegovina,coal,coal,coal,2005,CH4,0.3365591687,Tg
Bosnia and Herzegovina,coal,coal,coal,2005,CO2_FUG,0.5392501883,MTC
Bosnia and Herzegovina,coal,coal,coal,2005,N2O,0,Tg
Bosnia and Herzegovina,crude oil,crude oil,crude oil,2005,CH4,0.3150790535,Tg
Bosnia and Herzegovina,crude oil,crude oil,crude oil,2005,CO2_FUG,0.2271602006,MTC
Bosnia and Herzegovina,crude oil,crude oil,crude oil,2005,N2O,1.17101134e-06,Tg
Bosnia and Herzegovina,natural gas,natural gas,natural gas,2005,CH4,0.3619007817,Tg
Bosnia and Herzegovina,natural gas,natural gas,natural gas,2005,CO2_FUG,0.2786590784,MTC
Bosnia and Herzegovina,natural gas,natural gas,natural gas,2005,N2O,8.034240698e-07,Tg
Bosnia and Herzegovina,coal,coal,coal,2010,CH4,0.3529211435,Tg
Bosnia and Herzegovina,coal,coal,coal,2010,CO2_FUG,1.090938135,MTC
Bosnia and Herzegovina,coal,coal,coal,2010,N2O,0,Tg
Bosnia and Herzegovina,crude oil,crude oil,crude oil,2010,CH4,0.2970619333,Tg
Bosnia and Herzegovina,crude oil,crude oil,crude oil,2010,CO2_FUG,0.211957431,MTC
Bosnia and Herzegovina,crude oil,crude oil,crude oil,2010,N2O,1.261065897e-06,Tg
Bosnia and Herzegovina,natural gas,natural gas,natural gas,2010,CH4,0.2970619333,Tg
Bosnia and Herzegovina,natural gas,natural gas,natural gas,2010,CO2_FUG,0.2265209363,MTC
Bosnia and Herzegovina,natural gas,natural gas,natural gas,2010,N2O,1.152461792e-06,Tg
Bosnia and Herzegovina,coal,coal,coal,2015,CH4,0.492379582,Tg
Bosnia and Herzegovina,coal,coal,coal,2015,CO2_FUG,1.383356304,MTC
Bosnia and Herzegovina,coal,coal,coal,2015,N2O,7.661110658e-05,Tg
Bosnia and Herzegovina,crude oil,crude oil,crude oil,2015,CH4,0.3190559132,Tg
Bosnia and Herzegovina,crude oil,crude oil,crude oil,2015,CO2_FUG,0.255299953,MTC
Bosnia and Herzegovina,crude oil,crude oil,crude oil,2015,N2O,8.720212128e-07,Tg
Bosnia and Herzegovina,natural gas,natural gas,natural gas,2015,CH4,0.3223237873,Tg
Bosnia and Herzegovina,natural gas,natural gas,natural gas,2015,CO2_FUG,0.255299953,MTC
Bosnia and Herzegovina,natural gas,natural gas,natural gas,2015,N2O,8.720212128e-07,Tg
Iceland,coal,coal,coal,1975,CH4,0.2665364439,Tg
Iceland,coal,coal,coal,1975,CO2_FUG,1.270118914,MTC
Iceland,coal,coal,coal,1975,N2O,0,Tg
Iceland,crude oil,crude oil,crude oil,1975,CH4,0.3753392728,Tg
Iceland,crude oil,crude oil,crude oil,1975,CO2_FUG,0.6365496618,MTC
Iceland,crude oil,crude oil,crude oil,1975,N2O,0,Tg
Iceland,natural gas,natural gas,natural gas,1975,CH4,0.3155083342,Tg
Iceland,natural gas,natural gas,natural gas,1975,CO2_FUG,0.3915210585,MTC
Iceland,natural gas,natural gas,natural gas,1975,N2O,0,Tg
Iceland,coal,coal,coal,1990,CH4,0.3080877015,Tg
Iceland,coal,coal,coal,1990,CO2_FUG,0.5606340871,MTC
Iceland,coal,coal,coal,1990,N2O,0,Tg
Iceland,crude oil,crude oil,crude oil,1990,CH4,0.3502836644,Tg
Iceland,crude oil,crude oil,crude oil,1990,CO2_FUG,0.3499209282,MTC
Iceland,crude oil,crude oil,crude oil,1990,N2O,0,Tg
Iceland,natural gas,natural gas,natural gas,1990,CH4,0.3306434513,Tg
Iceland,natural gas,natural gas,natural gas,1990,CO2_FUG,0.3203549521,MTC
Iceland,natural gas,natural gas,natural gas,1990,N2O,0,Tg
Iceland,coal,coal,coal,2005,CH4,0.2011892418,Tg
Iceland,coal,coal,coal,2005,CO2_FUG,0.5399132017,MTC
Iceland,coal,coal,coal,2005,N2O,0,Tg
Iceland,crude oil,crude oil,crude oil,2005,CH4,0.3150790535,Tg
Iceland,crude oil,crude oil,crude oil,2005,CO2_FUG,0.2271602006,MTC
Iceland,crude oil,crude oil,crude oil,2005,N2O,1.17101134e-06,Tg
Iceland,natural gas,natural gas,natural gas,2005,CH4,0.3619007817,Tg
Iceland,natural gas,natural gas,natural gas,2005,CO2_FUG,0.2786590784,MTC
Iceland,natural gas,natural gas,natural gas,2005,N2O,8.034240698e-07,Tg
Iceland,coal,coal,coal,2010,CH4,0.20450647,Tg
Iceland,coal,coal,coal,2010,CO2_FUG,0.3980598136,MTC
Iceland,coal,coal,coal,2010,N2O,0,Tg
Iceland,crude oil,crude oil,crude oil,2010,CH4,0.2970619333,Tg
Iceland,crude oil,crude oil,crude oil,2010,CO2_FUG,0.211957431,MTC
Iceland,crude oil,crude oil,crude oil,2010,N2O,1.261065897e-06,Tg
Iceland,natural gas,natural gas,natural gas,2010,CH4,0.2970619333,Tg
Iceland,natural gas,natural gas,natural gas,2010,CO2_FUG,0.2265209363,MTC
Iceland,natural gas,natural gas,natural gas,2010,N2O,1.152461792e-06,Tg
Iceland,coal,coal,coal,2015,CH4,0.1941616332,Tg
Iceland,coal,coal,coal,2015,CO2_FUG,0.4351290798,MTC
Iceland,coal,coal,coal,2015,N2O,0,Tg
Iceland,crude oil,crude oil,crude oil,2015,CH4,0.3190559132,Tg
Iceland,crude oil,crude oil,crude oil,2015,CO2_FUG,0.255299953,MTC
Iceland,crude oil,crude oil,crude oil,2015,N2O,8.720212128e-07,Tg
Iceland,natural gas,natural gas,natural gas,2015,CH4,0.3223237873,Tg
Iceland,natural gas,natural gas,natural gas,2015,CO2_FUG,0.255299953,MTC
Iceland,natural gas,natural gas,natural gas,2015,N2O,8.720212128e-07,Tg
Macedonia,coal,coal,coal,1975,CH4,0.1314559452,Tg
Macedonia,coal,coal,coal,1975,CO2_FUG,0,MTC
Macedonia,coal,coal,coal,1975,N2O,0,Tg
Macedonia,crude oil,crude oil,crude oil,1975,CH4,0.6070513054,Tg
Macedonia,crude oil,crude oil,crude oil,1975,CO2_FUG,1.615835822e-05,MTC
Macedonia,crude oil,crude oil,crude oil,1975,N2O,0,Tg
Macedonia,natural gas,natural gas,natural gas,1975,CH4,0.3155083342,Tg
Macedonia,natural gas,natural gas,natural gas,1975,CO2_FUG,0.3915210585,MTC
Macedonia,natural gas,natural gas,natural gas,1975,N2O,0,Tg
Macedonia,coal,coal,coal,1990,CH4,0.1307193605,Tg
Macedonia,coal,coal,coal,1990,CO2_FUG,0,MTC
Macedonia,coal,coal,coal,1990,N2O,0,Tg
Macedonia,crude oil,crude oil,crude oil,1990,CH4,0.3502836644,Tg
Macedonia,crude oil,crude oil,crude oil,1990,CO2_FUG,0.3499209282,MTC
Macedonia,crude oil,crude oil,crude oil,1990,N2O,0,Tg
Macedonia,natural gas,natural gas,natural gas,1990,CH4,0.3306434513,Tg
Macedonia,natural gas,natural gas,natural gas,1990,CO2_FUG,0.3203549521,MTC
Macedonia,natural gas,natural gas,natural gas,1990,N2O,0,Tg
Macedonia,coal,coal,coal,2005,CH4,0.1231513741,Tg
Macedonia,coal,coal,coal,2005,CO2_FUG,0,MTC
Macedonia,coal,coal,coal,2005,N2O,0,Tg
Macedonia,crude oil,crude oil,crude oil,2005,CH4,0.3150790535,Tg
Macedonia,crude oil,crude oil,crude oil,2005,CO2_FUG,0.2271602006,MTC
Macedonia,crude oil,crude oil,crude oil,2005,N2O,1.17101134e-06,Tg
Macedonia,natural gas,natural gas,natural gas,2005,CH4,0.3619007817,Tg
Macedonia,natural gas,natural gas,natural gas,2005,CO2_FUG,0.2786590784,MTC
Macedonia,natural gas,natural gas,natural gas,2005,N2O,8.034240698e-07,Tg
Macedonia,coal,coal,coal,2010,CH4,0.1315817628,Tg
Macedonia,coal,coal,coal,2010,CO2_FUG,0,MTC
Macedonia,coal,coal,coal,2010,N2O,0,Tg
Macedonia,crude oil,crude oil,crude oil,2010,CH4,0.2970619333,Tg
Macedonia,crude oil,crude oil,crude oil,2010,CO2_FUG,0.211957431,MTC
Macedonia,crude oil,crude oil,crude oil,2010,N2O,1.261065897e-06,Tg
Macedonia,natural gas,natural gas,natural gas,2010,CH4,0.2970619333,Tg
Macedonia,natural gas,natural gas,natural gas,2010,CO2_FUG,0.2265209363,MTC
Macedonia,natural gas,natural gas,natural gas,2010,N2O,1.152461792e-06,Tg
Macedonia,coal,coal,coal,2015,CH4,0.1312017673,Tg
Macedonia,coal,coal,coal,2015,CO2_FUG,0,MTC
Macedonia,coal,coal,coal,2015,N2O,0,Tg
Macedonia,crude oil,crude oil,crude oil,2015,CH4,0.3190559132,Tg
Macedonia,crude oil,crude oil,crude oil,2015,CO2_FUG,0.255299953,MTC
Macedonia,crude oil,crude oil,crude oil,2015,N2O,8.720212128e-07,Tg
Macedonia,natural gas,natural gas,natural gas,2015,CH4,0.3223237873,Tg
Macedonia,natural gas,natural gas,natural gas,2015,CO2_FUG,0.255299953,MTC
Macedonia,natural gas,natural gas,natural gas,2015,N2O,8.720212128e-07,Tg
Moldova,coal,coal,coal,1975,CH4,0.0009150040838,Tg
Moldova,coal,coal,coal,1975,CO2_FUG,0,MTC
Moldova,coal,coal,coal,1975,N2O,0,Tg
Moldova,crude oil,crude oil,crude oil,1975,CH4,0.3753392728,Tg
Moldova,crude oil,crude oil,crude oil,1975,CO2_FUG,0.6365496618,MTC
Moldova,crude oil,crude oil,crude oil,1975,N2O,0,Tg
Moldova,natural gas,natural gas,natural gas,1975,CH4,0,Tg
Moldova,natural gas,natural gas,natural gas,1975,CO2_FUG,0.1059272406,MTC
Moldova,natural gas,natural gas,natural gas,1975,N2O,0,Tg
Moldova,coal,coal,coal,1990,CH4,0.3080877015,Tg
Moldova,coal,coal,coal,1990,CO2_FUG,0.5606340871,MTC
Moldova,coal,coal,coal,1990,N2O,0,Tg
Moldova,crude oil,crude oil,crude oil,1990,CH4,0.3502836644,Tg
Moldova,crude oil,crude oil,crude oil,1990,CO2_FUG,0.3499209282,MTC
Moldova,crude oil,crude oil,crude oil,1990,N2O,0,Tg
Moldova,natural gas,natural gas,natural gas,1990,CH4,0.3306434513,Tg
Moldova,natural gas,natural gas,natural gas,1990,CO2_FUG,0.3203549521,MTC
Moldova,natural gas,natural gas,natural gas,1990,N2O,0,Tg
Moldova,coal,coal,coal,2005,CH4,0.2011892418,Tg
Moldova,coal,coal,coal,2005,CO2_FUG,0.5399132017,MTC
Moldova,coal,coal,coal,2005,N2O,0,Tg
Moldova,crude oil,crude oil,crude oil,2005,CH4,0.3150790535,Tg
Moldova,crude oil,crude oil,crude oil,2005,CO2_FUG,0.01635196832,MTC
Moldova,crude oil,crude oil,crude oil,2005,N2O,0,Tg
Moldova,natural gas,natural gas,natural gas,2005,CH4,0.3619007817,Tg
Moldova,natural gas,natural gas,natural gas,2005,CO2_FUG,0.2786590784,MTC
Moldova,natural gas,natural gas,natural gas,2005,N2O,8.034240698e-07,Tg
Moldova,coal,coal,coal,2010,CH4,0.20450647,Tg
Moldova,coal,coal,coal,2010,CO2_FUG,0.3980598136,MTC
Moldova,coal,coal,coal,2010,N2O,0,Tg
Moldova,crude oil,crude oil,crude oil,2010,CH4,0.2970619333,Tg
Moldova,crude oil,crude oil,crude oil,2010,CO2_FUG,0.01593841248,MTC
Moldova,crude oil,crude oil,crude oil,2010,N2O,0,Tg
Moldova,natural gas,natural gas,natural gas,2010,CH4,0.2970619333,Tg
Moldova,natural gas,natural gas,natural gas,2010,CO2_FUG,0.2265209363,MTC
Moldova,natural gas,natural gas,natural gas,2010,N2O,1.152461792e-06,Tg
Moldova,coal,coal,coal,2015,CH4,0.1941616332,Tg
Moldova,coal,coal,coal,2015,CO2_FUG,0.4351290798,MTC
Moldova,coal,coal,coal,2015,N2O,0,Tg
Moldova,crude oil,crude oil,crude oil,2015,CH4,0.3190559132,Tg
Moldova,crude oil,crude oil,crude oil,2015,CO2_FUG,0.01626557753,MTC
Moldova,crude oil,crude oil,crude oil,2015,N2O,0,Tg
Moldova,natural gas,natural gas,natural gas,2015,CH4,0.3223237873,Tg
Moldova,natural gas,natural gas,natural gas,2015,CO2_FUG,0.255299953,MTC
Moldova,natural gas,natural gas,natural gas,2015,N2O,8.720212128e-07,Tg
Norway,coal,coal,coal,1975,CH4,0.3431865502,Tg
Norway,coal,coal,coal,1975,CO2_FUG,4.575418406,MTC
Norway,coal,coal,coal,1975,N2O,0,Tg
Norway,crude oil,crude oil,crude oil,1975,CH4,0.006188957834,Tg
Norway,crude oil,crude oil,crude oil,1975,CO2_FUG,1.922613998,MTC
Norway,crude oil,crude oil,crude oil,1975,N2O,0,Tg
Norway,natural gas,natural gas,natural gas,1975,CH4,0.006188957834,Tg
Norway,natural gas,natural gas,natural gas,1975,CO2_FUG,1.922613998,MTC
Norway,natural gas,natural gas,natural gas,1975,N2O,0,Tg
Norway,coal,coal,coal,1990,CH4,0.3203369711,Tg
Norway,coal,coal,coal,1990,CO2_FUG,0,MTC
Norway,coal,coal,coal,1990,N2O,0,Tg
Norway,crude oil,crude oil,crude oil,1990,CH4,0.00340631133,Tg
Norway,crude oil,crude oil,crude oil,1990,CO2_FUG,0.1721441426,MTC
Norway,crude oil,crude oil,crude oil,1990,N2O,2.209021615e-06,Tg
Norway,natural gas,natural gas,natural gas,1990,CH4,0.00340631133,Tg
Norway,natural gas,natural gas,natural gas,1990,CO2_FUG,0.1721441426,MTC
Norway,natural gas,natural gas,natural gas,1990,N2O,2.209021615e-06,Tg
Norway,coal,coal,coal,2005,CH4,0.04861266595,Tg
Norway,coal,coal,coal,2005,CO2_FUG,0,MTC
Norway,coal,coal,coal,2005,N2O,0,Tg
Norway,crude oil,crude oil,crude oil,2005,CH4,0.003705397455,Tg
Norway,crude oil,crude oil,crude oil,2005,CO2_FUG,0.08233239816,MTC
Norway,crude oil,crude oil,crude oil,2005,N2O,1.134884366e-06,Tg
Norway,natural gas,natural gas,natural gas,2005,CH4,0.003705397455,Tg
Norway,natural gas,natural gas,natural gas,2005,CO2_FUG,0.08233239816,MTC
Norway,natural gas,natural gas,natural gas,2005,N2O,1.134884366e-06,Tg
Norway,coal,coal,coal,2010,CH4,0.02808339556,Tg
Norway,coal,coal,coal,2010,CO2_FUG,0,MTC
Norway,coal,coal,coal,2010,N2O,0,Tg
Norway,crude oil,crude oil,crude oil,2010,CH4,0.003761973145,Tg
Norway,crude oil,crude oil,crude oil,2010,CO2_FUG,0.08797445903,MTC
Norway,crude oil,crude oil,crude oil,2010,N2O,1.228599982e-06,Tg
Norway,natural gas,natural gas,natural gas,2010,CH4,0.003761973145,Tg
Norway,natural gas,natural gas,natural gas,2010,CO2_FUG,0.08797445903,MTC
Norway,natural gas,natural gas,natural gas,2010,N2O,1.228599982e-06,Tg
Norway,coal,coal,coal,2015,CH4,0.03888736405,Tg
Norway,coal,coal,coal,2015,CO2_FUG,0,MTC
Norway,coal,coal,coal,2015,N2O,0,Tg
Norway,crude oil,crude oil,crude oil,2015,CH4,0.003450564291,Tg
Norway,crude oil,crude oil,crude oil,2015,CO2_FUG,0.08724942983,MTC
Norway,crude oil,crude oil,crude oil,2015,N2O,1.26348015e-06,Tg
Norway,natural gas,natural gas,natural gas,2015,CH4,0.003450564291,Tg
Norway,natural gas,natural gas,natural gas,2015,CO2_FUG,0.08724942983,MTC
Norway,natural gas,natural gas,natural gas,2015,N2O,1.26348015e-06,Tg
Serbia and Montenegro,coal,coal,coal,1975,CH4,0,Tg
Serbia and Montenegro,coal,coal,coal,1975,CO2_FUG,0,MTC
Serbia and Montenegro,coal,coal,coal,1975,N2O,0,Tg
Serbia and Montenegro,crude oil,crude oil,crude oil,1975,CH4,0.2300175224,Tg
Serbia and Montenegro,crude oil,crude oil,crude oil,1975,CO2_FUG,0,MTC
Serbia and Montenegro,crude oil,crude oil,crude oil,1975,N2O,0,Tg
Serbia and Montenegro,natural gas,natural gas,natural gas,1975,CH4,0.2300175224,Tg
Serbia and Montenegro,natural gas,natural gas,natural gas,1975,CO2_FUG,0,MTC
Serbia and Montenegro,natural gas,natural gas,natural gas,1975,N2O,0,Tg
Serbia and Montenegro,coal,coal,coal,1990,CH4,0,Tg
Serbia and Montenegro,coal,coal,coal,1990,CO2_FUG,0,MTC
Serbia and Montenegro,coal,coal,coal,1990,N2O,0,Tg
Serbia and Montenegro,crude oil,crude oil,crude oil,1990,CH4,0.2593299664,Tg
Serbia and Montenegro,crude oil,crude oil,crude oil,1990,CO2_FUG,0,MTC
Serbia and Montenegro,crude oil,crude oil,crude oil,1990,N2O,0,Tg
Serbia and Montenegro,natural gas,natural gas,natural gas,1990,CH4,0.2593299664,Tg
Serbia and Montenegro,natural gas,natural gas,natural gas,1990,CO2_FUG,0,MTC
Serbia and Montenegro,natural gas,natural gas,natural gas,1990,N2O,0,Tg
Serbia and Montenegro,coal,coal,coal,2005,CH4,0,Tg
Serbia and Montenegro,coal,coal,coal,2005,CO2_FUG,0,MTC
Serbia and Montenegro,coal,coal,coal,2005,N2O,0,Tg
Serbia and Montenegro,crude oil,crude oil,crude oil,2005,CH4,0.305832662,Tg
Serbia and Montenegro,crude oil,crude oil,crude oil,2005,CO2_FUG,0,MTC
Serbia and Montenegro,crude oil,crude oil,crude oil,2005,N2O,0,Tg
Serbia and Montenegro,natural gas,natural gas,natural gas,2005,CH4,0.305832662,Tg
Serbia and Montenegro,natural gas,natural gas,natural gas,2005,CO2_FUG,0,MTC
Serbia and Montenegro,natural gas,natural gas,natural gas,2005,N2O,0,Tg
Serbia and Montenegro,coal,coal,coal,2010,CH4,0,Tg
Serbia and Montenegro,coal,coal,coal,2010,CO2_FUG,0,MTC
Serbia and Montenegro,coal,coal,coal,2010,N2O,0,Tg
Serbia and Montenegro,crude oil,crude oil,crude oil,2010,CH4,0.2898864647,Tg
Serbia and Montenegro,crude oil,crude oil,crude oil,2010,CO2_FUG,0,MTC
Serbia and Montenegro,crude oil,crude oil,crude oil,2010,N2O,0,Tg
Serbia and Montenegro,natural gas,natural gas,natural gas,2010,CH4,0.2898864647,Tg
Serbia and Montenegro,natural gas,natural gas,natural gas,2010,CO2_FUG,0,MTC
Serbia and Montenegro,natural gas,natural gas,natural gas,2010,N2O,0,Tg
Serbia and Montenegro,coal,coal,coal,2015,CH4,0,Tg
Serbia and Montenegro,coal,coal,coal,2015,CO2_FUG,0,MTC
Serbia and Montenegro,coal,coal,coal,2015,N2O,0,Tg
Serbia and Montenegro,crude oil,crude oil,crude oil,2015,CH4,0.2828189926,Tg
Serbia and Montenegro,crude oil,crude oil,crude oil,2015,CO2_FUG,0,MTC
Serbia and Montenegro,crude oil,crude oil,crude oil,2015,N2O,0,Tg
Serbia and Montenegro,natural gas,natural gas,natural gas,2015,CH4,0.2828189926,Tg
Serbia and Montenegro,natural gas,natural gas,natural gas,2015,CO2_FUG,0,MTC
Serbia and Montenegro,natural gas,natural gas,natural gas,2015,N2O,0,Tg
Switzerland,coal,coal,coal,1975,CH4,0.2665364439,Tg
Switzerland,coal,coal,coal,1975,CO2_FUG,1.270118914,MTC
Switzerland,coal,coal,coal,1975,N2O,0,Tg
Switzerland,crude oil,crude oil,crude oil,1975,CH4,0.3753392728,Tg
Switzerland,crude oil,crude oil,crude oil,1975,CO2_FUG,0.6365496618,MTC
Switzerland,crude oil,crude oil,crude oil,1975,N2O,0,Tg
Switzerland,natural gas,natural gas,natural gas,1975,CH4,0.3155083342,Tg
Switzerland,natural gas,natural gas,natural gas,1975,CO2_FUG,0.3915210585,MTC
Switzerland,natural gas,natural gas,natural gas,1975,N2O,0,Tg
Switzerland,coal,coal,coal,1990,CH4,0.3080877015,Tg
Switzerland,coal,coal,coal,1990,CO2_FUG,0.5606340871,MTC
Switzerland,coal,coal,coal,1990,N2O,0,Tg
Switzerland,crude oil,crude oil,crude oil,1990,CH4,0.3502836644,Tg
Switzerland,crude oil,crude oil,crude oil,1990,CO2_FUG,0.3499209282,MTC
Switzerland,crude oil,crude oil,crude oil,1990,N2O,0,Tg
Switzerland,natural gas,natural gas,natural gas,1990,CH4,0.3306434513,Tg
Switzerland,natural gas,natural gas,natural gas,1990,CO2_FUG,0.3203549521,MTC
Switzerland,natural gas,natural gas,natural gas,1990,N2O,0,Tg
Switzerland,coal,coal,coal,2005,CH4,0.2011892418,Tg
Switzerland,coal,coal,coal,2005,CO2_FUG,0.5399132017,MTC
Switzerland,coal,coal,coal,2005,N2O,0,Tg
Switzerland,crude oil,crude oil,crude oil,2005,CH4,0.3150790535,Tg
Switzerland,crude oil,crude oil,crude oil,2005,CO2_FUG,0.2271602006,MTC
Switzerland,crude oil,crude oil,crude oil,2005,N2O,1.17101134e-06,Tg
Switzerland,natural gas,natural gas,natural gas,2005,CH4,0.3619007817,Tg
Switzerland,natural gas,natural gas,natural gas,2005,CO2_FUG,0.2786590784,MTC
Switzerland,natural gas,natural gas,natural gas,2005,N2O,8.034240698e-07,Tg
Switzerland,coal,coal,coal,2010,CH4,0.20450647,Tg
Switzerland,coal,coal,coal,2010,CO2_FUG,0.3980598136,MTC
Switzerland,coal,coal,coal,2010,N2O,0,Tg
Switzerland,crude oil,crude oil,crude oil,2010,CH4,0.2970619333,Tg
Switzerland,crude oil,crude oil,crude oil,2010,CO2_FUG,0.211957431,MTC
Switzerland,crude oil,crude oil,crude oil,2010,N2O,0,Tg
Switzerland,natural gas,natural gas,natural gas,2010,CH4,0.2970619333,Tg
Switzerland,natural gas,natural gas,natural gas,2010,CO2_FUG,0.2265209363,MTC
Switzerland,natural gas,natural gas,natural gas,2010,N2O,1.152461792e-06,Tg
Switzerland,coal,coal,coal,2015,CH4,0.1941616332,Tg
Switzerland,coal,coal,coal,2015,CO2_FUG,0.4351290798,MTC
Switzerland,coal,coal,coal,2015,N2O,0,Tg
Switzerland,crude oil,crude oil,crude oil,2015,CH4,0.3190559132,Tg
Switzerland,crude oil,crude oil,crude oil,2015,CO2_FUG,0.255299953,MTC
Switzerland,crude oil,crude oil,crude oil,2015,N2O,8.720212128e-07,Tg
Switzerland,natural gas,natural gas,natural gas,2015,CH4,0.3223237873,Tg
Switzerland,natural gas,natural gas,natural gas,2015,CO2_FUG,0.255299953,MTC
Switzerland,natural gas,natural gas,natural gas,2015,N2O,8.720212128e-07,Tg
Turkey,coal,coal,coal,1975,CH4,0.1813938858,Tg
Turkey,coal,coal,coal,1975,CO2_FUG,2.036085425,MTC
Turkey,coal,coal,coal,1975,N2O,0,Tg
Turkey,crude oil,crude oil,crude oil,1975,CH4,0.0928192708,Tg
Turkey,crude oil,crude oil,crude oil,1975,CO2_FUG,0.3324123572,MTC
Turkey,crude oil,crude oil,crude oil,1975,N2O,0,Tg
Turkey,natural gas,natural gas,natural gas,1975,CH4,0.3155083342,Tg
Turkey,natural gas,natural gas,natural gas,1975,CO2_FUG,0.3915210585,MTC
Turkey,natural gas,natural gas,natural gas,1975,N2O,0,Tg
Turkey,coal,coal,coal,1990,CH4,0.1607079576,Tg
Turkey,coal,coal,coal,1990,CO2_FUG,2.185428549,MTC
Turkey,coal,coal,coal,1990,N2O,0,Tg
Turkey,crude oil,crude oil,crude oil,1990,CH4,0.1183478813,Tg
Turkey,crude oil,crude oil,crude oil,1990,CO2_FUG,0.3766531733,MTC
Turkey,crude oil,crude oil,crude oil,1990,N2O,0,Tg
Turkey,natural gas,natural gas,natural gas,1990,CH4,0.1183478813,Tg
Turkey,natural gas,natural gas,natural gas,1990,CO2_FUG,0.3766531733,MTC
Turkey,natural gas,natural gas,natural gas,1990,N2O,0,Tg
Turkey,coal,coal,coal,2005,CH4,0.1760864065,Tg
Turkey,coal,coal,coal,2005,CO2_FUG,1.200525719,MTC
Turkey,coal,coal,coal,2005,N2O,0,Tg
Turkey,crude oil,crude oil,crude oil,2005,CH4,0.1187007313,Tg
Turkey,crude oil,crude oil,crude oil,2005,CO2_FUG,0.3101529451,MTC
Turkey,crude oil,crude oil,crude oil,2005,N2O,1.17101134e-06,Tg
Turkey,natural gas,natural gas,natural gas,2005,CH4,0.1187007313,Tg
Turkey,natural gas,natural gas,natural gas,2005,CO2_FUG,0.3101529451,MTC
Turkey,natural gas,natural gas,natural gas,2005,N2O,8.034240698e-07,Tg
Turkey,coal,coal,coal,2010,CH4,0.1388170295,Tg
Turkey,coal,coal,coal,2010,CO2_FUG,0.1783708688,MTC
Turkey,coal,coal,coal,2010,N2O,0,Tg
Turkey,crude oil,crude oil,crude oil,2010,CH4,0.1094843101,Tg
Turkey,crude oil,crude oil,crude oil,2010,CO2_FUG,0.3077725517,MTC
Turkey,crude oil,crude oil,crude oil,2010,N2O,1.261065897e-06,Tg
Turkey,natural gas,natural gas,natural gas,2010,CH4,0.1094843101,Tg
Turkey,natural gas,natural gas,natural gas,2010,CO2_FUG,0.3077725517,MTC
Turkey,natural gas,natural gas,natural gas,2010,N2O,1.152461792e-06,Tg
Turkey,coal,coal,coal,2015,CH4,0.1413769436,Tg
Turkey,coal,coal,coal,2015,CO2_FUG,1.29676547,MTC
Turkey,coal,coal,coal,2015,N2O,0,Tg
Turkey,crude oil,crude oil,crude oil,2015,CH4,0.1307738625,Tg
Turkey,crude oil,crude oil,crude oil,2015,CO2_FUG,0.3357877777,MTC
Turkey,crude oil,crude oil,crude oil,2015,N2O,0,Tg
Turkey,natural gas,natural gas,natural gas,2015,CH4,0.1307738625,Tg
Turkey,natural gas,natural gas,natural gas,2015,CO2_FUG,0.3357877777,MTC
Turkey,natural gas,natural gas,natural gas,2015,N2O,0,Tg
UK,coal,coal,coal,1975,CH4,0.548869091,Tg
UK,coal,coal,coal,1975,CO2_FUG,0.978415526,MTC
UK,coal,coal,coal,1975,N2O,0,Tg
UK,crude oil,crude oil,crude oil,1975,CH4,0.2114347085,Tg
UK,crude oil,crude oil,crude oil,1975,CO2_FUG,1.158214549,MTC
UK,crude oil,crude oil,crude oil,1975,N2O,0,Tg
UK,natural gas,natural gas,natural gas,1975,CH4,0.2114347085,Tg
UK,natural gas,natural gas,natural gas,1975,CO2_FUG,1.158214549,MTC
UK,natural gas,natural gas,natural gas,1975,N2O,0,Tg
UK,coal,coal,coal,1990,CH4,0.3929837718,Tg
UK,coal,coal,coal,1990,CO2_FUG,0.2817115523,MTC
UK,coal,coal,coal,1990,N2O,0,Tg
UK,crude oil,crude oil,crude oil,1990,CH4,0.086356083,Tg
UK,crude oil,crude oil,crude oil,1990,CO2_FUG,0.2758616028,MTC
UK,crude oil,crude oil,crude oil,1990,N2O,1.750614912e-06,Tg
UK,natural gas,natural gas,natural gas,1990,CH4,0.086356083,Tg
UK,natural gas,natural gas,natural gas,1990,CO2_FUG,0.2758616028,MTC
UK,natural gas,natural gas,natural gas,1990,N2O,1.750614912e-06,Tg
UK,coal,coal,coal,2005,CH4,0.3061117145,Tg
UK,coal,coal,coal,2005,CO2_FUG,0.3059423848,MTC
UK,coal,coal,coal,2005,N2O,0,Tg
UK,crude oil,crude oil,crude oil,2005,CH4,0.03956681991,Tg
UK,crude oil,crude oil,crude oil,2005,CO2_FUG,0.2271602006,MTC
UK,crude oil,crude oil,crude oil,2005,N2O,1.423471719e-06,Tg
UK,natural gas,natural gas,natural gas,2005,CH4,0.03956681991,Tg
UK,natural gas,natural gas,natural gas,2005,CO2_FUG,0.2271602006,MTC
UK,natural gas,natural gas,natural gas,2005,N2O,1.423471719e-06,Tg
UK,coal,coal,coal,2010,CH4,0.223143616,Tg
UK,coal,coal,coal,2010,CO2_FUG,0.7397461129,MTC
UK,coal,coal,coal,2010,N2O,0,Tg
UK,crude oil,crude oil,crude oil,2010,CH4,0.05032003102,Tg
UK,crude oil,crude oil,crude oil,2010,CO2_FUG,0.2427576717,MTC
UK,crude oil,crude oil,crude oil,2010,N2O,2.02389217e-06,Tg
UK,natural gas,natural gas,natural gas,2010,CH4,0.05032003102,Tg
UK,natural gas,natural gas,natural gas,2010,CO2_FUG,0.2427576717,MTC
UK,natural gas,natural gas,natural gas,2010,N2O,2.02389217e-06,Tg
UK,coal,coal,coal,2015,CH4,0.1870094629,Tg
UK,coal,coal,coal,2015,CO2_FUG,1.155127782,MTC
UK,coal,coal,coal,2015,N2O,0,Tg
UK,crude oil,crude oil,crude oil,2015,CH4,0.07276892878,Tg
UK,crude oil,crude oil,crude oil,2015,CO2_FUG,0.3298334675,MTC
UK,crude oil,crude oil,crude oil,2015,N2O,0,Tg
UK,natural gas,natural gas,natural gas,2015,CH4,0.07276892878,Tg
UK,natural gas,natural gas,natural gas,2015,CO2_FUG,0.3298334675,MTC
UK,natural gas,natural gas,natural gas,2015,N2O,0,Tg
Ukraine,coal,coal,coal,1975,CH4,0.4909502137,Tg
Ukraine,coal,coal,coal,1975,CO2_FUG,1.713439916,MTC
Ukraine,coal,coal,coal,1975,N2O,0,Tg
Ukraine,crude oil,crude oil,crude oil,1975,CH4,0.2415566842,Tg
Ukraine,crude oil,crude oil,crude oil,1975,CO2_FUG,0.1912264497,MTC
Ukraine,crude oil,crude oil,crude oil,1975,N2O,0,Tg
Ukraine,natural gas,natural gas,natural gas,1975,CH4,0.2415566842,Tg
Ukraine,natural gas,natural gas,natural gas,1975,CO2_FUG,0.1912264497,MTC
Ukraine,natural gas,natural gas,natural gas,1975,N2O,0,Tg
Ukraine,coal,coal,coal,1990,CH4,0.6901917057,Tg
Ukraine,coal,coal,coal,1990,CO2_FUG,2.617628695,MTC
Ukraine,coal,coal,coal,1990,N2O,0,Tg
Ukraine,crude oil,crude oil,crude oil,1990,CH4,1.766244112,Tg
Ukraine,crude oil,crude oil,crude oil,1990,CO2_FUG,0.7102980449,MTC
Ukraine,crude oil,crude oil,crude oil,1990,N2O,0,Tg
Ukraine,natural gas,natural gas,natural gas,1990,CH4,1.766244112,Tg
Ukraine,natural gas,natural gas,natural gas,1990,CO2_FUG,0.7102980449,MTC
Ukraine,natural gas,natural gas,natural gas,1990,N2O,0,Tg
Ukraine,coal,coal,coal,2005,CH4,0.7065200682,Tg
Ukraine,coal,coal,coal,2005,CO2_FUG,4.018326231,MTC
Ukraine,coal,coal,coal,2005,N2O,0,Tg
Ukraine,crude oil,crude oil,crude oil,2005,CH4,1.966611599,Tg
Ukraine,crude oil,crude oil,crude oil,2005,CO2_FUG,0.7372280616,MTC
Ukraine,crude oil,crude oil,crude oil,2005,N2O,2.39293731e-05,Tg
Ukraine,natural gas,natural gas,natural gas,2005,CH4,1.966611599,Tg
Ukraine,natural gas,natural gas,natural gas,2005,CO2_FUG,0.7372280616,MTC
Ukraine,natural gas,natural gas,natural gas,2005,N2O,2.39293731e-05,Tg
Ukraine,coal,coal,coal,2010,CH4,0.675150502,Tg
Ukraine,coal,coal,coal,2010,CO2_FUG,2.798558026,MTC
Ukraine,coal,coal,coal,2010,N2O,1.442737175e-05,Tg
Ukraine,crude oil,crude oil,crude oil,2010,CH4,1.452956212,Tg
Ukraine,crude oil,crude oil,crude oil,2010,CO2_FUG,0.7222433623,MTC
Ukraine,crude oil,crude oil,crude oil,2010,N2O,2.469250216e-05,Tg
Ukraine,natural gas,natural gas,natural gas,2010,CH4,1.452956212,Tg
Ukraine,natural gas,natural gas,natural gas,2010,CO2_FUG,0.7222433623,MTC
Ukraine,natural gas,natural gas,natural gas,2010,N2O,2.469250216e-05,Tg
Ukraine,coal,coal,coal,2015,CH4,0.6884143425,Tg
Ukraine,coal,coal,coal,2015,CO2_FUG,0.108256057,MTC
Ukraine,coal,coal,coal,2015,N2O,2.390203089e-05,Tg
Ukraine,crude oil,crude oil,crude oil,2015,CH4,1.661209451,Tg
Ukraine,crude oil,crude oil,crude oil,2015,CO2_FUG,0.8052666463,MTC
Ukraine,crude oil,crude oil,crude oil,2015,N2O,8.720212128e-07,Tg
Ukraine,natural gas,natural gas,natural gas,2015,CH4,1.661209451,Tg
Ukraine,natural gas,natural gas,natural gas,2015,CO2_FUG,0.8052666463,MTC
Ukraine,natural gas,natural gas,natural gas,2015,N2O,8.720212128e-07,Tg
