# Average annual utilization of renewable technologies, calculated using regional solar irradiance data and wind resource curves to adjust default assumptions
# Source: extracted from the particular GCAM version
region,supplysector,subsector,stub.technology,year,capacity.factor
USA,electricity,wind,wind_storage,1975,0.46
USA,electricity,wind,wind_storage,1990,0.46
USA,electricity,wind,wind_storage,2005,0.46
USA,electricity,wind,wind_storage,2010,0.46
USA,electricity,wind,wind_storage,2015,0.46
USA,electricity,wind,wind_storage,2020,0.46
USA,electricity,wind,wind_storage,2025,0.46
USA,electricity,wind,wind_storage,2030,0.46
USA,electricity,wind,wind_storage,2035,0.46
USA,electricity,wind,wind_storage,2040,0.46
USA,electricity,wind,wind_storage,2045,0.46
USA,electricity,wind,wind_storage,2050,0.46
USA,electricity,wind,wind_storage,2055,0.46
USA,electricity,wind,wind_storage,2060,0.46
USA,electricity,wind,wind_storage,2065,0.46
USA,electricity,wind,wind_storage,2070,0.46
USA,electricity,wind,wind_storage,2075,0.46
USA,electricity,wind,wind_storage,2080,0.46
USA,electricity,wind,wind_storage,2085,0.46
USA,electricity,wind,wind_storage,2090,0.46
USA,electricity,wind,wind_storage,2095,0.46
USA,electricity,wind,wind_storage,2100,0.46
Africa_Eastern,electricity,wind,wind_storage,1975,0.41
Africa_Eastern,electricity,wind,wind_storage,1990,0.41
Africa_Eastern,electricity,wind,wind_storage,2005,0.41
Africa_Eastern,electricity,wind,wind_storage,2010,0.41
Africa_Eastern,electricity,wind,wind_storage,2015,0.41
Africa_Eastern,electricity,wind,wind_storage,2020,0.41
Africa_Eastern,electricity,wind,wind_storage,2025,0.41
Africa_Eastern,electricity,wind,wind_storage,2030,0.41
Africa_Eastern,electricity,wind,wind_storage,2035,0.41
Africa_Eastern,electricity,wind,wind_storage,2040,0.41
Africa_Eastern,electricity,wind,wind_storage,2045,0.41
Africa_Eastern,electricity,wind,wind_storage,2050,0.41
Africa_Eastern,electricity,wind,wind_storage,2055,0.41
Africa_Eastern,electricity,wind,wind_storage,2060,0.41
Africa_Eastern,electricity,wind,wind_storage,2065,0.41
Africa_Eastern,electricity,wind,wind_storage,2070,0.41
Africa_Eastern,electricity,wind,wind_storage,2075,0.41
Africa_Eastern,electricity,wind,wind_storage,2080,0.41
Africa_Eastern,electricity,wind,wind_storage,2085,0.41
Africa_Eastern,electricity,wind,wind_storage,2090,0.41
Africa_Eastern,electricity,wind,wind_storage,2095,0.41
Africa_Eastern,electricity,wind,wind_storage,2100,0.41
Africa_Northern,electricity,wind,wind_storage,1975,0.46
Africa_Northern,electricity,wind,wind_storage,1990,0.46
Africa_Northern,electricity,wind,wind_storage,2005,0.46
Africa_Northern,electricity,wind,wind_storage,2010,0.46
Africa_Northern,electricity,wind,wind_storage,2015,0.46
Africa_Northern,electricity,wind,wind_storage,2020,0.46
Africa_Northern,electricity,wind,wind_storage,2025,0.46
Africa_Northern,electricity,wind,wind_storage,2030,0.46
Africa_Northern,electricity,wind,wind_storage,2035,0.46
Africa_Northern,electricity,wind,wind_storage,2040,0.46
Africa_Northern,electricity,wind,wind_storage,2045,0.46
Africa_Northern,electricity,wind,wind_storage,2050,0.46
Africa_Northern,electricity,wind,wind_storage,2055,0.46
Africa_Northern,electricity,wind,wind_storage,2060,0.46
Africa_Northern,electricity,wind,wind_storage,2065,0.46
Africa_Northern,electricity,wind,wind_storage,2070,0.46
Africa_Northern,electricity,wind,wind_storage,2075,0.46
Africa_Northern,electricity,wind,wind_storage,2080,0.46
Africa_Northern,electricity,wind,wind_storage,2085,0.46
Africa_Northern,electricity,wind,wind_storage,2090,0.46
Africa_Northern,electricity,wind,wind_storage,2095,0.46
Africa_Northern,electricity,wind,wind_storage,2100,0.46
Africa_Southern,electricity,wind,wind_storage,1975,0.34
Africa_Southern,electricity,wind,wind_storage,1990,0.34
Africa_Southern,electricity,wind,wind_storage,2005,0.34
Africa_Southern,electricity,wind,wind_storage,2010,0.34
Africa_Southern,electricity,wind,wind_storage,2015,0.34
Africa_Southern,electricity,wind,wind_storage,2020,0.34
Africa_Southern,electricity,wind,wind_storage,2025,0.34
Africa_Southern,electricity,wind,wind_storage,2030,0.34
Africa_Southern,electricity,wind,wind_storage,2035,0.34
Africa_Southern,electricity,wind,wind_storage,2040,0.34
Africa_Southern,electricity,wind,wind_storage,2045,0.34
Africa_Southern,electricity,wind,wind_storage,2050,0.34
Africa_Southern,electricity,wind,wind_storage,2055,0.34
Africa_Southern,electricity,wind,wind_storage,2060,0.34
Africa_Southern,electricity,wind,wind_storage,2065,0.34
Africa_Southern,electricity,wind,wind_storage,2070,0.34
Africa_Southern,electricity,wind,wind_storage,2075,0.34
Africa_Southern,electricity,wind,wind_storage,2080,0.34
Africa_Southern,electricity,wind,wind_storage,2085,0.34
Africa_Southern,electricity,wind,wind_storage,2090,0.34
Africa_Southern,electricity,wind,wind_storage,2095,0.34
Africa_Southern,electricity,wind,wind_storage,2100,0.34
Africa_Western,electricity,wind,wind_storage,1975,0.42
Africa_Western,electricity,wind,wind_storage,1990,0.42
Africa_Western,electricity,wind,wind_storage,2005,0.42
Africa_Western,electricity,wind,wind_storage,2010,0.42
Africa_Western,electricity,wind,wind_storage,2015,0.42
Africa_Western,electricity,wind,wind_storage,2020,0.42
Africa_Western,electricity,wind,wind_storage,2025,0.42
Africa_Western,electricity,wind,wind_storage,2030,0.42
Africa_Western,electricity,wind,wind_storage,2035,0.42
Africa_Western,electricity,wind,wind_storage,2040,0.42
Africa_Western,electricity,wind,wind_storage,2045,0.42
Africa_Western,electricity,wind,wind_storage,2050,0.42
Africa_Western,electricity,wind,wind_storage,2055,0.42
Africa_Western,electricity,wind,wind_storage,2060,0.42
Africa_Western,electricity,wind,wind_storage,2065,0.42
Africa_Western,electricity,wind,wind_storage,2070,0.42
Africa_Western,electricity,wind,wind_storage,2075,0.42
Africa_Western,electricity,wind,wind_storage,2080,0.42
Africa_Western,electricity,wind,wind_storage,2085,0.42
Africa_Western,electricity,wind,wind_storage,2090,0.42
Africa_Western,electricity,wind,wind_storage,2095,0.42
Africa_Western,electricity,wind,wind_storage,2100,0.42
Australia_NZ,electricity,wind,wind_storage,1975,0.46
Australia_NZ,electricity,wind,wind_storage,1990,0.46
Australia_NZ,electricity,wind,wind_storage,2005,0.46
Australia_NZ,electricity,wind,wind_storage,2010,0.46
Australia_NZ,electricity,wind,wind_storage,2015,0.46
Australia_NZ,electricity,wind,wind_storage,2020,0.46
Australia_NZ,electricity,wind,wind_storage,2025,0.46
Australia_NZ,electricity,wind,wind_storage,2030,0.46
Australia_NZ,electricity,wind,wind_storage,2035,0.46
Australia_NZ,electricity,wind,wind_storage,2040,0.46
Australia_NZ,electricity,wind,wind_storage,2045,0.46
Australia_NZ,electricity,wind,wind_storage,2050,0.46
Australia_NZ,electricity,wind,wind_storage,2055,0.46
Australia_NZ,electricity,wind,wind_storage,2060,0.46
Australia_NZ,electricity,wind,wind_storage,2065,0.46
Australia_NZ,electricity,wind,wind_storage,2070,0.46
Australia_NZ,electricity,wind,wind_storage,2075,0.46
Australia_NZ,electricity,wind,wind_storage,2080,0.46
Australia_NZ,electricity,wind,wind_storage,2085,0.46
Australia_NZ,electricity,wind,wind_storage,2090,0.46
Australia_NZ,electricity,wind,wind_storage,2095,0.46
Australia_NZ,electricity,wind,wind_storage,2100,0.46
Brazil,electricity,wind,wind_storage,1975,0.42
Brazil,electricity,wind,wind_storage,1990,0.42
Brazil,electricity,wind,wind_storage,2005,0.42
Brazil,electricity,wind,wind_storage,2010,0.42
Brazil,electricity,wind,wind_storage,2015,0.42
Brazil,electricity,wind,wind_storage,2020,0.42
Brazil,electricity,wind,wind_storage,2025,0.42
Brazil,electricity,wind,wind_storage,2030,0.42
Brazil,electricity,wind,wind_storage,2035,0.42
Brazil,electricity,wind,wind_storage,2040,0.42
Brazil,electricity,wind,wind_storage,2045,0.42
Brazil,electricity,wind,wind_storage,2050,0.42
Brazil,electricity,wind,wind_storage,2055,0.42
Brazil,electricity,wind,wind_storage,2060,0.42
Brazil,electricity,wind,wind_storage,2065,0.42
Brazil,electricity,wind,wind_storage,2070,0.42
Brazil,electricity,wind,wind_storage,2075,0.42
Brazil,electricity,wind,wind_storage,2080,0.42
Brazil,electricity,wind,wind_storage,2085,0.42
Brazil,electricity,wind,wind_storage,2090,0.42
Brazil,electricity,wind,wind_storage,2095,0.42
Brazil,electricity,wind,wind_storage,2100,0.42
Canada,electricity,wind,wind_storage,1975,0.46
Canada,electricity,wind,wind_storage,1990,0.46
Canada,electricity,wind,wind_storage,2005,0.46
Canada,electricity,wind,wind_storage,2010,0.46
Canada,electricity,wind,wind_storage,2015,0.46
Canada,electricity,wind,wind_storage,2020,0.46
Canada,electricity,wind,wind_storage,2025,0.46
Canada,electricity,wind,wind_storage,2030,0.46
Canada,electricity,wind,wind_storage,2035,0.46
Canada,electricity,wind,wind_storage,2040,0.46
Canada,electricity,wind,wind_storage,2045,0.46
Canada,electricity,wind,wind_storage,2050,0.46
Canada,electricity,wind,wind_storage,2055,0.46
Canada,electricity,wind,wind_storage,2060,0.46
Canada,electricity,wind,wind_storage,2065,0.46
Canada,electricity,wind,wind_storage,2070,0.46
Canada,electricity,wind,wind_storage,2075,0.46
Canada,electricity,wind,wind_storage,2080,0.46
Canada,electricity,wind,wind_storage,2085,0.46
Canada,electricity,wind,wind_storage,2090,0.46
Canada,electricity,wind,wind_storage,2095,0.46
Canada,electricity,wind,wind_storage,2100,0.46
Central America and Caribbean,electricity,wind,wind_storage,1975,0.46
Central America and Caribbean,electricity,wind,wind_storage,1990,0.46
Central America and Caribbean,electricity,wind,wind_storage,2005,0.46
Central America and Caribbean,electricity,wind,wind_storage,2010,0.46
Central America and Caribbean,electricity,wind,wind_storage,2015,0.46
Central America and Caribbean,electricity,wind,wind_storage,2020,0.46
Central America and Caribbean,electricity,wind,wind_storage,2025,0.46
Central America and Caribbean,electricity,wind,wind_storage,2030,0.46
Central America and Caribbean,electricity,wind,wind_storage,2035,0.46
Central America and Caribbean,electricity,wind,wind_storage,2040,0.46
Central America and Caribbean,electricity,wind,wind_storage,2045,0.46
Central America and Caribbean,electricity,wind,wind_storage,2050,0.46
Central America and Caribbean,electricity,wind,wind_storage,2055,0.46
Central America and Caribbean,electricity,wind,wind_storage,2060,0.46
Central America and Caribbean,electricity,wind,wind_storage,2065,0.46
Central America and Caribbean,electricity,wind,wind_storage,2070,0.46
Central America and Caribbean,electricity,wind,wind_storage,2075,0.46
Central America and Caribbean,electricity,wind,wind_storage,2080,0.46
Central America and Caribbean,electricity,wind,wind_storage,2085,0.46
Central America and Caribbean,electricity,wind,wind_storage,2090,0.46
Central America and Caribbean,electricity,wind,wind_storage,2095,0.46
Central America and Caribbean,electricity,wind,wind_storage,2100,0.46
Central Asia,electricity,wind,wind_storage,1975,0.43
Central Asia,electricity,wind,wind_storage,1990,0.43
Central Asia,electricity,wind,wind_storage,2005,0.43
Central Asia,electricity,wind,wind_storage,2010,0.43
Central Asia,electricity,wind,wind_storage,2015,0.43
Central Asia,electricity,wind,wind_storage,2020,0.43
Central Asia,electricity,wind,wind_storage,2025,0.43
Central Asia,electricity,wind,wind_storage,2030,0.43
Central Asia,electricity,wind,wind_storage,2035,0.43
Central Asia,electricity,wind,wind_storage,2040,0.43
Central Asia,electricity,wind,wind_storage,2045,0.43
Central Asia,electricity,wind,wind_storage,2050,0.43
Central Asia,electricity,wind,wind_storage,2055,0.43
Central Asia,electricity,wind,wind_storage,2060,0.43
Central Asia,electricity,wind,wind_storage,2065,0.43
Central Asia,electricity,wind,wind_storage,2070,0.43
Central Asia,electricity,wind,wind_storage,2075,0.43
Central Asia,electricity,wind,wind_storage,2080,0.43
Central Asia,electricity,wind,wind_storage,2085,0.43
Central Asia,electricity,wind,wind_storage,2090,0.43
Central Asia,electricity,wind,wind_storage,2095,0.43
Central Asia,electricity,wind,wind_storage,2100,0.43
China,electricity,wind,wind_storage,1975,0.46
China,electricity,wind,wind_storage,1990,0.46
China,electricity,wind,wind_storage,2005,0.46
China,electricity,wind,wind_storage,2010,0.46
China,electricity,wind,wind_storage,2015,0.46
China,electricity,wind,wind_storage,2020,0.46
China,electricity,wind,wind_storage,2025,0.46
China,electricity,wind,wind_storage,2030,0.46
China,electricity,wind,wind_storage,2035,0.46
China,electricity,wind,wind_storage,2040,0.46
China,electricity,wind,wind_storage,2045,0.46
China,electricity,wind,wind_storage,2050,0.46
China,electricity,wind,wind_storage,2055,0.46
China,electricity,wind,wind_storage,2060,0.46
China,electricity,wind,wind_storage,2065,0.46
China,electricity,wind,wind_storage,2070,0.46
China,electricity,wind,wind_storage,2075,0.46
China,electricity,wind,wind_storage,2080,0.46
China,electricity,wind,wind_storage,2085,0.46
China,electricity,wind,wind_storage,2090,0.46
China,electricity,wind,wind_storage,2095,0.46
China,electricity,wind,wind_storage,2100,0.46
India,electricity,wind,wind_storage,1975,0.43
India,electricity,wind,wind_storage,1990,0.43
India,electricity,wind,wind_storage,2005,0.43
India,electricity,wind,wind_storage,2010,0.43
India,electricity,wind,wind_storage,2015,0.43
India,electricity,wind,wind_storage,2020,0.43
India,electricity,wind,wind_storage,2025,0.43
India,electricity,wind,wind_storage,2030,0.43
India,electricity,wind,wind_storage,2035,0.43
India,electricity,wind,wind_storage,2040,0.43
India,electricity,wind,wind_storage,2045,0.43
India,electricity,wind,wind_storage,2050,0.43
India,electricity,wind,wind_storage,2055,0.43
India,electricity,wind,wind_storage,2060,0.43
India,electricity,wind,wind_storage,2065,0.43
India,electricity,wind,wind_storage,2070,0.43
India,electricity,wind,wind_storage,2075,0.43
India,electricity,wind,wind_storage,2080,0.43
India,electricity,wind,wind_storage,2085,0.43
India,electricity,wind,wind_storage,2090,0.43
India,electricity,wind,wind_storage,2095,0.43
India,electricity,wind,wind_storage,2100,0.43
Indonesia,electricity,wind,wind_storage,1975,0.41
Indonesia,electricity,wind,wind_storage,1990,0.41
Indonesia,electricity,wind,wind_storage,2005,0.41
Indonesia,electricity,wind,wind_storage,2010,0.41
Indonesia,electricity,wind,wind_storage,2015,0.41
Indonesia,electricity,wind,wind_storage,2020,0.41
Indonesia,electricity,wind,wind_storage,2025,0.41
Indonesia,electricity,wind,wind_storage,2030,0.41
Indonesia,electricity,wind,wind_storage,2035,0.41
Indonesia,electricity,wind,wind_storage,2040,0.41
Indonesia,electricity,wind,wind_storage,2045,0.41
Indonesia,electricity,wind,wind_storage,2050,0.41
Indonesia,electricity,wind,wind_storage,2055,0.41
Indonesia,electricity,wind,wind_storage,2060,0.41
Indonesia,electricity,wind,wind_storage,2065,0.41
Indonesia,electricity,wind,wind_storage,2070,0.41
Indonesia,electricity,wind,wind_storage,2075,0.41
Indonesia,electricity,wind,wind_storage,2080,0.41
Indonesia,electricity,wind,wind_storage,2085,0.41
Indonesia,electricity,wind,wind_storage,2090,0.41
Indonesia,electricity,wind,wind_storage,2095,0.41
Indonesia,electricity,wind,wind_storage,2100,0.41
Japan,electricity,wind,wind_storage,1975,0.46
Japan,electricity,wind,wind_storage,1990,0.46
Japan,electricity,wind,wind_storage,2005,0.46
Japan,electricity,wind,wind_storage,2010,0.46
Japan,electricity,wind,wind_storage,2015,0.46
Japan,electricity,wind,wind_storage,2020,0.46
Japan,electricity,wind,wind_storage,2025,0.46
Japan,electricity,wind,wind_storage,2030,0.46
Japan,electricity,wind,wind_storage,2035,0.46
Japan,electricity,wind,wind_storage,2040,0.46
Japan,electricity,wind,wind_storage,2045,0.46
Japan,electricity,wind,wind_storage,2050,0.46
Japan,electricity,wind,wind_storage,2055,0.46
Japan,electricity,wind,wind_storage,2060,0.46
Japan,electricity,wind,wind_storage,2065,0.46
Japan,electricity,wind,wind_storage,2070,0.46
Japan,electricity,wind,wind_storage,2075,0.46
Japan,electricity,wind,wind_storage,2080,0.46
Japan,electricity,wind,wind_storage,2085,0.46
Japan,electricity,wind,wind_storage,2090,0.46
Japan,electricity,wind,wind_storage,2095,0.46
Japan,electricity,wind,wind_storage,2100,0.46
Mexico,electricity,wind,wind_storage,1975,0.46
Mexico,electricity,wind,wind_storage,1990,0.46
Mexico,electricity,wind,wind_storage,2005,0.46
Mexico,electricity,wind,wind_storage,2010,0.46
Mexico,electricity,wind,wind_storage,2015,0.46
Mexico,electricity,wind,wind_storage,2020,0.46
Mexico,electricity,wind,wind_storage,2025,0.46
Mexico,electricity,wind,wind_storage,2030,0.46
Mexico,electricity,wind,wind_storage,2035,0.46
Mexico,electricity,wind,wind_storage,2040,0.46
Mexico,electricity,wind,wind_storage,2045,0.46
Mexico,electricity,wind,wind_storage,2050,0.46
Mexico,electricity,wind,wind_storage,2055,0.46
Mexico,electricity,wind,wind_storage,2060,0.46
Mexico,electricity,wind,wind_storage,2065,0.46
Mexico,electricity,wind,wind_storage,2070,0.46
Mexico,electricity,wind,wind_storage,2075,0.46
Mexico,electricity,wind,wind_storage,2080,0.46
Mexico,electricity,wind,wind_storage,2085,0.46
Mexico,electricity,wind,wind_storage,2090,0.46
Mexico,electricity,wind,wind_storage,2095,0.46
Mexico,electricity,wind,wind_storage,2100,0.46
Middle East,electricity,wind,wind_storage,1975,0.43
Middle East,electricity,wind,wind_storage,1990,0.43
Middle East,electricity,wind,wind_storage,2005,0.43
Middle East,electricity,wind,wind_storage,2010,0.43
Middle East,electricity,wind,wind_storage,2015,0.43
Middle East,electricity,wind,wind_storage,2020,0.43
Middle East,electricity,wind,wind_storage,2025,0.43
Middle East,electricity,wind,wind_storage,2030,0.43
Middle East,electricity,wind,wind_storage,2035,0.43
Middle East,electricity,wind,wind_storage,2040,0.43
Middle East,electricity,wind,wind_storage,2045,0.43
Middle East,electricity,wind,wind_storage,2050,0.43
Middle East,electricity,wind,wind_storage,2055,0.43
Middle East,electricity,wind,wind_storage,2060,0.43
Middle East,electricity,wind,wind_storage,2065,0.43
Middle East,electricity,wind,wind_storage,2070,0.43
Middle East,electricity,wind,wind_storage,2075,0.43
Middle East,electricity,wind,wind_storage,2080,0.43
Middle East,electricity,wind,wind_storage,2085,0.43
Middle East,electricity,wind,wind_storage,2090,0.43
Middle East,electricity,wind,wind_storage,2095,0.43
Middle East,electricity,wind,wind_storage,2100,0.43
Pakistan,electricity,wind,wind_storage,1975,0.43
Pakistan,electricity,wind,wind_storage,1990,0.43
Pakistan,electricity,wind,wind_storage,2005,0.43
Pakistan,electricity,wind,wind_storage,2010,0.43
Pakistan,electricity,wind,wind_storage,2015,0.43
Pakistan,electricity,wind,wind_storage,2020,0.43
Pakistan,electricity,wind,wind_storage,2025,0.43
Pakistan,electricity,wind,wind_storage,2030,0.43
Pakistan,electricity,wind,wind_storage,2035,0.43
Pakistan,electricity,wind,wind_storage,2040,0.43
Pakistan,electricity,wind,wind_storage,2045,0.43
Pakistan,electricity,wind,wind_storage,2050,0.43
Pakistan,electricity,wind,wind_storage,2055,0.43
Pakistan,electricity,wind,wind_storage,2060,0.43
Pakistan,electricity,wind,wind_storage,2065,0.43
Pakistan,electricity,wind,wind_storage,2070,0.43
Pakistan,electricity,wind,wind_storage,2075,0.43
Pakistan,electricity,wind,wind_storage,2080,0.43
Pakistan,electricity,wind,wind_storage,2085,0.43
Pakistan,electricity,wind,wind_storage,2090,0.43
Pakistan,electricity,wind,wind_storage,2095,0.43
Pakistan,electricity,wind,wind_storage,2100,0.43
Russia,electricity,wind,wind_storage,1975,0.45
Russia,electricity,wind,wind_storage,1990,0.45
Russia,electricity,wind,wind_storage,2005,0.45
Russia,electricity,wind,wind_storage,2010,0.45
Russia,electricity,wind,wind_storage,2015,0.45
Russia,electricity,wind,wind_storage,2020,0.45
Russia,electricity,wind,wind_storage,2025,0.45
Russia,electricity,wind,wind_storage,2030,0.45
Russia,electricity,wind,wind_storage,2035,0.45
Russia,electricity,wind,wind_storage,2040,0.45
Russia,electricity,wind,wind_storage,2045,0.45
Russia,electricity,wind,wind_storage,2050,0.45
Russia,electricity,wind,wind_storage,2055,0.45
Russia,electricity,wind,wind_storage,2060,0.45
Russia,electricity,wind,wind_storage,2065,0.45
Russia,electricity,wind,wind_storage,2070,0.45
Russia,electricity,wind,wind_storage,2075,0.45
Russia,electricity,wind,wind_storage,2080,0.45
Russia,electricity,wind,wind_storage,2085,0.45
Russia,electricity,wind,wind_storage,2090,0.45
Russia,electricity,wind,wind_storage,2095,0.45
Russia,electricity,wind,wind_storage,2100,0.45
South Africa,electricity,wind,wind_storage,1975,0.44
South Africa,electricity,wind,wind_storage,1990,0.44
South Africa,electricity,wind,wind_storage,2005,0.44
South Africa,electricity,wind,wind_storage,2010,0.44
South Africa,electricity,wind,wind_storage,2015,0.44
South Africa,electricity,wind,wind_storage,2020,0.44
South Africa,electricity,wind,wind_storage,2025,0.44
South Africa,electricity,wind,wind_storage,2030,0.44
South Africa,electricity,wind,wind_storage,2035,0.44
South Africa,electricity,wind,wind_storage,2040,0.44
South Africa,electricity,wind,wind_storage,2045,0.44
South Africa,electricity,wind,wind_storage,2050,0.44
South Africa,electricity,wind,wind_storage,2055,0.44
South Africa,electricity,wind,wind_storage,2060,0.44
South Africa,electricity,wind,wind_storage,2065,0.44
South Africa,electricity,wind,wind_storage,2070,0.44
South Africa,electricity,wind,wind_storage,2075,0.44
South Africa,electricity,wind,wind_storage,2080,0.44
South Africa,electricity,wind,wind_storage,2085,0.44
South Africa,electricity,wind,wind_storage,2090,0.44
South Africa,electricity,wind,wind_storage,2095,0.44
South Africa,electricity,wind,wind_storage,2100,0.44
South America_Northern,electricity,wind,wind_storage,1975,0.43
South America_Northern,electricity,wind,wind_storage,1990,0.43
South America_Northern,electricity,wind,wind_storage,2005,0.43
South America_Northern,electricity,wind,wind_storage,2010,0.43
South America_Northern,electricity,wind,wind_storage,2015,0.43
South America_Northern,electricity,wind,wind_storage,2020,0.43
South America_Northern,electricity,wind,wind_storage,2025,0.43
South America_Northern,electricity,wind,wind_storage,2030,0.43
South America_Northern,electricity,wind,wind_storage,2035,0.43
South America_Northern,electricity,wind,wind_storage,2040,0.43
South America_Northern,electricity,wind,wind_storage,2045,0.43
South America_Northern,electricity,wind,wind_storage,2050,0.43
South America_Northern,electricity,wind,wind_storage,2055,0.43
South America_Northern,electricity,wind,wind_storage,2060,0.43
South America_Northern,electricity,wind,wind_storage,2065,0.43
South America_Northern,electricity,wind,wind_storage,2070,0.43
South America_Northern,electricity,wind,wind_storage,2075,0.43
South America_Northern,electricity,wind,wind_storage,2080,0.43
South America_Northern,electricity,wind,wind_storage,2085,0.43
South America_Northern,electricity,wind,wind_storage,2090,0.43
South America_Northern,electricity,wind,wind_storage,2095,0.43
South America_Northern,electricity,wind,wind_storage,2100,0.43
South America_Southern,electricity,wind,wind_storage,1975,0.44
South America_Southern,electricity,wind,wind_storage,1990,0.44
South America_Southern,electricity,wind,wind_storage,2005,0.44
South America_Southern,electricity,wind,wind_storage,2010,0.44
South America_Southern,electricity,wind,wind_storage,2015,0.44
South America_Southern,electricity,wind,wind_storage,2020,0.44
South America_Southern,electricity,wind,wind_storage,2025,0.44
South America_Southern,electricity,wind,wind_storage,2030,0.44
South America_Southern,electricity,wind,wind_storage,2035,0.44
South America_Southern,electricity,wind,wind_storage,2040,0.44
South America_Southern,electricity,wind,wind_storage,2045,0.44
South America_Southern,electricity,wind,wind_storage,2050,0.44
South America_Southern,electricity,wind,wind_storage,2055,0.44
South America_Southern,electricity,wind,wind_storage,2060,0.44
South America_Southern,electricity,wind,wind_storage,2065,0.44
South America_Southern,electricity,wind,wind_storage,2070,0.44
South America_Southern,electricity,wind,wind_storage,2075,0.44
South America_Southern,electricity,wind,wind_storage,2080,0.44
South America_Southern,electricity,wind,wind_storage,2085,0.44
South America_Southern,electricity,wind,wind_storage,2090,0.44
South America_Southern,electricity,wind,wind_storage,2095,0.44
South America_Southern,electricity,wind,wind_storage,2100,0.44
South Asia,electricity,wind,wind_storage,1975,0.43
South Asia,electricity,wind,wind_storage,1990,0.43
South Asia,electricity,wind,wind_storage,2005,0.43
South Asia,electricity,wind,wind_storage,2010,0.43
South Asia,electricity,wind,wind_storage,2015,0.43
South Asia,electricity,wind,wind_storage,2020,0.43
South Asia,electricity,wind,wind_storage,2025,0.43
South Asia,electricity,wind,wind_storage,2030,0.43
South Asia,electricity,wind,wind_storage,2035,0.43
South Asia,electricity,wind,wind_storage,2040,0.43
South Asia,electricity,wind,wind_storage,2045,0.43
South Asia,electricity,wind,wind_storage,2050,0.43
South Asia,electricity,wind,wind_storage,2055,0.43
South Asia,electricity,wind,wind_storage,2060,0.43
South Asia,electricity,wind,wind_storage,2065,0.43
South Asia,electricity,wind,wind_storage,2070,0.43
South Asia,electricity,wind,wind_storage,2075,0.43
South Asia,electricity,wind,wind_storage,2080,0.43
South Asia,electricity,wind,wind_storage,2085,0.43
South Asia,electricity,wind,wind_storage,2090,0.43
South Asia,electricity,wind,wind_storage,2095,0.43
South Asia,electricity,wind,wind_storage,2100,0.43
South Korea,electricity,wind,wind_storage,1975,0.36
South Korea,electricity,wind,wind_storage,1990,0.36
South Korea,electricity,wind,wind_storage,2005,0.36
South Korea,electricity,wind,wind_storage,2010,0.36
South Korea,electricity,wind,wind_storage,2015,0.36
South Korea,electricity,wind,wind_storage,2020,0.36
South Korea,electricity,wind,wind_storage,2025,0.36
South Korea,electricity,wind,wind_storage,2030,0.36
South Korea,electricity,wind,wind_storage,2035,0.36
South Korea,electricity,wind,wind_storage,2040,0.36
South Korea,electricity,wind,wind_storage,2045,0.36
South Korea,electricity,wind,wind_storage,2050,0.36
South Korea,electricity,wind,wind_storage,2055,0.36
South Korea,electricity,wind,wind_storage,2060,0.36
South Korea,electricity,wind,wind_storage,2065,0.36
South Korea,electricity,wind,wind_storage,2070,0.36
South Korea,electricity,wind,wind_storage,2075,0.36
South Korea,electricity,wind,wind_storage,2080,0.36
South Korea,electricity,wind,wind_storage,2085,0.36
South Korea,electricity,wind,wind_storage,2090,0.36
South Korea,electricity,wind,wind_storage,2095,0.36
South Korea,electricity,wind,wind_storage,2100,0.36
Southeast Asia,electricity,wind,wind_storage,1975,0.43
Southeast Asia,electricity,wind,wind_storage,1990,0.43
Southeast Asia,electricity,wind,wind_storage,2005,0.43
Southeast Asia,electricity,wind,wind_storage,2010,0.43
Southeast Asia,electricity,wind,wind_storage,2015,0.43
Southeast Asia,electricity,wind,wind_storage,2020,0.43
Southeast Asia,electricity,wind,wind_storage,2025,0.43
Southeast Asia,electricity,wind,wind_storage,2030,0.43
Southeast Asia,electricity,wind,wind_storage,2035,0.43
Southeast Asia,electricity,wind,wind_storage,2040,0.43
Southeast Asia,electricity,wind,wind_storage,2045,0.43
Southeast Asia,electricity,wind,wind_storage,2050,0.43
Southeast Asia,electricity,wind,wind_storage,2055,0.43
Southeast Asia,electricity,wind,wind_storage,2060,0.43
Southeast Asia,electricity,wind,wind_storage,2065,0.43
Southeast Asia,electricity,wind,wind_storage,2070,0.43
Southeast Asia,electricity,wind,wind_storage,2075,0.43
Southeast Asia,electricity,wind,wind_storage,2080,0.43
Southeast Asia,electricity,wind,wind_storage,2085,0.43
Southeast Asia,electricity,wind,wind_storage,2090,0.43
Southeast Asia,electricity,wind,wind_storage,2095,0.43
Southeast Asia,electricity,wind,wind_storage,2100,0.43
Taiwan,electricity,wind,wind_storage,1975,0.39
Taiwan,electricity,wind,wind_storage,1990,0.39
Taiwan,electricity,wind,wind_storage,2005,0.39
Taiwan,electricity,wind,wind_storage,2010,0.39
Taiwan,electricity,wind,wind_storage,2015,0.39
Taiwan,electricity,wind,wind_storage,2020,0.39
Taiwan,electricity,wind,wind_storage,2025,0.39
Taiwan,electricity,wind,wind_storage,2030,0.39
Taiwan,electricity,wind,wind_storage,2035,0.39
Taiwan,electricity,wind,wind_storage,2040,0.39
Taiwan,electricity,wind,wind_storage,2045,0.39
Taiwan,electricity,wind,wind_storage,2050,0.39
Taiwan,electricity,wind,wind_storage,2055,0.39
Taiwan,electricity,wind,wind_storage,2060,0.39
Taiwan,electricity,wind,wind_storage,2065,0.39
Taiwan,electricity,wind,wind_storage,2070,0.39
Taiwan,electricity,wind,wind_storage,2075,0.39
Taiwan,electricity,wind,wind_storage,2080,0.39
Taiwan,electricity,wind,wind_storage,2085,0.39
Taiwan,electricity,wind,wind_storage,2090,0.39
Taiwan,electricity,wind,wind_storage,2095,0.39
Taiwan,electricity,wind,wind_storage,2100,0.39
Argentina,electricity,wind,wind_storage,1975,0.45
Argentina,electricity,wind,wind_storage,1990,0.45
Argentina,electricity,wind,wind_storage,2005,0.45
Argentina,electricity,wind,wind_storage,2010,0.45
Argentina,electricity,wind,wind_storage,2015,0.45
Argentina,electricity,wind,wind_storage,2020,0.45
Argentina,electricity,wind,wind_storage,2025,0.45
Argentina,electricity,wind,wind_storage,2030,0.45
Argentina,electricity,wind,wind_storage,2035,0.45
Argentina,electricity,wind,wind_storage,2040,0.45
Argentina,electricity,wind,wind_storage,2045,0.45
Argentina,electricity,wind,wind_storage,2050,0.45
Argentina,electricity,wind,wind_storage,2055,0.45
Argentina,electricity,wind,wind_storage,2060,0.45
Argentina,electricity,wind,wind_storage,2065,0.45
Argentina,electricity,wind,wind_storage,2070,0.45
Argentina,electricity,wind,wind_storage,2075,0.45
Argentina,electricity,wind,wind_storage,2080,0.45
Argentina,electricity,wind,wind_storage,2085,0.45
Argentina,electricity,wind,wind_storage,2090,0.45
Argentina,electricity,wind,wind_storage,2095,0.45
Argentina,electricity,wind,wind_storage,2100,0.45
Colombia,electricity,wind,wind_storage,1975,0.4
Colombia,electricity,wind,wind_storage,1990,0.4
Colombia,electricity,wind,wind_storage,2005,0.4
Colombia,electricity,wind,wind_storage,2010,0.4
Colombia,electricity,wind,wind_storage,2015,0.4
Colombia,electricity,wind,wind_storage,2020,0.4
Colombia,electricity,wind,wind_storage,2025,0.4
Colombia,electricity,wind,wind_storage,2030,0.4
Colombia,electricity,wind,wind_storage,2035,0.4
Colombia,electricity,wind,wind_storage,2040,0.4
Colombia,electricity,wind,wind_storage,2045,0.4
Colombia,electricity,wind,wind_storage,2050,0.4
Colombia,electricity,wind,wind_storage,2055,0.4
Colombia,electricity,wind,wind_storage,2060,0.4
Colombia,electricity,wind,wind_storage,2065,0.4
Colombia,electricity,wind,wind_storage,2070,0.4
Colombia,electricity,wind,wind_storage,2075,0.4
Colombia,electricity,wind,wind_storage,2080,0.4
Colombia,electricity,wind,wind_storage,2085,0.4
Colombia,electricity,wind,wind_storage,2090,0.4
Colombia,electricity,wind,wind_storage,2095,0.4
Colombia,electricity,wind,wind_storage,2100,0.4
Austria,electricity,wind,wind_storage,1975,0.27
Austria,electricity,wind,wind_storage,1990,0.27
Austria,electricity,wind,wind_storage,2005,0.27
Austria,electricity,wind,wind_storage,2010,0.27
Austria,electricity,wind,wind_storage,2015,0.27
Austria,electricity,wind,wind_storage,2020,0.27
Austria,electricity,wind,wind_storage,2025,0.27
Austria,electricity,wind,wind_storage,2030,0.27
Austria,electricity,wind,wind_storage,2035,0.27
Austria,electricity,wind,wind_storage,2040,0.27
Austria,electricity,wind,wind_storage,2045,0.27
Austria,electricity,wind,wind_storage,2050,0.27
Austria,electricity,wind,wind_storage,2055,0.27
Austria,electricity,wind,wind_storage,2060,0.27
Austria,electricity,wind,wind_storage,2065,0.27
Austria,electricity,wind,wind_storage,2070,0.27
Austria,electricity,wind,wind_storage,2075,0.27
Austria,electricity,wind,wind_storage,2080,0.27
Austria,electricity,wind,wind_storage,2085,0.27
Austria,electricity,wind,wind_storage,2090,0.27
Austria,electricity,wind,wind_storage,2095,0.27
Austria,electricity,wind,wind_storage,2100,0.27
Belgium,electricity,wind,wind_storage,1975,0.37
Belgium,electricity,wind,wind_storage,1990,0.37
Belgium,electricity,wind,wind_storage,2005,0.37
Belgium,electricity,wind,wind_storage,2010,0.37
Belgium,electricity,wind,wind_storage,2015,0.37
Belgium,electricity,wind,wind_storage,2020,0.37
Belgium,electricity,wind,wind_storage,2025,0.37
Belgium,electricity,wind,wind_storage,2030,0.37
Belgium,electricity,wind,wind_storage,2035,0.37
Belgium,electricity,wind,wind_storage,2040,0.37
Belgium,electricity,wind,wind_storage,2045,0.37
Belgium,electricity,wind,wind_storage,2050,0.37
Belgium,electricity,wind,wind_storage,2055,0.37
Belgium,electricity,wind,wind_storage,2060,0.37
Belgium,electricity,wind,wind_storage,2065,0.37
Belgium,electricity,wind,wind_storage,2070,0.37
Belgium,electricity,wind,wind_storage,2075,0.37
Belgium,electricity,wind,wind_storage,2080,0.37
Belgium,electricity,wind,wind_storage,2085,0.37
Belgium,electricity,wind,wind_storage,2090,0.37
Belgium,electricity,wind,wind_storage,2095,0.37
Belgium,electricity,wind,wind_storage,2100,0.37
Bulgaria,electricity,wind,wind_storage,1975,0.3
Bulgaria,electricity,wind,wind_storage,1990,0.3
Bulgaria,electricity,wind,wind_storage,2005,0.3
Bulgaria,electricity,wind,wind_storage,2010,0.3
Bulgaria,electricity,wind,wind_storage,2015,0.3
Bulgaria,electricity,wind,wind_storage,2020,0.3
Bulgaria,electricity,wind,wind_storage,2025,0.3
Bulgaria,electricity,wind,wind_storage,2030,0.3
Bulgaria,electricity,wind,wind_storage,2035,0.3
Bulgaria,electricity,wind,wind_storage,2040,0.3
Bulgaria,electricity,wind,wind_storage,2045,0.3
Bulgaria,electricity,wind,wind_storage,2050,0.3
Bulgaria,electricity,wind,wind_storage,2055,0.3
Bulgaria,electricity,wind,wind_storage,2060,0.3
Bulgaria,electricity,wind,wind_storage,2065,0.3
Bulgaria,electricity,wind,wind_storage,2070,0.3
Bulgaria,electricity,wind,wind_storage,2075,0.3
Bulgaria,electricity,wind,wind_storage,2080,0.3
Bulgaria,electricity,wind,wind_storage,2085,0.3
Bulgaria,electricity,wind,wind_storage,2090,0.3
Bulgaria,electricity,wind,wind_storage,2095,0.3
Bulgaria,electricity,wind,wind_storage,2100,0.3
Croatia,electricity,wind,wind_storage,1975,0.42
Croatia,electricity,wind,wind_storage,1990,0.42
Croatia,electricity,wind,wind_storage,2005,0.42
Croatia,electricity,wind,wind_storage,2010,0.42
Croatia,electricity,wind,wind_storage,2015,0.42
Croatia,electricity,wind,wind_storage,2020,0.42
Croatia,electricity,wind,wind_storage,2025,0.42
Croatia,electricity,wind,wind_storage,2030,0.42
Croatia,electricity,wind,wind_storage,2035,0.42
Croatia,electricity,wind,wind_storage,2040,0.42
Croatia,electricity,wind,wind_storage,2045,0.42
Croatia,electricity,wind,wind_storage,2050,0.42
Croatia,electricity,wind,wind_storage,2055,0.42
Croatia,electricity,wind,wind_storage,2060,0.42
Croatia,electricity,wind,wind_storage,2065,0.42
Croatia,electricity,wind,wind_storage,2070,0.42
Croatia,electricity,wind,wind_storage,2075,0.42
Croatia,electricity,wind,wind_storage,2080,0.42
Croatia,electricity,wind,wind_storage,2085,0.42
Croatia,electricity,wind,wind_storage,2090,0.42
Croatia,electricity,wind,wind_storage,2095,0.42
Croatia,electricity,wind,wind_storage,2100,0.42
Cyprus,electricity,wind,wind_storage,1975,0.3
Cyprus,electricity,wind,wind_storage,1990,0.3
Cyprus,electricity,wind,wind_storage,2005,0.3
Cyprus,electricity,wind,wind_storage,2010,0.3
Cyprus,electricity,wind,wind_storage,2015,0.3
Cyprus,electricity,wind,wind_storage,2020,0.3
Cyprus,electricity,wind,wind_storage,2025,0.3
Cyprus,electricity,wind,wind_storage,2030,0.3
Cyprus,electricity,wind,wind_storage,2035,0.3
Cyprus,electricity,wind,wind_storage,2040,0.3
Cyprus,electricity,wind,wind_storage,2045,0.3
Cyprus,electricity,wind,wind_storage,2050,0.3
Cyprus,electricity,wind,wind_storage,2055,0.3
Cyprus,electricity,wind,wind_storage,2060,0.3
Cyprus,electricity,wind,wind_storage,2065,0.3
Cyprus,electricity,wind,wind_storage,2070,0.3
Cyprus,electricity,wind,wind_storage,2075,0.3
Cyprus,electricity,wind,wind_storage,2080,0.3
Cyprus,electricity,wind,wind_storage,2085,0.3
Cyprus,electricity,wind,wind_storage,2090,0.3
Cyprus,electricity,wind,wind_storage,2095,0.3
Cyprus,electricity,wind,wind_storage,2100,0.3
Czech Republic,electricity,wind,wind_storage,1975,0.29
Czech Republic,electricity,wind,wind_storage,1990,0.29
Czech Republic,electricity,wind,wind_storage,2005,0.29
Czech Republic,electricity,wind,wind_storage,2010,0.29
Czech Republic,electricity,wind,wind_storage,2015,0.29
Czech Republic,electricity,wind,wind_storage,2020,0.29
Czech Republic,electricity,wind,wind_storage,2025,0.29
Czech Republic,electricity,wind,wind_storage,2030,0.29
Czech Republic,electricity,wind,wind_storage,2035,0.29
Czech Republic,electricity,wind,wind_storage,2040,0.29
Czech Republic,electricity,wind,wind_storage,2045,0.29
Czech Republic,electricity,wind,wind_storage,2050,0.29
Czech Republic,electricity,wind,wind_storage,2055,0.29
Czech Republic,electricity,wind,wind_storage,2060,0.29
Czech Republic,electricity,wind,wind_storage,2065,0.29
Czech Republic,electricity,wind,wind_storage,2070,0.29
Czech Republic,electricity,wind,wind_storage,2075,0.29
Czech Republic,electricity,wind,wind_storage,2080,0.29
Czech Republic,electricity,wind,wind_storage,2085,0.29
Czech Republic,electricity,wind,wind_storage,2090,0.29
Czech Republic,electricity,wind,wind_storage,2095,0.29
Czech Republic,electricity,wind,wind_storage,2100,0.29
Denmark,electricity,wind,wind_storage,1975,0.46
Denmark,electricity,wind,wind_storage,1990,0.46
Denmark,electricity,wind,wind_storage,2005,0.46
Denmark,electricity,wind,wind_storage,2010,0.46
Denmark,electricity,wind,wind_storage,2015,0.46
Denmark,electricity,wind,wind_storage,2020,0.46
Denmark,electricity,wind,wind_storage,2025,0.46
Denmark,electricity,wind,wind_storage,2030,0.46
Denmark,electricity,wind,wind_storage,2035,0.46
Denmark,electricity,wind,wind_storage,2040,0.46
Denmark,electricity,wind,wind_storage,2045,0.46
Denmark,electricity,wind,wind_storage,2050,0.46
Denmark,electricity,wind,wind_storage,2055,0.46
Denmark,electricity,wind,wind_storage,2060,0.46
Denmark,electricity,wind,wind_storage,2065,0.46
Denmark,electricity,wind,wind_storage,2070,0.46
Denmark,electricity,wind,wind_storage,2075,0.46
Denmark,electricity,wind,wind_storage,2080,0.46
Denmark,electricity,wind,wind_storage,2085,0.46
Denmark,electricity,wind,wind_storage,2090,0.46
Denmark,electricity,wind,wind_storage,2095,0.46
Denmark,electricity,wind,wind_storage,2100,0.46
Estonia,electricity,wind,wind_storage,1975,0.45
Estonia,electricity,wind,wind_storage,1990,0.45
Estonia,electricity,wind,wind_storage,2005,0.45
Estonia,electricity,wind,wind_storage,2010,0.45
Estonia,electricity,wind,wind_storage,2015,0.45
Estonia,electricity,wind,wind_storage,2020,0.45
Estonia,electricity,wind,wind_storage,2025,0.45
Estonia,electricity,wind,wind_storage,2030,0.45
Estonia,electricity,wind,wind_storage,2035,0.45
Estonia,electricity,wind,wind_storage,2040,0.45
Estonia,electricity,wind,wind_storage,2045,0.45
Estonia,electricity,wind,wind_storage,2050,0.45
Estonia,electricity,wind,wind_storage,2055,0.45
Estonia,electricity,wind,wind_storage,2060,0.45
Estonia,electricity,wind,wind_storage,2065,0.45
Estonia,electricity,wind,wind_storage,2070,0.45
Estonia,electricity,wind,wind_storage,2075,0.45
Estonia,electricity,wind,wind_storage,2080,0.45
Estonia,electricity,wind,wind_storage,2085,0.45
Estonia,electricity,wind,wind_storage,2090,0.45
Estonia,electricity,wind,wind_storage,2095,0.45
Estonia,electricity,wind,wind_storage,2100,0.45
Finland,electricity,wind,wind_storage,1975,0.45
Finland,electricity,wind,wind_storage,1990,0.45
Finland,electricity,wind,wind_storage,2005,0.45
Finland,electricity,wind,wind_storage,2010,0.45
Finland,electricity,wind,wind_storage,2015,0.45
Finland,electricity,wind,wind_storage,2020,0.45
Finland,electricity,wind,wind_storage,2025,0.45
Finland,electricity,wind,wind_storage,2030,0.45
Finland,electricity,wind,wind_storage,2035,0.45
Finland,electricity,wind,wind_storage,2040,0.45
Finland,electricity,wind,wind_storage,2045,0.45
Finland,electricity,wind,wind_storage,2050,0.45
Finland,electricity,wind,wind_storage,2055,0.45
Finland,electricity,wind,wind_storage,2060,0.45
Finland,electricity,wind,wind_storage,2065,0.45
Finland,electricity,wind,wind_storage,2070,0.45
Finland,electricity,wind,wind_storage,2075,0.45
Finland,electricity,wind,wind_storage,2080,0.45
Finland,electricity,wind,wind_storage,2085,0.45
Finland,electricity,wind,wind_storage,2090,0.45
Finland,electricity,wind,wind_storage,2095,0.45
Finland,electricity,wind,wind_storage,2100,0.45
France,electricity,wind,wind_storage,1975,0.45
France,electricity,wind,wind_storage,1990,0.45
France,electricity,wind,wind_storage,2005,0.45
France,electricity,wind,wind_storage,2010,0.45
France,electricity,wind,wind_storage,2015,0.45
France,electricity,wind,wind_storage,2020,0.45
France,electricity,wind,wind_storage,2025,0.45
France,electricity,wind,wind_storage,2030,0.45
France,electricity,wind,wind_storage,2035,0.45
France,electricity,wind,wind_storage,2040,0.45
France,electricity,wind,wind_storage,2045,0.45
France,electricity,wind,wind_storage,2050,0.45
France,electricity,wind,wind_storage,2055,0.45
France,electricity,wind,wind_storage,2060,0.45
France,electricity,wind,wind_storage,2065,0.45
France,electricity,wind,wind_storage,2070,0.45
France,electricity,wind,wind_storage,2075,0.45
France,electricity,wind,wind_storage,2080,0.45
France,electricity,wind,wind_storage,2085,0.45
France,electricity,wind,wind_storage,2090,0.45
France,electricity,wind,wind_storage,2095,0.45
France,electricity,wind,wind_storage,2100,0.45
Germany,electricity,wind,wind_storage,1975,0.44
Germany,electricity,wind,wind_storage,1990,0.44
Germany,electricity,wind,wind_storage,2005,0.44
Germany,electricity,wind,wind_storage,2010,0.44
Germany,electricity,wind,wind_storage,2015,0.44
Germany,electricity,wind,wind_storage,2020,0.44
Germany,electricity,wind,wind_storage,2025,0.44
Germany,electricity,wind,wind_storage,2030,0.44
Germany,electricity,wind,wind_storage,2035,0.44
Germany,electricity,wind,wind_storage,2040,0.44
Germany,electricity,wind,wind_storage,2045,0.44
Germany,electricity,wind,wind_storage,2050,0.44
Germany,electricity,wind,wind_storage,2055,0.44
Germany,electricity,wind,wind_storage,2060,0.44
Germany,electricity,wind,wind_storage,2065,0.44
Germany,electricity,wind,wind_storage,2070,0.44
Germany,electricity,wind,wind_storage,2075,0.44
Germany,electricity,wind,wind_storage,2080,0.44
Germany,electricity,wind,wind_storage,2085,0.44
Germany,electricity,wind,wind_storage,2090,0.44
Germany,electricity,wind,wind_storage,2095,0.44
Germany,electricity,wind,wind_storage,2100,0.44
Greece,electricity,wind,wind_storage,1975,0.41
Greece,electricity,wind,wind_storage,1990,0.41
Greece,electricity,wind,wind_storage,2005,0.41
Greece,electricity,wind,wind_storage,2010,0.41
Greece,electricity,wind,wind_storage,2015,0.41
Greece,electricity,wind,wind_storage,2020,0.41
Greece,electricity,wind,wind_storage,2025,0.41
Greece,electricity,wind,wind_storage,2030,0.41
Greece,electricity,wind,wind_storage,2035,0.41
Greece,electricity,wind,wind_storage,2040,0.41
Greece,electricity,wind,wind_storage,2045,0.41
Greece,electricity,wind,wind_storage,2050,0.41
Greece,electricity,wind,wind_storage,2055,0.41
Greece,electricity,wind,wind_storage,2060,0.41
Greece,electricity,wind,wind_storage,2065,0.41
Greece,electricity,wind,wind_storage,2070,0.41
Greece,electricity,wind,wind_storage,2075,0.41
Greece,electricity,wind,wind_storage,2080,0.41
Greece,electricity,wind,wind_storage,2085,0.41
Greece,electricity,wind,wind_storage,2090,0.41
Greece,electricity,wind,wind_storage,2095,0.41
Greece,electricity,wind,wind_storage,2100,0.41
Hungary,electricity,wind,wind_storage,1975,0.24
Hungary,electricity,wind,wind_storage,1990,0.24
Hungary,electricity,wind,wind_storage,2005,0.24
Hungary,electricity,wind,wind_storage,2010,0.24
Hungary,electricity,wind,wind_storage,2015,0.24
Hungary,electricity,wind,wind_storage,2020,0.24
Hungary,electricity,wind,wind_storage,2025,0.24
Hungary,electricity,wind,wind_storage,2030,0.24
Hungary,electricity,wind,wind_storage,2035,0.24
Hungary,electricity,wind,wind_storage,2040,0.24
Hungary,electricity,wind,wind_storage,2045,0.24
Hungary,electricity,wind,wind_storage,2050,0.24
Hungary,electricity,wind,wind_storage,2055,0.24
Hungary,electricity,wind,wind_storage,2060,0.24
Hungary,electricity,wind,wind_storage,2065,0.24
Hungary,electricity,wind,wind_storage,2070,0.24
Hungary,electricity,wind,wind_storage,2075,0.24
Hungary,electricity,wind,wind_storage,2080,0.24
Hungary,electricity,wind,wind_storage,2085,0.24
Hungary,electricity,wind,wind_storage,2090,0.24
Hungary,electricity,wind,wind_storage,2095,0.24
Hungary,electricity,wind,wind_storage,2100,0.24
Ireland,electricity,wind,wind_storage,1975,0.45
Ireland,electricity,wind,wind_storage,1990,0.45
Ireland,electricity,wind,wind_storage,2005,0.45
Ireland,electricity,wind,wind_storage,2010,0.45
Ireland,electricity,wind,wind_storage,2015,0.45
Ireland,electricity,wind,wind_storage,2020,0.45
Ireland,electricity,wind,wind_storage,2025,0.45
Ireland,electricity,wind,wind_storage,2030,0.45
Ireland,electricity,wind,wind_storage,2035,0.45
Ireland,electricity,wind,wind_storage,2040,0.45
Ireland,electricity,wind,wind_storage,2045,0.45
Ireland,electricity,wind,wind_storage,2050,0.45
Ireland,electricity,wind,wind_storage,2055,0.45
Ireland,electricity,wind,wind_storage,2060,0.45
Ireland,electricity,wind,wind_storage,2065,0.45
Ireland,electricity,wind,wind_storage,2070,0.45
Ireland,electricity,wind,wind_storage,2075,0.45
Ireland,electricity,wind,wind_storage,2080,0.45
Ireland,electricity,wind,wind_storage,2085,0.45
Ireland,electricity,wind,wind_storage,2090,0.45
Ireland,electricity,wind,wind_storage,2095,0.45
Ireland,electricity,wind,wind_storage,2100,0.45
Italy,electricity,wind,wind_storage,1975,0.38
Italy,electricity,wind,wind_storage,1990,0.38
Italy,electricity,wind,wind_storage,2005,0.38
Italy,electricity,wind,wind_storage,2010,0.38
Italy,electricity,wind,wind_storage,2015,0.38
Italy,electricity,wind,wind_storage,2020,0.38
Italy,electricity,wind,wind_storage,2025,0.38
Italy,electricity,wind,wind_storage,2030,0.38
Italy,electricity,wind,wind_storage,2035,0.38
Italy,electricity,wind,wind_storage,2040,0.38
Italy,electricity,wind,wind_storage,2045,0.38
Italy,electricity,wind,wind_storage,2050,0.38
Italy,electricity,wind,wind_storage,2055,0.38
Italy,electricity,wind,wind_storage,2060,0.38
Italy,electricity,wind,wind_storage,2065,0.38
Italy,electricity,wind,wind_storage,2070,0.38
Italy,electricity,wind,wind_storage,2075,0.38
Italy,electricity,wind,wind_storage,2080,0.38
Italy,electricity,wind,wind_storage,2085,0.38
Italy,electricity,wind,wind_storage,2090,0.38
Italy,electricity,wind,wind_storage,2095,0.38
Italy,electricity,wind,wind_storage,2100,0.38
Latvia,electricity,wind,wind_storage,1975,0.44
Latvia,electricity,wind,wind_storage,1990,0.44
Latvia,electricity,wind,wind_storage,2005,0.44
Latvia,electricity,wind,wind_storage,2010,0.44
Latvia,electricity,wind,wind_storage,2015,0.44
Latvia,electricity,wind,wind_storage,2020,0.44
Latvia,electricity,wind,wind_storage,2025,0.44
Latvia,electricity,wind,wind_storage,2030,0.44
Latvia,electricity,wind,wind_storage,2035,0.44
Latvia,electricity,wind,wind_storage,2040,0.44
Latvia,electricity,wind,wind_storage,2045,0.44
Latvia,electricity,wind,wind_storage,2050,0.44
Latvia,electricity,wind,wind_storage,2055,0.44
Latvia,electricity,wind,wind_storage,2060,0.44
Latvia,electricity,wind,wind_storage,2065,0.44
Latvia,electricity,wind,wind_storage,2070,0.44
Latvia,electricity,wind,wind_storage,2075,0.44
Latvia,electricity,wind,wind_storage,2080,0.44
Latvia,electricity,wind,wind_storage,2085,0.44
Latvia,electricity,wind,wind_storage,2090,0.44
Latvia,electricity,wind,wind_storage,2095,0.44
Latvia,electricity,wind,wind_storage,2100,0.44
Lithuania,electricity,wind,wind_storage,1975,0.44
Lithuania,electricity,wind,wind_storage,1990,0.44
Lithuania,electricity,wind,wind_storage,2005,0.44
Lithuania,electricity,wind,wind_storage,2010,0.44
Lithuania,electricity,wind,wind_storage,2015,0.44
Lithuania,electricity,wind,wind_storage,2020,0.44
Lithuania,electricity,wind,wind_storage,2025,0.44
Lithuania,electricity,wind,wind_storage,2030,0.44
Lithuania,electricity,wind,wind_storage,2035,0.44
Lithuania,electricity,wind,wind_storage,2040,0.44
Lithuania,electricity,wind,wind_storage,2045,0.44
Lithuania,electricity,wind,wind_storage,2050,0.44
Lithuania,electricity,wind,wind_storage,2055,0.44
Lithuania,electricity,wind,wind_storage,2060,0.44
Lithuania,electricity,wind,wind_storage,2065,0.44
Lithuania,electricity,wind,wind_storage,2070,0.44
Lithuania,electricity,wind,wind_storage,2075,0.44
Lithuania,electricity,wind,wind_storage,2080,0.44
Lithuania,electricity,wind,wind_storage,2085,0.44
Lithuania,electricity,wind,wind_storage,2090,0.44
Lithuania,electricity,wind,wind_storage,2095,0.44
Lithuania,electricity,wind,wind_storage,2100,0.44
Luxembourg,electricity,wind,wind_storage,1975,0.3
Luxembourg,electricity,wind,wind_storage,1990,0.3
Luxembourg,electricity,wind,wind_storage,2005,0.3
Luxembourg,electricity,wind,wind_storage,2010,0.3
Luxembourg,electricity,wind,wind_storage,2015,0.3
Luxembourg,electricity,wind,wind_storage,2020,0.3
Luxembourg,electricity,wind,wind_storage,2025,0.3
Luxembourg,electricity,wind,wind_storage,2030,0.3
Luxembourg,electricity,wind,wind_storage,2035,0.3
Luxembourg,electricity,wind,wind_storage,2040,0.3
Luxembourg,electricity,wind,wind_storage,2045,0.3
Luxembourg,electricity,wind,wind_storage,2050,0.3
Luxembourg,electricity,wind,wind_storage,2055,0.3
Luxembourg,electricity,wind,wind_storage,2060,0.3
Luxembourg,electricity,wind,wind_storage,2065,0.3
Luxembourg,electricity,wind,wind_storage,2070,0.3
Luxembourg,electricity,wind,wind_storage,2075,0.3
Luxembourg,electricity,wind,wind_storage,2080,0.3
Luxembourg,electricity,wind,wind_storage,2085,0.3
Luxembourg,electricity,wind,wind_storage,2090,0.3
Luxembourg,electricity,wind,wind_storage,2095,0.3
Luxembourg,electricity,wind,wind_storage,2100,0.3
Malta,electricity,wind,wind_storage,1975,0.3
Malta,electricity,wind,wind_storage,1990,0.3
Malta,electricity,wind,wind_storage,2005,0.3
Malta,electricity,wind,wind_storage,2010,0.3
Malta,electricity,wind,wind_storage,2015,0.3
Malta,electricity,wind,wind_storage,2020,0.3
Malta,electricity,wind,wind_storage,2025,0.3
Malta,electricity,wind,wind_storage,2030,0.3
Malta,electricity,wind,wind_storage,2035,0.3
Malta,electricity,wind,wind_storage,2040,0.3
Malta,electricity,wind,wind_storage,2045,0.3
Malta,electricity,wind,wind_storage,2050,0.3
Malta,electricity,wind,wind_storage,2055,0.3
Malta,electricity,wind,wind_storage,2060,0.3
Malta,electricity,wind,wind_storage,2065,0.3
Malta,electricity,wind,wind_storage,2070,0.3
Malta,electricity,wind,wind_storage,2075,0.3
Malta,electricity,wind,wind_storage,2080,0.3
Malta,electricity,wind,wind_storage,2085,0.3
Malta,electricity,wind,wind_storage,2090,0.3
Malta,electricity,wind,wind_storage,2095,0.3
Malta,electricity,wind,wind_storage,2100,0.3
Netherlands,electricity,wind,wind_storage,1975,0.44
Netherlands,electricity,wind,wind_storage,1990,0.44
Netherlands,electricity,wind,wind_storage,2005,0.44
Netherlands,electricity,wind,wind_storage,2010,0.44
Netherlands,electricity,wind,wind_storage,2015,0.44
Netherlands,electricity,wind,wind_storage,2020,0.44
Netherlands,electricity,wind,wind_storage,2025,0.44
Netherlands,electricity,wind,wind_storage,2030,0.44
Netherlands,electricity,wind,wind_storage,2035,0.44
Netherlands,electricity,wind,wind_storage,2040,0.44
Netherlands,electricity,wind,wind_storage,2045,0.44
Netherlands,electricity,wind,wind_storage,2050,0.44
Netherlands,electricity,wind,wind_storage,2055,0.44
Netherlands,electricity,wind,wind_storage,2060,0.44
Netherlands,electricity,wind,wind_storage,2065,0.44
Netherlands,electricity,wind,wind_storage,2070,0.44
Netherlands,electricity,wind,wind_storage,2075,0.44
Netherlands,electricity,wind,wind_storage,2080,0.44
Netherlands,electricity,wind,wind_storage,2085,0.44
Netherlands,electricity,wind,wind_storage,2090,0.44
Netherlands,electricity,wind,wind_storage,2095,0.44
Netherlands,electricity,wind,wind_storage,2100,0.44
Poland,electricity,wind,wind_storage,1975,0.39
Poland,electricity,wind,wind_storage,1990,0.39
Poland,electricity,wind,wind_storage,2005,0.39
Poland,electricity,wind,wind_storage,2010,0.39
Poland,electricity,wind,wind_storage,2015,0.39
Poland,electricity,wind,wind_storage,2020,0.39
Poland,electricity,wind,wind_storage,2025,0.39
Poland,electricity,wind,wind_storage,2030,0.39
Poland,electricity,wind,wind_storage,2035,0.39
Poland,electricity,wind,wind_storage,2040,0.39
Poland,electricity,wind,wind_storage,2045,0.39
Poland,electricity,wind,wind_storage,2050,0.39
Poland,electricity,wind,wind_storage,2055,0.39
Poland,electricity,wind,wind_storage,2060,0.39
Poland,electricity,wind,wind_storage,2065,0.39
Poland,electricity,wind,wind_storage,2070,0.39
Poland,electricity,wind,wind_storage,2075,0.39
Poland,electricity,wind,wind_storage,2080,0.39
Poland,electricity,wind,wind_storage,2085,0.39
Poland,electricity,wind,wind_storage,2090,0.39
Poland,electricity,wind,wind_storage,2095,0.39
Poland,electricity,wind,wind_storage,2100,0.39
Portugal,electricity,wind,wind_storage,1975,0.43
Portugal,electricity,wind,wind_storage,1990,0.43
Portugal,electricity,wind,wind_storage,2005,0.43
Portugal,electricity,wind,wind_storage,2010,0.43
Portugal,electricity,wind,wind_storage,2015,0.43
Portugal,electricity,wind,wind_storage,2020,0.43
Portugal,electricity,wind,wind_storage,2025,0.43
Portugal,electricity,wind,wind_storage,2030,0.43
Portugal,electricity,wind,wind_storage,2035,0.43
Portugal,electricity,wind,wind_storage,2040,0.43
Portugal,electricity,wind,wind_storage,2045,0.43
Portugal,electricity,wind,wind_storage,2050,0.43
Portugal,electricity,wind,wind_storage,2055,0.43
Portugal,electricity,wind,wind_storage,2060,0.43
Portugal,electricity,wind,wind_storage,2065,0.43
Portugal,electricity,wind,wind_storage,2070,0.43
Portugal,electricity,wind,wind_storage,2075,0.43
Portugal,electricity,wind,wind_storage,2080,0.43
Portugal,electricity,wind,wind_storage,2085,0.43
Portugal,electricity,wind,wind_storage,2090,0.43
Portugal,electricity,wind,wind_storage,2095,0.43
Portugal,electricity,wind,wind_storage,2100,0.43
Romania,electricity,wind,wind_storage,1975,0.37
Romania,electricity,wind,wind_storage,1990,0.37
Romania,electricity,wind,wind_storage,2005,0.37
Romania,electricity,wind,wind_storage,2010,0.37
Romania,electricity,wind,wind_storage,2015,0.37
Romania,electricity,wind,wind_storage,2020,0.37
Romania,electricity,wind,wind_storage,2025,0.37
Romania,electricity,wind,wind_storage,2030,0.37
Romania,electricity,wind,wind_storage,2035,0.37
Romania,electricity,wind,wind_storage,2040,0.37
Romania,electricity,wind,wind_storage,2045,0.37
Romania,electricity,wind,wind_storage,2050,0.37
Romania,electricity,wind,wind_storage,2055,0.37
Romania,electricity,wind,wind_storage,2060,0.37
Romania,electricity,wind,wind_storage,2065,0.37
Romania,electricity,wind,wind_storage,2070,0.37
Romania,electricity,wind,wind_storage,2075,0.37
Romania,electricity,wind,wind_storage,2080,0.37
Romania,electricity,wind,wind_storage,2085,0.37
Romania,electricity,wind,wind_storage,2090,0.37
Romania,electricity,wind,wind_storage,2095,0.37
Romania,electricity,wind,wind_storage,2100,0.37
Slovakia,electricity,wind,wind_storage,1975,0.24
Slovakia,electricity,wind,wind_storage,1990,0.24
Slovakia,electricity,wind,wind_storage,2005,0.24
Slovakia,electricity,wind,wind_storage,2010,0.24
Slovakia,electricity,wind,wind_storage,2015,0.24
Slovakia,electricity,wind,wind_storage,2020,0.24
Slovakia,electricity,wind,wind_storage,2025,0.24
Slovakia,electricity,wind,wind_storage,2030,0.24
Slovakia,electricity,wind,wind_storage,2035,0.24
Slovakia,electricity,wind,wind_storage,2040,0.24
Slovakia,electricity,wind,wind_storage,2045,0.24
Slovakia,electricity,wind,wind_storage,2050,0.24
Slovakia,electricity,wind,wind_storage,2055,0.24
Slovakia,electricity,wind,wind_storage,2060,0.24
Slovakia,electricity,wind,wind_storage,2065,0.24
Slovakia,electricity,wind,wind_storage,2070,0.24
Slovakia,electricity,wind,wind_storage,2075,0.24
Slovakia,electricity,wind,wind_storage,2080,0.24
Slovakia,electricity,wind,wind_storage,2085,0.24
Slovakia,electricity,wind,wind_storage,2090,0.24
Slovakia,electricity,wind,wind_storage,2095,0.24
Slovakia,electricity,wind,wind_storage,2100,0.24
Slovenia,electricity,wind,wind_storage,1975,0.31
Slovenia,electricity,wind,wind_storage,1990,0.31
Slovenia,electricity,wind,wind_storage,2005,0.31
Slovenia,electricity,wind,wind_storage,2010,0.31
Slovenia,electricity,wind,wind_storage,2015,0.31
Slovenia,electricity,wind,wind_storage,2020,0.31
Slovenia,electricity,wind,wind_storage,2025,0.31
Slovenia,electricity,wind,wind_storage,2030,0.31
Slovenia,electricity,wind,wind_storage,2035,0.31
Slovenia,electricity,wind,wind_storage,2040,0.31
Slovenia,electricity,wind,wind_storage,2045,0.31
Slovenia,electricity,wind,wind_storage,2050,0.31
Slovenia,electricity,wind,wind_storage,2055,0.31
Slovenia,electricity,wind,wind_storage,2060,0.31
Slovenia,electricity,wind,wind_storage,2065,0.31
Slovenia,electricity,wind,wind_storage,2070,0.31
Slovenia,electricity,wind,wind_storage,2075,0.31
Slovenia,electricity,wind,wind_storage,2080,0.31
Slovenia,electricity,wind,wind_storage,2085,0.31
Slovenia,electricity,wind,wind_storage,2090,0.31
Slovenia,electricity,wind,wind_storage,2095,0.31
Slovenia,electricity,wind,wind_storage,2100,0.31
Spain,electricity,wind,wind_storage,1975,0.45
Spain,electricity,wind,wind_storage,1990,0.45
Spain,electricity,wind,wind_storage,2005,0.45
Spain,electricity,wind,wind_storage,2010,0.45
Spain,electricity,wind,wind_storage,2015,0.45
Spain,electricity,wind,wind_storage,2020,0.45
Spain,electricity,wind,wind_storage,2025,0.45
Spain,electricity,wind,wind_storage,2030,0.45
Spain,electricity,wind,wind_storage,2035,0.45
Spain,electricity,wind,wind_storage,2040,0.45
Spain,electricity,wind,wind_storage,2045,0.45
Spain,electricity,wind,wind_storage,2050,0.45
Spain,electricity,wind,wind_storage,2055,0.45
Spain,electricity,wind,wind_storage,2060,0.45
Spain,electricity,wind,wind_storage,2065,0.45
Spain,electricity,wind,wind_storage,2070,0.45
Spain,electricity,wind,wind_storage,2075,0.45
Spain,electricity,wind,wind_storage,2080,0.45
Spain,electricity,wind,wind_storage,2085,0.45
Spain,electricity,wind,wind_storage,2090,0.45
Spain,electricity,wind,wind_storage,2095,0.45
Spain,electricity,wind,wind_storage,2100,0.45
Sweden,electricity,wind,wind_storage,1975,0.46
Sweden,electricity,wind,wind_storage,1990,0.46
Sweden,electricity,wind,wind_storage,2005,0.46
Sweden,electricity,wind,wind_storage,2010,0.46
Sweden,electricity,wind,wind_storage,2015,0.46
Sweden,electricity,wind,wind_storage,2020,0.46
Sweden,electricity,wind,wind_storage,2025,0.46
Sweden,electricity,wind,wind_storage,2030,0.46
Sweden,electricity,wind,wind_storage,2035,0.46
Sweden,electricity,wind,wind_storage,2040,0.46
Sweden,electricity,wind,wind_storage,2045,0.46
Sweden,electricity,wind,wind_storage,2050,0.46
Sweden,electricity,wind,wind_storage,2055,0.46
Sweden,electricity,wind,wind_storage,2060,0.46
Sweden,electricity,wind,wind_storage,2065,0.46
Sweden,electricity,wind,wind_storage,2070,0.46
Sweden,electricity,wind,wind_storage,2075,0.46
Sweden,electricity,wind,wind_storage,2080,0.46
Sweden,electricity,wind,wind_storage,2085,0.46
Sweden,electricity,wind,wind_storage,2090,0.46
Sweden,electricity,wind,wind_storage,2095,0.46
Sweden,electricity,wind,wind_storage,2100,0.46
Albania,electricity,wind,wind_storage,1975,0.34
Albania,electricity,wind,wind_storage,1990,0.34
Albania,electricity,wind,wind_storage,2005,0.34
Albania,electricity,wind,wind_storage,2010,0.34
Albania,electricity,wind,wind_storage,2015,0.34
Albania,electricity,wind,wind_storage,2020,0.34
Albania,electricity,wind,wind_storage,2025,0.34
Albania,electricity,wind,wind_storage,2030,0.34
Albania,electricity,wind,wind_storage,2035,0.34
Albania,electricity,wind,wind_storage,2040,0.34
Albania,electricity,wind,wind_storage,2045,0.34
Albania,electricity,wind,wind_storage,2050,0.34
Albania,electricity,wind,wind_storage,2055,0.34
Albania,electricity,wind,wind_storage,2060,0.34
Albania,electricity,wind,wind_storage,2065,0.34
Albania,electricity,wind,wind_storage,2070,0.34
Albania,electricity,wind,wind_storage,2075,0.34
Albania,electricity,wind,wind_storage,2080,0.34
Albania,electricity,wind,wind_storage,2085,0.34
Albania,electricity,wind,wind_storage,2090,0.34
Albania,electricity,wind,wind_storage,2095,0.34
Albania,electricity,wind,wind_storage,2100,0.34
Belarus,electricity,wind,wind_storage,1975,0.31
Belarus,electricity,wind,wind_storage,1990,0.31
Belarus,electricity,wind,wind_storage,2005,0.31
Belarus,electricity,wind,wind_storage,2010,0.31
Belarus,electricity,wind,wind_storage,2015,0.31
Belarus,electricity,wind,wind_storage,2020,0.31
Belarus,electricity,wind,wind_storage,2025,0.31
Belarus,electricity,wind,wind_storage,2030,0.31
Belarus,electricity,wind,wind_storage,2035,0.31
Belarus,electricity,wind,wind_storage,2040,0.31
Belarus,electricity,wind,wind_storage,2045,0.31
Belarus,electricity,wind,wind_storage,2050,0.31
Belarus,electricity,wind,wind_storage,2055,0.31
Belarus,electricity,wind,wind_storage,2060,0.31
Belarus,electricity,wind,wind_storage,2065,0.31
Belarus,electricity,wind,wind_storage,2070,0.31
Belarus,electricity,wind,wind_storage,2075,0.31
Belarus,electricity,wind,wind_storage,2080,0.31
Belarus,electricity,wind,wind_storage,2085,0.31
Belarus,electricity,wind,wind_storage,2090,0.31
Belarus,electricity,wind,wind_storage,2095,0.31
Belarus,electricity,wind,wind_storage,2100,0.31
Bosnia and Herzegovina,electricity,wind,wind_storage,1975,0.34
Bosnia and Herzegovina,electricity,wind,wind_storage,1990,0.34
Bosnia and Herzegovina,electricity,wind,wind_storage,2005,0.34
Bosnia and Herzegovina,electricity,wind,wind_storage,2010,0.34
Bosnia and Herzegovina,electricity,wind,wind_storage,2015,0.34
Bosnia and Herzegovina,electricity,wind,wind_storage,2020,0.34
Bosnia and Herzegovina,electricity,wind,wind_storage,2025,0.34
Bosnia and Herzegovina,electricity,wind,wind_storage,2030,0.34
Bosnia and Herzegovina,electricity,wind,wind_storage,2035,0.34
Bosnia and Herzegovina,electricity,wind,wind_storage,2040,0.34
Bosnia and Herzegovina,electricity,wind,wind_storage,2045,0.34
Bosnia and Herzegovina,electricity,wind,wind_storage,2050,0.34
Bosnia and Herzegovina,electricity,wind,wind_storage,2055,0.34
Bosnia and Herzegovina,electricity,wind,wind_storage,2060,0.34
Bosnia and Herzegovina,electricity,wind,wind_storage,2065,0.34
Bosnia and Herzegovina,electricity,wind,wind_storage,2070,0.34
Bosnia and Herzegovina,electricity,wind,wind_storage,2075,0.34
Bosnia and Herzegovina,electricity,wind,wind_storage,2080,0.34
Bosnia and Herzegovina,electricity,wind,wind_storage,2085,0.34
Bosnia and Herzegovina,electricity,wind,wind_storage,2090,0.34
Bosnia and Herzegovina,electricity,wind,wind_storage,2095,0.34
Bosnia and Herzegovina,electricity,wind,wind_storage,2100,0.34
Iceland,electricity,wind,wind_storage,1975,0.45
Iceland,electricity,wind,wind_storage,1990,0.45
Iceland,electricity,wind,wind_storage,2005,0.45
Iceland,electricity,wind,wind_storage,2010,0.45
Iceland,electricity,wind,wind_storage,2015,0.45
Iceland,electricity,wind,wind_storage,2020,0.45
Iceland,electricity,wind,wind_storage,2025,0.45
Iceland,electricity,wind,wind_storage,2030,0.45
Iceland,electricity,wind,wind_storage,2035,0.45
Iceland,electricity,wind,wind_storage,2040,0.45
Iceland,electricity,wind,wind_storage,2045,0.45
Iceland,electricity,wind,wind_storage,2050,0.45
Iceland,electricity,wind,wind_storage,2055,0.45
Iceland,electricity,wind,wind_storage,2060,0.45
Iceland,electricity,wind,wind_storage,2065,0.45
Iceland,electricity,wind,wind_storage,2070,0.45
Iceland,electricity,wind,wind_storage,2075,0.45
Iceland,electricity,wind,wind_storage,2080,0.45
Iceland,electricity,wind,wind_storage,2085,0.45
Iceland,electricity,wind,wind_storage,2090,0.45
Iceland,electricity,wind,wind_storage,2095,0.45
Iceland,electricity,wind,wind_storage,2100,0.45
Macedonia,electricity,wind,wind_storage,1975,0.19
Macedonia,electricity,wind,wind_storage,1990,0.19
Macedonia,electricity,wind,wind_storage,2005,0.19
Macedonia,electricity,wind,wind_storage,2010,0.19
Macedonia,electricity,wind,wind_storage,2015,0.19
Macedonia,electricity,wind,wind_storage,2020,0.19
Macedonia,electricity,wind,wind_storage,2025,0.19
Macedonia,electricity,wind,wind_storage,2030,0.19
Macedonia,electricity,wind,wind_storage,2035,0.19
Macedonia,electricity,wind,wind_storage,2040,0.19
Macedonia,electricity,wind,wind_storage,2045,0.19
Macedonia,electricity,wind,wind_storage,2050,0.19
Macedonia,electricity,wind,wind_storage,2055,0.19
Macedonia,electricity,wind,wind_storage,2060,0.19
Macedonia,electricity,wind,wind_storage,2065,0.19
Macedonia,electricity,wind,wind_storage,2070,0.19
Macedonia,electricity,wind,wind_storage,2075,0.19
Macedonia,electricity,wind,wind_storage,2080,0.19
Macedonia,electricity,wind,wind_storage,2085,0.19
Macedonia,electricity,wind,wind_storage,2090,0.19
Macedonia,electricity,wind,wind_storage,2095,0.19
Macedonia,electricity,wind,wind_storage,2100,0.19
Moldova,electricity,wind,wind_storage,1975,0.27
Moldova,electricity,wind,wind_storage,1990,0.27
Moldova,electricity,wind,wind_storage,2005,0.27
Moldova,electricity,wind,wind_storage,2010,0.27
Moldova,electricity,wind,wind_storage,2015,0.27
Moldova,electricity,wind,wind_storage,2020,0.27
Moldova,electricity,wind,wind_storage,2025,0.27
Moldova,electricity,wind,wind_storage,2030,0.27
Moldova,electricity,wind,wind_storage,2035,0.27
Moldova,electricity,wind,wind_storage,2040,0.27
Moldova,electricity,wind,wind_storage,2045,0.27
Moldova,electricity,wind,wind_storage,2050,0.27
Moldova,electricity,wind,wind_storage,2055,0.27
Moldova,electricity,wind,wind_storage,2060,0.27
Moldova,electricity,wind,wind_storage,2065,0.27
Moldova,electricity,wind,wind_storage,2070,0.27
Moldova,electricity,wind,wind_storage,2075,0.27
Moldova,electricity,wind,wind_storage,2080,0.27
Moldova,electricity,wind,wind_storage,2085,0.27
Moldova,electricity,wind,wind_storage,2090,0.27
Moldova,electricity,wind,wind_storage,2095,0.27
Moldova,electricity,wind,wind_storage,2100,0.27
Norway,electricity,wind,wind_storage,1975,0.45
Norway,electricity,wind,wind_storage,1990,0.45
Norway,electricity,wind,wind_storage,2005,0.45
Norway,electricity,wind,wind_storage,2010,0.45
Norway,electricity,wind,wind_storage,2015,0.45
Norway,electricity,wind,wind_storage,2020,0.45
Norway,electricity,wind,wind_storage,2025,0.45
Norway,electricity,wind,wind_storage,2030,0.45
Norway,electricity,wind,wind_storage,2035,0.45
Norway,electricity,wind,wind_storage,2040,0.45
Norway,electricity,wind,wind_storage,2045,0.45
Norway,electricity,wind,wind_storage,2050,0.45
Norway,electricity,wind,wind_storage,2055,0.45
Norway,electricity,wind,wind_storage,2060,0.45
Norway,electricity,wind,wind_storage,2065,0.45
Norway,electricity,wind,wind_storage,2070,0.45
Norway,electricity,wind,wind_storage,2075,0.45
Norway,electricity,wind,wind_storage,2080,0.45
Norway,electricity,wind,wind_storage,2085,0.45
Norway,electricity,wind,wind_storage,2090,0.45
Norway,electricity,wind,wind_storage,2095,0.45
Norway,electricity,wind,wind_storage,2100,0.45
Serbia and Montenegro,electricity,wind,wind_storage,1975,0.33
Serbia and Montenegro,electricity,wind,wind_storage,1990,0.33
Serbia and Montenegro,electricity,wind,wind_storage,2005,0.33
Serbia and Montenegro,electricity,wind,wind_storage,2010,0.33
Serbia and Montenegro,electricity,wind,wind_storage,2015,0.33
Serbia and Montenegro,electricity,wind,wind_storage,2020,0.33
Serbia and Montenegro,electricity,wind,wind_storage,2025,0.33
Serbia and Montenegro,electricity,wind,wind_storage,2030,0.33
Serbia and Montenegro,electricity,wind,wind_storage,2035,0.33
Serbia and Montenegro,electricity,wind,wind_storage,2040,0.33
Serbia and Montenegro,electricity,wind,wind_storage,2045,0.33
Serbia and Montenegro,electricity,wind,wind_storage,2050,0.33
Serbia and Montenegro,electricity,wind,wind_storage,2055,0.33
Serbia and Montenegro,electricity,wind,wind_storage,2060,0.33
Serbia and Montenegro,electricity,wind,wind_storage,2065,0.33
Serbia and Montenegro,electricity,wind,wind_storage,2070,0.33
Serbia and Montenegro,electricity,wind,wind_storage,2075,0.33
Serbia and Montenegro,electricity,wind,wind_storage,2080,0.33
Serbia and Montenegro,electricity,wind,wind_storage,2085,0.33
Serbia and Montenegro,electricity,wind,wind_storage,2090,0.33
Serbia and Montenegro,electricity,wind,wind_storage,2095,0.33
Serbia and Montenegro,electricity,wind,wind_storage,2100,0.33
Switzerland,electricity,wind,wind_storage,1975,0.23
Switzerland,electricity,wind,wind_storage,1990,0.23
Switzerland,electricity,wind,wind_storage,2005,0.23
Switzerland,electricity,wind,wind_storage,2010,0.23
Switzerland,electricity,wind,wind_storage,2015,0.23
Switzerland,electricity,wind,wind_storage,2020,0.23
Switzerland,electricity,wind,wind_storage,2025,0.23
Switzerland,electricity,wind,wind_storage,2030,0.23
Switzerland,electricity,wind,wind_storage,2035,0.23
Switzerland,electricity,wind,wind_storage,2040,0.23
Switzerland,electricity,wind,wind_storage,2045,0.23
Switzerland,electricity,wind,wind_storage,2050,0.23
Switzerland,electricity,wind,wind_storage,2055,0.23
Switzerland,electricity,wind,wind_storage,2060,0.23
Switzerland,electricity,wind,wind_storage,2065,0.23
Switzerland,electricity,wind,wind_storage,2070,0.23
Switzerland,electricity,wind,wind_storage,2075,0.23
Switzerland,electricity,wind,wind_storage,2080,0.23
Switzerland,electricity,wind,wind_storage,2085,0.23
Switzerland,electricity,wind,wind_storage,2090,0.23
Switzerland,electricity,wind,wind_storage,2095,0.23
Switzerland,electricity,wind,wind_storage,2100,0.23
Turkey,electricity,wind,wind_storage,1975,0.44
Turkey,electricity,wind,wind_storage,1990,0.44
Turkey,electricity,wind,wind_storage,2005,0.44
Turkey,electricity,wind,wind_storage,2010,0.44
Turkey,electricity,wind,wind_storage,2015,0.44
Turkey,electricity,wind,wind_storage,2020,0.44
Turkey,electricity,wind,wind_storage,2025,0.44
Turkey,electricity,wind,wind_storage,2030,0.44
Turkey,electricity,wind,wind_storage,2035,0.44
Turkey,electricity,wind,wind_storage,2040,0.44
Turkey,electricity,wind,wind_storage,2045,0.44
Turkey,electricity,wind,wind_storage,2050,0.44
Turkey,electricity,wind,wind_storage,2055,0.44
Turkey,electricity,wind,wind_storage,2060,0.44
Turkey,electricity,wind,wind_storage,2065,0.44
Turkey,electricity,wind,wind_storage,2070,0.44
Turkey,electricity,wind,wind_storage,2075,0.44
Turkey,electricity,wind,wind_storage,2080,0.44
Turkey,electricity,wind,wind_storage,2085,0.44
Turkey,electricity,wind,wind_storage,2090,0.44
Turkey,electricity,wind,wind_storage,2095,0.44
Turkey,electricity,wind,wind_storage,2100,0.44
UK,electricity,wind,wind_storage,1975,0.46
UK,electricity,wind,wind_storage,1990,0.46
UK,electricity,wind,wind_storage,2005,0.46
UK,electricity,wind,wind_storage,2010,0.46
UK,electricity,wind,wind_storage,2015,0.46
UK,electricity,wind,wind_storage,2020,0.46
UK,electricity,wind,wind_storage,2025,0.46
UK,electricity,wind,wind_storage,2030,0.46
UK,electricity,wind,wind_storage,2035,0.46
UK,electricity,wind,wind_storage,2040,0.46
UK,electricity,wind,wind_storage,2045,0.46
UK,electricity,wind,wind_storage,2050,0.46
UK,electricity,wind,wind_storage,2055,0.46
UK,electricity,wind,wind_storage,2060,0.46
UK,electricity,wind,wind_storage,2065,0.46
UK,electricity,wind,wind_storage,2070,0.46
UK,electricity,wind,wind_storage,2075,0.46
UK,electricity,wind,wind_storage,2080,0.46
UK,electricity,wind,wind_storage,2085,0.46
UK,electricity,wind,wind_storage,2090,0.46
UK,electricity,wind,wind_storage,2095,0.46
UK,electricity,wind,wind_storage,2100,0.46
Ukraine,electricity,wind,wind_storage,1975,0.41
Ukraine,electricity,wind,wind_storage,1990,0.41
Ukraine,electricity,wind,wind_storage,2005,0.41
Ukraine,electricity,wind,wind_storage,2010,0.41
Ukraine,electricity,wind,wind_storage,2015,0.41
Ukraine,electricity,wind,wind_storage,2020,0.41
Ukraine,electricity,wind,wind_storage,2025,0.41
Ukraine,electricity,wind,wind_storage,2030,0.41
Ukraine,electricity,wind,wind_storage,2035,0.41
Ukraine,electricity,wind,wind_storage,2040,0.41
Ukraine,electricity,wind,wind_storage,2045,0.41
Ukraine,electricity,wind,wind_storage,2050,0.41
Ukraine,electricity,wind,wind_storage,2055,0.41
Ukraine,electricity,wind,wind_storage,2060,0.41
Ukraine,electricity,wind,wind_storage,2065,0.41
Ukraine,electricity,wind,wind_storage,2070,0.41
Ukraine,electricity,wind,wind_storage,2075,0.41
Ukraine,electricity,wind,wind_storage,2080,0.41
Ukraine,electricity,wind,wind_storage,2085,0.41
Ukraine,electricity,wind,wind_storage,2090,0.41
Ukraine,electricity,wind,wind_storage,2095,0.41
Ukraine,electricity,wind,wind_storage,2100,0.41
USA,electricity,wind,wind,1975,0.46
USA,electricity,wind,wind,1990,0.46
USA,electricity,wind,wind,2005,0.46
USA,electricity,wind,wind,2010,0.46
USA,electricity,wind,wind,2015,0.46
USA,electricity,wind,wind,2020,0.46
USA,electricity,wind,wind,2025,0.46
USA,electricity,wind,wind,2030,0.46
USA,electricity,wind,wind,2035,0.46
USA,electricity,wind,wind,2040,0.46
USA,electricity,wind,wind,2045,0.46
USA,electricity,wind,wind,2050,0.46
USA,electricity,wind,wind,2055,0.46
USA,electricity,wind,wind,2060,0.46
USA,electricity,wind,wind,2065,0.46
USA,electricity,wind,wind,2070,0.46
USA,electricity,wind,wind,2075,0.46
USA,electricity,wind,wind,2080,0.46
USA,electricity,wind,wind,2085,0.46
USA,electricity,wind,wind,2090,0.46
USA,electricity,wind,wind,2095,0.46
USA,electricity,wind,wind,2100,0.46
Africa_Eastern,electricity,wind,wind,1975,0.41
Africa_Eastern,electricity,wind,wind,1990,0.41
Africa_Eastern,electricity,wind,wind,2005,0.41
Africa_Eastern,electricity,wind,wind,2010,0.41
Africa_Eastern,electricity,wind,wind,2015,0.41
Africa_Eastern,electricity,wind,wind,2020,0.41
Africa_Eastern,electricity,wind,wind,2025,0.41
Africa_Eastern,electricity,wind,wind,2030,0.41
Africa_Eastern,electricity,wind,wind,2035,0.41
Africa_Eastern,electricity,wind,wind,2040,0.41
Africa_Eastern,electricity,wind,wind,2045,0.41
Africa_Eastern,electricity,wind,wind,2050,0.41
Africa_Eastern,electricity,wind,wind,2055,0.41
Africa_Eastern,electricity,wind,wind,2060,0.41
Africa_Eastern,electricity,wind,wind,2065,0.41
Africa_Eastern,electricity,wind,wind,2070,0.41
Africa_Eastern,electricity,wind,wind,2075,0.41
Africa_Eastern,electricity,wind,wind,2080,0.41
Africa_Eastern,electricity,wind,wind,2085,0.41
Africa_Eastern,electricity,wind,wind,2090,0.41
Africa_Eastern,electricity,wind,wind,2095,0.41
Africa_Eastern,electricity,wind,wind,2100,0.41
Africa_Northern,electricity,wind,wind,1975,0.46
Africa_Northern,electricity,wind,wind,1990,0.46
Africa_Northern,electricity,wind,wind,2005,0.46
Africa_Northern,electricity,wind,wind,2010,0.46
Africa_Northern,electricity,wind,wind,2015,0.46
Africa_Northern,electricity,wind,wind,2020,0.46
Africa_Northern,electricity,wind,wind,2025,0.46
Africa_Northern,electricity,wind,wind,2030,0.46
Africa_Northern,electricity,wind,wind,2035,0.46
Africa_Northern,electricity,wind,wind,2040,0.46
Africa_Northern,electricity,wind,wind,2045,0.46
Africa_Northern,electricity,wind,wind,2050,0.46
Africa_Northern,electricity,wind,wind,2055,0.46
Africa_Northern,electricity,wind,wind,2060,0.46
Africa_Northern,electricity,wind,wind,2065,0.46
Africa_Northern,electricity,wind,wind,2070,0.46
Africa_Northern,electricity,wind,wind,2075,0.46
Africa_Northern,electricity,wind,wind,2080,0.46
Africa_Northern,electricity,wind,wind,2085,0.46
Africa_Northern,electricity,wind,wind,2090,0.46
Africa_Northern,electricity,wind,wind,2095,0.46
Africa_Northern,electricity,wind,wind,2100,0.46
Africa_Southern,electricity,wind,wind,1975,0.34
Africa_Southern,electricity,wind,wind,1990,0.34
Africa_Southern,electricity,wind,wind,2005,0.34
Africa_Southern,electricity,wind,wind,2010,0.34
Africa_Southern,electricity,wind,wind,2015,0.34
Africa_Southern,electricity,wind,wind,2020,0.34
Africa_Southern,electricity,wind,wind,2025,0.34
Africa_Southern,electricity,wind,wind,2030,0.34
Africa_Southern,electricity,wind,wind,2035,0.34
Africa_Southern,electricity,wind,wind,2040,0.34
Africa_Southern,electricity,wind,wind,2045,0.34
Africa_Southern,electricity,wind,wind,2050,0.34
Africa_Southern,electricity,wind,wind,2055,0.34
Africa_Southern,electricity,wind,wind,2060,0.34
Africa_Southern,electricity,wind,wind,2065,0.34
Africa_Southern,electricity,wind,wind,2070,0.34
Africa_Southern,electricity,wind,wind,2075,0.34
Africa_Southern,electricity,wind,wind,2080,0.34
Africa_Southern,electricity,wind,wind,2085,0.34
Africa_Southern,electricity,wind,wind,2090,0.34
Africa_Southern,electricity,wind,wind,2095,0.34
Africa_Southern,electricity,wind,wind,2100,0.34
Africa_Western,electricity,wind,wind,1975,0.42
Africa_Western,electricity,wind,wind,1990,0.42
Africa_Western,electricity,wind,wind,2005,0.42
Africa_Western,electricity,wind,wind,2010,0.42
Africa_Western,electricity,wind,wind,2015,0.42
Africa_Western,electricity,wind,wind,2020,0.42
Africa_Western,electricity,wind,wind,2025,0.42
Africa_Western,electricity,wind,wind,2030,0.42
Africa_Western,electricity,wind,wind,2035,0.42
Africa_Western,electricity,wind,wind,2040,0.42
Africa_Western,electricity,wind,wind,2045,0.42
Africa_Western,electricity,wind,wind,2050,0.42
Africa_Western,electricity,wind,wind,2055,0.42
Africa_Western,electricity,wind,wind,2060,0.42
Africa_Western,electricity,wind,wind,2065,0.42
Africa_Western,electricity,wind,wind,2070,0.42
Africa_Western,electricity,wind,wind,2075,0.42
Africa_Western,electricity,wind,wind,2080,0.42
Africa_Western,electricity,wind,wind,2085,0.42
Africa_Western,electricity,wind,wind,2090,0.42
Africa_Western,electricity,wind,wind,2095,0.42
Africa_Western,electricity,wind,wind,2100,0.42
Australia_NZ,electricity,wind,wind,1975,0.46
Australia_NZ,electricity,wind,wind,1990,0.46
Australia_NZ,electricity,wind,wind,2005,0.46
Australia_NZ,electricity,wind,wind,2010,0.46
Australia_NZ,electricity,wind,wind,2015,0.46
Australia_NZ,electricity,wind,wind,2020,0.46
Australia_NZ,electricity,wind,wind,2025,0.46
Australia_NZ,electricity,wind,wind,2030,0.46
Australia_NZ,electricity,wind,wind,2035,0.46
Australia_NZ,electricity,wind,wind,2040,0.46
Australia_NZ,electricity,wind,wind,2045,0.46
Australia_NZ,electricity,wind,wind,2050,0.46
Australia_NZ,electricity,wind,wind,2055,0.46
Australia_NZ,electricity,wind,wind,2060,0.46
Australia_NZ,electricity,wind,wind,2065,0.46
Australia_NZ,electricity,wind,wind,2070,0.46
Australia_NZ,electricity,wind,wind,2075,0.46
Australia_NZ,electricity,wind,wind,2080,0.46
Australia_NZ,electricity,wind,wind,2085,0.46
Australia_NZ,electricity,wind,wind,2090,0.46
Australia_NZ,electricity,wind,wind,2095,0.46
Australia_NZ,electricity,wind,wind,2100,0.46
Brazil,electricity,wind,wind,1975,0.42
Brazil,electricity,wind,wind,1990,0.42
Brazil,electricity,wind,wind,2005,0.42
Brazil,electricity,wind,wind,2010,0.42
Brazil,electricity,wind,wind,2015,0.42
Brazil,electricity,wind,wind,2020,0.42
Brazil,electricity,wind,wind,2025,0.42
Brazil,electricity,wind,wind,2030,0.42
Brazil,electricity,wind,wind,2035,0.42
Brazil,electricity,wind,wind,2040,0.42
Brazil,electricity,wind,wind,2045,0.42
Brazil,electricity,wind,wind,2050,0.42
Brazil,electricity,wind,wind,2055,0.42
Brazil,electricity,wind,wind,2060,0.42
Brazil,electricity,wind,wind,2065,0.42
Brazil,electricity,wind,wind,2070,0.42
Brazil,electricity,wind,wind,2075,0.42
Brazil,electricity,wind,wind,2080,0.42
Brazil,electricity,wind,wind,2085,0.42
Brazil,electricity,wind,wind,2090,0.42
Brazil,electricity,wind,wind,2095,0.42
Brazil,electricity,wind,wind,2100,0.42
Canada,electricity,wind,wind,1975,0.46
Canada,electricity,wind,wind,1990,0.46
Canada,electricity,wind,wind,2005,0.46
Canada,electricity,wind,wind,2010,0.46
Canada,electricity,wind,wind,2015,0.46
Canada,electricity,wind,wind,2020,0.46
Canada,electricity,wind,wind,2025,0.46
Canada,electricity,wind,wind,2030,0.46
Canada,electricity,wind,wind,2035,0.46
Canada,electricity,wind,wind,2040,0.46
Canada,electricity,wind,wind,2045,0.46
Canada,electricity,wind,wind,2050,0.46
Canada,electricity,wind,wind,2055,0.46
Canada,electricity,wind,wind,2060,0.46
Canada,electricity,wind,wind,2065,0.46
Canada,electricity,wind,wind,2070,0.46
Canada,electricity,wind,wind,2075,0.46
Canada,electricity,wind,wind,2080,0.46
Canada,electricity,wind,wind,2085,0.46
Canada,electricity,wind,wind,2090,0.46
Canada,electricity,wind,wind,2095,0.46
Canada,electricity,wind,wind,2100,0.46
Central America and Caribbean,electricity,wind,wind,1975,0.46
Central America and Caribbean,electricity,wind,wind,1990,0.46
Central America and Caribbean,electricity,wind,wind,2005,0.46
Central America and Caribbean,electricity,wind,wind,2010,0.46
Central America and Caribbean,electricity,wind,wind,2015,0.46
Central America and Caribbean,electricity,wind,wind,2020,0.46
Central America and Caribbean,electricity,wind,wind,2025,0.46
Central America and Caribbean,electricity,wind,wind,2030,0.46
Central America and Caribbean,electricity,wind,wind,2035,0.46
Central America and Caribbean,electricity,wind,wind,2040,0.46
Central America and Caribbean,electricity,wind,wind,2045,0.46
Central America and Caribbean,electricity,wind,wind,2050,0.46
Central America and Caribbean,electricity,wind,wind,2055,0.46
Central America and Caribbean,electricity,wind,wind,2060,0.46
Central America and Caribbean,electricity,wind,wind,2065,0.46
Central America and Caribbean,electricity,wind,wind,2070,0.46
Central America and Caribbean,electricity,wind,wind,2075,0.46
Central America and Caribbean,electricity,wind,wind,2080,0.46
Central America and Caribbean,electricity,wind,wind,2085,0.46
Central America and Caribbean,electricity,wind,wind,2090,0.46
Central America and Caribbean,electricity,wind,wind,2095,0.46
Central America and Caribbean,electricity,wind,wind,2100,0.46
Central Asia,electricity,wind,wind,1975,0.43
Central Asia,electricity,wind,wind,1990,0.43
Central Asia,electricity,wind,wind,2005,0.43
Central Asia,electricity,wind,wind,2010,0.43
Central Asia,electricity,wind,wind,2015,0.43
Central Asia,electricity,wind,wind,2020,0.43
Central Asia,electricity,wind,wind,2025,0.43
Central Asia,electricity,wind,wind,2030,0.43
Central Asia,electricity,wind,wind,2035,0.43
Central Asia,electricity,wind,wind,2040,0.43
Central Asia,electricity,wind,wind,2045,0.43
Central Asia,electricity,wind,wind,2050,0.43
Central Asia,electricity,wind,wind,2055,0.43
Central Asia,electricity,wind,wind,2060,0.43
Central Asia,electricity,wind,wind,2065,0.43
Central Asia,electricity,wind,wind,2070,0.43
Central Asia,electricity,wind,wind,2075,0.43
Central Asia,electricity,wind,wind,2080,0.43
Central Asia,electricity,wind,wind,2085,0.43
Central Asia,electricity,wind,wind,2090,0.43
Central Asia,electricity,wind,wind,2095,0.43
Central Asia,electricity,wind,wind,2100,0.43
China,electricity,wind,wind,1975,0.46
China,electricity,wind,wind,1990,0.46
China,electricity,wind,wind,2005,0.46
China,electricity,wind,wind,2010,0.46
China,electricity,wind,wind,2015,0.46
China,electricity,wind,wind,2020,0.46
China,electricity,wind,wind,2025,0.46
China,electricity,wind,wind,2030,0.46
China,electricity,wind,wind,2035,0.46
China,electricity,wind,wind,2040,0.46
China,electricity,wind,wind,2045,0.46
China,electricity,wind,wind,2050,0.46
China,electricity,wind,wind,2055,0.46
China,electricity,wind,wind,2060,0.46
China,electricity,wind,wind,2065,0.46
China,electricity,wind,wind,2070,0.46
China,electricity,wind,wind,2075,0.46
China,electricity,wind,wind,2080,0.46
China,electricity,wind,wind,2085,0.46
China,electricity,wind,wind,2090,0.46
China,electricity,wind,wind,2095,0.46
China,electricity,wind,wind,2100,0.46
India,electricity,wind,wind,1975,0.43
India,electricity,wind,wind,1990,0.43
India,electricity,wind,wind,2005,0.43
India,electricity,wind,wind,2010,0.43
India,electricity,wind,wind,2015,0.43
India,electricity,wind,wind,2020,0.43
India,electricity,wind,wind,2025,0.43
India,electricity,wind,wind,2030,0.43
India,electricity,wind,wind,2035,0.43
India,electricity,wind,wind,2040,0.43
India,electricity,wind,wind,2045,0.43
India,electricity,wind,wind,2050,0.43
India,electricity,wind,wind,2055,0.43
India,electricity,wind,wind,2060,0.43
India,electricity,wind,wind,2065,0.43
India,electricity,wind,wind,2070,0.43
India,electricity,wind,wind,2075,0.43
India,electricity,wind,wind,2080,0.43
India,electricity,wind,wind,2085,0.43
India,electricity,wind,wind,2090,0.43
India,electricity,wind,wind,2095,0.43
India,electricity,wind,wind,2100,0.43
Indonesia,electricity,wind,wind,1975,0.41
Indonesia,electricity,wind,wind,1990,0.41
Indonesia,electricity,wind,wind,2005,0.41
Indonesia,electricity,wind,wind,2010,0.41
Indonesia,electricity,wind,wind,2015,0.41
Indonesia,electricity,wind,wind,2020,0.41
Indonesia,electricity,wind,wind,2025,0.41
Indonesia,electricity,wind,wind,2030,0.41
Indonesia,electricity,wind,wind,2035,0.41
Indonesia,electricity,wind,wind,2040,0.41
Indonesia,electricity,wind,wind,2045,0.41
Indonesia,electricity,wind,wind,2050,0.41
Indonesia,electricity,wind,wind,2055,0.41
Indonesia,electricity,wind,wind,2060,0.41
Indonesia,electricity,wind,wind,2065,0.41
Indonesia,electricity,wind,wind,2070,0.41
Indonesia,electricity,wind,wind,2075,0.41
Indonesia,electricity,wind,wind,2080,0.41
Indonesia,electricity,wind,wind,2085,0.41
Indonesia,electricity,wind,wind,2090,0.41
Indonesia,electricity,wind,wind,2095,0.41
Indonesia,electricity,wind,wind,2100,0.41
Japan,electricity,wind,wind,1975,0.46
Japan,electricity,wind,wind,1990,0.46
Japan,electricity,wind,wind,2005,0.46
Japan,electricity,wind,wind,2010,0.46
Japan,electricity,wind,wind,2015,0.46
Japan,electricity,wind,wind,2020,0.46
Japan,electricity,wind,wind,2025,0.46
Japan,electricity,wind,wind,2030,0.46
Japan,electricity,wind,wind,2035,0.46
Japan,electricity,wind,wind,2040,0.46
Japan,electricity,wind,wind,2045,0.46
Japan,electricity,wind,wind,2050,0.46
Japan,electricity,wind,wind,2055,0.46
Japan,electricity,wind,wind,2060,0.46
Japan,electricity,wind,wind,2065,0.46
Japan,electricity,wind,wind,2070,0.46
Japan,electricity,wind,wind,2075,0.46
Japan,electricity,wind,wind,2080,0.46
Japan,electricity,wind,wind,2085,0.46
Japan,electricity,wind,wind,2090,0.46
Japan,electricity,wind,wind,2095,0.46
Japan,electricity,wind,wind,2100,0.46
Mexico,electricity,wind,wind,1975,0.46
Mexico,electricity,wind,wind,1990,0.46
Mexico,electricity,wind,wind,2005,0.46
Mexico,electricity,wind,wind,2010,0.46
Mexico,electricity,wind,wind,2015,0.46
Mexico,electricity,wind,wind,2020,0.46
Mexico,electricity,wind,wind,2025,0.46
Mexico,electricity,wind,wind,2030,0.46
Mexico,electricity,wind,wind,2035,0.46
Mexico,electricity,wind,wind,2040,0.46
Mexico,electricity,wind,wind,2045,0.46
Mexico,electricity,wind,wind,2050,0.46
Mexico,electricity,wind,wind,2055,0.46
Mexico,electricity,wind,wind,2060,0.46
Mexico,electricity,wind,wind,2065,0.46
Mexico,electricity,wind,wind,2070,0.46
Mexico,electricity,wind,wind,2075,0.46
Mexico,electricity,wind,wind,2080,0.46
Mexico,electricity,wind,wind,2085,0.46
Mexico,electricity,wind,wind,2090,0.46
Mexico,electricity,wind,wind,2095,0.46
Mexico,electricity,wind,wind,2100,0.46
Middle East,electricity,wind,wind,1975,0.43
Middle East,electricity,wind,wind,1990,0.43
Middle East,electricity,wind,wind,2005,0.43
Middle East,electricity,wind,wind,2010,0.43
Middle East,electricity,wind,wind,2015,0.43
Middle East,electricity,wind,wind,2020,0.43
Middle East,electricity,wind,wind,2025,0.43
Middle East,electricity,wind,wind,2030,0.43
Middle East,electricity,wind,wind,2035,0.43
Middle East,electricity,wind,wind,2040,0.43
Middle East,electricity,wind,wind,2045,0.43
Middle East,electricity,wind,wind,2050,0.43
Middle East,electricity,wind,wind,2055,0.43
Middle East,electricity,wind,wind,2060,0.43
Middle East,electricity,wind,wind,2065,0.43
Middle East,electricity,wind,wind,2070,0.43
Middle East,electricity,wind,wind,2075,0.43
Middle East,electricity,wind,wind,2080,0.43
Middle East,electricity,wind,wind,2085,0.43
Middle East,electricity,wind,wind,2090,0.43
Middle East,electricity,wind,wind,2095,0.43
Middle East,electricity,wind,wind,2100,0.43
Pakistan,electricity,wind,wind,1975,0.43
Pakistan,electricity,wind,wind,1990,0.43
Pakistan,electricity,wind,wind,2005,0.43
Pakistan,electricity,wind,wind,2010,0.43
Pakistan,electricity,wind,wind,2015,0.43
Pakistan,electricity,wind,wind,2020,0.43
Pakistan,electricity,wind,wind,2025,0.43
Pakistan,electricity,wind,wind,2030,0.43
Pakistan,electricity,wind,wind,2035,0.43
Pakistan,electricity,wind,wind,2040,0.43
Pakistan,electricity,wind,wind,2045,0.43
Pakistan,electricity,wind,wind,2050,0.43
Pakistan,electricity,wind,wind,2055,0.43
Pakistan,electricity,wind,wind,2060,0.43
Pakistan,electricity,wind,wind,2065,0.43
Pakistan,electricity,wind,wind,2070,0.43
Pakistan,electricity,wind,wind,2075,0.43
Pakistan,electricity,wind,wind,2080,0.43
Pakistan,electricity,wind,wind,2085,0.43
Pakistan,electricity,wind,wind,2090,0.43
Pakistan,electricity,wind,wind,2095,0.43
Pakistan,electricity,wind,wind,2100,0.43
Russia,electricity,wind,wind,1975,0.45
Russia,electricity,wind,wind,1990,0.45
Russia,electricity,wind,wind,2005,0.45
Russia,electricity,wind,wind,2010,0.45
Russia,electricity,wind,wind,2015,0.45
Russia,electricity,wind,wind,2020,0.45
Russia,electricity,wind,wind,2025,0.45
Russia,electricity,wind,wind,2030,0.45
Russia,electricity,wind,wind,2035,0.45
Russia,electricity,wind,wind,2040,0.45
Russia,electricity,wind,wind,2045,0.45
Russia,electricity,wind,wind,2050,0.45
Russia,electricity,wind,wind,2055,0.45
Russia,electricity,wind,wind,2060,0.45
Russia,electricity,wind,wind,2065,0.45
Russia,electricity,wind,wind,2070,0.45
Russia,electricity,wind,wind,2075,0.45
Russia,electricity,wind,wind,2080,0.45
Russia,electricity,wind,wind,2085,0.45
Russia,electricity,wind,wind,2090,0.45
Russia,electricity,wind,wind,2095,0.45
Russia,electricity,wind,wind,2100,0.45
South Africa,electricity,wind,wind,1975,0.44
South Africa,electricity,wind,wind,1990,0.44
South Africa,electricity,wind,wind,2005,0.44
South Africa,electricity,wind,wind,2010,0.44
South Africa,electricity,wind,wind,2015,0.44
South Africa,electricity,wind,wind,2020,0.44
South Africa,electricity,wind,wind,2025,0.44
South Africa,electricity,wind,wind,2030,0.44
South Africa,electricity,wind,wind,2035,0.44
South Africa,electricity,wind,wind,2040,0.44
South Africa,electricity,wind,wind,2045,0.44
South Africa,electricity,wind,wind,2050,0.44
South Africa,electricity,wind,wind,2055,0.44
South Africa,electricity,wind,wind,2060,0.44
South Africa,electricity,wind,wind,2065,0.44
South Africa,electricity,wind,wind,2070,0.44
South Africa,electricity,wind,wind,2075,0.44
South Africa,electricity,wind,wind,2080,0.44
South Africa,electricity,wind,wind,2085,0.44
South Africa,electricity,wind,wind,2090,0.44
South Africa,electricity,wind,wind,2095,0.44
South Africa,electricity,wind,wind,2100,0.44
South America_Northern,electricity,wind,wind,1975,0.43
South America_Northern,electricity,wind,wind,1990,0.43
South America_Northern,electricity,wind,wind,2005,0.43
South America_Northern,electricity,wind,wind,2010,0.43
South America_Northern,electricity,wind,wind,2015,0.43
South America_Northern,electricity,wind,wind,2020,0.43
South America_Northern,electricity,wind,wind,2025,0.43
South America_Northern,electricity,wind,wind,2030,0.43
South America_Northern,electricity,wind,wind,2035,0.43
South America_Northern,electricity,wind,wind,2040,0.43
South America_Northern,electricity,wind,wind,2045,0.43
South America_Northern,electricity,wind,wind,2050,0.43
South America_Northern,electricity,wind,wind,2055,0.43
South America_Northern,electricity,wind,wind,2060,0.43
South America_Northern,electricity,wind,wind,2065,0.43
South America_Northern,electricity,wind,wind,2070,0.43
South America_Northern,electricity,wind,wind,2075,0.43
South America_Northern,electricity,wind,wind,2080,0.43
South America_Northern,electricity,wind,wind,2085,0.43
South America_Northern,electricity,wind,wind,2090,0.43
South America_Northern,electricity,wind,wind,2095,0.43
South America_Northern,electricity,wind,wind,2100,0.43
South America_Southern,electricity,wind,wind,1975,0.44
South America_Southern,electricity,wind,wind,1990,0.44
South America_Southern,electricity,wind,wind,2005,0.44
South America_Southern,electricity,wind,wind,2010,0.44
South America_Southern,electricity,wind,wind,2015,0.44
South America_Southern,electricity,wind,wind,2020,0.44
South America_Southern,electricity,wind,wind,2025,0.44
South America_Southern,electricity,wind,wind,2030,0.44
South America_Southern,electricity,wind,wind,2035,0.44
South America_Southern,electricity,wind,wind,2040,0.44
South America_Southern,electricity,wind,wind,2045,0.44
South America_Southern,electricity,wind,wind,2050,0.44
South America_Southern,electricity,wind,wind,2055,0.44
South America_Southern,electricity,wind,wind,2060,0.44
South America_Southern,electricity,wind,wind,2065,0.44
South America_Southern,electricity,wind,wind,2070,0.44
South America_Southern,electricity,wind,wind,2075,0.44
South America_Southern,electricity,wind,wind,2080,0.44
South America_Southern,electricity,wind,wind,2085,0.44
South America_Southern,electricity,wind,wind,2090,0.44
South America_Southern,electricity,wind,wind,2095,0.44
South America_Southern,electricity,wind,wind,2100,0.44
South Asia,electricity,wind,wind,1975,0.43
South Asia,electricity,wind,wind,1990,0.43
South Asia,electricity,wind,wind,2005,0.43
South Asia,electricity,wind,wind,2010,0.43
South Asia,electricity,wind,wind,2015,0.43
South Asia,electricity,wind,wind,2020,0.43
South Asia,electricity,wind,wind,2025,0.43
South Asia,electricity,wind,wind,2030,0.43
South Asia,electricity,wind,wind,2035,0.43
South Asia,electricity,wind,wind,2040,0.43
South Asia,electricity,wind,wind,2045,0.43
South Asia,electricity,wind,wind,2050,0.43
South Asia,electricity,wind,wind,2055,0.43
South Asia,electricity,wind,wind,2060,0.43
South Asia,electricity,wind,wind,2065,0.43
South Asia,electricity,wind,wind,2070,0.43
South Asia,electricity,wind,wind,2075,0.43
South Asia,electricity,wind,wind,2080,0.43
South Asia,electricity,wind,wind,2085,0.43
South Asia,electricity,wind,wind,2090,0.43
South Asia,electricity,wind,wind,2095,0.43
South Asia,electricity,wind,wind,2100,0.43
South Korea,electricity,wind,wind,1975,0.36
South Korea,electricity,wind,wind,1990,0.36
South Korea,electricity,wind,wind,2005,0.36
South Korea,electricity,wind,wind,2010,0.36
South Korea,electricity,wind,wind,2015,0.36
South Korea,electricity,wind,wind,2020,0.36
South Korea,electricity,wind,wind,2025,0.36
South Korea,electricity,wind,wind,2030,0.36
South Korea,electricity,wind,wind,2035,0.36
South Korea,electricity,wind,wind,2040,0.36
South Korea,electricity,wind,wind,2045,0.36
South Korea,electricity,wind,wind,2050,0.36
South Korea,electricity,wind,wind,2055,0.36
South Korea,electricity,wind,wind,2060,0.36
South Korea,electricity,wind,wind,2065,0.36
South Korea,electricity,wind,wind,2070,0.36
South Korea,electricity,wind,wind,2075,0.36
South Korea,electricity,wind,wind,2080,0.36
South Korea,electricity,wind,wind,2085,0.36
South Korea,electricity,wind,wind,2090,0.36
South Korea,electricity,wind,wind,2095,0.36
South Korea,electricity,wind,wind,2100,0.36
Southeast Asia,electricity,wind,wind,1975,0.43
Southeast Asia,electricity,wind,wind,1990,0.43
Southeast Asia,electricity,wind,wind,2005,0.43
Southeast Asia,electricity,wind,wind,2010,0.43
Southeast Asia,electricity,wind,wind,2015,0.43
Southeast Asia,electricity,wind,wind,2020,0.43
Southeast Asia,electricity,wind,wind,2025,0.43
Southeast Asia,electricity,wind,wind,2030,0.43
Southeast Asia,electricity,wind,wind,2035,0.43
Southeast Asia,electricity,wind,wind,2040,0.43
Southeast Asia,electricity,wind,wind,2045,0.43
Southeast Asia,electricity,wind,wind,2050,0.43
Southeast Asia,electricity,wind,wind,2055,0.43
Southeast Asia,electricity,wind,wind,2060,0.43
Southeast Asia,electricity,wind,wind,2065,0.43
Southeast Asia,electricity,wind,wind,2070,0.43
Southeast Asia,electricity,wind,wind,2075,0.43
Southeast Asia,electricity,wind,wind,2080,0.43
Southeast Asia,electricity,wind,wind,2085,0.43
Southeast Asia,electricity,wind,wind,2090,0.43
Southeast Asia,electricity,wind,wind,2095,0.43
Southeast Asia,electricity,wind,wind,2100,0.43
Taiwan,electricity,wind,wind,1975,0.39
Taiwan,electricity,wind,wind,1990,0.39
Taiwan,electricity,wind,wind,2005,0.39
Taiwan,electricity,wind,wind,2010,0.39
Taiwan,electricity,wind,wind,2015,0.39
Taiwan,electricity,wind,wind,2020,0.39
Taiwan,electricity,wind,wind,2025,0.39
Taiwan,electricity,wind,wind,2030,0.39
Taiwan,electricity,wind,wind,2035,0.39
Taiwan,electricity,wind,wind,2040,0.39
Taiwan,electricity,wind,wind,2045,0.39
Taiwan,electricity,wind,wind,2050,0.39
Taiwan,electricity,wind,wind,2055,0.39
Taiwan,electricity,wind,wind,2060,0.39
Taiwan,electricity,wind,wind,2065,0.39
Taiwan,electricity,wind,wind,2070,0.39
Taiwan,electricity,wind,wind,2075,0.39
Taiwan,electricity,wind,wind,2080,0.39
Taiwan,electricity,wind,wind,2085,0.39
Taiwan,electricity,wind,wind,2090,0.39
Taiwan,electricity,wind,wind,2095,0.39
Taiwan,electricity,wind,wind,2100,0.39
Argentina,electricity,wind,wind,1975,0.45
Argentina,electricity,wind,wind,1990,0.45
Argentina,electricity,wind,wind,2005,0.45
Argentina,electricity,wind,wind,2010,0.45
Argentina,electricity,wind,wind,2015,0.45
Argentina,electricity,wind,wind,2020,0.45
Argentina,electricity,wind,wind,2025,0.45
Argentina,electricity,wind,wind,2030,0.45
Argentina,electricity,wind,wind,2035,0.45
Argentina,electricity,wind,wind,2040,0.45
Argentina,electricity,wind,wind,2045,0.45
Argentina,electricity,wind,wind,2050,0.45
Argentina,electricity,wind,wind,2055,0.45
Argentina,electricity,wind,wind,2060,0.45
Argentina,electricity,wind,wind,2065,0.45
Argentina,electricity,wind,wind,2070,0.45
Argentina,electricity,wind,wind,2075,0.45
Argentina,electricity,wind,wind,2080,0.45
Argentina,electricity,wind,wind,2085,0.45
Argentina,electricity,wind,wind,2090,0.45
Argentina,electricity,wind,wind,2095,0.45
Argentina,electricity,wind,wind,2100,0.45
Colombia,electricity,wind,wind,1975,0.4
Colombia,electricity,wind,wind,1990,0.4
Colombia,electricity,wind,wind,2005,0.4
Colombia,electricity,wind,wind,2010,0.4
Colombia,electricity,wind,wind,2015,0.4
Colombia,electricity,wind,wind,2020,0.4
Colombia,electricity,wind,wind,2025,0.4
Colombia,electricity,wind,wind,2030,0.4
Colombia,electricity,wind,wind,2035,0.4
Colombia,electricity,wind,wind,2040,0.4
Colombia,electricity,wind,wind,2045,0.4
Colombia,electricity,wind,wind,2050,0.4
Colombia,electricity,wind,wind,2055,0.4
Colombia,electricity,wind,wind,2060,0.4
Colombia,electricity,wind,wind,2065,0.4
Colombia,electricity,wind,wind,2070,0.4
Colombia,electricity,wind,wind,2075,0.4
Colombia,electricity,wind,wind,2080,0.4
Colombia,electricity,wind,wind,2085,0.4
Colombia,electricity,wind,wind,2090,0.4
Colombia,electricity,wind,wind,2095,0.4
Colombia,electricity,wind,wind,2100,0.4
Austria,electricity,wind,wind,1975,0.27
Austria,electricity,wind,wind,1990,0.27
Austria,electricity,wind,wind,2005,0.27
Austria,electricity,wind,wind,2010,0.27
Austria,electricity,wind,wind,2015,0.27
Austria,electricity,wind,wind,2020,0.27
Austria,electricity,wind,wind,2025,0.27
Austria,electricity,wind,wind,2030,0.27
Austria,electricity,wind,wind,2035,0.27
Austria,electricity,wind,wind,2040,0.27
Austria,electricity,wind,wind,2045,0.27
Austria,electricity,wind,wind,2050,0.27
Austria,electricity,wind,wind,2055,0.27
Austria,electricity,wind,wind,2060,0.27
Austria,electricity,wind,wind,2065,0.27
Austria,electricity,wind,wind,2070,0.27
Austria,electricity,wind,wind,2075,0.27
Austria,electricity,wind,wind,2080,0.27
Austria,electricity,wind,wind,2085,0.27
Austria,electricity,wind,wind,2090,0.27
Austria,electricity,wind,wind,2095,0.27
Austria,electricity,wind,wind,2100,0.27
Belgium,electricity,wind,wind,1975,0.37
Belgium,electricity,wind,wind,1990,0.37
Belgium,electricity,wind,wind,2005,0.37
Belgium,electricity,wind,wind,2010,0.37
Belgium,electricity,wind,wind,2015,0.37
Belgium,electricity,wind,wind,2020,0.37
Belgium,electricity,wind,wind,2025,0.37
Belgium,electricity,wind,wind,2030,0.37
Belgium,electricity,wind,wind,2035,0.37
Belgium,electricity,wind,wind,2040,0.37
Belgium,electricity,wind,wind,2045,0.37
Belgium,electricity,wind,wind,2050,0.37
Belgium,electricity,wind,wind,2055,0.37
Belgium,electricity,wind,wind,2060,0.37
Belgium,electricity,wind,wind,2065,0.37
Belgium,electricity,wind,wind,2070,0.37
Belgium,electricity,wind,wind,2075,0.37
Belgium,electricity,wind,wind,2080,0.37
Belgium,electricity,wind,wind,2085,0.37
Belgium,electricity,wind,wind,2090,0.37
Belgium,electricity,wind,wind,2095,0.37
Belgium,electricity,wind,wind,2100,0.37
Bulgaria,electricity,wind,wind,1975,0.3
Bulgaria,electricity,wind,wind,1990,0.3
Bulgaria,electricity,wind,wind,2005,0.3
Bulgaria,electricity,wind,wind,2010,0.3
Bulgaria,electricity,wind,wind,2015,0.3
Bulgaria,electricity,wind,wind,2020,0.3
Bulgaria,electricity,wind,wind,2025,0.3
Bulgaria,electricity,wind,wind,2030,0.3
Bulgaria,electricity,wind,wind,2035,0.3
Bulgaria,electricity,wind,wind,2040,0.3
Bulgaria,electricity,wind,wind,2045,0.3
Bulgaria,electricity,wind,wind,2050,0.3
Bulgaria,electricity,wind,wind,2055,0.3
Bulgaria,electricity,wind,wind,2060,0.3
Bulgaria,electricity,wind,wind,2065,0.3
Bulgaria,electricity,wind,wind,2070,0.3
Bulgaria,electricity,wind,wind,2075,0.3
Bulgaria,electricity,wind,wind,2080,0.3
Bulgaria,electricity,wind,wind,2085,0.3
Bulgaria,electricity,wind,wind,2090,0.3
Bulgaria,electricity,wind,wind,2095,0.3
Bulgaria,electricity,wind,wind,2100,0.3
Croatia,electricity,wind,wind,1975,0.42
Croatia,electricity,wind,wind,1990,0.42
Croatia,electricity,wind,wind,2005,0.42
Croatia,electricity,wind,wind,2010,0.42
Croatia,electricity,wind,wind,2015,0.42
Croatia,electricity,wind,wind,2020,0.42
Croatia,electricity,wind,wind,2025,0.42
Croatia,electricity,wind,wind,2030,0.42
Croatia,electricity,wind,wind,2035,0.42
Croatia,electricity,wind,wind,2040,0.42
Croatia,electricity,wind,wind,2045,0.42
Croatia,electricity,wind,wind,2050,0.42
Croatia,electricity,wind,wind,2055,0.42
Croatia,electricity,wind,wind,2060,0.42
Croatia,electricity,wind,wind,2065,0.42
Croatia,electricity,wind,wind,2070,0.42
Croatia,electricity,wind,wind,2075,0.42
Croatia,electricity,wind,wind,2080,0.42
Croatia,electricity,wind,wind,2085,0.42
Croatia,electricity,wind,wind,2090,0.42
Croatia,electricity,wind,wind,2095,0.42
Croatia,electricity,wind,wind,2100,0.42
Cyprus,electricity,wind,wind,1975,0.3
Cyprus,electricity,wind,wind,1990,0.3
Cyprus,electricity,wind,wind,2005,0.3
Cyprus,electricity,wind,wind,2010,0.3
Cyprus,electricity,wind,wind,2015,0.3
Cyprus,electricity,wind,wind,2020,0.3
Cyprus,electricity,wind,wind,2025,0.3
Cyprus,electricity,wind,wind,2030,0.3
Cyprus,electricity,wind,wind,2035,0.3
Cyprus,electricity,wind,wind,2040,0.3
Cyprus,electricity,wind,wind,2045,0.3
Cyprus,electricity,wind,wind,2050,0.3
Cyprus,electricity,wind,wind,2055,0.3
Cyprus,electricity,wind,wind,2060,0.3
Cyprus,electricity,wind,wind,2065,0.3
Cyprus,electricity,wind,wind,2070,0.3
Cyprus,electricity,wind,wind,2075,0.3
Cyprus,electricity,wind,wind,2080,0.3
Cyprus,electricity,wind,wind,2085,0.3
Cyprus,electricity,wind,wind,2090,0.3
Cyprus,electricity,wind,wind,2095,0.3
Cyprus,electricity,wind,wind,2100,0.3
Czech Republic,electricity,wind,wind,1975,0.29
Czech Republic,electricity,wind,wind,1990,0.29
Czech Republic,electricity,wind,wind,2005,0.29
Czech Republic,electricity,wind,wind,2010,0.29
Czech Republic,electricity,wind,wind,2015,0.29
Czech Republic,electricity,wind,wind,2020,0.29
Czech Republic,electricity,wind,wind,2025,0.29
Czech Republic,electricity,wind,wind,2030,0.29
Czech Republic,electricity,wind,wind,2035,0.29
Czech Republic,electricity,wind,wind,2040,0.29
Czech Republic,electricity,wind,wind,2045,0.29
Czech Republic,electricity,wind,wind,2050,0.29
Czech Republic,electricity,wind,wind,2055,0.29
Czech Republic,electricity,wind,wind,2060,0.29
Czech Republic,electricity,wind,wind,2065,0.29
Czech Republic,electricity,wind,wind,2070,0.29
Czech Republic,electricity,wind,wind,2075,0.29
Czech Republic,electricity,wind,wind,2080,0.29
Czech Republic,electricity,wind,wind,2085,0.29
Czech Republic,electricity,wind,wind,2090,0.29
Czech Republic,electricity,wind,wind,2095,0.29
Czech Republic,electricity,wind,wind,2100,0.29
Denmark,electricity,wind,wind,1975,0.46
Denmark,electricity,wind,wind,1990,0.46
Denmark,electricity,wind,wind,2005,0.46
Denmark,electricity,wind,wind,2010,0.46
Denmark,electricity,wind,wind,2015,0.46
Denmark,electricity,wind,wind,2020,0.46
Denmark,electricity,wind,wind,2025,0.46
Denmark,electricity,wind,wind,2030,0.46
Denmark,electricity,wind,wind,2035,0.46
Denmark,electricity,wind,wind,2040,0.46
Denmark,electricity,wind,wind,2045,0.46
Denmark,electricity,wind,wind,2050,0.46
Denmark,electricity,wind,wind,2055,0.46
Denmark,electricity,wind,wind,2060,0.46
Denmark,electricity,wind,wind,2065,0.46
Denmark,electricity,wind,wind,2070,0.46
Denmark,electricity,wind,wind,2075,0.46
Denmark,electricity,wind,wind,2080,0.46
Denmark,electricity,wind,wind,2085,0.46
Denmark,electricity,wind,wind,2090,0.46
Denmark,electricity,wind,wind,2095,0.46
Denmark,electricity,wind,wind,2100,0.46
Estonia,electricity,wind,wind,1975,0.45
Estonia,electricity,wind,wind,1990,0.45
Estonia,electricity,wind,wind,2005,0.45
Estonia,electricity,wind,wind,2010,0.45
Estonia,electricity,wind,wind,2015,0.45
Estonia,electricity,wind,wind,2020,0.45
Estonia,electricity,wind,wind,2025,0.45
Estonia,electricity,wind,wind,2030,0.45
Estonia,electricity,wind,wind,2035,0.45
Estonia,electricity,wind,wind,2040,0.45
Estonia,electricity,wind,wind,2045,0.45
Estonia,electricity,wind,wind,2050,0.45
Estonia,electricity,wind,wind,2055,0.45
Estonia,electricity,wind,wind,2060,0.45
Estonia,electricity,wind,wind,2065,0.45
Estonia,electricity,wind,wind,2070,0.45
Estonia,electricity,wind,wind,2075,0.45
Estonia,electricity,wind,wind,2080,0.45
Estonia,electricity,wind,wind,2085,0.45
Estonia,electricity,wind,wind,2090,0.45
Estonia,electricity,wind,wind,2095,0.45
Estonia,electricity,wind,wind,2100,0.45
Finland,electricity,wind,wind,1975,0.45
Finland,electricity,wind,wind,1990,0.45
Finland,electricity,wind,wind,2005,0.45
Finland,electricity,wind,wind,2010,0.45
Finland,electricity,wind,wind,2015,0.45
Finland,electricity,wind,wind,2020,0.45
Finland,electricity,wind,wind,2025,0.45
Finland,electricity,wind,wind,2030,0.45
Finland,electricity,wind,wind,2035,0.45
Finland,electricity,wind,wind,2040,0.45
Finland,electricity,wind,wind,2045,0.45
Finland,electricity,wind,wind,2050,0.45
Finland,electricity,wind,wind,2055,0.45
Finland,electricity,wind,wind,2060,0.45
Finland,electricity,wind,wind,2065,0.45
Finland,electricity,wind,wind,2070,0.45
Finland,electricity,wind,wind,2075,0.45
Finland,electricity,wind,wind,2080,0.45
Finland,electricity,wind,wind,2085,0.45
Finland,electricity,wind,wind,2090,0.45
Finland,electricity,wind,wind,2095,0.45
Finland,electricity,wind,wind,2100,0.45
France,electricity,wind,wind,1975,0.45
France,electricity,wind,wind,1990,0.45
France,electricity,wind,wind,2005,0.45
France,electricity,wind,wind,2010,0.45
France,electricity,wind,wind,2015,0.45
France,electricity,wind,wind,2020,0.45
France,electricity,wind,wind,2025,0.45
France,electricity,wind,wind,2030,0.45
France,electricity,wind,wind,2035,0.45
France,electricity,wind,wind,2040,0.45
France,electricity,wind,wind,2045,0.45
France,electricity,wind,wind,2050,0.45
France,electricity,wind,wind,2055,0.45
France,electricity,wind,wind,2060,0.45
France,electricity,wind,wind,2065,0.45
France,electricity,wind,wind,2070,0.45
France,electricity,wind,wind,2075,0.45
France,electricity,wind,wind,2080,0.45
France,electricity,wind,wind,2085,0.45
France,electricity,wind,wind,2090,0.45
France,electricity,wind,wind,2095,0.45
France,electricity,wind,wind,2100,0.45
Germany,electricity,wind,wind,1975,0.44
Germany,electricity,wind,wind,1990,0.44
Germany,electricity,wind,wind,2005,0.44
Germany,electricity,wind,wind,2010,0.44
Germany,electricity,wind,wind,2015,0.44
Germany,electricity,wind,wind,2020,0.44
Germany,electricity,wind,wind,2025,0.44
Germany,electricity,wind,wind,2030,0.44
Germany,electricity,wind,wind,2035,0.44
Germany,electricity,wind,wind,2040,0.44
Germany,electricity,wind,wind,2045,0.44
Germany,electricity,wind,wind,2050,0.44
Germany,electricity,wind,wind,2055,0.44
Germany,electricity,wind,wind,2060,0.44
Germany,electricity,wind,wind,2065,0.44
Germany,electricity,wind,wind,2070,0.44
Germany,electricity,wind,wind,2075,0.44
Germany,electricity,wind,wind,2080,0.44
Germany,electricity,wind,wind,2085,0.44
Germany,electricity,wind,wind,2090,0.44
Germany,electricity,wind,wind,2095,0.44
Germany,electricity,wind,wind,2100,0.44
Greece,electricity,wind,wind,1975,0.41
Greece,electricity,wind,wind,1990,0.41
Greece,electricity,wind,wind,2005,0.41
Greece,electricity,wind,wind,2010,0.41
Greece,electricity,wind,wind,2015,0.41
Greece,electricity,wind,wind,2020,0.41
Greece,electricity,wind,wind,2025,0.41
Greece,electricity,wind,wind,2030,0.41
Greece,electricity,wind,wind,2035,0.41
Greece,electricity,wind,wind,2040,0.41
Greece,electricity,wind,wind,2045,0.41
Greece,electricity,wind,wind,2050,0.41
Greece,electricity,wind,wind,2055,0.41
Greece,electricity,wind,wind,2060,0.41
Greece,electricity,wind,wind,2065,0.41
Greece,electricity,wind,wind,2070,0.41
Greece,electricity,wind,wind,2075,0.41
Greece,electricity,wind,wind,2080,0.41
Greece,electricity,wind,wind,2085,0.41
Greece,electricity,wind,wind,2090,0.41
Greece,electricity,wind,wind,2095,0.41
Greece,electricity,wind,wind,2100,0.41
Hungary,electricity,wind,wind,1975,0.24
Hungary,electricity,wind,wind,1990,0.24
Hungary,electricity,wind,wind,2005,0.24
Hungary,electricity,wind,wind,2010,0.24
Hungary,electricity,wind,wind,2015,0.24
Hungary,electricity,wind,wind,2020,0.24
Hungary,electricity,wind,wind,2025,0.24
Hungary,electricity,wind,wind,2030,0.24
Hungary,electricity,wind,wind,2035,0.24
Hungary,electricity,wind,wind,2040,0.24
Hungary,electricity,wind,wind,2045,0.24
Hungary,electricity,wind,wind,2050,0.24
Hungary,electricity,wind,wind,2055,0.24
Hungary,electricity,wind,wind,2060,0.24
Hungary,electricity,wind,wind,2065,0.24
Hungary,electricity,wind,wind,2070,0.24
Hungary,electricity,wind,wind,2075,0.24
Hungary,electricity,wind,wind,2080,0.24
Hungary,electricity,wind,wind,2085,0.24
Hungary,electricity,wind,wind,2090,0.24
Hungary,electricity,wind,wind,2095,0.24
Hungary,electricity,wind,wind,2100,0.24
Ireland,electricity,wind,wind,1975,0.45
Ireland,electricity,wind,wind,1990,0.45
Ireland,electricity,wind,wind,2005,0.45
Ireland,electricity,wind,wind,2010,0.45
Ireland,electricity,wind,wind,2015,0.45
Ireland,electricity,wind,wind,2020,0.45
Ireland,electricity,wind,wind,2025,0.45
Ireland,electricity,wind,wind,2030,0.45
Ireland,electricity,wind,wind,2035,0.45
Ireland,electricity,wind,wind,2040,0.45
Ireland,electricity,wind,wind,2045,0.45
Ireland,electricity,wind,wind,2050,0.45
Ireland,electricity,wind,wind,2055,0.45
Ireland,electricity,wind,wind,2060,0.45
Ireland,electricity,wind,wind,2065,0.45
Ireland,electricity,wind,wind,2070,0.45
Ireland,electricity,wind,wind,2075,0.45
Ireland,electricity,wind,wind,2080,0.45
Ireland,electricity,wind,wind,2085,0.45
Ireland,electricity,wind,wind,2090,0.45
Ireland,electricity,wind,wind,2095,0.45
Ireland,electricity,wind,wind,2100,0.45
Italy,electricity,wind,wind,1975,0.38
Italy,electricity,wind,wind,1990,0.38
Italy,electricity,wind,wind,2005,0.38
Italy,electricity,wind,wind,2010,0.38
Italy,electricity,wind,wind,2015,0.38
Italy,electricity,wind,wind,2020,0.38
Italy,electricity,wind,wind,2025,0.38
Italy,electricity,wind,wind,2030,0.38
Italy,electricity,wind,wind,2035,0.38
Italy,electricity,wind,wind,2040,0.38
Italy,electricity,wind,wind,2045,0.38
Italy,electricity,wind,wind,2050,0.38
Italy,electricity,wind,wind,2055,0.38
Italy,electricity,wind,wind,2060,0.38
Italy,electricity,wind,wind,2065,0.38
Italy,electricity,wind,wind,2070,0.38
Italy,electricity,wind,wind,2075,0.38
Italy,electricity,wind,wind,2080,0.38
Italy,electricity,wind,wind,2085,0.38
Italy,electricity,wind,wind,2090,0.38
Italy,electricity,wind,wind,2095,0.38
Italy,electricity,wind,wind,2100,0.38
Latvia,electricity,wind,wind,1975,0.44
Latvia,electricity,wind,wind,1990,0.44
Latvia,electricity,wind,wind,2005,0.44
Latvia,electricity,wind,wind,2010,0.44
Latvia,electricity,wind,wind,2015,0.44
Latvia,electricity,wind,wind,2020,0.44
Latvia,electricity,wind,wind,2025,0.44
Latvia,electricity,wind,wind,2030,0.44
Latvia,electricity,wind,wind,2035,0.44
Latvia,electricity,wind,wind,2040,0.44
Latvia,electricity,wind,wind,2045,0.44
Latvia,electricity,wind,wind,2050,0.44
Latvia,electricity,wind,wind,2055,0.44
Latvia,electricity,wind,wind,2060,0.44
Latvia,electricity,wind,wind,2065,0.44
Latvia,electricity,wind,wind,2070,0.44
Latvia,electricity,wind,wind,2075,0.44
Latvia,electricity,wind,wind,2080,0.44
Latvia,electricity,wind,wind,2085,0.44
Latvia,electricity,wind,wind,2090,0.44
Latvia,electricity,wind,wind,2095,0.44
Latvia,electricity,wind,wind,2100,0.44
Lithuania,electricity,wind,wind,1975,0.44
Lithuania,electricity,wind,wind,1990,0.44
Lithuania,electricity,wind,wind,2005,0.44
Lithuania,electricity,wind,wind,2010,0.44
Lithuania,electricity,wind,wind,2015,0.44
Lithuania,electricity,wind,wind,2020,0.44
Lithuania,electricity,wind,wind,2025,0.44
Lithuania,electricity,wind,wind,2030,0.44
Lithuania,electricity,wind,wind,2035,0.44
Lithuania,electricity,wind,wind,2040,0.44
Lithuania,electricity,wind,wind,2045,0.44
Lithuania,electricity,wind,wind,2050,0.44
Lithuania,electricity,wind,wind,2055,0.44
Lithuania,electricity,wind,wind,2060,0.44
Lithuania,electricity,wind,wind,2065,0.44
Lithuania,electricity,wind,wind,2070,0.44
Lithuania,electricity,wind,wind,2075,0.44
Lithuania,electricity,wind,wind,2080,0.44
Lithuania,electricity,wind,wind,2085,0.44
Lithuania,electricity,wind,wind,2090,0.44
Lithuania,electricity,wind,wind,2095,0.44
Lithuania,electricity,wind,wind,2100,0.44
Luxembourg,electricity,wind,wind,1975,0.3
Luxembourg,electricity,wind,wind,1990,0.3
Luxembourg,electricity,wind,wind,2005,0.3
Luxembourg,electricity,wind,wind,2010,0.3
Luxembourg,electricity,wind,wind,2015,0.3
Luxembourg,electricity,wind,wind,2020,0.3
Luxembourg,electricity,wind,wind,2025,0.3
Luxembourg,electricity,wind,wind,2030,0.3
Luxembourg,electricity,wind,wind,2035,0.3
Luxembourg,electricity,wind,wind,2040,0.3
Luxembourg,electricity,wind,wind,2045,0.3
Luxembourg,electricity,wind,wind,2050,0.3
Luxembourg,electricity,wind,wind,2055,0.3
Luxembourg,electricity,wind,wind,2060,0.3
Luxembourg,electricity,wind,wind,2065,0.3
Luxembourg,electricity,wind,wind,2070,0.3
Luxembourg,electricity,wind,wind,2075,0.3
Luxembourg,electricity,wind,wind,2080,0.3
Luxembourg,electricity,wind,wind,2085,0.3
Luxembourg,electricity,wind,wind,2090,0.3
Luxembourg,electricity,wind,wind,2095,0.3
Luxembourg,electricity,wind,wind,2100,0.3
Malta,electricity,wind,wind,1975,0.3
Malta,electricity,wind,wind,1990,0.3
Malta,electricity,wind,wind,2005,0.3
Malta,electricity,wind,wind,2010,0.3
Malta,electricity,wind,wind,2015,0.3
Malta,electricity,wind,wind,2020,0.3
Malta,electricity,wind,wind,2025,0.3
Malta,electricity,wind,wind,2030,0.3
Malta,electricity,wind,wind,2035,0.3
Malta,electricity,wind,wind,2040,0.3
Malta,electricity,wind,wind,2045,0.3
Malta,electricity,wind,wind,2050,0.3
Malta,electricity,wind,wind,2055,0.3
Malta,electricity,wind,wind,2060,0.3
Malta,electricity,wind,wind,2065,0.3
Malta,electricity,wind,wind,2070,0.3
Malta,electricity,wind,wind,2075,0.3
Malta,electricity,wind,wind,2080,0.3
Malta,electricity,wind,wind,2085,0.3
Malta,electricity,wind,wind,2090,0.3
Malta,electricity,wind,wind,2095,0.3
Malta,electricity,wind,wind,2100,0.3
Netherlands,electricity,wind,wind,1975,0.44
Netherlands,electricity,wind,wind,1990,0.44
Netherlands,electricity,wind,wind,2005,0.44
Netherlands,electricity,wind,wind,2010,0.44
Netherlands,electricity,wind,wind,2015,0.44
Netherlands,electricity,wind,wind,2020,0.44
Netherlands,electricity,wind,wind,2025,0.44
Netherlands,electricity,wind,wind,2030,0.44
Netherlands,electricity,wind,wind,2035,0.44
Netherlands,electricity,wind,wind,2040,0.44
Netherlands,electricity,wind,wind,2045,0.44
Netherlands,electricity,wind,wind,2050,0.44
Netherlands,electricity,wind,wind,2055,0.44
Netherlands,electricity,wind,wind,2060,0.44
Netherlands,electricity,wind,wind,2065,0.44
Netherlands,electricity,wind,wind,2070,0.44
Netherlands,electricity,wind,wind,2075,0.44
Netherlands,electricity,wind,wind,2080,0.44
Netherlands,electricity,wind,wind,2085,0.44
Netherlands,electricity,wind,wind,2090,0.44
Netherlands,electricity,wind,wind,2095,0.44
Netherlands,electricity,wind,wind,2100,0.44
Poland,electricity,wind,wind,1975,0.39
Poland,electricity,wind,wind,1990,0.39
Poland,electricity,wind,wind,2005,0.39
Poland,electricity,wind,wind,2010,0.39
Poland,electricity,wind,wind,2015,0.39
Poland,electricity,wind,wind,2020,0.39
Poland,electricity,wind,wind,2025,0.39
Poland,electricity,wind,wind,2030,0.39
Poland,electricity,wind,wind,2035,0.39
Poland,electricity,wind,wind,2040,0.39
Poland,electricity,wind,wind,2045,0.39
Poland,electricity,wind,wind,2050,0.39
Poland,electricity,wind,wind,2055,0.39
Poland,electricity,wind,wind,2060,0.39
Poland,electricity,wind,wind,2065,0.39
Poland,electricity,wind,wind,2070,0.39
Poland,electricity,wind,wind,2075,0.39
Poland,electricity,wind,wind,2080,0.39
Poland,electricity,wind,wind,2085,0.39
Poland,electricity,wind,wind,2090,0.39
Poland,electricity,wind,wind,2095,0.39
Poland,electricity,wind,wind,2100,0.39
Portugal,electricity,wind,wind,1975,0.43
Portugal,electricity,wind,wind,1990,0.43
Portugal,electricity,wind,wind,2005,0.43
Portugal,electricity,wind,wind,2010,0.43
Portugal,electricity,wind,wind,2015,0.43
Portugal,electricity,wind,wind,2020,0.43
Portugal,electricity,wind,wind,2025,0.43
Portugal,electricity,wind,wind,2030,0.43
Portugal,electricity,wind,wind,2035,0.43
Portugal,electricity,wind,wind,2040,0.43
Portugal,electricity,wind,wind,2045,0.43
Portugal,electricity,wind,wind,2050,0.43
Portugal,electricity,wind,wind,2055,0.43
Portugal,electricity,wind,wind,2060,0.43
Portugal,electricity,wind,wind,2065,0.43
Portugal,electricity,wind,wind,2070,0.43
Portugal,electricity,wind,wind,2075,0.43
Portugal,electricity,wind,wind,2080,0.43
Portugal,electricity,wind,wind,2085,0.43
Portugal,electricity,wind,wind,2090,0.43
Portugal,electricity,wind,wind,2095,0.43
Portugal,electricity,wind,wind,2100,0.43
Romania,electricity,wind,wind,1975,0.37
Romania,electricity,wind,wind,1990,0.37
Romania,electricity,wind,wind,2005,0.37
Romania,electricity,wind,wind,2010,0.37
Romania,electricity,wind,wind,2015,0.37
Romania,electricity,wind,wind,2020,0.37
Romania,electricity,wind,wind,2025,0.37
Romania,electricity,wind,wind,2030,0.37
Romania,electricity,wind,wind,2035,0.37
Romania,electricity,wind,wind,2040,0.37
Romania,electricity,wind,wind,2045,0.37
Romania,electricity,wind,wind,2050,0.37
Romania,electricity,wind,wind,2055,0.37
Romania,electricity,wind,wind,2060,0.37
Romania,electricity,wind,wind,2065,0.37
Romania,electricity,wind,wind,2070,0.37
Romania,electricity,wind,wind,2075,0.37
Romania,electricity,wind,wind,2080,0.37
Romania,electricity,wind,wind,2085,0.37
Romania,electricity,wind,wind,2090,0.37
Romania,electricity,wind,wind,2095,0.37
Romania,electricity,wind,wind,2100,0.37
Slovakia,electricity,wind,wind,1975,0.24
Slovakia,electricity,wind,wind,1990,0.24
Slovakia,electricity,wind,wind,2005,0.24
Slovakia,electricity,wind,wind,2010,0.24
Slovakia,electricity,wind,wind,2015,0.24
Slovakia,electricity,wind,wind,2020,0.24
Slovakia,electricity,wind,wind,2025,0.24
Slovakia,electricity,wind,wind,2030,0.24
Slovakia,electricity,wind,wind,2035,0.24
Slovakia,electricity,wind,wind,2040,0.24
Slovakia,electricity,wind,wind,2045,0.24
Slovakia,electricity,wind,wind,2050,0.24
Slovakia,electricity,wind,wind,2055,0.24
Slovakia,electricity,wind,wind,2060,0.24
Slovakia,electricity,wind,wind,2065,0.24
Slovakia,electricity,wind,wind,2070,0.24
Slovakia,electricity,wind,wind,2075,0.24
Slovakia,electricity,wind,wind,2080,0.24
Slovakia,electricity,wind,wind,2085,0.24
Slovakia,electricity,wind,wind,2090,0.24
Slovakia,electricity,wind,wind,2095,0.24
Slovakia,electricity,wind,wind,2100,0.24
Slovenia,electricity,wind,wind,1975,0.31
Slovenia,electricity,wind,wind,1990,0.31
Slovenia,electricity,wind,wind,2005,0.31
Slovenia,electricity,wind,wind,2010,0.31
Slovenia,electricity,wind,wind,2015,0.31
Slovenia,electricity,wind,wind,2020,0.31
Slovenia,electricity,wind,wind,2025,0.31
Slovenia,electricity,wind,wind,2030,0.31
Slovenia,electricity,wind,wind,2035,0.31
Slovenia,electricity,wind,wind,2040,0.31
Slovenia,electricity,wind,wind,2045,0.31
Slovenia,electricity,wind,wind,2050,0.31
Slovenia,electricity,wind,wind,2055,0.31
Slovenia,electricity,wind,wind,2060,0.31
Slovenia,electricity,wind,wind,2065,0.31
Slovenia,electricity,wind,wind,2070,0.31
Slovenia,electricity,wind,wind,2075,0.31
Slovenia,electricity,wind,wind,2080,0.31
Slovenia,electricity,wind,wind,2085,0.31
Slovenia,electricity,wind,wind,2090,0.31
Slovenia,electricity,wind,wind,2095,0.31
Slovenia,electricity,wind,wind,2100,0.31
Spain,electricity,wind,wind,1975,0.45
Spain,electricity,wind,wind,1990,0.45
Spain,electricity,wind,wind,2005,0.45
Spain,electricity,wind,wind,2010,0.45
Spain,electricity,wind,wind,2015,0.45
Spain,electricity,wind,wind,2020,0.45
Spain,electricity,wind,wind,2025,0.45
Spain,electricity,wind,wind,2030,0.45
Spain,electricity,wind,wind,2035,0.45
Spain,electricity,wind,wind,2040,0.45
Spain,electricity,wind,wind,2045,0.45
Spain,electricity,wind,wind,2050,0.45
Spain,electricity,wind,wind,2055,0.45
Spain,electricity,wind,wind,2060,0.45
Spain,electricity,wind,wind,2065,0.45
Spain,electricity,wind,wind,2070,0.45
Spain,electricity,wind,wind,2075,0.45
Spain,electricity,wind,wind,2080,0.45
Spain,electricity,wind,wind,2085,0.45
Spain,electricity,wind,wind,2090,0.45
Spain,electricity,wind,wind,2095,0.45
Spain,electricity,wind,wind,2100,0.45
Sweden,electricity,wind,wind,1975,0.46
Sweden,electricity,wind,wind,1990,0.46
Sweden,electricity,wind,wind,2005,0.46
Sweden,electricity,wind,wind,2010,0.46
Sweden,electricity,wind,wind,2015,0.46
Sweden,electricity,wind,wind,2020,0.46
Sweden,electricity,wind,wind,2025,0.46
Sweden,electricity,wind,wind,2030,0.46
Sweden,electricity,wind,wind,2035,0.46
Sweden,electricity,wind,wind,2040,0.46
Sweden,electricity,wind,wind,2045,0.46
Sweden,electricity,wind,wind,2050,0.46
Sweden,electricity,wind,wind,2055,0.46
Sweden,electricity,wind,wind,2060,0.46
Sweden,electricity,wind,wind,2065,0.46
Sweden,electricity,wind,wind,2070,0.46
Sweden,electricity,wind,wind,2075,0.46
Sweden,electricity,wind,wind,2080,0.46
Sweden,electricity,wind,wind,2085,0.46
Sweden,electricity,wind,wind,2090,0.46
Sweden,electricity,wind,wind,2095,0.46
Sweden,electricity,wind,wind,2100,0.46
Albania,electricity,wind,wind,1975,0.34
Albania,electricity,wind,wind,1990,0.34
Albania,electricity,wind,wind,2005,0.34
Albania,electricity,wind,wind,2010,0.34
Albania,electricity,wind,wind,2015,0.34
Albania,electricity,wind,wind,2020,0.34
Albania,electricity,wind,wind,2025,0.34
Albania,electricity,wind,wind,2030,0.34
Albania,electricity,wind,wind,2035,0.34
Albania,electricity,wind,wind,2040,0.34
Albania,electricity,wind,wind,2045,0.34
Albania,electricity,wind,wind,2050,0.34
Albania,electricity,wind,wind,2055,0.34
Albania,electricity,wind,wind,2060,0.34
Albania,electricity,wind,wind,2065,0.34
Albania,electricity,wind,wind,2070,0.34
Albania,electricity,wind,wind,2075,0.34
Albania,electricity,wind,wind,2080,0.34
Albania,electricity,wind,wind,2085,0.34
Albania,electricity,wind,wind,2090,0.34
Albania,electricity,wind,wind,2095,0.34
Albania,electricity,wind,wind,2100,0.34
Belarus,electricity,wind,wind,1975,0.31
Belarus,electricity,wind,wind,1990,0.31
Belarus,electricity,wind,wind,2005,0.31
Belarus,electricity,wind,wind,2010,0.31
Belarus,electricity,wind,wind,2015,0.31
Belarus,electricity,wind,wind,2020,0.31
Belarus,electricity,wind,wind,2025,0.31
Belarus,electricity,wind,wind,2030,0.31
Belarus,electricity,wind,wind,2035,0.31
Belarus,electricity,wind,wind,2040,0.31
Belarus,electricity,wind,wind,2045,0.31
Belarus,electricity,wind,wind,2050,0.31
Belarus,electricity,wind,wind,2055,0.31
Belarus,electricity,wind,wind,2060,0.31
Belarus,electricity,wind,wind,2065,0.31
Belarus,electricity,wind,wind,2070,0.31
Belarus,electricity,wind,wind,2075,0.31
Belarus,electricity,wind,wind,2080,0.31
Belarus,electricity,wind,wind,2085,0.31
Belarus,electricity,wind,wind,2090,0.31
Belarus,electricity,wind,wind,2095,0.31
Belarus,electricity,wind,wind,2100,0.31
Bosnia and Herzegovina,electricity,wind,wind,1975,0.34
Bosnia and Herzegovina,electricity,wind,wind,1990,0.34
Bosnia and Herzegovina,electricity,wind,wind,2005,0.34
Bosnia and Herzegovina,electricity,wind,wind,2010,0.34
Bosnia and Herzegovina,electricity,wind,wind,2015,0.34
Bosnia and Herzegovina,electricity,wind,wind,2020,0.34
Bosnia and Herzegovina,electricity,wind,wind,2025,0.34
Bosnia and Herzegovina,electricity,wind,wind,2030,0.34
Bosnia and Herzegovina,electricity,wind,wind,2035,0.34
Bosnia and Herzegovina,electricity,wind,wind,2040,0.34
Bosnia and Herzegovina,electricity,wind,wind,2045,0.34
Bosnia and Herzegovina,electricity,wind,wind,2050,0.34
Bosnia and Herzegovina,electricity,wind,wind,2055,0.34
Bosnia and Herzegovina,electricity,wind,wind,2060,0.34
Bosnia and Herzegovina,electricity,wind,wind,2065,0.34
Bosnia and Herzegovina,electricity,wind,wind,2070,0.34
Bosnia and Herzegovina,electricity,wind,wind,2075,0.34
Bosnia and Herzegovina,electricity,wind,wind,2080,0.34
Bosnia and Herzegovina,electricity,wind,wind,2085,0.34
Bosnia and Herzegovina,electricity,wind,wind,2090,0.34
Bosnia and Herzegovina,electricity,wind,wind,2095,0.34
Bosnia and Herzegovina,electricity,wind,wind,2100,0.34
Iceland,electricity,wind,wind,1975,0.45
Iceland,electricity,wind,wind,1990,0.45
Iceland,electricity,wind,wind,2005,0.45
Iceland,electricity,wind,wind,2010,0.45
Iceland,electricity,wind,wind,2015,0.45
Iceland,electricity,wind,wind,2020,0.45
Iceland,electricity,wind,wind,2025,0.45
Iceland,electricity,wind,wind,2030,0.45
Iceland,electricity,wind,wind,2035,0.45
Iceland,electricity,wind,wind,2040,0.45
Iceland,electricity,wind,wind,2045,0.45
Iceland,electricity,wind,wind,2050,0.45
Iceland,electricity,wind,wind,2055,0.45
Iceland,electricity,wind,wind,2060,0.45
Iceland,electricity,wind,wind,2065,0.45
Iceland,electricity,wind,wind,2070,0.45
Iceland,electricity,wind,wind,2075,0.45
Iceland,electricity,wind,wind,2080,0.45
Iceland,electricity,wind,wind,2085,0.45
Iceland,electricity,wind,wind,2090,0.45
Iceland,electricity,wind,wind,2095,0.45
Iceland,electricity,wind,wind,2100,0.45
Macedonia,electricity,wind,wind,1975,0.19
Macedonia,electricity,wind,wind,1990,0.19
Macedonia,electricity,wind,wind,2005,0.19
Macedonia,electricity,wind,wind,2010,0.19
Macedonia,electricity,wind,wind,2015,0.19
Macedonia,electricity,wind,wind,2020,0.19
Macedonia,electricity,wind,wind,2025,0.19
Macedonia,electricity,wind,wind,2030,0.19
Macedonia,electricity,wind,wind,2035,0.19
Macedonia,electricity,wind,wind,2040,0.19
Macedonia,electricity,wind,wind,2045,0.19
Macedonia,electricity,wind,wind,2050,0.19
Macedonia,electricity,wind,wind,2055,0.19
Macedonia,electricity,wind,wind,2060,0.19
Macedonia,electricity,wind,wind,2065,0.19
Macedonia,electricity,wind,wind,2070,0.19
Macedonia,electricity,wind,wind,2075,0.19
Macedonia,electricity,wind,wind,2080,0.19
Macedonia,electricity,wind,wind,2085,0.19
Macedonia,electricity,wind,wind,2090,0.19
Macedonia,electricity,wind,wind,2095,0.19
Macedonia,electricity,wind,wind,2100,0.19
Moldova,electricity,wind,wind,1975,0.27
Moldova,electricity,wind,wind,1990,0.27
Moldova,electricity,wind,wind,2005,0.27
Moldova,electricity,wind,wind,2010,0.27
Moldova,electricity,wind,wind,2015,0.27
Moldova,electricity,wind,wind,2020,0.27
Moldova,electricity,wind,wind,2025,0.27
Moldova,electricity,wind,wind,2030,0.27
Moldova,electricity,wind,wind,2035,0.27
Moldova,electricity,wind,wind,2040,0.27
Moldova,electricity,wind,wind,2045,0.27
Moldova,electricity,wind,wind,2050,0.27
Moldova,electricity,wind,wind,2055,0.27
Moldova,electricity,wind,wind,2060,0.27
Moldova,electricity,wind,wind,2065,0.27
Moldova,electricity,wind,wind,2070,0.27
Moldova,electricity,wind,wind,2075,0.27
Moldova,electricity,wind,wind,2080,0.27
Moldova,electricity,wind,wind,2085,0.27
Moldova,electricity,wind,wind,2090,0.27
Moldova,electricity,wind,wind,2095,0.27
Moldova,electricity,wind,wind,2100,0.27
Norway,electricity,wind,wind,1975,0.45
Norway,electricity,wind,wind,1990,0.45
Norway,electricity,wind,wind,2005,0.45
Norway,electricity,wind,wind,2010,0.45
Norway,electricity,wind,wind,2015,0.45
Norway,electricity,wind,wind,2020,0.45
Norway,electricity,wind,wind,2025,0.45
Norway,electricity,wind,wind,2030,0.45
Norway,electricity,wind,wind,2035,0.45
Norway,electricity,wind,wind,2040,0.45
Norway,electricity,wind,wind,2045,0.45
Norway,electricity,wind,wind,2050,0.45
Norway,electricity,wind,wind,2055,0.45
Norway,electricity,wind,wind,2060,0.45
Norway,electricity,wind,wind,2065,0.45
Norway,electricity,wind,wind,2070,0.45
Norway,electricity,wind,wind,2075,0.45
Norway,electricity,wind,wind,2080,0.45
Norway,electricity,wind,wind,2085,0.45
Norway,electricity,wind,wind,2090,0.45
Norway,electricity,wind,wind,2095,0.45
Norway,electricity,wind,wind,2100,0.45
Serbia and Montenegro,electricity,wind,wind,1975,0.33
Serbia and Montenegro,electricity,wind,wind,1990,0.33
Serbia and Montenegro,electricity,wind,wind,2005,0.33
Serbia and Montenegro,electricity,wind,wind,2010,0.33
Serbia and Montenegro,electricity,wind,wind,2015,0.33
Serbia and Montenegro,electricity,wind,wind,2020,0.33
Serbia and Montenegro,electricity,wind,wind,2025,0.33
Serbia and Montenegro,electricity,wind,wind,2030,0.33
Serbia and Montenegro,electricity,wind,wind,2035,0.33
Serbia and Montenegro,electricity,wind,wind,2040,0.33
Serbia and Montenegro,electricity,wind,wind,2045,0.33
Serbia and Montenegro,electricity,wind,wind,2050,0.33
Serbia and Montenegro,electricity,wind,wind,2055,0.33
Serbia and Montenegro,electricity,wind,wind,2060,0.33
Serbia and Montenegro,electricity,wind,wind,2065,0.33
Serbia and Montenegro,electricity,wind,wind,2070,0.33
Serbia and Montenegro,electricity,wind,wind,2075,0.33
Serbia and Montenegro,electricity,wind,wind,2080,0.33
Serbia and Montenegro,electricity,wind,wind,2085,0.33
Serbia and Montenegro,electricity,wind,wind,2090,0.33
Serbia and Montenegro,electricity,wind,wind,2095,0.33
Serbia and Montenegro,electricity,wind,wind,2100,0.33
Switzerland,electricity,wind,wind,1975,0.23
Switzerland,electricity,wind,wind,1990,0.23
Switzerland,electricity,wind,wind,2005,0.23
Switzerland,electricity,wind,wind,2010,0.23
Switzerland,electricity,wind,wind,2015,0.23
Switzerland,electricity,wind,wind,2020,0.23
Switzerland,electricity,wind,wind,2025,0.23
Switzerland,electricity,wind,wind,2030,0.23
Switzerland,electricity,wind,wind,2035,0.23
Switzerland,electricity,wind,wind,2040,0.23
Switzerland,electricity,wind,wind,2045,0.23
Switzerland,electricity,wind,wind,2050,0.23
Switzerland,electricity,wind,wind,2055,0.23
Switzerland,electricity,wind,wind,2060,0.23
Switzerland,electricity,wind,wind,2065,0.23
Switzerland,electricity,wind,wind,2070,0.23
Switzerland,electricity,wind,wind,2075,0.23
Switzerland,electricity,wind,wind,2080,0.23
Switzerland,electricity,wind,wind,2085,0.23
Switzerland,electricity,wind,wind,2090,0.23
Switzerland,electricity,wind,wind,2095,0.23
Switzerland,electricity,wind,wind,2100,0.23
Turkey,electricity,wind,wind,1975,0.44
Turkey,electricity,wind,wind,1990,0.44
Turkey,electricity,wind,wind,2005,0.44
Turkey,electricity,wind,wind,2010,0.44
Turkey,electricity,wind,wind,2015,0.44
Turkey,electricity,wind,wind,2020,0.44
Turkey,electricity,wind,wind,2025,0.44
Turkey,electricity,wind,wind,2030,0.44
Turkey,electricity,wind,wind,2035,0.44
Turkey,electricity,wind,wind,2040,0.44
Turkey,electricity,wind,wind,2045,0.44
Turkey,electricity,wind,wind,2050,0.44
Turkey,electricity,wind,wind,2055,0.44
Turkey,electricity,wind,wind,2060,0.44
Turkey,electricity,wind,wind,2065,0.44
Turkey,electricity,wind,wind,2070,0.44
Turkey,electricity,wind,wind,2075,0.44
Turkey,electricity,wind,wind,2080,0.44
Turkey,electricity,wind,wind,2085,0.44
Turkey,electricity,wind,wind,2090,0.44
Turkey,electricity,wind,wind,2095,0.44
Turkey,electricity,wind,wind,2100,0.44
UK,electricity,wind,wind,1975,0.46
UK,electricity,wind,wind,1990,0.46
UK,electricity,wind,wind,2005,0.46
UK,electricity,wind,wind,2010,0.46
UK,electricity,wind,wind,2015,0.46
UK,electricity,wind,wind,2020,0.46
UK,electricity,wind,wind,2025,0.46
UK,electricity,wind,wind,2030,0.46
UK,electricity,wind,wind,2035,0.46
UK,electricity,wind,wind,2040,0.46
UK,electricity,wind,wind,2045,0.46
UK,electricity,wind,wind,2050,0.46
UK,electricity,wind,wind,2055,0.46
UK,electricity,wind,wind,2060,0.46
UK,electricity,wind,wind,2065,0.46
UK,electricity,wind,wind,2070,0.46
UK,electricity,wind,wind,2075,0.46
UK,electricity,wind,wind,2080,0.46
UK,electricity,wind,wind,2085,0.46
UK,electricity,wind,wind,2090,0.46
UK,electricity,wind,wind,2095,0.46
UK,electricity,wind,wind,2100,0.46
Ukraine,electricity,wind,wind,1975,0.41
Ukraine,electricity,wind,wind,1990,0.41
Ukraine,electricity,wind,wind,2005,0.41
Ukraine,electricity,wind,wind,2010,0.41
Ukraine,electricity,wind,wind,2015,0.41
Ukraine,electricity,wind,wind,2020,0.41
Ukraine,electricity,wind,wind,2025,0.41
Ukraine,electricity,wind,wind,2030,0.41
Ukraine,electricity,wind,wind,2035,0.41
Ukraine,electricity,wind,wind,2040,0.41
Ukraine,electricity,wind,wind,2045,0.41
Ukraine,electricity,wind,wind,2050,0.41
Ukraine,electricity,wind,wind,2055,0.41
Ukraine,electricity,wind,wind,2060,0.41
Ukraine,electricity,wind,wind,2065,0.41
Ukraine,electricity,wind,wind,2070,0.41
Ukraine,electricity,wind,wind,2075,0.41
Ukraine,electricity,wind,wind,2080,0.41
Ukraine,electricity,wind,wind,2085,0.41
Ukraine,electricity,wind,wind,2090,0.41
Ukraine,electricity,wind,wind,2095,0.41
Ukraine,electricity,wind,wind,2100,0.41
USA,elect_td_bld,rooftop_pv,rooftop_pv,1975,0.170000237372851
Africa_Eastern,elect_td_bld,rooftop_pv,rooftop_pv,1975,0.240008956445982
Africa_Northern,elect_td_bld,rooftop_pv,rooftop_pv,1975,0.238169122796576
Africa_Southern,elect_td_bld,rooftop_pv,rooftop_pv,1975,0.234210230791587
Africa_Western,elect_td_bld,rooftop_pv,rooftop_pv,1975,0.232534914951149
Australia_NZ,elect_td_bld,rooftop_pv,rooftop_pv,1975,0.231643404469772
Brazil,elect_td_bld,rooftop_pv,rooftop_pv,1975,0.209707320001716
Canada,elect_td_bld,rooftop_pv,rooftop_pv,1975,0.110313623628536
Central America and Caribbean,elect_td_bld,rooftop_pv,rooftop_pv,1975,0.213632345003911
Central Asia,elect_td_bld,rooftop_pv,rooftop_pv,1975,0.182474340754093
China,elect_td_bld,rooftop_pv,rooftop_pv,1975,0.203902275010573
India,elect_td_bld,rooftop_pv,rooftop_pv,1975,0.210256611036008
Indonesia,elect_td_bld,rooftop_pv,rooftop_pv,1975,0.19699988976121
Japan,elect_td_bld,rooftop_pv,rooftop_pv,1975,0.160753750764185
Mexico,elect_td_bld,rooftop_pv,rooftop_pv,1975,0.228167610634176
Middle East,elect_td_bld,rooftop_pv,rooftop_pv,1975,0.232663088287853
Pakistan,elect_td_bld,rooftop_pv,rooftop_pv,1975,0.220675739474765
Russia,elect_td_bld,rooftop_pv,rooftop_pv,1975,0.110683898976316
South Africa,elect_td_bld,rooftop_pv,rooftop_pv,1975,0.234724479560114
South America_Northern,elect_td_bld,rooftop_pv,rooftop_pv,1975,0.206617429342051
South America_Southern,elect_td_bld,rooftop_pv,rooftop_pv,1975,0.204560384759227
South Asia,elect_td_bld,rooftop_pv,rooftop_pv,1975,0.216567807005904
South Korea,elect_td_bld,rooftop_pv,rooftop_pv,1975,0.177842888977991
Southeast Asia,elect_td_bld,rooftop_pv,rooftop_pv,1975,0.202069561807951
Taiwan,elect_td_bld,rooftop_pv,rooftop_pv,1975,0.169964676565435
Argentina,elect_td_bld,rooftop_pv,rooftop_pv,1975,0.197924141989948
Colombia,elect_td_bld,rooftop_pv,rooftop_pv,1975,0.18601404795527
Austria,elect_td_bld,rooftop_pv,rooftop_pv,1975,0.138936957171441
Belgium,elect_td_bld,rooftop_pv,rooftop_pv,1975,0.12174186578174
Bulgaria,elect_td_bld,rooftop_pv,rooftop_pv,1975,0.162232102749138
Croatia,elect_td_bld,rooftop_pv,rooftop_pv,1975,0.169957080343306
Cyprus,elect_td_bld,rooftop_pv,rooftop_pv,1975,0.224999478050975
Czech Republic,elect_td_bld,rooftop_pv,rooftop_pv,1975,0.127189160917822
Denmark,elect_td_bld,rooftop_pv,rooftop_pv,1975,0.121762468401259
Estonia,elect_td_bld,rooftop_pv,rooftop_pv,1975,0.124620102787013
Finland,elect_td_bld,rooftop_pv,rooftop_pv,1975,0.101771256132376
France,elect_td_bld,rooftop_pv,rooftop_pv,1975,0.151204502017616
Germany,elect_td_bld,rooftop_pv,rooftop_pv,1975,0.119059907047066
Greece,elect_td_bld,rooftop_pv,rooftop_pv,1975,0.185286282850352
Hungary,elect_td_bld,rooftop_pv,rooftop_pv,1975,0.145497180487682
Ireland,elect_td_bld,rooftop_pv,rooftop_pv,1975,0.107349015055682
Italy,elect_td_bld,rooftop_pv,rooftop_pv,1975,0.181651563373901
Latvia,elect_td_bld,rooftop_pv,rooftop_pv,1975,0.12509568688641
Lithuania,elect_td_bld,rooftop_pv,rooftop_pv,1975,0.128131982000957
Luxembourg,elect_td_bld,rooftop_pv,rooftop_pv,1975,0.122359346175689
Malta,elect_td_bld,rooftop_pv,rooftop_pv,1975,0.181651563373901
Netherlands,elect_td_bld,rooftop_pv,rooftop_pv,1975,0.119100477659157
Poland,elect_td_bld,rooftop_pv,rooftop_pv,1975,0.120051447214226
Portugal,elect_td_bld,rooftop_pv,rooftop_pv,1975,0.195893476556883
Romania,elect_td_bld,rooftop_pv,rooftop_pv,1975,0.151757362471355
Slovakia,elect_td_bld,rooftop_pv,rooftop_pv,1975,0.126583029910334
Slovenia,elect_td_bld,rooftop_pv,rooftop_pv,1975,0.150967545982195
Spain,elect_td_bld,rooftop_pv,rooftop_pv,1975,0.190919962203704
Sweden,elect_td_bld,rooftop_pv,rooftop_pv,1975,0.0963720691362426
Albania,elect_td_bld,rooftop_pv,rooftop_pv,1975,0.188356639023384
Belarus,elect_td_bld,rooftop_pv,rooftop_pv,1975,0.123589335491647
Bosnia and Herzegovina,elect_td_bld,rooftop_pv,rooftop_pv,1975,0.161801152517537
Iceland,elect_td_bld,rooftop_pv,rooftop_pv,1975,0.0878819964554935
Macedonia,elect_td_bld,rooftop_pv,rooftop_pv,1975,0.1736594446976
Moldova,elect_td_bld,rooftop_pv,rooftop_pv,1975,0.148573629364686
Norway,elect_td_bld,rooftop_pv,rooftop_pv,1975,0.091731593157163
Serbia and Montenegro,elect_td_bld,rooftop_pv,rooftop_pv,1975,0.159249043379485
Switzerland,elect_td_bld,rooftop_pv,rooftop_pv,1975,0.150192879105328
Turkey,elect_td_bld,rooftop_pv,rooftop_pv,1975,0.192495309516896
UK,elect_td_bld,rooftop_pv,rooftop_pv,1975,0.114593789342384
Ukraine,elect_td_bld,rooftop_pv,rooftop_pv,1975,0.141811436234389
USA,elect_td_bld,rooftop_pv,rooftop_pv,1990,0.170000237372851
Africa_Eastern,elect_td_bld,rooftop_pv,rooftop_pv,1990,0.240008956445982
Africa_Northern,elect_td_bld,rooftop_pv,rooftop_pv,1990,0.238169122796576
Africa_Southern,elect_td_bld,rooftop_pv,rooftop_pv,1990,0.234210230791587
Africa_Western,elect_td_bld,rooftop_pv,rooftop_pv,1990,0.232534914951149
Australia_NZ,elect_td_bld,rooftop_pv,rooftop_pv,1990,0.231643404469772
Brazil,elect_td_bld,rooftop_pv,rooftop_pv,1990,0.209707320001716
Canada,elect_td_bld,rooftop_pv,rooftop_pv,1990,0.110313623628536
Central America and Caribbean,elect_td_bld,rooftop_pv,rooftop_pv,1990,0.213632345003911
Central Asia,elect_td_bld,rooftop_pv,rooftop_pv,1990,0.182474340754093
China,elect_td_bld,rooftop_pv,rooftop_pv,1990,0.203902275010573
India,elect_td_bld,rooftop_pv,rooftop_pv,1990,0.210256611036008
Indonesia,elect_td_bld,rooftop_pv,rooftop_pv,1990,0.19699988976121
Japan,elect_td_bld,rooftop_pv,rooftop_pv,1990,0.160753750764185
Mexico,elect_td_bld,rooftop_pv,rooftop_pv,1990,0.228167610634176
Middle East,elect_td_bld,rooftop_pv,rooftop_pv,1990,0.232663088287853
Pakistan,elect_td_bld,rooftop_pv,rooftop_pv,1990,0.220675739474765
Russia,elect_td_bld,rooftop_pv,rooftop_pv,1990,0.110683898976316
South Africa,elect_td_bld,rooftop_pv,rooftop_pv,1990,0.234724479560114
South America_Northern,elect_td_bld,rooftop_pv,rooftop_pv,1990,0.206617429342051
South America_Southern,elect_td_bld,rooftop_pv,rooftop_pv,1990,0.204560384759227
South Asia,elect_td_bld,rooftop_pv,rooftop_pv,1990,0.216567807005904
South Korea,elect_td_bld,rooftop_pv,rooftop_pv,1990,0.177842888977991
Southeast Asia,elect_td_bld,rooftop_pv,rooftop_pv,1990,0.202069561807951
Taiwan,elect_td_bld,rooftop_pv,rooftop_pv,1990,0.169964676565435
Argentina,elect_td_bld,rooftop_pv,rooftop_pv,1990,0.197924141989948
Colombia,elect_td_bld,rooftop_pv,rooftop_pv,1990,0.18601404795527
Austria,elect_td_bld,rooftop_pv,rooftop_pv,1990,0.138936957171441
Belgium,elect_td_bld,rooftop_pv,rooftop_pv,1990,0.12174186578174
Bulgaria,elect_td_bld,rooftop_pv,rooftop_pv,1990,0.162232102749138
Croatia,elect_td_bld,rooftop_pv,rooftop_pv,1990,0.169957080343306
Cyprus,elect_td_bld,rooftop_pv,rooftop_pv,1990,0.224999478050975
Czech Republic,elect_td_bld,rooftop_pv,rooftop_pv,1990,0.127189160917822
Denmark,elect_td_bld,rooftop_pv,rooftop_pv,1990,0.121762468401259
Estonia,elect_td_bld,rooftop_pv,rooftop_pv,1990,0.124620102787013
Finland,elect_td_bld,rooftop_pv,rooftop_pv,1990,0.101771256132376
France,elect_td_bld,rooftop_pv,rooftop_pv,1990,0.151204502017616
Germany,elect_td_bld,rooftop_pv,rooftop_pv,1990,0.119059907047066
Greece,elect_td_bld,rooftop_pv,rooftop_pv,1990,0.185286282850352
Hungary,elect_td_bld,rooftop_pv,rooftop_pv,1990,0.145497180487682
Ireland,elect_td_bld,rooftop_pv,rooftop_pv,1990,0.107349015055682
Italy,elect_td_bld,rooftop_pv,rooftop_pv,1990,0.181651563373901
Latvia,elect_td_bld,rooftop_pv,rooftop_pv,1990,0.12509568688641
Lithuania,elect_td_bld,rooftop_pv,rooftop_pv,1990,0.128131982000957
Luxembourg,elect_td_bld,rooftop_pv,rooftop_pv,1990,0.122359346175689
Malta,elect_td_bld,rooftop_pv,rooftop_pv,1990,0.181651563373901
Netherlands,elect_td_bld,rooftop_pv,rooftop_pv,1990,0.119100477659157
Poland,elect_td_bld,rooftop_pv,rooftop_pv,1990,0.120051447214226
Portugal,elect_td_bld,rooftop_pv,rooftop_pv,1990,0.195893476556883
Romania,elect_td_bld,rooftop_pv,rooftop_pv,1990,0.151757362471355
Slovakia,elect_td_bld,rooftop_pv,rooftop_pv,1990,0.126583029910334
Slovenia,elect_td_bld,rooftop_pv,rooftop_pv,1990,0.150967545982195
Spain,elect_td_bld,rooftop_pv,rooftop_pv,1990,0.190919962203704
Sweden,elect_td_bld,rooftop_pv,rooftop_pv,1990,0.0963720691362426
Albania,elect_td_bld,rooftop_pv,rooftop_pv,1990,0.188356639023384
Belarus,elect_td_bld,rooftop_pv,rooftop_pv,1990,0.123589335491647
Bosnia and Herzegovina,elect_td_bld,rooftop_pv,rooftop_pv,1990,0.161801152517537
Iceland,elect_td_bld,rooftop_pv,rooftop_pv,1990,0.0878819964554935
Macedonia,elect_td_bld,rooftop_pv,rooftop_pv,1990,0.1736594446976
Moldova,elect_td_bld,rooftop_pv,rooftop_pv,1990,0.148573629364686
Norway,elect_td_bld,rooftop_pv,rooftop_pv,1990,0.091731593157163
Serbia and Montenegro,elect_td_bld,rooftop_pv,rooftop_pv,1990,0.159249043379485
Switzerland,elect_td_bld,rooftop_pv,rooftop_pv,1990,0.150192879105328
Turkey,elect_td_bld,rooftop_pv,rooftop_pv,1990,0.192495309516896
UK,elect_td_bld,rooftop_pv,rooftop_pv,1990,0.114593789342384
Ukraine,elect_td_bld,rooftop_pv,rooftop_pv,1990,0.141811436234389
USA,elect_td_bld,rooftop_pv,rooftop_pv,2005,0.170000237372851
Africa_Eastern,elect_td_bld,rooftop_pv,rooftop_pv,2005,0.240008956445982
Africa_Northern,elect_td_bld,rooftop_pv,rooftop_pv,2005,0.238169122796576
Africa_Southern,elect_td_bld,rooftop_pv,rooftop_pv,2005,0.234210230791587
Africa_Western,elect_td_bld,rooftop_pv,rooftop_pv,2005,0.232534914951149
Australia_NZ,elect_td_bld,rooftop_pv,rooftop_pv,2005,0.231643404469772
Brazil,elect_td_bld,rooftop_pv,rooftop_pv,2005,0.209707320001716
Canada,elect_td_bld,rooftop_pv,rooftop_pv,2005,0.110313623628536
Central America and Caribbean,elect_td_bld,rooftop_pv,rooftop_pv,2005,0.213632345003911
Central Asia,elect_td_bld,rooftop_pv,rooftop_pv,2005,0.182474340754093
China,elect_td_bld,rooftop_pv,rooftop_pv,2005,0.203902275010573
India,elect_td_bld,rooftop_pv,rooftop_pv,2005,0.210256611036008
Indonesia,elect_td_bld,rooftop_pv,rooftop_pv,2005,0.19699988976121
Japan,elect_td_bld,rooftop_pv,rooftop_pv,2005,0.160753750764185
Mexico,elect_td_bld,rooftop_pv,rooftop_pv,2005,0.228167610634176
Middle East,elect_td_bld,rooftop_pv,rooftop_pv,2005,0.232663088287853
Pakistan,elect_td_bld,rooftop_pv,rooftop_pv,2005,0.220675739474765
Russia,elect_td_bld,rooftop_pv,rooftop_pv,2005,0.110683898976316
South Africa,elect_td_bld,rooftop_pv,rooftop_pv,2005,0.234724479560114
South America_Northern,elect_td_bld,rooftop_pv,rooftop_pv,2005,0.206617429342051
South America_Southern,elect_td_bld,rooftop_pv,rooftop_pv,2005,0.204560384759227
South Asia,elect_td_bld,rooftop_pv,rooftop_pv,2005,0.216567807005904
South Korea,elect_td_bld,rooftop_pv,rooftop_pv,2005,0.177842888977991
Southeast Asia,elect_td_bld,rooftop_pv,rooftop_pv,2005,0.202069561807951
Taiwan,elect_td_bld,rooftop_pv,rooftop_pv,2005,0.169964676565435
Argentina,elect_td_bld,rooftop_pv,rooftop_pv,2005,0.197924141989948
Colombia,elect_td_bld,rooftop_pv,rooftop_pv,2005,0.18601404795527
Austria,elect_td_bld,rooftop_pv,rooftop_pv,2005,0.138936957171441
Belgium,elect_td_bld,rooftop_pv,rooftop_pv,2005,0.12174186578174
Bulgaria,elect_td_bld,rooftop_pv,rooftop_pv,2005,0.162232102749138
Croatia,elect_td_bld,rooftop_pv,rooftop_pv,2005,0.169957080343306
Cyprus,elect_td_bld,rooftop_pv,rooftop_pv,2005,0.224999478050975
Czech Republic,elect_td_bld,rooftop_pv,rooftop_pv,2005,0.127189160917822
Denmark,elect_td_bld,rooftop_pv,rooftop_pv,2005,0.121762468401259
Estonia,elect_td_bld,rooftop_pv,rooftop_pv,2005,0.124620102787013
Finland,elect_td_bld,rooftop_pv,rooftop_pv,2005,0.101771256132376
France,elect_td_bld,rooftop_pv,rooftop_pv,2005,0.151204502017616
Germany,elect_td_bld,rooftop_pv,rooftop_pv,2005,0.119059907047066
Greece,elect_td_bld,rooftop_pv,rooftop_pv,2005,0.185286282850352
Hungary,elect_td_bld,rooftop_pv,rooftop_pv,2005,0.145497180487682
Ireland,elect_td_bld,rooftop_pv,rooftop_pv,2005,0.107349015055682
Italy,elect_td_bld,rooftop_pv,rooftop_pv,2005,0.181651563373901
Latvia,elect_td_bld,rooftop_pv,rooftop_pv,2005,0.12509568688641
Lithuania,elect_td_bld,rooftop_pv,rooftop_pv,2005,0.128131982000957
Luxembourg,elect_td_bld,rooftop_pv,rooftop_pv,2005,0.122359346175689
Malta,elect_td_bld,rooftop_pv,rooftop_pv,2005,0.181651563373901
Netherlands,elect_td_bld,rooftop_pv,rooftop_pv,2005,0.119100477659157
Poland,elect_td_bld,rooftop_pv,rooftop_pv,2005,0.120051447214226
Portugal,elect_td_bld,rooftop_pv,rooftop_pv,2005,0.195893476556883
Romania,elect_td_bld,rooftop_pv,rooftop_pv,2005,0.151757362471355
Slovakia,elect_td_bld,rooftop_pv,rooftop_pv,2005,0.126583029910334
Slovenia,elect_td_bld,rooftop_pv,rooftop_pv,2005,0.150967545982195
Spain,elect_td_bld,rooftop_pv,rooftop_pv,2005,0.190919962203704
Sweden,elect_td_bld,rooftop_pv,rooftop_pv,2005,0.0963720691362426
Albania,elect_td_bld,rooftop_pv,rooftop_pv,2005,0.188356639023384
Belarus,elect_td_bld,rooftop_pv,rooftop_pv,2005,0.123589335491647
Bosnia and Herzegovina,elect_td_bld,rooftop_pv,rooftop_pv,2005,0.161801152517537
Iceland,elect_td_bld,rooftop_pv,rooftop_pv,2005,0.0878819964554935
Macedonia,elect_td_bld,rooftop_pv,rooftop_pv,2005,0.1736594446976
Moldova,elect_td_bld,rooftop_pv,rooftop_pv,2005,0.148573629364686
Norway,elect_td_bld,rooftop_pv,rooftop_pv,2005,0.091731593157163
Serbia and Montenegro,elect_td_bld,rooftop_pv,rooftop_pv,2005,0.159249043379485
Switzerland,elect_td_bld,rooftop_pv,rooftop_pv,2005,0.150192879105328
Turkey,elect_td_bld,rooftop_pv,rooftop_pv,2005,0.192495309516896
UK,elect_td_bld,rooftop_pv,rooftop_pv,2005,0.114593789342384
Ukraine,elect_td_bld,rooftop_pv,rooftop_pv,2005,0.141811436234389
USA,elect_td_bld,rooftop_pv,rooftop_pv,2010,0.170000237372851
Africa_Eastern,elect_td_bld,rooftop_pv,rooftop_pv,2010,0.240008956445982
Africa_Northern,elect_td_bld,rooftop_pv,rooftop_pv,2010,0.238169122796576
Africa_Southern,elect_td_bld,rooftop_pv,rooftop_pv,2010,0.234210230791587
Africa_Western,elect_td_bld,rooftop_pv,rooftop_pv,2010,0.232534914951149
Australia_NZ,elect_td_bld,rooftop_pv,rooftop_pv,2010,0.231643404469772
Brazil,elect_td_bld,rooftop_pv,rooftop_pv,2010,0.209707320001716
Canada,elect_td_bld,rooftop_pv,rooftop_pv,2010,0.110313623628536
Central America and Caribbean,elect_td_bld,rooftop_pv,rooftop_pv,2010,0.213632345003911
Central Asia,elect_td_bld,rooftop_pv,rooftop_pv,2010,0.182474340754093
China,elect_td_bld,rooftop_pv,rooftop_pv,2010,0.203902275010573
India,elect_td_bld,rooftop_pv,rooftop_pv,2010,0.210256611036008
Indonesia,elect_td_bld,rooftop_pv,rooftop_pv,2010,0.19699988976121
Japan,elect_td_bld,rooftop_pv,rooftop_pv,2010,0.160753750764185
Mexico,elect_td_bld,rooftop_pv,rooftop_pv,2010,0.228167610634176
Middle East,elect_td_bld,rooftop_pv,rooftop_pv,2010,0.232663088287853
Pakistan,elect_td_bld,rooftop_pv,rooftop_pv,2010,0.220675739474765
Russia,elect_td_bld,rooftop_pv,rooftop_pv,2010,0.110683898976316
South Africa,elect_td_bld,rooftop_pv,rooftop_pv,2010,0.234724479560114
South America_Northern,elect_td_bld,rooftop_pv,rooftop_pv,2010,0.206617429342051
South America_Southern,elect_td_bld,rooftop_pv,rooftop_pv,2010,0.204560384759227
South Asia,elect_td_bld,rooftop_pv,rooftop_pv,2010,0.216567807005904
South Korea,elect_td_bld,rooftop_pv,rooftop_pv,2010,0.177842888977991
Southeast Asia,elect_td_bld,rooftop_pv,rooftop_pv,2010,0.202069561807951
Taiwan,elect_td_bld,rooftop_pv,rooftop_pv,2010,0.169964676565435
Argentina,elect_td_bld,rooftop_pv,rooftop_pv,2010,0.197924141989948
Colombia,elect_td_bld,rooftop_pv,rooftop_pv,2010,0.18601404795527
Austria,elect_td_bld,rooftop_pv,rooftop_pv,2010,0.138936957171441
Belgium,elect_td_bld,rooftop_pv,rooftop_pv,2010,0.12174186578174
Bulgaria,elect_td_bld,rooftop_pv,rooftop_pv,2010,0.162232102749138
Croatia,elect_td_bld,rooftop_pv,rooftop_pv,2010,0.169957080343306
Cyprus,elect_td_bld,rooftop_pv,rooftop_pv,2010,0.224999478050975
Czech Republic,elect_td_bld,rooftop_pv,rooftop_pv,2010,0.127189160917822
Denmark,elect_td_bld,rooftop_pv,rooftop_pv,2010,0.121762468401259
Estonia,elect_td_bld,rooftop_pv,rooftop_pv,2010,0.124620102787013
Finland,elect_td_bld,rooftop_pv,rooftop_pv,2010,0.101771256132376
France,elect_td_bld,rooftop_pv,rooftop_pv,2010,0.151204502017616
Germany,elect_td_bld,rooftop_pv,rooftop_pv,2010,0.119059907047066
Greece,elect_td_bld,rooftop_pv,rooftop_pv,2010,0.185286282850352
Hungary,elect_td_bld,rooftop_pv,rooftop_pv,2010,0.145497180487682
Ireland,elect_td_bld,rooftop_pv,rooftop_pv,2010,0.107349015055682
Italy,elect_td_bld,rooftop_pv,rooftop_pv,2010,0.181651563373901
Latvia,elect_td_bld,rooftop_pv,rooftop_pv,2010,0.12509568688641
Lithuania,elect_td_bld,rooftop_pv,rooftop_pv,2010,0.128131982000957
Luxembourg,elect_td_bld,rooftop_pv,rooftop_pv,2010,0.122359346175689
Malta,elect_td_bld,rooftop_pv,rooftop_pv,2010,0.181651563373901
Netherlands,elect_td_bld,rooftop_pv,rooftop_pv,2010,0.119100477659157
Poland,elect_td_bld,rooftop_pv,rooftop_pv,2010,0.120051447214226
Portugal,elect_td_bld,rooftop_pv,rooftop_pv,2010,0.195893476556883
Romania,elect_td_bld,rooftop_pv,rooftop_pv,2010,0.151757362471355
Slovakia,elect_td_bld,rooftop_pv,rooftop_pv,2010,0.126583029910334
Slovenia,elect_td_bld,rooftop_pv,rooftop_pv,2010,0.150967545982195
Spain,elect_td_bld,rooftop_pv,rooftop_pv,2010,0.190919962203704
Sweden,elect_td_bld,rooftop_pv,rooftop_pv,2010,0.0963720691362426
Albania,elect_td_bld,rooftop_pv,rooftop_pv,2010,0.188356639023384
Belarus,elect_td_bld,rooftop_pv,rooftop_pv,2010,0.123589335491647
Bosnia and Herzegovina,elect_td_bld,rooftop_pv,rooftop_pv,2010,0.161801152517537
Iceland,elect_td_bld,rooftop_pv,rooftop_pv,2010,0.0878819964554935
Macedonia,elect_td_bld,rooftop_pv,rooftop_pv,2010,0.1736594446976
Moldova,elect_td_bld,rooftop_pv,rooftop_pv,2010,0.148573629364686
Norway,elect_td_bld,rooftop_pv,rooftop_pv,2010,0.091731593157163
Serbia and Montenegro,elect_td_bld,rooftop_pv,rooftop_pv,2010,0.159249043379485
Switzerland,elect_td_bld,rooftop_pv,rooftop_pv,2010,0.150192879105328
Turkey,elect_td_bld,rooftop_pv,rooftop_pv,2010,0.192495309516896
UK,elect_td_bld,rooftop_pv,rooftop_pv,2010,0.114593789342384
Ukraine,elect_td_bld,rooftop_pv,rooftop_pv,2010,0.141811436234389
USA,elect_td_bld,rooftop_pv,rooftop_pv,2015,0.170000237372851
Africa_Eastern,elect_td_bld,rooftop_pv,rooftop_pv,2015,0.240008956445982
Africa_Northern,elect_td_bld,rooftop_pv,rooftop_pv,2015,0.238169122796576
Africa_Southern,elect_td_bld,rooftop_pv,rooftop_pv,2015,0.234210230791587
Africa_Western,elect_td_bld,rooftop_pv,rooftop_pv,2015,0.232534914951149
Australia_NZ,elect_td_bld,rooftop_pv,rooftop_pv,2015,0.231643404469772
Brazil,elect_td_bld,rooftop_pv,rooftop_pv,2015,0.209707320001716
Canada,elect_td_bld,rooftop_pv,rooftop_pv,2015,0.110313623628536
Central America and Caribbean,elect_td_bld,rooftop_pv,rooftop_pv,2015,0.213632345003911
Central Asia,elect_td_bld,rooftop_pv,rooftop_pv,2015,0.182474340754093
China,elect_td_bld,rooftop_pv,rooftop_pv,2015,0.203902275010573
India,elect_td_bld,rooftop_pv,rooftop_pv,2015,0.210256611036008
Indonesia,elect_td_bld,rooftop_pv,rooftop_pv,2015,0.19699988976121
Japan,elect_td_bld,rooftop_pv,rooftop_pv,2015,0.160753750764185
Mexico,elect_td_bld,rooftop_pv,rooftop_pv,2015,0.228167610634176
Middle East,elect_td_bld,rooftop_pv,rooftop_pv,2015,0.232663088287853
Pakistan,elect_td_bld,rooftop_pv,rooftop_pv,2015,0.220675739474765
Russia,elect_td_bld,rooftop_pv,rooftop_pv,2015,0.110683898976316
South Africa,elect_td_bld,rooftop_pv,rooftop_pv,2015,0.234724479560114
South America_Northern,elect_td_bld,rooftop_pv,rooftop_pv,2015,0.206617429342051
South America_Southern,elect_td_bld,rooftop_pv,rooftop_pv,2015,0.204560384759227
South Asia,elect_td_bld,rooftop_pv,rooftop_pv,2015,0.216567807005904
South Korea,elect_td_bld,rooftop_pv,rooftop_pv,2015,0.177842888977991
Southeast Asia,elect_td_bld,rooftop_pv,rooftop_pv,2015,0.202069561807951
Taiwan,elect_td_bld,rooftop_pv,rooftop_pv,2015,0.169964676565435
Argentina,elect_td_bld,rooftop_pv,rooftop_pv,2015,0.197924141989948
Colombia,elect_td_bld,rooftop_pv,rooftop_pv,2015,0.18601404795527
Austria,elect_td_bld,rooftop_pv,rooftop_pv,2015,0.138936957171441
Belgium,elect_td_bld,rooftop_pv,rooftop_pv,2015,0.12174186578174
Bulgaria,elect_td_bld,rooftop_pv,rooftop_pv,2015,0.162232102749138
Croatia,elect_td_bld,rooftop_pv,rooftop_pv,2015,0.169957080343306
Cyprus,elect_td_bld,rooftop_pv,rooftop_pv,2015,0.224999478050975
Czech Republic,elect_td_bld,rooftop_pv,rooftop_pv,2015,0.127189160917822
Denmark,elect_td_bld,rooftop_pv,rooftop_pv,2015,0.121762468401259
Estonia,elect_td_bld,rooftop_pv,rooftop_pv,2015,0.124620102787013
Finland,elect_td_bld,rooftop_pv,rooftop_pv,2015,0.101771256132376
France,elect_td_bld,rooftop_pv,rooftop_pv,2015,0.151204502017616
Germany,elect_td_bld,rooftop_pv,rooftop_pv,2015,0.119059907047066
Greece,elect_td_bld,rooftop_pv,rooftop_pv,2015,0.185286282850352
Hungary,elect_td_bld,rooftop_pv,rooftop_pv,2015,0.145497180487682
Ireland,elect_td_bld,rooftop_pv,rooftop_pv,2015,0.107349015055682
Italy,elect_td_bld,rooftop_pv,rooftop_pv,2015,0.181651563373901
Latvia,elect_td_bld,rooftop_pv,rooftop_pv,2015,0.12509568688641
Lithuania,elect_td_bld,rooftop_pv,rooftop_pv,2015,0.128131982000957
Luxembourg,elect_td_bld,rooftop_pv,rooftop_pv,2015,0.122359346175689
Malta,elect_td_bld,rooftop_pv,rooftop_pv,2015,0.181651563373901
Netherlands,elect_td_bld,rooftop_pv,rooftop_pv,2015,0.119100477659157
Poland,elect_td_bld,rooftop_pv,rooftop_pv,2015,0.120051447214226
Portugal,elect_td_bld,rooftop_pv,rooftop_pv,2015,0.195893476556883
Romania,elect_td_bld,rooftop_pv,rooftop_pv,2015,0.151757362471355
Slovakia,elect_td_bld,rooftop_pv,rooftop_pv,2015,0.126583029910334
Slovenia,elect_td_bld,rooftop_pv,rooftop_pv,2015,0.150967545982195
Spain,elect_td_bld,rooftop_pv,rooftop_pv,2015,0.190919962203704
Sweden,elect_td_bld,rooftop_pv,rooftop_pv,2015,0.0963720691362426
Albania,elect_td_bld,rooftop_pv,rooftop_pv,2015,0.188356639023384
Belarus,elect_td_bld,rooftop_pv,rooftop_pv,2015,0.123589335491647
Bosnia and Herzegovina,elect_td_bld,rooftop_pv,rooftop_pv,2015,0.161801152517537
Iceland,elect_td_bld,rooftop_pv,rooftop_pv,2015,0.0878819964554935
Macedonia,elect_td_bld,rooftop_pv,rooftop_pv,2015,0.1736594446976
Moldova,elect_td_bld,rooftop_pv,rooftop_pv,2015,0.148573629364686
Norway,elect_td_bld,rooftop_pv,rooftop_pv,2015,0.091731593157163
Serbia and Montenegro,elect_td_bld,rooftop_pv,rooftop_pv,2015,0.159249043379485
Switzerland,elect_td_bld,rooftop_pv,rooftop_pv,2015,0.150192879105328
Turkey,elect_td_bld,rooftop_pv,rooftop_pv,2015,0.192495309516896
UK,elect_td_bld,rooftop_pv,rooftop_pv,2015,0.114593789342384
Ukraine,elect_td_bld,rooftop_pv,rooftop_pv,2015,0.141811436234389
USA,elect_td_bld,rooftop_pv,rooftop_pv,2020,0.170000237372851
Africa_Eastern,elect_td_bld,rooftop_pv,rooftop_pv,2020,0.240008956445982
Africa_Northern,elect_td_bld,rooftop_pv,rooftop_pv,2020,0.238169122796576
Africa_Southern,elect_td_bld,rooftop_pv,rooftop_pv,2020,0.234210230791587
Africa_Western,elect_td_bld,rooftop_pv,rooftop_pv,2020,0.232534914951149
Australia_NZ,elect_td_bld,rooftop_pv,rooftop_pv,2020,0.231643404469772
Brazil,elect_td_bld,rooftop_pv,rooftop_pv,2020,0.209707320001716
Canada,elect_td_bld,rooftop_pv,rooftop_pv,2020,0.110313623628536
Central America and Caribbean,elect_td_bld,rooftop_pv,rooftop_pv,2020,0.213632345003911
Central Asia,elect_td_bld,rooftop_pv,rooftop_pv,2020,0.182474340754093
China,elect_td_bld,rooftop_pv,rooftop_pv,2020,0.203902275010573
India,elect_td_bld,rooftop_pv,rooftop_pv,2020,0.210256611036008
Indonesia,elect_td_bld,rooftop_pv,rooftop_pv,2020,0.19699988976121
Japan,elect_td_bld,rooftop_pv,rooftop_pv,2020,0.160753750764185
Mexico,elect_td_bld,rooftop_pv,rooftop_pv,2020,0.228167610634176
Middle East,elect_td_bld,rooftop_pv,rooftop_pv,2020,0.232663088287853
Pakistan,elect_td_bld,rooftop_pv,rooftop_pv,2020,0.220675739474765
Russia,elect_td_bld,rooftop_pv,rooftop_pv,2020,0.110683898976316
South Africa,elect_td_bld,rooftop_pv,rooftop_pv,2020,0.234724479560114
South America_Northern,elect_td_bld,rooftop_pv,rooftop_pv,2020,0.206617429342051
South America_Southern,elect_td_bld,rooftop_pv,rooftop_pv,2020,0.204560384759227
South Asia,elect_td_bld,rooftop_pv,rooftop_pv,2020,0.216567807005904
South Korea,elect_td_bld,rooftop_pv,rooftop_pv,2020,0.177842888977991
Southeast Asia,elect_td_bld,rooftop_pv,rooftop_pv,2020,0.202069561807951
Taiwan,elect_td_bld,rooftop_pv,rooftop_pv,2020,0.169964676565435
Argentina,elect_td_bld,rooftop_pv,rooftop_pv,2020,0.197924141989948
Colombia,elect_td_bld,rooftop_pv,rooftop_pv,2020,0.18601404795527
Austria,elect_td_bld,rooftop_pv,rooftop_pv,2020,0.138936957171441
Belgium,elect_td_bld,rooftop_pv,rooftop_pv,2020,0.12174186578174
Bulgaria,elect_td_bld,rooftop_pv,rooftop_pv,2020,0.162232102749138
Croatia,elect_td_bld,rooftop_pv,rooftop_pv,2020,0.169957080343306
Cyprus,elect_td_bld,rooftop_pv,rooftop_pv,2020,0.224999478050975
Czech Republic,elect_td_bld,rooftop_pv,rooftop_pv,2020,0.127189160917822
Denmark,elect_td_bld,rooftop_pv,rooftop_pv,2020,0.121762468401259
Estonia,elect_td_bld,rooftop_pv,rooftop_pv,2020,0.124620102787013
Finland,elect_td_bld,rooftop_pv,rooftop_pv,2020,0.101771256132376
France,elect_td_bld,rooftop_pv,rooftop_pv,2020,0.151204502017616
Germany,elect_td_bld,rooftop_pv,rooftop_pv,2020,0.119059907047066
Greece,elect_td_bld,rooftop_pv,rooftop_pv,2020,0.185286282850352
Hungary,elect_td_bld,rooftop_pv,rooftop_pv,2020,0.145497180487682
Ireland,elect_td_bld,rooftop_pv,rooftop_pv,2020,0.107349015055682
Italy,elect_td_bld,rooftop_pv,rooftop_pv,2020,0.181651563373901
Latvia,elect_td_bld,rooftop_pv,rooftop_pv,2020,0.12509568688641
Lithuania,elect_td_bld,rooftop_pv,rooftop_pv,2020,0.128131982000957
Luxembourg,elect_td_bld,rooftop_pv,rooftop_pv,2020,0.122359346175689
Malta,elect_td_bld,rooftop_pv,rooftop_pv,2020,0.181651563373901
Netherlands,elect_td_bld,rooftop_pv,rooftop_pv,2020,0.119100477659157
Poland,elect_td_bld,rooftop_pv,rooftop_pv,2020,0.120051447214226
Portugal,elect_td_bld,rooftop_pv,rooftop_pv,2020,0.195893476556883
Romania,elect_td_bld,rooftop_pv,rooftop_pv,2020,0.151757362471355
Slovakia,elect_td_bld,rooftop_pv,rooftop_pv,2020,0.126583029910334
Slovenia,elect_td_bld,rooftop_pv,rooftop_pv,2020,0.150967545982195
Spain,elect_td_bld,rooftop_pv,rooftop_pv,2020,0.190919962203704
Sweden,elect_td_bld,rooftop_pv,rooftop_pv,2020,0.0963720691362426
Albania,elect_td_bld,rooftop_pv,rooftop_pv,2020,0.188356639023384
Belarus,elect_td_bld,rooftop_pv,rooftop_pv,2020,0.123589335491647
Bosnia and Herzegovina,elect_td_bld,rooftop_pv,rooftop_pv,2020,0.161801152517537
Iceland,elect_td_bld,rooftop_pv,rooftop_pv,2020,0.0878819964554935
Macedonia,elect_td_bld,rooftop_pv,rooftop_pv,2020,0.1736594446976
Moldova,elect_td_bld,rooftop_pv,rooftop_pv,2020,0.148573629364686
Norway,elect_td_bld,rooftop_pv,rooftop_pv,2020,0.091731593157163
Serbia and Montenegro,elect_td_bld,rooftop_pv,rooftop_pv,2020,0.159249043379485
Switzerland,elect_td_bld,rooftop_pv,rooftop_pv,2020,0.150192879105328
Turkey,elect_td_bld,rooftop_pv,rooftop_pv,2020,0.192495309516896
UK,elect_td_bld,rooftop_pv,rooftop_pv,2020,0.114593789342384
Ukraine,elect_td_bld,rooftop_pv,rooftop_pv,2020,0.141811436234389
USA,elect_td_bld,rooftop_pv,rooftop_pv,2025,0.170000237372851
Africa_Eastern,elect_td_bld,rooftop_pv,rooftop_pv,2025,0.240008956445982
Africa_Northern,elect_td_bld,rooftop_pv,rooftop_pv,2025,0.238169122796576
Africa_Southern,elect_td_bld,rooftop_pv,rooftop_pv,2025,0.234210230791587
Africa_Western,elect_td_bld,rooftop_pv,rooftop_pv,2025,0.232534914951149
Australia_NZ,elect_td_bld,rooftop_pv,rooftop_pv,2025,0.231643404469772
Brazil,elect_td_bld,rooftop_pv,rooftop_pv,2025,0.209707320001716
Canada,elect_td_bld,rooftop_pv,rooftop_pv,2025,0.110313623628536
Central America and Caribbean,elect_td_bld,rooftop_pv,rooftop_pv,2025,0.213632345003911
Central Asia,elect_td_bld,rooftop_pv,rooftop_pv,2025,0.182474340754093
China,elect_td_bld,rooftop_pv,rooftop_pv,2025,0.203902275010573
India,elect_td_bld,rooftop_pv,rooftop_pv,2025,0.210256611036008
Indonesia,elect_td_bld,rooftop_pv,rooftop_pv,2025,0.19699988976121
Japan,elect_td_bld,rooftop_pv,rooftop_pv,2025,0.160753750764185
Mexico,elect_td_bld,rooftop_pv,rooftop_pv,2025,0.228167610634176
Middle East,elect_td_bld,rooftop_pv,rooftop_pv,2025,0.232663088287853
Pakistan,elect_td_bld,rooftop_pv,rooftop_pv,2025,0.220675739474765
Russia,elect_td_bld,rooftop_pv,rooftop_pv,2025,0.110683898976316
South Africa,elect_td_bld,rooftop_pv,rooftop_pv,2025,0.234724479560114
South America_Northern,elect_td_bld,rooftop_pv,rooftop_pv,2025,0.206617429342051
South America_Southern,elect_td_bld,rooftop_pv,rooftop_pv,2025,0.204560384759227
South Asia,elect_td_bld,rooftop_pv,rooftop_pv,2025,0.216567807005904
South Korea,elect_td_bld,rooftop_pv,rooftop_pv,2025,0.177842888977991
Southeast Asia,elect_td_bld,rooftop_pv,rooftop_pv,2025,0.202069561807951
Taiwan,elect_td_bld,rooftop_pv,rooftop_pv,2025,0.169964676565435
Argentina,elect_td_bld,rooftop_pv,rooftop_pv,2025,0.197924141989948
Colombia,elect_td_bld,rooftop_pv,rooftop_pv,2025,0.18601404795527
Austria,elect_td_bld,rooftop_pv,rooftop_pv,2025,0.138936957171441
Belgium,elect_td_bld,rooftop_pv,rooftop_pv,2025,0.12174186578174
Bulgaria,elect_td_bld,rooftop_pv,rooftop_pv,2025,0.162232102749138
Croatia,elect_td_bld,rooftop_pv,rooftop_pv,2025,0.169957080343306
Cyprus,elect_td_bld,rooftop_pv,rooftop_pv,2025,0.224999478050975
Czech Republic,elect_td_bld,rooftop_pv,rooftop_pv,2025,0.127189160917822
Denmark,elect_td_bld,rooftop_pv,rooftop_pv,2025,0.121762468401259
Estonia,elect_td_bld,rooftop_pv,rooftop_pv,2025,0.124620102787013
Finland,elect_td_bld,rooftop_pv,rooftop_pv,2025,0.101771256132376
France,elect_td_bld,rooftop_pv,rooftop_pv,2025,0.151204502017616
Germany,elect_td_bld,rooftop_pv,rooftop_pv,2025,0.119059907047066
Greece,elect_td_bld,rooftop_pv,rooftop_pv,2025,0.185286282850352
Hungary,elect_td_bld,rooftop_pv,rooftop_pv,2025,0.145497180487682
Ireland,elect_td_bld,rooftop_pv,rooftop_pv,2025,0.107349015055682
Italy,elect_td_bld,rooftop_pv,rooftop_pv,2025,0.181651563373901
Latvia,elect_td_bld,rooftop_pv,rooftop_pv,2025,0.12509568688641
Lithuania,elect_td_bld,rooftop_pv,rooftop_pv,2025,0.128131982000957
Luxembourg,elect_td_bld,rooftop_pv,rooftop_pv,2025,0.122359346175689
Malta,elect_td_bld,rooftop_pv,rooftop_pv,2025,0.181651563373901
Netherlands,elect_td_bld,rooftop_pv,rooftop_pv,2025,0.119100477659157
Poland,elect_td_bld,rooftop_pv,rooftop_pv,2025,0.120051447214226
Portugal,elect_td_bld,rooftop_pv,rooftop_pv,2025,0.195893476556883
Romania,elect_td_bld,rooftop_pv,rooftop_pv,2025,0.151757362471355
Slovakia,elect_td_bld,rooftop_pv,rooftop_pv,2025,0.126583029910334
Slovenia,elect_td_bld,rooftop_pv,rooftop_pv,2025,0.150967545982195
Spain,elect_td_bld,rooftop_pv,rooftop_pv,2025,0.190919962203704
Sweden,elect_td_bld,rooftop_pv,rooftop_pv,2025,0.0963720691362426
Albania,elect_td_bld,rooftop_pv,rooftop_pv,2025,0.188356639023384
Belarus,elect_td_bld,rooftop_pv,rooftop_pv,2025,0.123589335491647
Bosnia and Herzegovina,elect_td_bld,rooftop_pv,rooftop_pv,2025,0.161801152517537
Iceland,elect_td_bld,rooftop_pv,rooftop_pv,2025,0.0878819964554935
Macedonia,elect_td_bld,rooftop_pv,rooftop_pv,2025,0.1736594446976
Moldova,elect_td_bld,rooftop_pv,rooftop_pv,2025,0.148573629364686
Norway,elect_td_bld,rooftop_pv,rooftop_pv,2025,0.091731593157163
Serbia and Montenegro,elect_td_bld,rooftop_pv,rooftop_pv,2025,0.159249043379485
Switzerland,elect_td_bld,rooftop_pv,rooftop_pv,2025,0.150192879105328
Turkey,elect_td_bld,rooftop_pv,rooftop_pv,2025,0.192495309516896
UK,elect_td_bld,rooftop_pv,rooftop_pv,2025,0.114593789342384
Ukraine,elect_td_bld,rooftop_pv,rooftop_pv,2025,0.141811436234389
USA,elect_td_bld,rooftop_pv,rooftop_pv,2030,0.170000237372851
Africa_Eastern,elect_td_bld,rooftop_pv,rooftop_pv,2030,0.240008956445982
Africa_Northern,elect_td_bld,rooftop_pv,rooftop_pv,2030,0.238169122796576
Africa_Southern,elect_td_bld,rooftop_pv,rooftop_pv,2030,0.234210230791587
Africa_Western,elect_td_bld,rooftop_pv,rooftop_pv,2030,0.232534914951149
Australia_NZ,elect_td_bld,rooftop_pv,rooftop_pv,2030,0.231643404469772
Brazil,elect_td_bld,rooftop_pv,rooftop_pv,2030,0.209707320001716
Canada,elect_td_bld,rooftop_pv,rooftop_pv,2030,0.110313623628536
Central America and Caribbean,elect_td_bld,rooftop_pv,rooftop_pv,2030,0.213632345003911
Central Asia,elect_td_bld,rooftop_pv,rooftop_pv,2030,0.182474340754093
China,elect_td_bld,rooftop_pv,rooftop_pv,2030,0.203902275010573
India,elect_td_bld,rooftop_pv,rooftop_pv,2030,0.210256611036008
Indonesia,elect_td_bld,rooftop_pv,rooftop_pv,2030,0.19699988976121
Japan,elect_td_bld,rooftop_pv,rooftop_pv,2030,0.160753750764185
Mexico,elect_td_bld,rooftop_pv,rooftop_pv,2030,0.228167610634176
Middle East,elect_td_bld,rooftop_pv,rooftop_pv,2030,0.232663088287853
Pakistan,elect_td_bld,rooftop_pv,rooftop_pv,2030,0.220675739474765
Russia,elect_td_bld,rooftop_pv,rooftop_pv,2030,0.110683898976316
South Africa,elect_td_bld,rooftop_pv,rooftop_pv,2030,0.234724479560114
South America_Northern,elect_td_bld,rooftop_pv,rooftop_pv,2030,0.206617429342051
South America_Southern,elect_td_bld,rooftop_pv,rooftop_pv,2030,0.204560384759227
South Asia,elect_td_bld,rooftop_pv,rooftop_pv,2030,0.216567807005904
South Korea,elect_td_bld,rooftop_pv,rooftop_pv,2030,0.177842888977991
Southeast Asia,elect_td_bld,rooftop_pv,rooftop_pv,2030,0.202069561807951
Taiwan,elect_td_bld,rooftop_pv,rooftop_pv,2030,0.169964676565435
Argentina,elect_td_bld,rooftop_pv,rooftop_pv,2030,0.197924141989948
Colombia,elect_td_bld,rooftop_pv,rooftop_pv,2030,0.18601404795527
Austria,elect_td_bld,rooftop_pv,rooftop_pv,2030,0.138936957171441
Belgium,elect_td_bld,rooftop_pv,rooftop_pv,2030,0.12174186578174
Bulgaria,elect_td_bld,rooftop_pv,rooftop_pv,2030,0.162232102749138
Croatia,elect_td_bld,rooftop_pv,rooftop_pv,2030,0.169957080343306
Cyprus,elect_td_bld,rooftop_pv,rooftop_pv,2030,0.224999478050975
Czech Republic,elect_td_bld,rooftop_pv,rooftop_pv,2030,0.127189160917822
Denmark,elect_td_bld,rooftop_pv,rooftop_pv,2030,0.121762468401259
Estonia,elect_td_bld,rooftop_pv,rooftop_pv,2030,0.124620102787013
Finland,elect_td_bld,rooftop_pv,rooftop_pv,2030,0.101771256132376
France,elect_td_bld,rooftop_pv,rooftop_pv,2030,0.151204502017616
Germany,elect_td_bld,rooftop_pv,rooftop_pv,2030,0.119059907047066
Greece,elect_td_bld,rooftop_pv,rooftop_pv,2030,0.185286282850352
Hungary,elect_td_bld,rooftop_pv,rooftop_pv,2030,0.145497180487682
Ireland,elect_td_bld,rooftop_pv,rooftop_pv,2030,0.107349015055682
Italy,elect_td_bld,rooftop_pv,rooftop_pv,2030,0.181651563373901
Latvia,elect_td_bld,rooftop_pv,rooftop_pv,2030,0.12509568688641
Lithuania,elect_td_bld,rooftop_pv,rooftop_pv,2030,0.128131982000957
Luxembourg,elect_td_bld,rooftop_pv,rooftop_pv,2030,0.122359346175689
Malta,elect_td_bld,rooftop_pv,rooftop_pv,2030,0.181651563373901
Netherlands,elect_td_bld,rooftop_pv,rooftop_pv,2030,0.119100477659157
Poland,elect_td_bld,rooftop_pv,rooftop_pv,2030,0.120051447214226
Portugal,elect_td_bld,rooftop_pv,rooftop_pv,2030,0.195893476556883
Romania,elect_td_bld,rooftop_pv,rooftop_pv,2030,0.151757362471355
Slovakia,elect_td_bld,rooftop_pv,rooftop_pv,2030,0.126583029910334
Slovenia,elect_td_bld,rooftop_pv,rooftop_pv,2030,0.150967545982195
Spain,elect_td_bld,rooftop_pv,rooftop_pv,2030,0.190919962203704
Sweden,elect_td_bld,rooftop_pv,rooftop_pv,2030,0.0963720691362426
Albania,elect_td_bld,rooftop_pv,rooftop_pv,2030,0.188356639023384
Belarus,elect_td_bld,rooftop_pv,rooftop_pv,2030,0.123589335491647
Bosnia and Herzegovina,elect_td_bld,rooftop_pv,rooftop_pv,2030,0.161801152517537
Iceland,elect_td_bld,rooftop_pv,rooftop_pv,2030,0.0878819964554935
Macedonia,elect_td_bld,rooftop_pv,rooftop_pv,2030,0.1736594446976
Moldova,elect_td_bld,rooftop_pv,rooftop_pv,2030,0.148573629364686
Norway,elect_td_bld,rooftop_pv,rooftop_pv,2030,0.091731593157163
Serbia and Montenegro,elect_td_bld,rooftop_pv,rooftop_pv,2030,0.159249043379485
Switzerland,elect_td_bld,rooftop_pv,rooftop_pv,2030,0.150192879105328
Turkey,elect_td_bld,rooftop_pv,rooftop_pv,2030,0.192495309516896
UK,elect_td_bld,rooftop_pv,rooftop_pv,2030,0.114593789342384
Ukraine,elect_td_bld,rooftop_pv,rooftop_pv,2030,0.141811436234389
USA,elect_td_bld,rooftop_pv,rooftop_pv,2035,0.170000237372851
Africa_Eastern,elect_td_bld,rooftop_pv,rooftop_pv,2035,0.240008956445982
Africa_Northern,elect_td_bld,rooftop_pv,rooftop_pv,2035,0.238169122796576
Africa_Southern,elect_td_bld,rooftop_pv,rooftop_pv,2035,0.234210230791587
Africa_Western,elect_td_bld,rooftop_pv,rooftop_pv,2035,0.232534914951149
Australia_NZ,elect_td_bld,rooftop_pv,rooftop_pv,2035,0.231643404469772
Brazil,elect_td_bld,rooftop_pv,rooftop_pv,2035,0.209707320001716
Canada,elect_td_bld,rooftop_pv,rooftop_pv,2035,0.110313623628536
Central America and Caribbean,elect_td_bld,rooftop_pv,rooftop_pv,2035,0.213632345003911
Central Asia,elect_td_bld,rooftop_pv,rooftop_pv,2035,0.182474340754093
China,elect_td_bld,rooftop_pv,rooftop_pv,2035,0.203902275010573
India,elect_td_bld,rooftop_pv,rooftop_pv,2035,0.210256611036008
Indonesia,elect_td_bld,rooftop_pv,rooftop_pv,2035,0.19699988976121
Japan,elect_td_bld,rooftop_pv,rooftop_pv,2035,0.160753750764185
Mexico,elect_td_bld,rooftop_pv,rooftop_pv,2035,0.228167610634176
Middle East,elect_td_bld,rooftop_pv,rooftop_pv,2035,0.232663088287853
Pakistan,elect_td_bld,rooftop_pv,rooftop_pv,2035,0.220675739474765
Russia,elect_td_bld,rooftop_pv,rooftop_pv,2035,0.110683898976316
South Africa,elect_td_bld,rooftop_pv,rooftop_pv,2035,0.234724479560114
South America_Northern,elect_td_bld,rooftop_pv,rooftop_pv,2035,0.206617429342051
South America_Southern,elect_td_bld,rooftop_pv,rooftop_pv,2035,0.204560384759227
South Asia,elect_td_bld,rooftop_pv,rooftop_pv,2035,0.216567807005904
South Korea,elect_td_bld,rooftop_pv,rooftop_pv,2035,0.177842888977991
Southeast Asia,elect_td_bld,rooftop_pv,rooftop_pv,2035,0.202069561807951
Taiwan,elect_td_bld,rooftop_pv,rooftop_pv,2035,0.169964676565435
Argentina,elect_td_bld,rooftop_pv,rooftop_pv,2035,0.197924141989948
Colombia,elect_td_bld,rooftop_pv,rooftop_pv,2035,0.18601404795527
Austria,elect_td_bld,rooftop_pv,rooftop_pv,2035,0.138936957171441
Belgium,elect_td_bld,rooftop_pv,rooftop_pv,2035,0.12174186578174
Bulgaria,elect_td_bld,rooftop_pv,rooftop_pv,2035,0.162232102749138
Croatia,elect_td_bld,rooftop_pv,rooftop_pv,2035,0.169957080343306
Cyprus,elect_td_bld,rooftop_pv,rooftop_pv,2035,0.224999478050975
Czech Republic,elect_td_bld,rooftop_pv,rooftop_pv,2035,0.127189160917822
Denmark,elect_td_bld,rooftop_pv,rooftop_pv,2035,0.121762468401259
Estonia,elect_td_bld,rooftop_pv,rooftop_pv,2035,0.124620102787013
Finland,elect_td_bld,rooftop_pv,rooftop_pv,2035,0.101771256132376
France,elect_td_bld,rooftop_pv,rooftop_pv,2035,0.151204502017616
Germany,elect_td_bld,rooftop_pv,rooftop_pv,2035,0.119059907047066
Greece,elect_td_bld,rooftop_pv,rooftop_pv,2035,0.185286282850352
Hungary,elect_td_bld,rooftop_pv,rooftop_pv,2035,0.145497180487682
Ireland,elect_td_bld,rooftop_pv,rooftop_pv,2035,0.107349015055682
Italy,elect_td_bld,rooftop_pv,rooftop_pv,2035,0.181651563373901
Latvia,elect_td_bld,rooftop_pv,rooftop_pv,2035,0.12509568688641
Lithuania,elect_td_bld,rooftop_pv,rooftop_pv,2035,0.128131982000957
Luxembourg,elect_td_bld,rooftop_pv,rooftop_pv,2035,0.122359346175689
Malta,elect_td_bld,rooftop_pv,rooftop_pv,2035,0.181651563373901
Netherlands,elect_td_bld,rooftop_pv,rooftop_pv,2035,0.119100477659157
Poland,elect_td_bld,rooftop_pv,rooftop_pv,2035,0.120051447214226
Portugal,elect_td_bld,rooftop_pv,rooftop_pv,2035,0.195893476556883
Romania,elect_td_bld,rooftop_pv,rooftop_pv,2035,0.151757362471355
Slovakia,elect_td_bld,rooftop_pv,rooftop_pv,2035,0.126583029910334
Slovenia,elect_td_bld,rooftop_pv,rooftop_pv,2035,0.150967545982195
Spain,elect_td_bld,rooftop_pv,rooftop_pv,2035,0.190919962203704
Sweden,elect_td_bld,rooftop_pv,rooftop_pv,2035,0.0963720691362426
Albania,elect_td_bld,rooftop_pv,rooftop_pv,2035,0.188356639023384
Belarus,elect_td_bld,rooftop_pv,rooftop_pv,2035,0.123589335491647
Bosnia and Herzegovina,elect_td_bld,rooftop_pv,rooftop_pv,2035,0.161801152517537
Iceland,elect_td_bld,rooftop_pv,rooftop_pv,2035,0.0878819964554935
Macedonia,elect_td_bld,rooftop_pv,rooftop_pv,2035,0.1736594446976
Moldova,elect_td_bld,rooftop_pv,rooftop_pv,2035,0.148573629364686
Norway,elect_td_bld,rooftop_pv,rooftop_pv,2035,0.091731593157163
Serbia and Montenegro,elect_td_bld,rooftop_pv,rooftop_pv,2035,0.159249043379485
Switzerland,elect_td_bld,rooftop_pv,rooftop_pv,2035,0.150192879105328
Turkey,elect_td_bld,rooftop_pv,rooftop_pv,2035,0.192495309516896
UK,elect_td_bld,rooftop_pv,rooftop_pv,2035,0.114593789342384
Ukraine,elect_td_bld,rooftop_pv,rooftop_pv,2035,0.141811436234389
USA,elect_td_bld,rooftop_pv,rooftop_pv,2040,0.170000237372851
Africa_Eastern,elect_td_bld,rooftop_pv,rooftop_pv,2040,0.240008956445982
Africa_Northern,elect_td_bld,rooftop_pv,rooftop_pv,2040,0.238169122796576
Africa_Southern,elect_td_bld,rooftop_pv,rooftop_pv,2040,0.234210230791587
Africa_Western,elect_td_bld,rooftop_pv,rooftop_pv,2040,0.232534914951149
Australia_NZ,elect_td_bld,rooftop_pv,rooftop_pv,2040,0.231643404469772
Brazil,elect_td_bld,rooftop_pv,rooftop_pv,2040,0.209707320001716
Canada,elect_td_bld,rooftop_pv,rooftop_pv,2040,0.110313623628536
Central America and Caribbean,elect_td_bld,rooftop_pv,rooftop_pv,2040,0.213632345003911
Central Asia,elect_td_bld,rooftop_pv,rooftop_pv,2040,0.182474340754093
China,elect_td_bld,rooftop_pv,rooftop_pv,2040,0.203902275010573
India,elect_td_bld,rooftop_pv,rooftop_pv,2040,0.210256611036008
Indonesia,elect_td_bld,rooftop_pv,rooftop_pv,2040,0.19699988976121
Japan,elect_td_bld,rooftop_pv,rooftop_pv,2040,0.160753750764185
Mexico,elect_td_bld,rooftop_pv,rooftop_pv,2040,0.228167610634176
Middle East,elect_td_bld,rooftop_pv,rooftop_pv,2040,0.232663088287853
Pakistan,elect_td_bld,rooftop_pv,rooftop_pv,2040,0.220675739474765
Russia,elect_td_bld,rooftop_pv,rooftop_pv,2040,0.110683898976316
South Africa,elect_td_bld,rooftop_pv,rooftop_pv,2040,0.234724479560114
South America_Northern,elect_td_bld,rooftop_pv,rooftop_pv,2040,0.206617429342051
South America_Southern,elect_td_bld,rooftop_pv,rooftop_pv,2040,0.204560384759227
South Asia,elect_td_bld,rooftop_pv,rooftop_pv,2040,0.216567807005904
South Korea,elect_td_bld,rooftop_pv,rooftop_pv,2040,0.177842888977991
Southeast Asia,elect_td_bld,rooftop_pv,rooftop_pv,2040,0.202069561807951
Taiwan,elect_td_bld,rooftop_pv,rooftop_pv,2040,0.169964676565435
Argentina,elect_td_bld,rooftop_pv,rooftop_pv,2040,0.197924141989948
Colombia,elect_td_bld,rooftop_pv,rooftop_pv,2040,0.18601404795527
Austria,elect_td_bld,rooftop_pv,rooftop_pv,2040,0.138936957171441
Belgium,elect_td_bld,rooftop_pv,rooftop_pv,2040,0.12174186578174
Bulgaria,elect_td_bld,rooftop_pv,rooftop_pv,2040,0.162232102749138
Croatia,elect_td_bld,rooftop_pv,rooftop_pv,2040,0.169957080343306
Cyprus,elect_td_bld,rooftop_pv,rooftop_pv,2040,0.224999478050975
Czech Republic,elect_td_bld,rooftop_pv,rooftop_pv,2040,0.127189160917822
Denmark,elect_td_bld,rooftop_pv,rooftop_pv,2040,0.121762468401259
Estonia,elect_td_bld,rooftop_pv,rooftop_pv,2040,0.124620102787013
Finland,elect_td_bld,rooftop_pv,rooftop_pv,2040,0.101771256132376
France,elect_td_bld,rooftop_pv,rooftop_pv,2040,0.151204502017616
Germany,elect_td_bld,rooftop_pv,rooftop_pv,2040,0.119059907047066
Greece,elect_td_bld,rooftop_pv,rooftop_pv,2040,0.185286282850352
Hungary,elect_td_bld,rooftop_pv,rooftop_pv,2040,0.145497180487682
Ireland,elect_td_bld,rooftop_pv,rooftop_pv,2040,0.107349015055682
Italy,elect_td_bld,rooftop_pv,rooftop_pv,2040,0.181651563373901
Latvia,elect_td_bld,rooftop_pv,rooftop_pv,2040,0.12509568688641
Lithuania,elect_td_bld,rooftop_pv,rooftop_pv,2040,0.128131982000957
Luxembourg,elect_td_bld,rooftop_pv,rooftop_pv,2040,0.122359346175689
Malta,elect_td_bld,rooftop_pv,rooftop_pv,2040,0.181651563373901
Netherlands,elect_td_bld,rooftop_pv,rooftop_pv,2040,0.119100477659157
Poland,elect_td_bld,rooftop_pv,rooftop_pv,2040,0.120051447214226
Portugal,elect_td_bld,rooftop_pv,rooftop_pv,2040,0.195893476556883
Romania,elect_td_bld,rooftop_pv,rooftop_pv,2040,0.151757362471355
Slovakia,elect_td_bld,rooftop_pv,rooftop_pv,2040,0.126583029910334
Slovenia,elect_td_bld,rooftop_pv,rooftop_pv,2040,0.150967545982195
Spain,elect_td_bld,rooftop_pv,rooftop_pv,2040,0.190919962203704
Sweden,elect_td_bld,rooftop_pv,rooftop_pv,2040,0.0963720691362426
Albania,elect_td_bld,rooftop_pv,rooftop_pv,2040,0.188356639023384
Belarus,elect_td_bld,rooftop_pv,rooftop_pv,2040,0.123589335491647
Bosnia and Herzegovina,elect_td_bld,rooftop_pv,rooftop_pv,2040,0.161801152517537
Iceland,elect_td_bld,rooftop_pv,rooftop_pv,2040,0.0878819964554935
Macedonia,elect_td_bld,rooftop_pv,rooftop_pv,2040,0.1736594446976
Moldova,elect_td_bld,rooftop_pv,rooftop_pv,2040,0.148573629364686
Norway,elect_td_bld,rooftop_pv,rooftop_pv,2040,0.091731593157163
Serbia and Montenegro,elect_td_bld,rooftop_pv,rooftop_pv,2040,0.159249043379485
Switzerland,elect_td_bld,rooftop_pv,rooftop_pv,2040,0.150192879105328
Turkey,elect_td_bld,rooftop_pv,rooftop_pv,2040,0.192495309516896
UK,elect_td_bld,rooftop_pv,rooftop_pv,2040,0.114593789342384
Ukraine,elect_td_bld,rooftop_pv,rooftop_pv,2040,0.141811436234389
USA,elect_td_bld,rooftop_pv,rooftop_pv,2045,0.170000237372851
Africa_Eastern,elect_td_bld,rooftop_pv,rooftop_pv,2045,0.240008956445982
Africa_Northern,elect_td_bld,rooftop_pv,rooftop_pv,2045,0.238169122796576
Africa_Southern,elect_td_bld,rooftop_pv,rooftop_pv,2045,0.234210230791587
Africa_Western,elect_td_bld,rooftop_pv,rooftop_pv,2045,0.232534914951149
Australia_NZ,elect_td_bld,rooftop_pv,rooftop_pv,2045,0.231643404469772
Brazil,elect_td_bld,rooftop_pv,rooftop_pv,2045,0.209707320001716
Canada,elect_td_bld,rooftop_pv,rooftop_pv,2045,0.110313623628536
Central America and Caribbean,elect_td_bld,rooftop_pv,rooftop_pv,2045,0.213632345003911
Central Asia,elect_td_bld,rooftop_pv,rooftop_pv,2045,0.182474340754093
China,elect_td_bld,rooftop_pv,rooftop_pv,2045,0.203902275010573
India,elect_td_bld,rooftop_pv,rooftop_pv,2045,0.210256611036008
Indonesia,elect_td_bld,rooftop_pv,rooftop_pv,2045,0.19699988976121
Japan,elect_td_bld,rooftop_pv,rooftop_pv,2045,0.160753750764185
Mexico,elect_td_bld,rooftop_pv,rooftop_pv,2045,0.228167610634176
Middle East,elect_td_bld,rooftop_pv,rooftop_pv,2045,0.232663088287853
Pakistan,elect_td_bld,rooftop_pv,rooftop_pv,2045,0.220675739474765
Russia,elect_td_bld,rooftop_pv,rooftop_pv,2045,0.110683898976316
South Africa,elect_td_bld,rooftop_pv,rooftop_pv,2045,0.234724479560114
South America_Northern,elect_td_bld,rooftop_pv,rooftop_pv,2045,0.206617429342051
South America_Southern,elect_td_bld,rooftop_pv,rooftop_pv,2045,0.204560384759227
South Asia,elect_td_bld,rooftop_pv,rooftop_pv,2045,0.216567807005904
South Korea,elect_td_bld,rooftop_pv,rooftop_pv,2045,0.177842888977991
Southeast Asia,elect_td_bld,rooftop_pv,rooftop_pv,2045,0.202069561807951
Taiwan,elect_td_bld,rooftop_pv,rooftop_pv,2045,0.169964676565435
Argentina,elect_td_bld,rooftop_pv,rooftop_pv,2045,0.197924141989948
Colombia,elect_td_bld,rooftop_pv,rooftop_pv,2045,0.18601404795527
Austria,elect_td_bld,rooftop_pv,rooftop_pv,2045,0.138936957171441
Belgium,elect_td_bld,rooftop_pv,rooftop_pv,2045,0.12174186578174
Bulgaria,elect_td_bld,rooftop_pv,rooftop_pv,2045,0.162232102749138
Croatia,elect_td_bld,rooftop_pv,rooftop_pv,2045,0.169957080343306
Cyprus,elect_td_bld,rooftop_pv,rooftop_pv,2045,0.224999478050975
Czech Republic,elect_td_bld,rooftop_pv,rooftop_pv,2045,0.127189160917822
Denmark,elect_td_bld,rooftop_pv,rooftop_pv,2045,0.121762468401259
Estonia,elect_td_bld,rooftop_pv,rooftop_pv,2045,0.124620102787013
Finland,elect_td_bld,rooftop_pv,rooftop_pv,2045,0.101771256132376
France,elect_td_bld,rooftop_pv,rooftop_pv,2045,0.151204502017616
Germany,elect_td_bld,rooftop_pv,rooftop_pv,2045,0.119059907047066
Greece,elect_td_bld,rooftop_pv,rooftop_pv,2045,0.185286282850352
Hungary,elect_td_bld,rooftop_pv,rooftop_pv,2045,0.145497180487682
Ireland,elect_td_bld,rooftop_pv,rooftop_pv,2045,0.107349015055682
Italy,elect_td_bld,rooftop_pv,rooftop_pv,2045,0.181651563373901
Latvia,elect_td_bld,rooftop_pv,rooftop_pv,2045,0.12509568688641
Lithuania,elect_td_bld,rooftop_pv,rooftop_pv,2045,0.128131982000957
Luxembourg,elect_td_bld,rooftop_pv,rooftop_pv,2045,0.122359346175689
Malta,elect_td_bld,rooftop_pv,rooftop_pv,2045,0.181651563373901
Netherlands,elect_td_bld,rooftop_pv,rooftop_pv,2045,0.119100477659157
Poland,elect_td_bld,rooftop_pv,rooftop_pv,2045,0.120051447214226
Portugal,elect_td_bld,rooftop_pv,rooftop_pv,2045,0.195893476556883
Romania,elect_td_bld,rooftop_pv,rooftop_pv,2045,0.151757362471355
Slovakia,elect_td_bld,rooftop_pv,rooftop_pv,2045,0.126583029910334
Slovenia,elect_td_bld,rooftop_pv,rooftop_pv,2045,0.150967545982195
Spain,elect_td_bld,rooftop_pv,rooftop_pv,2045,0.190919962203704
Sweden,elect_td_bld,rooftop_pv,rooftop_pv,2045,0.0963720691362426
Albania,elect_td_bld,rooftop_pv,rooftop_pv,2045,0.188356639023384
Belarus,elect_td_bld,rooftop_pv,rooftop_pv,2045,0.123589335491647
Bosnia and Herzegovina,elect_td_bld,rooftop_pv,rooftop_pv,2045,0.161801152517537
Iceland,elect_td_bld,rooftop_pv,rooftop_pv,2045,0.0878819964554935
Macedonia,elect_td_bld,rooftop_pv,rooftop_pv,2045,0.1736594446976
Moldova,elect_td_bld,rooftop_pv,rooftop_pv,2045,0.148573629364686
Norway,elect_td_bld,rooftop_pv,rooftop_pv,2045,0.091731593157163
Serbia and Montenegro,elect_td_bld,rooftop_pv,rooftop_pv,2045,0.159249043379485
Switzerland,elect_td_bld,rooftop_pv,rooftop_pv,2045,0.150192879105328
Turkey,elect_td_bld,rooftop_pv,rooftop_pv,2045,0.192495309516896
UK,elect_td_bld,rooftop_pv,rooftop_pv,2045,0.114593789342384
Ukraine,elect_td_bld,rooftop_pv,rooftop_pv,2045,0.141811436234389
USA,elect_td_bld,rooftop_pv,rooftop_pv,2050,0.170000237372851
Africa_Eastern,elect_td_bld,rooftop_pv,rooftop_pv,2050,0.240008956445982
Africa_Northern,elect_td_bld,rooftop_pv,rooftop_pv,2050,0.238169122796576
Africa_Southern,elect_td_bld,rooftop_pv,rooftop_pv,2050,0.234210230791587
Africa_Western,elect_td_bld,rooftop_pv,rooftop_pv,2050,0.232534914951149
Australia_NZ,elect_td_bld,rooftop_pv,rooftop_pv,2050,0.231643404469772
Brazil,elect_td_bld,rooftop_pv,rooftop_pv,2050,0.209707320001716
Canada,elect_td_bld,rooftop_pv,rooftop_pv,2050,0.110313623628536
Central America and Caribbean,elect_td_bld,rooftop_pv,rooftop_pv,2050,0.213632345003911
Central Asia,elect_td_bld,rooftop_pv,rooftop_pv,2050,0.182474340754093
China,elect_td_bld,rooftop_pv,rooftop_pv,2050,0.203902275010573
India,elect_td_bld,rooftop_pv,rooftop_pv,2050,0.210256611036008
Indonesia,elect_td_bld,rooftop_pv,rooftop_pv,2050,0.19699988976121
Japan,elect_td_bld,rooftop_pv,rooftop_pv,2050,0.160753750764185
Mexico,elect_td_bld,rooftop_pv,rooftop_pv,2050,0.228167610634176
Middle East,elect_td_bld,rooftop_pv,rooftop_pv,2050,0.232663088287853
Pakistan,elect_td_bld,rooftop_pv,rooftop_pv,2050,0.220675739474765
Russia,elect_td_bld,rooftop_pv,rooftop_pv,2050,0.110683898976316
South Africa,elect_td_bld,rooftop_pv,rooftop_pv,2050,0.234724479560114
South America_Northern,elect_td_bld,rooftop_pv,rooftop_pv,2050,0.206617429342051
South America_Southern,elect_td_bld,rooftop_pv,rooftop_pv,2050,0.204560384759227
South Asia,elect_td_bld,rooftop_pv,rooftop_pv,2050,0.216567807005904
South Korea,elect_td_bld,rooftop_pv,rooftop_pv,2050,0.177842888977991
Southeast Asia,elect_td_bld,rooftop_pv,rooftop_pv,2050,0.202069561807951
Taiwan,elect_td_bld,rooftop_pv,rooftop_pv,2050,0.169964676565435
Argentina,elect_td_bld,rooftop_pv,rooftop_pv,2050,0.197924141989948
Colombia,elect_td_bld,rooftop_pv,rooftop_pv,2050,0.18601404795527
Austria,elect_td_bld,rooftop_pv,rooftop_pv,2050,0.138936957171441
Belgium,elect_td_bld,rooftop_pv,rooftop_pv,2050,0.12174186578174
Bulgaria,elect_td_bld,rooftop_pv,rooftop_pv,2050,0.162232102749138
Croatia,elect_td_bld,rooftop_pv,rooftop_pv,2050,0.169957080343306
Cyprus,elect_td_bld,rooftop_pv,rooftop_pv,2050,0.224999478050975
Czech Republic,elect_td_bld,rooftop_pv,rooftop_pv,2050,0.127189160917822
Denmark,elect_td_bld,rooftop_pv,rooftop_pv,2050,0.121762468401259
Estonia,elect_td_bld,rooftop_pv,rooftop_pv,2050,0.124620102787013
Finland,elect_td_bld,rooftop_pv,rooftop_pv,2050,0.101771256132376
France,elect_td_bld,rooftop_pv,rooftop_pv,2050,0.151204502017616
Germany,elect_td_bld,rooftop_pv,rooftop_pv,2050,0.119059907047066
Greece,elect_td_bld,rooftop_pv,rooftop_pv,2050,0.185286282850352
Hungary,elect_td_bld,rooftop_pv,rooftop_pv,2050,0.145497180487682
Ireland,elect_td_bld,rooftop_pv,rooftop_pv,2050,0.107349015055682
Italy,elect_td_bld,rooftop_pv,rooftop_pv,2050,0.181651563373901
Latvia,elect_td_bld,rooftop_pv,rooftop_pv,2050,0.12509568688641
Lithuania,elect_td_bld,rooftop_pv,rooftop_pv,2050,0.128131982000957
Luxembourg,elect_td_bld,rooftop_pv,rooftop_pv,2050,0.122359346175689
Malta,elect_td_bld,rooftop_pv,rooftop_pv,2050,0.181651563373901
Netherlands,elect_td_bld,rooftop_pv,rooftop_pv,2050,0.119100477659157
Poland,elect_td_bld,rooftop_pv,rooftop_pv,2050,0.120051447214226
Portugal,elect_td_bld,rooftop_pv,rooftop_pv,2050,0.195893476556883
Romania,elect_td_bld,rooftop_pv,rooftop_pv,2050,0.151757362471355
Slovakia,elect_td_bld,rooftop_pv,rooftop_pv,2050,0.126583029910334
Slovenia,elect_td_bld,rooftop_pv,rooftop_pv,2050,0.150967545982195
Spain,elect_td_bld,rooftop_pv,rooftop_pv,2050,0.190919962203704
Sweden,elect_td_bld,rooftop_pv,rooftop_pv,2050,0.0963720691362426
Albania,elect_td_bld,rooftop_pv,rooftop_pv,2050,0.188356639023384
Belarus,elect_td_bld,rooftop_pv,rooftop_pv,2050,0.123589335491647
Bosnia and Herzegovina,elect_td_bld,rooftop_pv,rooftop_pv,2050,0.161801152517537
Iceland,elect_td_bld,rooftop_pv,rooftop_pv,2050,0.0878819964554935
Macedonia,elect_td_bld,rooftop_pv,rooftop_pv,2050,0.1736594446976
Moldova,elect_td_bld,rooftop_pv,rooftop_pv,2050,0.148573629364686
Norway,elect_td_bld,rooftop_pv,rooftop_pv,2050,0.091731593157163
Serbia and Montenegro,elect_td_bld,rooftop_pv,rooftop_pv,2050,0.159249043379485
Switzerland,elect_td_bld,rooftop_pv,rooftop_pv,2050,0.150192879105328
Turkey,elect_td_bld,rooftop_pv,rooftop_pv,2050,0.192495309516896
UK,elect_td_bld,rooftop_pv,rooftop_pv,2050,0.114593789342384
Ukraine,elect_td_bld,rooftop_pv,rooftop_pv,2050,0.141811436234389
USA,elect_td_bld,rooftop_pv,rooftop_pv,2055,0.170000237372851
Africa_Eastern,elect_td_bld,rooftop_pv,rooftop_pv,2055,0.240008956445982
Africa_Northern,elect_td_bld,rooftop_pv,rooftop_pv,2055,0.238169122796576
Africa_Southern,elect_td_bld,rooftop_pv,rooftop_pv,2055,0.234210230791587
Africa_Western,elect_td_bld,rooftop_pv,rooftop_pv,2055,0.232534914951149
Australia_NZ,elect_td_bld,rooftop_pv,rooftop_pv,2055,0.231643404469772
Brazil,elect_td_bld,rooftop_pv,rooftop_pv,2055,0.209707320001716
Canada,elect_td_bld,rooftop_pv,rooftop_pv,2055,0.110313623628536
Central America and Caribbean,elect_td_bld,rooftop_pv,rooftop_pv,2055,0.213632345003911
Central Asia,elect_td_bld,rooftop_pv,rooftop_pv,2055,0.182474340754093
China,elect_td_bld,rooftop_pv,rooftop_pv,2055,0.203902275010573
India,elect_td_bld,rooftop_pv,rooftop_pv,2055,0.210256611036008
Indonesia,elect_td_bld,rooftop_pv,rooftop_pv,2055,0.19699988976121
Japan,elect_td_bld,rooftop_pv,rooftop_pv,2055,0.160753750764185
Mexico,elect_td_bld,rooftop_pv,rooftop_pv,2055,0.228167610634176
Middle East,elect_td_bld,rooftop_pv,rooftop_pv,2055,0.232663088287853
Pakistan,elect_td_bld,rooftop_pv,rooftop_pv,2055,0.220675739474765
Russia,elect_td_bld,rooftop_pv,rooftop_pv,2055,0.110683898976316
South Africa,elect_td_bld,rooftop_pv,rooftop_pv,2055,0.234724479560114
South America_Northern,elect_td_bld,rooftop_pv,rooftop_pv,2055,0.206617429342051
South America_Southern,elect_td_bld,rooftop_pv,rooftop_pv,2055,0.204560384759227
South Asia,elect_td_bld,rooftop_pv,rooftop_pv,2055,0.216567807005904
South Korea,elect_td_bld,rooftop_pv,rooftop_pv,2055,0.177842888977991
Southeast Asia,elect_td_bld,rooftop_pv,rooftop_pv,2055,0.202069561807951
Taiwan,elect_td_bld,rooftop_pv,rooftop_pv,2055,0.169964676565435
Argentina,elect_td_bld,rooftop_pv,rooftop_pv,2055,0.197924141989948
Colombia,elect_td_bld,rooftop_pv,rooftop_pv,2055,0.18601404795527
Austria,elect_td_bld,rooftop_pv,rooftop_pv,2055,0.138936957171441
Belgium,elect_td_bld,rooftop_pv,rooftop_pv,2055,0.12174186578174
Bulgaria,elect_td_bld,rooftop_pv,rooftop_pv,2055,0.162232102749138
Croatia,elect_td_bld,rooftop_pv,rooftop_pv,2055,0.169957080343306
Cyprus,elect_td_bld,rooftop_pv,rooftop_pv,2055,0.224999478050975
Czech Republic,elect_td_bld,rooftop_pv,rooftop_pv,2055,0.127189160917822
Denmark,elect_td_bld,rooftop_pv,rooftop_pv,2055,0.121762468401259
Estonia,elect_td_bld,rooftop_pv,rooftop_pv,2055,0.124620102787013
Finland,elect_td_bld,rooftop_pv,rooftop_pv,2055,0.101771256132376
France,elect_td_bld,rooftop_pv,rooftop_pv,2055,0.151204502017616
Germany,elect_td_bld,rooftop_pv,rooftop_pv,2055,0.119059907047066
Greece,elect_td_bld,rooftop_pv,rooftop_pv,2055,0.185286282850352
Hungary,elect_td_bld,rooftop_pv,rooftop_pv,2055,0.145497180487682
Ireland,elect_td_bld,rooftop_pv,rooftop_pv,2055,0.107349015055682
Italy,elect_td_bld,rooftop_pv,rooftop_pv,2055,0.181651563373901
Latvia,elect_td_bld,rooftop_pv,rooftop_pv,2055,0.12509568688641
Lithuania,elect_td_bld,rooftop_pv,rooftop_pv,2055,0.128131982000957
Luxembourg,elect_td_bld,rooftop_pv,rooftop_pv,2055,0.122359346175689
Malta,elect_td_bld,rooftop_pv,rooftop_pv,2055,0.181651563373901
Netherlands,elect_td_bld,rooftop_pv,rooftop_pv,2055,0.119100477659157
Poland,elect_td_bld,rooftop_pv,rooftop_pv,2055,0.120051447214226
Portugal,elect_td_bld,rooftop_pv,rooftop_pv,2055,0.195893476556883
Romania,elect_td_bld,rooftop_pv,rooftop_pv,2055,0.151757362471355
Slovakia,elect_td_bld,rooftop_pv,rooftop_pv,2055,0.126583029910334
Slovenia,elect_td_bld,rooftop_pv,rooftop_pv,2055,0.150967545982195
Spain,elect_td_bld,rooftop_pv,rooftop_pv,2055,0.190919962203704
Sweden,elect_td_bld,rooftop_pv,rooftop_pv,2055,0.0963720691362426
Albania,elect_td_bld,rooftop_pv,rooftop_pv,2055,0.188356639023384
Belarus,elect_td_bld,rooftop_pv,rooftop_pv,2055,0.123589335491647
Bosnia and Herzegovina,elect_td_bld,rooftop_pv,rooftop_pv,2055,0.161801152517537
Iceland,elect_td_bld,rooftop_pv,rooftop_pv,2055,0.0878819964554935
Macedonia,elect_td_bld,rooftop_pv,rooftop_pv,2055,0.1736594446976
Moldova,elect_td_bld,rooftop_pv,rooftop_pv,2055,0.148573629364686
Norway,elect_td_bld,rooftop_pv,rooftop_pv,2055,0.091731593157163
Serbia and Montenegro,elect_td_bld,rooftop_pv,rooftop_pv,2055,0.159249043379485
Switzerland,elect_td_bld,rooftop_pv,rooftop_pv,2055,0.150192879105328
Turkey,elect_td_bld,rooftop_pv,rooftop_pv,2055,0.192495309516896
UK,elect_td_bld,rooftop_pv,rooftop_pv,2055,0.114593789342384
Ukraine,elect_td_bld,rooftop_pv,rooftop_pv,2055,0.141811436234389
USA,elect_td_bld,rooftop_pv,rooftop_pv,2060,0.170000237372851
Africa_Eastern,elect_td_bld,rooftop_pv,rooftop_pv,2060,0.240008956445982
Africa_Northern,elect_td_bld,rooftop_pv,rooftop_pv,2060,0.238169122796576
Africa_Southern,elect_td_bld,rooftop_pv,rooftop_pv,2060,0.234210230791587
Africa_Western,elect_td_bld,rooftop_pv,rooftop_pv,2060,0.232534914951149
Australia_NZ,elect_td_bld,rooftop_pv,rooftop_pv,2060,0.231643404469772
Brazil,elect_td_bld,rooftop_pv,rooftop_pv,2060,0.209707320001716
Canada,elect_td_bld,rooftop_pv,rooftop_pv,2060,0.110313623628536
Central America and Caribbean,elect_td_bld,rooftop_pv,rooftop_pv,2060,0.213632345003911
Central Asia,elect_td_bld,rooftop_pv,rooftop_pv,2060,0.182474340754093
China,elect_td_bld,rooftop_pv,rooftop_pv,2060,0.203902275010573
India,elect_td_bld,rooftop_pv,rooftop_pv,2060,0.210256611036008
Indonesia,elect_td_bld,rooftop_pv,rooftop_pv,2060,0.19699988976121
Japan,elect_td_bld,rooftop_pv,rooftop_pv,2060,0.160753750764185
Mexico,elect_td_bld,rooftop_pv,rooftop_pv,2060,0.228167610634176
Middle East,elect_td_bld,rooftop_pv,rooftop_pv,2060,0.232663088287853
Pakistan,elect_td_bld,rooftop_pv,rooftop_pv,2060,0.220675739474765
Russia,elect_td_bld,rooftop_pv,rooftop_pv,2060,0.110683898976316
South Africa,elect_td_bld,rooftop_pv,rooftop_pv,2060,0.234724479560114
South America_Northern,elect_td_bld,rooftop_pv,rooftop_pv,2060,0.206617429342051
South America_Southern,elect_td_bld,rooftop_pv,rooftop_pv,2060,0.204560384759227
South Asia,elect_td_bld,rooftop_pv,rooftop_pv,2060,0.216567807005904
South Korea,elect_td_bld,rooftop_pv,rooftop_pv,2060,0.177842888977991
Southeast Asia,elect_td_bld,rooftop_pv,rooftop_pv,2060,0.202069561807951
Taiwan,elect_td_bld,rooftop_pv,rooftop_pv,2060,0.169964676565435
Argentina,elect_td_bld,rooftop_pv,rooftop_pv,2060,0.197924141989948
Colombia,elect_td_bld,rooftop_pv,rooftop_pv,2060,0.18601404795527
Austria,elect_td_bld,rooftop_pv,rooftop_pv,2060,0.138936957171441
Belgium,elect_td_bld,rooftop_pv,rooftop_pv,2060,0.12174186578174
Bulgaria,elect_td_bld,rooftop_pv,rooftop_pv,2060,0.162232102749138
Croatia,elect_td_bld,rooftop_pv,rooftop_pv,2060,0.169957080343306
Cyprus,elect_td_bld,rooftop_pv,rooftop_pv,2060,0.224999478050975
Czech Republic,elect_td_bld,rooftop_pv,rooftop_pv,2060,0.127189160917822
Denmark,elect_td_bld,rooftop_pv,rooftop_pv,2060,0.121762468401259
Estonia,elect_td_bld,rooftop_pv,rooftop_pv,2060,0.124620102787013
Finland,elect_td_bld,rooftop_pv,rooftop_pv,2060,0.101771256132376
France,elect_td_bld,rooftop_pv,rooftop_pv,2060,0.151204502017616
Germany,elect_td_bld,rooftop_pv,rooftop_pv,2060,0.119059907047066
Greece,elect_td_bld,rooftop_pv,rooftop_pv,2060,0.185286282850352
Hungary,elect_td_bld,rooftop_pv,rooftop_pv,2060,0.145497180487682
Ireland,elect_td_bld,rooftop_pv,rooftop_pv,2060,0.107349015055682
Italy,elect_td_bld,rooftop_pv,rooftop_pv,2060,0.181651563373901
Latvia,elect_td_bld,rooftop_pv,rooftop_pv,2060,0.12509568688641
Lithuania,elect_td_bld,rooftop_pv,rooftop_pv,2060,0.128131982000957
Luxembourg,elect_td_bld,rooftop_pv,rooftop_pv,2060,0.122359346175689
Malta,elect_td_bld,rooftop_pv,rooftop_pv,2060,0.181651563373901
Netherlands,elect_td_bld,rooftop_pv,rooftop_pv,2060,0.119100477659157
Poland,elect_td_bld,rooftop_pv,rooftop_pv,2060,0.120051447214226
Portugal,elect_td_bld,rooftop_pv,rooftop_pv,2060,0.195893476556883
Romania,elect_td_bld,rooftop_pv,rooftop_pv,2060,0.151757362471355
Slovakia,elect_td_bld,rooftop_pv,rooftop_pv,2060,0.126583029910334
Slovenia,elect_td_bld,rooftop_pv,rooftop_pv,2060,0.150967545982195
Spain,elect_td_bld,rooftop_pv,rooftop_pv,2060,0.190919962203704
Sweden,elect_td_bld,rooftop_pv,rooftop_pv,2060,0.0963720691362426
Albania,elect_td_bld,rooftop_pv,rooftop_pv,2060,0.188356639023384
Belarus,elect_td_bld,rooftop_pv,rooftop_pv,2060,0.123589335491647
Bosnia and Herzegovina,elect_td_bld,rooftop_pv,rooftop_pv,2060,0.161801152517537
Iceland,elect_td_bld,rooftop_pv,rooftop_pv,2060,0.0878819964554935
Macedonia,elect_td_bld,rooftop_pv,rooftop_pv,2060,0.1736594446976
Moldova,elect_td_bld,rooftop_pv,rooftop_pv,2060,0.148573629364686
Norway,elect_td_bld,rooftop_pv,rooftop_pv,2060,0.091731593157163
Serbia and Montenegro,elect_td_bld,rooftop_pv,rooftop_pv,2060,0.159249043379485
Switzerland,elect_td_bld,rooftop_pv,rooftop_pv,2060,0.150192879105328
Turkey,elect_td_bld,rooftop_pv,rooftop_pv,2060,0.192495309516896
UK,elect_td_bld,rooftop_pv,rooftop_pv,2060,0.114593789342384
Ukraine,elect_td_bld,rooftop_pv,rooftop_pv,2060,0.141811436234389
USA,elect_td_bld,rooftop_pv,rooftop_pv,2065,0.170000237372851
Africa_Eastern,elect_td_bld,rooftop_pv,rooftop_pv,2065,0.240008956445982
Africa_Northern,elect_td_bld,rooftop_pv,rooftop_pv,2065,0.238169122796576
Africa_Southern,elect_td_bld,rooftop_pv,rooftop_pv,2065,0.234210230791587
Africa_Western,elect_td_bld,rooftop_pv,rooftop_pv,2065,0.232534914951149
Australia_NZ,elect_td_bld,rooftop_pv,rooftop_pv,2065,0.231643404469772
Brazil,elect_td_bld,rooftop_pv,rooftop_pv,2065,0.209707320001716
Canada,elect_td_bld,rooftop_pv,rooftop_pv,2065,0.110313623628536
Central America and Caribbean,elect_td_bld,rooftop_pv,rooftop_pv,2065,0.213632345003911
Central Asia,elect_td_bld,rooftop_pv,rooftop_pv,2065,0.182474340754093
China,elect_td_bld,rooftop_pv,rooftop_pv,2065,0.203902275010573
India,elect_td_bld,rooftop_pv,rooftop_pv,2065,0.210256611036008
Indonesia,elect_td_bld,rooftop_pv,rooftop_pv,2065,0.19699988976121
Japan,elect_td_bld,rooftop_pv,rooftop_pv,2065,0.160753750764185
Mexico,elect_td_bld,rooftop_pv,rooftop_pv,2065,0.228167610634176
Middle East,elect_td_bld,rooftop_pv,rooftop_pv,2065,0.232663088287853
Pakistan,elect_td_bld,rooftop_pv,rooftop_pv,2065,0.220675739474765
Russia,elect_td_bld,rooftop_pv,rooftop_pv,2065,0.110683898976316
South Africa,elect_td_bld,rooftop_pv,rooftop_pv,2065,0.234724479560114
South America_Northern,elect_td_bld,rooftop_pv,rooftop_pv,2065,0.206617429342051
South America_Southern,elect_td_bld,rooftop_pv,rooftop_pv,2065,0.204560384759227
South Asia,elect_td_bld,rooftop_pv,rooftop_pv,2065,0.216567807005904
South Korea,elect_td_bld,rooftop_pv,rooftop_pv,2065,0.177842888977991
Southeast Asia,elect_td_bld,rooftop_pv,rooftop_pv,2065,0.202069561807951
Taiwan,elect_td_bld,rooftop_pv,rooftop_pv,2065,0.169964676565435
Argentina,elect_td_bld,rooftop_pv,rooftop_pv,2065,0.197924141989948
Colombia,elect_td_bld,rooftop_pv,rooftop_pv,2065,0.18601404795527
Austria,elect_td_bld,rooftop_pv,rooftop_pv,2065,0.138936957171441
Belgium,elect_td_bld,rooftop_pv,rooftop_pv,2065,0.12174186578174
Bulgaria,elect_td_bld,rooftop_pv,rooftop_pv,2065,0.162232102749138
Croatia,elect_td_bld,rooftop_pv,rooftop_pv,2065,0.169957080343306
Cyprus,elect_td_bld,rooftop_pv,rooftop_pv,2065,0.224999478050975
Czech Republic,elect_td_bld,rooftop_pv,rooftop_pv,2065,0.127189160917822
Denmark,elect_td_bld,rooftop_pv,rooftop_pv,2065,0.121762468401259
Estonia,elect_td_bld,rooftop_pv,rooftop_pv,2065,0.124620102787013
Finland,elect_td_bld,rooftop_pv,rooftop_pv,2065,0.101771256132376
France,elect_td_bld,rooftop_pv,rooftop_pv,2065,0.151204502017616
Germany,elect_td_bld,rooftop_pv,rooftop_pv,2065,0.119059907047066
Greece,elect_td_bld,rooftop_pv,rooftop_pv,2065,0.185286282850352
Hungary,elect_td_bld,rooftop_pv,rooftop_pv,2065,0.145497180487682
Ireland,elect_td_bld,rooftop_pv,rooftop_pv,2065,0.107349015055682
Italy,elect_td_bld,rooftop_pv,rooftop_pv,2065,0.181651563373901
Latvia,elect_td_bld,rooftop_pv,rooftop_pv,2065,0.12509568688641
Lithuania,elect_td_bld,rooftop_pv,rooftop_pv,2065,0.128131982000957
Luxembourg,elect_td_bld,rooftop_pv,rooftop_pv,2065,0.122359346175689
Malta,elect_td_bld,rooftop_pv,rooftop_pv,2065,0.181651563373901
Netherlands,elect_td_bld,rooftop_pv,rooftop_pv,2065,0.119100477659157
Poland,elect_td_bld,rooftop_pv,rooftop_pv,2065,0.120051447214226
Portugal,elect_td_bld,rooftop_pv,rooftop_pv,2065,0.195893476556883
Romania,elect_td_bld,rooftop_pv,rooftop_pv,2065,0.151757362471355
Slovakia,elect_td_bld,rooftop_pv,rooftop_pv,2065,0.126583029910334
Slovenia,elect_td_bld,rooftop_pv,rooftop_pv,2065,0.150967545982195
Spain,elect_td_bld,rooftop_pv,rooftop_pv,2065,0.190919962203704
Sweden,elect_td_bld,rooftop_pv,rooftop_pv,2065,0.0963720691362426
Albania,elect_td_bld,rooftop_pv,rooftop_pv,2065,0.188356639023384
Belarus,elect_td_bld,rooftop_pv,rooftop_pv,2065,0.123589335491647
Bosnia and Herzegovina,elect_td_bld,rooftop_pv,rooftop_pv,2065,0.161801152517537
Iceland,elect_td_bld,rooftop_pv,rooftop_pv,2065,0.0878819964554935
Macedonia,elect_td_bld,rooftop_pv,rooftop_pv,2065,0.1736594446976
Moldova,elect_td_bld,rooftop_pv,rooftop_pv,2065,0.148573629364686
Norway,elect_td_bld,rooftop_pv,rooftop_pv,2065,0.091731593157163
Serbia and Montenegro,elect_td_bld,rooftop_pv,rooftop_pv,2065,0.159249043379485
Switzerland,elect_td_bld,rooftop_pv,rooftop_pv,2065,0.150192879105328
Turkey,elect_td_bld,rooftop_pv,rooftop_pv,2065,0.192495309516896
UK,elect_td_bld,rooftop_pv,rooftop_pv,2065,0.114593789342384
Ukraine,elect_td_bld,rooftop_pv,rooftop_pv,2065,0.141811436234389
USA,elect_td_bld,rooftop_pv,rooftop_pv,2070,0.170000237372851
Africa_Eastern,elect_td_bld,rooftop_pv,rooftop_pv,2070,0.240008956445982
Africa_Northern,elect_td_bld,rooftop_pv,rooftop_pv,2070,0.238169122796576
Africa_Southern,elect_td_bld,rooftop_pv,rooftop_pv,2070,0.234210230791587
Africa_Western,elect_td_bld,rooftop_pv,rooftop_pv,2070,0.232534914951149
Australia_NZ,elect_td_bld,rooftop_pv,rooftop_pv,2070,0.231643404469772
Brazil,elect_td_bld,rooftop_pv,rooftop_pv,2070,0.209707320001716
Canada,elect_td_bld,rooftop_pv,rooftop_pv,2070,0.110313623628536
Central America and Caribbean,elect_td_bld,rooftop_pv,rooftop_pv,2070,0.213632345003911
Central Asia,elect_td_bld,rooftop_pv,rooftop_pv,2070,0.182474340754093
China,elect_td_bld,rooftop_pv,rooftop_pv,2070,0.203902275010573
India,elect_td_bld,rooftop_pv,rooftop_pv,2070,0.210256611036008
Indonesia,elect_td_bld,rooftop_pv,rooftop_pv,2070,0.19699988976121
Japan,elect_td_bld,rooftop_pv,rooftop_pv,2070,0.160753750764185
Mexico,elect_td_bld,rooftop_pv,rooftop_pv,2070,0.228167610634176
Middle East,elect_td_bld,rooftop_pv,rooftop_pv,2070,0.232663088287853
Pakistan,elect_td_bld,rooftop_pv,rooftop_pv,2070,0.220675739474765
Russia,elect_td_bld,rooftop_pv,rooftop_pv,2070,0.110683898976316
South Africa,elect_td_bld,rooftop_pv,rooftop_pv,2070,0.234724479560114
South America_Northern,elect_td_bld,rooftop_pv,rooftop_pv,2070,0.206617429342051
South America_Southern,elect_td_bld,rooftop_pv,rooftop_pv,2070,0.204560384759227
South Asia,elect_td_bld,rooftop_pv,rooftop_pv,2070,0.216567807005904
South Korea,elect_td_bld,rooftop_pv,rooftop_pv,2070,0.177842888977991
Southeast Asia,elect_td_bld,rooftop_pv,rooftop_pv,2070,0.202069561807951
Taiwan,elect_td_bld,rooftop_pv,rooftop_pv,2070,0.169964676565435
Argentina,elect_td_bld,rooftop_pv,rooftop_pv,2070,0.197924141989948
Colombia,elect_td_bld,rooftop_pv,rooftop_pv,2070,0.18601404795527
Austria,elect_td_bld,rooftop_pv,rooftop_pv,2070,0.138936957171441
Belgium,elect_td_bld,rooftop_pv,rooftop_pv,2070,0.12174186578174
Bulgaria,elect_td_bld,rooftop_pv,rooftop_pv,2070,0.162232102749138
Croatia,elect_td_bld,rooftop_pv,rooftop_pv,2070,0.169957080343306
Cyprus,elect_td_bld,rooftop_pv,rooftop_pv,2070,0.224999478050975
Czech Republic,elect_td_bld,rooftop_pv,rooftop_pv,2070,0.127189160917822
Denmark,elect_td_bld,rooftop_pv,rooftop_pv,2070,0.121762468401259
Estonia,elect_td_bld,rooftop_pv,rooftop_pv,2070,0.124620102787013
Finland,elect_td_bld,rooftop_pv,rooftop_pv,2070,0.101771256132376
France,elect_td_bld,rooftop_pv,rooftop_pv,2070,0.151204502017616
Germany,elect_td_bld,rooftop_pv,rooftop_pv,2070,0.119059907047066
Greece,elect_td_bld,rooftop_pv,rooftop_pv,2070,0.185286282850352
Hungary,elect_td_bld,rooftop_pv,rooftop_pv,2070,0.145497180487682
Ireland,elect_td_bld,rooftop_pv,rooftop_pv,2070,0.107349015055682
Italy,elect_td_bld,rooftop_pv,rooftop_pv,2070,0.181651563373901
Latvia,elect_td_bld,rooftop_pv,rooftop_pv,2070,0.12509568688641
Lithuania,elect_td_bld,rooftop_pv,rooftop_pv,2070,0.128131982000957
Luxembourg,elect_td_bld,rooftop_pv,rooftop_pv,2070,0.122359346175689
Malta,elect_td_bld,rooftop_pv,rooftop_pv,2070,0.181651563373901
Netherlands,elect_td_bld,rooftop_pv,rooftop_pv,2070,0.119100477659157
Poland,elect_td_bld,rooftop_pv,rooftop_pv,2070,0.120051447214226
Portugal,elect_td_bld,rooftop_pv,rooftop_pv,2070,0.195893476556883
Romania,elect_td_bld,rooftop_pv,rooftop_pv,2070,0.151757362471355
Slovakia,elect_td_bld,rooftop_pv,rooftop_pv,2070,0.126583029910334
Slovenia,elect_td_bld,rooftop_pv,rooftop_pv,2070,0.150967545982195
Spain,elect_td_bld,rooftop_pv,rooftop_pv,2070,0.190919962203704
Sweden,elect_td_bld,rooftop_pv,rooftop_pv,2070,0.0963720691362426
Albania,elect_td_bld,rooftop_pv,rooftop_pv,2070,0.188356639023384
Belarus,elect_td_bld,rooftop_pv,rooftop_pv,2070,0.123589335491647
Bosnia and Herzegovina,elect_td_bld,rooftop_pv,rooftop_pv,2070,0.161801152517537
Iceland,elect_td_bld,rooftop_pv,rooftop_pv,2070,0.0878819964554935
Macedonia,elect_td_bld,rooftop_pv,rooftop_pv,2070,0.1736594446976
Moldova,elect_td_bld,rooftop_pv,rooftop_pv,2070,0.148573629364686
Norway,elect_td_bld,rooftop_pv,rooftop_pv,2070,0.091731593157163
Serbia and Montenegro,elect_td_bld,rooftop_pv,rooftop_pv,2070,0.159249043379485
Switzerland,elect_td_bld,rooftop_pv,rooftop_pv,2070,0.150192879105328
Turkey,elect_td_bld,rooftop_pv,rooftop_pv,2070,0.192495309516896
UK,elect_td_bld,rooftop_pv,rooftop_pv,2070,0.114593789342384
Ukraine,elect_td_bld,rooftop_pv,rooftop_pv,2070,0.141811436234389
USA,elect_td_bld,rooftop_pv,rooftop_pv,2075,0.170000237372851
Africa_Eastern,elect_td_bld,rooftop_pv,rooftop_pv,2075,0.240008956445982
Africa_Northern,elect_td_bld,rooftop_pv,rooftop_pv,2075,0.238169122796576
Africa_Southern,elect_td_bld,rooftop_pv,rooftop_pv,2075,0.234210230791587
Africa_Western,elect_td_bld,rooftop_pv,rooftop_pv,2075,0.232534914951149
Australia_NZ,elect_td_bld,rooftop_pv,rooftop_pv,2075,0.231643404469772
Brazil,elect_td_bld,rooftop_pv,rooftop_pv,2075,0.209707320001716
Canada,elect_td_bld,rooftop_pv,rooftop_pv,2075,0.110313623628536
Central America and Caribbean,elect_td_bld,rooftop_pv,rooftop_pv,2075,0.213632345003911
Central Asia,elect_td_bld,rooftop_pv,rooftop_pv,2075,0.182474340754093
China,elect_td_bld,rooftop_pv,rooftop_pv,2075,0.203902275010573
India,elect_td_bld,rooftop_pv,rooftop_pv,2075,0.210256611036008
Indonesia,elect_td_bld,rooftop_pv,rooftop_pv,2075,0.19699988976121
Japan,elect_td_bld,rooftop_pv,rooftop_pv,2075,0.160753750764185
Mexico,elect_td_bld,rooftop_pv,rooftop_pv,2075,0.228167610634176
Middle East,elect_td_bld,rooftop_pv,rooftop_pv,2075,0.232663088287853
Pakistan,elect_td_bld,rooftop_pv,rooftop_pv,2075,0.220675739474765
Russia,elect_td_bld,rooftop_pv,rooftop_pv,2075,0.110683898976316
South Africa,elect_td_bld,rooftop_pv,rooftop_pv,2075,0.234724479560114
South America_Northern,elect_td_bld,rooftop_pv,rooftop_pv,2075,0.206617429342051
South America_Southern,elect_td_bld,rooftop_pv,rooftop_pv,2075,0.204560384759227
South Asia,elect_td_bld,rooftop_pv,rooftop_pv,2075,0.216567807005904
South Korea,elect_td_bld,rooftop_pv,rooftop_pv,2075,0.177842888977991
Southeast Asia,elect_td_bld,rooftop_pv,rooftop_pv,2075,0.202069561807951
Taiwan,elect_td_bld,rooftop_pv,rooftop_pv,2075,0.169964676565435
Argentina,elect_td_bld,rooftop_pv,rooftop_pv,2075,0.197924141989948
Colombia,elect_td_bld,rooftop_pv,rooftop_pv,2075,0.18601404795527
Austria,elect_td_bld,rooftop_pv,rooftop_pv,2075,0.138936957171441
Belgium,elect_td_bld,rooftop_pv,rooftop_pv,2075,0.12174186578174
Bulgaria,elect_td_bld,rooftop_pv,rooftop_pv,2075,0.162232102749138
Croatia,elect_td_bld,rooftop_pv,rooftop_pv,2075,0.169957080343306
Cyprus,elect_td_bld,rooftop_pv,rooftop_pv,2075,0.224999478050975
Czech Republic,elect_td_bld,rooftop_pv,rooftop_pv,2075,0.127189160917822
Denmark,elect_td_bld,rooftop_pv,rooftop_pv,2075,0.121762468401259
Estonia,elect_td_bld,rooftop_pv,rooftop_pv,2075,0.124620102787013
Finland,elect_td_bld,rooftop_pv,rooftop_pv,2075,0.101771256132376
France,elect_td_bld,rooftop_pv,rooftop_pv,2075,0.151204502017616
Germany,elect_td_bld,rooftop_pv,rooftop_pv,2075,0.119059907047066
Greece,elect_td_bld,rooftop_pv,rooftop_pv,2075,0.185286282850352
Hungary,elect_td_bld,rooftop_pv,rooftop_pv,2075,0.145497180487682
Ireland,elect_td_bld,rooftop_pv,rooftop_pv,2075,0.107349015055682
Italy,elect_td_bld,rooftop_pv,rooftop_pv,2075,0.181651563373901
Latvia,elect_td_bld,rooftop_pv,rooftop_pv,2075,0.12509568688641
Lithuania,elect_td_bld,rooftop_pv,rooftop_pv,2075,0.128131982000957
Luxembourg,elect_td_bld,rooftop_pv,rooftop_pv,2075,0.122359346175689
Malta,elect_td_bld,rooftop_pv,rooftop_pv,2075,0.181651563373901
Netherlands,elect_td_bld,rooftop_pv,rooftop_pv,2075,0.119100477659157
Poland,elect_td_bld,rooftop_pv,rooftop_pv,2075,0.120051447214226
Portugal,elect_td_bld,rooftop_pv,rooftop_pv,2075,0.195893476556883
Romania,elect_td_bld,rooftop_pv,rooftop_pv,2075,0.151757362471355
Slovakia,elect_td_bld,rooftop_pv,rooftop_pv,2075,0.126583029910334
Slovenia,elect_td_bld,rooftop_pv,rooftop_pv,2075,0.150967545982195
Spain,elect_td_bld,rooftop_pv,rooftop_pv,2075,0.190919962203704
Sweden,elect_td_bld,rooftop_pv,rooftop_pv,2075,0.0963720691362426
Albania,elect_td_bld,rooftop_pv,rooftop_pv,2075,0.188356639023384
Belarus,elect_td_bld,rooftop_pv,rooftop_pv,2075,0.123589335491647
Bosnia and Herzegovina,elect_td_bld,rooftop_pv,rooftop_pv,2075,0.161801152517537
Iceland,elect_td_bld,rooftop_pv,rooftop_pv,2075,0.0878819964554935
Macedonia,elect_td_bld,rooftop_pv,rooftop_pv,2075,0.1736594446976
Moldova,elect_td_bld,rooftop_pv,rooftop_pv,2075,0.148573629364686
Norway,elect_td_bld,rooftop_pv,rooftop_pv,2075,0.091731593157163
Serbia and Montenegro,elect_td_bld,rooftop_pv,rooftop_pv,2075,0.159249043379485
Switzerland,elect_td_bld,rooftop_pv,rooftop_pv,2075,0.150192879105328
Turkey,elect_td_bld,rooftop_pv,rooftop_pv,2075,0.192495309516896
UK,elect_td_bld,rooftop_pv,rooftop_pv,2075,0.114593789342384
Ukraine,elect_td_bld,rooftop_pv,rooftop_pv,2075,0.141811436234389
USA,elect_td_bld,rooftop_pv,rooftop_pv,2080,0.170000237372851
Africa_Eastern,elect_td_bld,rooftop_pv,rooftop_pv,2080,0.240008956445982
Africa_Northern,elect_td_bld,rooftop_pv,rooftop_pv,2080,0.238169122796576
Africa_Southern,elect_td_bld,rooftop_pv,rooftop_pv,2080,0.234210230791587
Africa_Western,elect_td_bld,rooftop_pv,rooftop_pv,2080,0.232534914951149
Australia_NZ,elect_td_bld,rooftop_pv,rooftop_pv,2080,0.231643404469772
Brazil,elect_td_bld,rooftop_pv,rooftop_pv,2080,0.209707320001716
Canada,elect_td_bld,rooftop_pv,rooftop_pv,2080,0.110313623628536
Central America and Caribbean,elect_td_bld,rooftop_pv,rooftop_pv,2080,0.213632345003911
Central Asia,elect_td_bld,rooftop_pv,rooftop_pv,2080,0.182474340754093
China,elect_td_bld,rooftop_pv,rooftop_pv,2080,0.203902275010573
India,elect_td_bld,rooftop_pv,rooftop_pv,2080,0.210256611036008
Indonesia,elect_td_bld,rooftop_pv,rooftop_pv,2080,0.19699988976121
Japan,elect_td_bld,rooftop_pv,rooftop_pv,2080,0.160753750764185
Mexico,elect_td_bld,rooftop_pv,rooftop_pv,2080,0.228167610634176
Middle East,elect_td_bld,rooftop_pv,rooftop_pv,2080,0.232663088287853
Pakistan,elect_td_bld,rooftop_pv,rooftop_pv,2080,0.220675739474765
Russia,elect_td_bld,rooftop_pv,rooftop_pv,2080,0.110683898976316
South Africa,elect_td_bld,rooftop_pv,rooftop_pv,2080,0.234724479560114
South America_Northern,elect_td_bld,rooftop_pv,rooftop_pv,2080,0.206617429342051
South America_Southern,elect_td_bld,rooftop_pv,rooftop_pv,2080,0.204560384759227
South Asia,elect_td_bld,rooftop_pv,rooftop_pv,2080,0.216567807005904
South Korea,elect_td_bld,rooftop_pv,rooftop_pv,2080,0.177842888977991
Southeast Asia,elect_td_bld,rooftop_pv,rooftop_pv,2080,0.202069561807951
Taiwan,elect_td_bld,rooftop_pv,rooftop_pv,2080,0.169964676565435
Argentina,elect_td_bld,rooftop_pv,rooftop_pv,2080,0.197924141989948
Colombia,elect_td_bld,rooftop_pv,rooftop_pv,2080,0.18601404795527
Austria,elect_td_bld,rooftop_pv,rooftop_pv,2080,0.138936957171441
Belgium,elect_td_bld,rooftop_pv,rooftop_pv,2080,0.12174186578174
Bulgaria,elect_td_bld,rooftop_pv,rooftop_pv,2080,0.162232102749138
Croatia,elect_td_bld,rooftop_pv,rooftop_pv,2080,0.169957080343306
Cyprus,elect_td_bld,rooftop_pv,rooftop_pv,2080,0.224999478050975
Czech Republic,elect_td_bld,rooftop_pv,rooftop_pv,2080,0.127189160917822
Denmark,elect_td_bld,rooftop_pv,rooftop_pv,2080,0.121762468401259
Estonia,elect_td_bld,rooftop_pv,rooftop_pv,2080,0.124620102787013
Finland,elect_td_bld,rooftop_pv,rooftop_pv,2080,0.101771256132376
France,elect_td_bld,rooftop_pv,rooftop_pv,2080,0.151204502017616
Germany,elect_td_bld,rooftop_pv,rooftop_pv,2080,0.119059907047066
Greece,elect_td_bld,rooftop_pv,rooftop_pv,2080,0.185286282850352
Hungary,elect_td_bld,rooftop_pv,rooftop_pv,2080,0.145497180487682
Ireland,elect_td_bld,rooftop_pv,rooftop_pv,2080,0.107349015055682
Italy,elect_td_bld,rooftop_pv,rooftop_pv,2080,0.181651563373901
Latvia,elect_td_bld,rooftop_pv,rooftop_pv,2080,0.12509568688641
Lithuania,elect_td_bld,rooftop_pv,rooftop_pv,2080,0.128131982000957
Luxembourg,elect_td_bld,rooftop_pv,rooftop_pv,2080,0.122359346175689
Malta,elect_td_bld,rooftop_pv,rooftop_pv,2080,0.181651563373901
Netherlands,elect_td_bld,rooftop_pv,rooftop_pv,2080,0.119100477659157
Poland,elect_td_bld,rooftop_pv,rooftop_pv,2080,0.120051447214226
Portugal,elect_td_bld,rooftop_pv,rooftop_pv,2080,0.195893476556883
Romania,elect_td_bld,rooftop_pv,rooftop_pv,2080,0.151757362471355
Slovakia,elect_td_bld,rooftop_pv,rooftop_pv,2080,0.126583029910334
Slovenia,elect_td_bld,rooftop_pv,rooftop_pv,2080,0.150967545982195
Spain,elect_td_bld,rooftop_pv,rooftop_pv,2080,0.190919962203704
Sweden,elect_td_bld,rooftop_pv,rooftop_pv,2080,0.0963720691362426
Albania,elect_td_bld,rooftop_pv,rooftop_pv,2080,0.188356639023384
Belarus,elect_td_bld,rooftop_pv,rooftop_pv,2080,0.123589335491647
Bosnia and Herzegovina,elect_td_bld,rooftop_pv,rooftop_pv,2080,0.161801152517537
Iceland,elect_td_bld,rooftop_pv,rooftop_pv,2080,0.0878819964554935
Macedonia,elect_td_bld,rooftop_pv,rooftop_pv,2080,0.1736594446976
Moldova,elect_td_bld,rooftop_pv,rooftop_pv,2080,0.148573629364686
Norway,elect_td_bld,rooftop_pv,rooftop_pv,2080,0.091731593157163
Serbia and Montenegro,elect_td_bld,rooftop_pv,rooftop_pv,2080,0.159249043379485
Switzerland,elect_td_bld,rooftop_pv,rooftop_pv,2080,0.150192879105328
Turkey,elect_td_bld,rooftop_pv,rooftop_pv,2080,0.192495309516896
UK,elect_td_bld,rooftop_pv,rooftop_pv,2080,0.114593789342384
Ukraine,elect_td_bld,rooftop_pv,rooftop_pv,2080,0.141811436234389
USA,elect_td_bld,rooftop_pv,rooftop_pv,2085,0.170000237372851
Africa_Eastern,elect_td_bld,rooftop_pv,rooftop_pv,2085,0.240008956445982
Africa_Northern,elect_td_bld,rooftop_pv,rooftop_pv,2085,0.238169122796576
Africa_Southern,elect_td_bld,rooftop_pv,rooftop_pv,2085,0.234210230791587
Africa_Western,elect_td_bld,rooftop_pv,rooftop_pv,2085,0.232534914951149
Australia_NZ,elect_td_bld,rooftop_pv,rooftop_pv,2085,0.231643404469772
Brazil,elect_td_bld,rooftop_pv,rooftop_pv,2085,0.209707320001716
Canada,elect_td_bld,rooftop_pv,rooftop_pv,2085,0.110313623628536
Central America and Caribbean,elect_td_bld,rooftop_pv,rooftop_pv,2085,0.213632345003911
Central Asia,elect_td_bld,rooftop_pv,rooftop_pv,2085,0.182474340754093
China,elect_td_bld,rooftop_pv,rooftop_pv,2085,0.203902275010573
India,elect_td_bld,rooftop_pv,rooftop_pv,2085,0.210256611036008
Indonesia,elect_td_bld,rooftop_pv,rooftop_pv,2085,0.19699988976121
Japan,elect_td_bld,rooftop_pv,rooftop_pv,2085,0.160753750764185
Mexico,elect_td_bld,rooftop_pv,rooftop_pv,2085,0.228167610634176
Middle East,elect_td_bld,rooftop_pv,rooftop_pv,2085,0.232663088287853
Pakistan,elect_td_bld,rooftop_pv,rooftop_pv,2085,0.220675739474765
Russia,elect_td_bld,rooftop_pv,rooftop_pv,2085,0.110683898976316
South Africa,elect_td_bld,rooftop_pv,rooftop_pv,2085,0.234724479560114
South America_Northern,elect_td_bld,rooftop_pv,rooftop_pv,2085,0.206617429342051
South America_Southern,elect_td_bld,rooftop_pv,rooftop_pv,2085,0.204560384759227
South Asia,elect_td_bld,rooftop_pv,rooftop_pv,2085,0.216567807005904
South Korea,elect_td_bld,rooftop_pv,rooftop_pv,2085,0.177842888977991
Southeast Asia,elect_td_bld,rooftop_pv,rooftop_pv,2085,0.202069561807951
Taiwan,elect_td_bld,rooftop_pv,rooftop_pv,2085,0.169964676565435
Argentina,elect_td_bld,rooftop_pv,rooftop_pv,2085,0.197924141989948
Colombia,elect_td_bld,rooftop_pv,rooftop_pv,2085,0.18601404795527
Austria,elect_td_bld,rooftop_pv,rooftop_pv,2085,0.138936957171441
Belgium,elect_td_bld,rooftop_pv,rooftop_pv,2085,0.12174186578174
Bulgaria,elect_td_bld,rooftop_pv,rooftop_pv,2085,0.162232102749138
Croatia,elect_td_bld,rooftop_pv,rooftop_pv,2085,0.169957080343306
Cyprus,elect_td_bld,rooftop_pv,rooftop_pv,2085,0.224999478050975
Czech Republic,elect_td_bld,rooftop_pv,rooftop_pv,2085,0.127189160917822
Denmark,elect_td_bld,rooftop_pv,rooftop_pv,2085,0.121762468401259
Estonia,elect_td_bld,rooftop_pv,rooftop_pv,2085,0.124620102787013
Finland,elect_td_bld,rooftop_pv,rooftop_pv,2085,0.101771256132376
France,elect_td_bld,rooftop_pv,rooftop_pv,2085,0.151204502017616
Germany,elect_td_bld,rooftop_pv,rooftop_pv,2085,0.119059907047066
Greece,elect_td_bld,rooftop_pv,rooftop_pv,2085,0.185286282850352
Hungary,elect_td_bld,rooftop_pv,rooftop_pv,2085,0.145497180487682
Ireland,elect_td_bld,rooftop_pv,rooftop_pv,2085,0.107349015055682
Italy,elect_td_bld,rooftop_pv,rooftop_pv,2085,0.181651563373901
Latvia,elect_td_bld,rooftop_pv,rooftop_pv,2085,0.12509568688641
Lithuania,elect_td_bld,rooftop_pv,rooftop_pv,2085,0.128131982000957
Luxembourg,elect_td_bld,rooftop_pv,rooftop_pv,2085,0.122359346175689
Malta,elect_td_bld,rooftop_pv,rooftop_pv,2085,0.181651563373901
Netherlands,elect_td_bld,rooftop_pv,rooftop_pv,2085,0.119100477659157
Poland,elect_td_bld,rooftop_pv,rooftop_pv,2085,0.120051447214226
Portugal,elect_td_bld,rooftop_pv,rooftop_pv,2085,0.195893476556883
Romania,elect_td_bld,rooftop_pv,rooftop_pv,2085,0.151757362471355
Slovakia,elect_td_bld,rooftop_pv,rooftop_pv,2085,0.126583029910334
Slovenia,elect_td_bld,rooftop_pv,rooftop_pv,2085,0.150967545982195
Spain,elect_td_bld,rooftop_pv,rooftop_pv,2085,0.190919962203704
Sweden,elect_td_bld,rooftop_pv,rooftop_pv,2085,0.0963720691362426
Albania,elect_td_bld,rooftop_pv,rooftop_pv,2085,0.188356639023384
Belarus,elect_td_bld,rooftop_pv,rooftop_pv,2085,0.123589335491647
Bosnia and Herzegovina,elect_td_bld,rooftop_pv,rooftop_pv,2085,0.161801152517537
Iceland,elect_td_bld,rooftop_pv,rooftop_pv,2085,0.0878819964554935
Macedonia,elect_td_bld,rooftop_pv,rooftop_pv,2085,0.1736594446976
Moldova,elect_td_bld,rooftop_pv,rooftop_pv,2085,0.148573629364686
Norway,elect_td_bld,rooftop_pv,rooftop_pv,2085,0.091731593157163
Serbia and Montenegro,elect_td_bld,rooftop_pv,rooftop_pv,2085,0.159249043379485
Switzerland,elect_td_bld,rooftop_pv,rooftop_pv,2085,0.150192879105328
Turkey,elect_td_bld,rooftop_pv,rooftop_pv,2085,0.192495309516896
UK,elect_td_bld,rooftop_pv,rooftop_pv,2085,0.114593789342384
Ukraine,elect_td_bld,rooftop_pv,rooftop_pv,2085,0.141811436234389
USA,elect_td_bld,rooftop_pv,rooftop_pv,2090,0.170000237372851
Africa_Eastern,elect_td_bld,rooftop_pv,rooftop_pv,2090,0.240008956445982
Africa_Northern,elect_td_bld,rooftop_pv,rooftop_pv,2090,0.238169122796576
Africa_Southern,elect_td_bld,rooftop_pv,rooftop_pv,2090,0.234210230791587
Africa_Western,elect_td_bld,rooftop_pv,rooftop_pv,2090,0.232534914951149
Australia_NZ,elect_td_bld,rooftop_pv,rooftop_pv,2090,0.231643404469772
Brazil,elect_td_bld,rooftop_pv,rooftop_pv,2090,0.209707320001716
Canada,elect_td_bld,rooftop_pv,rooftop_pv,2090,0.110313623628536
Central America and Caribbean,elect_td_bld,rooftop_pv,rooftop_pv,2090,0.213632345003911
Central Asia,elect_td_bld,rooftop_pv,rooftop_pv,2090,0.182474340754093
China,elect_td_bld,rooftop_pv,rooftop_pv,2090,0.203902275010573
India,elect_td_bld,rooftop_pv,rooftop_pv,2090,0.210256611036008
Indonesia,elect_td_bld,rooftop_pv,rooftop_pv,2090,0.19699988976121
Japan,elect_td_bld,rooftop_pv,rooftop_pv,2090,0.160753750764185
Mexico,elect_td_bld,rooftop_pv,rooftop_pv,2090,0.228167610634176
Middle East,elect_td_bld,rooftop_pv,rooftop_pv,2090,0.232663088287853
Pakistan,elect_td_bld,rooftop_pv,rooftop_pv,2090,0.220675739474765
Russia,elect_td_bld,rooftop_pv,rooftop_pv,2090,0.110683898976316
South Africa,elect_td_bld,rooftop_pv,rooftop_pv,2090,0.234724479560114
South America_Northern,elect_td_bld,rooftop_pv,rooftop_pv,2090,0.206617429342051
South America_Southern,elect_td_bld,rooftop_pv,rooftop_pv,2090,0.204560384759227
South Asia,elect_td_bld,rooftop_pv,rooftop_pv,2090,0.216567807005904
South Korea,elect_td_bld,rooftop_pv,rooftop_pv,2090,0.177842888977991
Southeast Asia,elect_td_bld,rooftop_pv,rooftop_pv,2090,0.202069561807951
Taiwan,elect_td_bld,rooftop_pv,rooftop_pv,2090,0.169964676565435
Argentina,elect_td_bld,rooftop_pv,rooftop_pv,2090,0.197924141989948
Colombia,elect_td_bld,rooftop_pv,rooftop_pv,2090,0.18601404795527
Austria,elect_td_bld,rooftop_pv,rooftop_pv,2090,0.138936957171441
Belgium,elect_td_bld,rooftop_pv,rooftop_pv,2090,0.12174186578174
Bulgaria,elect_td_bld,rooftop_pv,rooftop_pv,2090,0.162232102749138
Croatia,elect_td_bld,rooftop_pv,rooftop_pv,2090,0.169957080343306
Cyprus,elect_td_bld,rooftop_pv,rooftop_pv,2090,0.224999478050975
Czech Republic,elect_td_bld,rooftop_pv,rooftop_pv,2090,0.127189160917822
Denmark,elect_td_bld,rooftop_pv,rooftop_pv,2090,0.121762468401259
Estonia,elect_td_bld,rooftop_pv,rooftop_pv,2090,0.124620102787013
Finland,elect_td_bld,rooftop_pv,rooftop_pv,2090,0.101771256132376
France,elect_td_bld,rooftop_pv,rooftop_pv,2090,0.151204502017616
Germany,elect_td_bld,rooftop_pv,rooftop_pv,2090,0.119059907047066
Greece,elect_td_bld,rooftop_pv,rooftop_pv,2090,0.185286282850352
Hungary,elect_td_bld,rooftop_pv,rooftop_pv,2090,0.145497180487682
Ireland,elect_td_bld,rooftop_pv,rooftop_pv,2090,0.107349015055682
Italy,elect_td_bld,rooftop_pv,rooftop_pv,2090,0.181651563373901
Latvia,elect_td_bld,rooftop_pv,rooftop_pv,2090,0.12509568688641
Lithuania,elect_td_bld,rooftop_pv,rooftop_pv,2090,0.128131982000957
Luxembourg,elect_td_bld,rooftop_pv,rooftop_pv,2090,0.122359346175689
Malta,elect_td_bld,rooftop_pv,rooftop_pv,2090,0.181651563373901
Netherlands,elect_td_bld,rooftop_pv,rooftop_pv,2090,0.119100477659157
Poland,elect_td_bld,rooftop_pv,rooftop_pv,2090,0.120051447214226
Portugal,elect_td_bld,rooftop_pv,rooftop_pv,2090,0.195893476556883
Romania,elect_td_bld,rooftop_pv,rooftop_pv,2090,0.151757362471355
Slovakia,elect_td_bld,rooftop_pv,rooftop_pv,2090,0.126583029910334
Slovenia,elect_td_bld,rooftop_pv,rooftop_pv,2090,0.150967545982195
Spain,elect_td_bld,rooftop_pv,rooftop_pv,2090,0.190919962203704
Sweden,elect_td_bld,rooftop_pv,rooftop_pv,2090,0.0963720691362426
Albania,elect_td_bld,rooftop_pv,rooftop_pv,2090,0.188356639023384
Belarus,elect_td_bld,rooftop_pv,rooftop_pv,2090,0.123589335491647
Bosnia and Herzegovina,elect_td_bld,rooftop_pv,rooftop_pv,2090,0.161801152517537
Iceland,elect_td_bld,rooftop_pv,rooftop_pv,2090,0.0878819964554935
Macedonia,elect_td_bld,rooftop_pv,rooftop_pv,2090,0.1736594446976
Moldova,elect_td_bld,rooftop_pv,rooftop_pv,2090,0.148573629364686
Norway,elect_td_bld,rooftop_pv,rooftop_pv,2090,0.091731593157163
Serbia and Montenegro,elect_td_bld,rooftop_pv,rooftop_pv,2090,0.159249043379485
Switzerland,elect_td_bld,rooftop_pv,rooftop_pv,2090,0.150192879105328
Turkey,elect_td_bld,rooftop_pv,rooftop_pv,2090,0.192495309516896
UK,elect_td_bld,rooftop_pv,rooftop_pv,2090,0.114593789342384
Ukraine,elect_td_bld,rooftop_pv,rooftop_pv,2090,0.141811436234389
USA,elect_td_bld,rooftop_pv,rooftop_pv,2095,0.170000237372851
Africa_Eastern,elect_td_bld,rooftop_pv,rooftop_pv,2095,0.240008956445982
Africa_Northern,elect_td_bld,rooftop_pv,rooftop_pv,2095,0.238169122796576
Africa_Southern,elect_td_bld,rooftop_pv,rooftop_pv,2095,0.234210230791587
Africa_Western,elect_td_bld,rooftop_pv,rooftop_pv,2095,0.232534914951149
Australia_NZ,elect_td_bld,rooftop_pv,rooftop_pv,2095,0.231643404469772
Brazil,elect_td_bld,rooftop_pv,rooftop_pv,2095,0.209707320001716
Canada,elect_td_bld,rooftop_pv,rooftop_pv,2095,0.110313623628536
Central America and Caribbean,elect_td_bld,rooftop_pv,rooftop_pv,2095,0.213632345003911
Central Asia,elect_td_bld,rooftop_pv,rooftop_pv,2095,0.182474340754093
China,elect_td_bld,rooftop_pv,rooftop_pv,2095,0.203902275010573
India,elect_td_bld,rooftop_pv,rooftop_pv,2095,0.210256611036008
Indonesia,elect_td_bld,rooftop_pv,rooftop_pv,2095,0.19699988976121
Japan,elect_td_bld,rooftop_pv,rooftop_pv,2095,0.160753750764185
Mexico,elect_td_bld,rooftop_pv,rooftop_pv,2095,0.228167610634176
Middle East,elect_td_bld,rooftop_pv,rooftop_pv,2095,0.232663088287853
Pakistan,elect_td_bld,rooftop_pv,rooftop_pv,2095,0.220675739474765
Russia,elect_td_bld,rooftop_pv,rooftop_pv,2095,0.110683898976316
South Africa,elect_td_bld,rooftop_pv,rooftop_pv,2095,0.234724479560114
South America_Northern,elect_td_bld,rooftop_pv,rooftop_pv,2095,0.206617429342051
South America_Southern,elect_td_bld,rooftop_pv,rooftop_pv,2095,0.204560384759227
South Asia,elect_td_bld,rooftop_pv,rooftop_pv,2095,0.216567807005904
South Korea,elect_td_bld,rooftop_pv,rooftop_pv,2095,0.177842888977991
Southeast Asia,elect_td_bld,rooftop_pv,rooftop_pv,2095,0.202069561807951
Taiwan,elect_td_bld,rooftop_pv,rooftop_pv,2095,0.169964676565435
Argentina,elect_td_bld,rooftop_pv,rooftop_pv,2095,0.197924141989948
Colombia,elect_td_bld,rooftop_pv,rooftop_pv,2095,0.18601404795527
Austria,elect_td_bld,rooftop_pv,rooftop_pv,2095,0.138936957171441
Belgium,elect_td_bld,rooftop_pv,rooftop_pv,2095,0.12174186578174
Bulgaria,elect_td_bld,rooftop_pv,rooftop_pv,2095,0.162232102749138
Croatia,elect_td_bld,rooftop_pv,rooftop_pv,2095,0.169957080343306
Cyprus,elect_td_bld,rooftop_pv,rooftop_pv,2095,0.224999478050975
Czech Republic,elect_td_bld,rooftop_pv,rooftop_pv,2095,0.127189160917822
Denmark,elect_td_bld,rooftop_pv,rooftop_pv,2095,0.121762468401259
Estonia,elect_td_bld,rooftop_pv,rooftop_pv,2095,0.124620102787013
Finland,elect_td_bld,rooftop_pv,rooftop_pv,2095,0.101771256132376
France,elect_td_bld,rooftop_pv,rooftop_pv,2095,0.151204502017616
Germany,elect_td_bld,rooftop_pv,rooftop_pv,2095,0.119059907047066
Greece,elect_td_bld,rooftop_pv,rooftop_pv,2095,0.185286282850352
Hungary,elect_td_bld,rooftop_pv,rooftop_pv,2095,0.145497180487682
Ireland,elect_td_bld,rooftop_pv,rooftop_pv,2095,0.107349015055682
Italy,elect_td_bld,rooftop_pv,rooftop_pv,2095,0.181651563373901
Latvia,elect_td_bld,rooftop_pv,rooftop_pv,2095,0.12509568688641
Lithuania,elect_td_bld,rooftop_pv,rooftop_pv,2095,0.128131982000957
Luxembourg,elect_td_bld,rooftop_pv,rooftop_pv,2095,0.122359346175689
Malta,elect_td_bld,rooftop_pv,rooftop_pv,2095,0.181651563373901
Netherlands,elect_td_bld,rooftop_pv,rooftop_pv,2095,0.119100477659157
Poland,elect_td_bld,rooftop_pv,rooftop_pv,2095,0.120051447214226
Portugal,elect_td_bld,rooftop_pv,rooftop_pv,2095,0.195893476556883
Romania,elect_td_bld,rooftop_pv,rooftop_pv,2095,0.151757362471355
Slovakia,elect_td_bld,rooftop_pv,rooftop_pv,2095,0.126583029910334
Slovenia,elect_td_bld,rooftop_pv,rooftop_pv,2095,0.150967545982195
Spain,elect_td_bld,rooftop_pv,rooftop_pv,2095,0.190919962203704
Sweden,elect_td_bld,rooftop_pv,rooftop_pv,2095,0.0963720691362426
Albania,elect_td_bld,rooftop_pv,rooftop_pv,2095,0.188356639023384
Belarus,elect_td_bld,rooftop_pv,rooftop_pv,2095,0.123589335491647
Bosnia and Herzegovina,elect_td_bld,rooftop_pv,rooftop_pv,2095,0.161801152517537
Iceland,elect_td_bld,rooftop_pv,rooftop_pv,2095,0.0878819964554935
Macedonia,elect_td_bld,rooftop_pv,rooftop_pv,2095,0.1736594446976
Moldova,elect_td_bld,rooftop_pv,rooftop_pv,2095,0.148573629364686
Norway,elect_td_bld,rooftop_pv,rooftop_pv,2095,0.091731593157163
Serbia and Montenegro,elect_td_bld,rooftop_pv,rooftop_pv,2095,0.159249043379485
Switzerland,elect_td_bld,rooftop_pv,rooftop_pv,2095,0.150192879105328
Turkey,elect_td_bld,rooftop_pv,rooftop_pv,2095,0.192495309516896
UK,elect_td_bld,rooftop_pv,rooftop_pv,2095,0.114593789342384
Ukraine,elect_td_bld,rooftop_pv,rooftop_pv,2095,0.141811436234389
USA,elect_td_bld,rooftop_pv,rooftop_pv,2100,0.170000237372851
Africa_Eastern,elect_td_bld,rooftop_pv,rooftop_pv,2100,0.240008956445982
Africa_Northern,elect_td_bld,rooftop_pv,rooftop_pv,2100,0.238169122796576
Africa_Southern,elect_td_bld,rooftop_pv,rooftop_pv,2100,0.234210230791587
Africa_Western,elect_td_bld,rooftop_pv,rooftop_pv,2100,0.232534914951149
Australia_NZ,elect_td_bld,rooftop_pv,rooftop_pv,2100,0.231643404469772
Brazil,elect_td_bld,rooftop_pv,rooftop_pv,2100,0.209707320001716
Canada,elect_td_bld,rooftop_pv,rooftop_pv,2100,0.110313623628536
Central America and Caribbean,elect_td_bld,rooftop_pv,rooftop_pv,2100,0.213632345003911
Central Asia,elect_td_bld,rooftop_pv,rooftop_pv,2100,0.182474340754093
China,elect_td_bld,rooftop_pv,rooftop_pv,2100,0.203902275010573
India,elect_td_bld,rooftop_pv,rooftop_pv,2100,0.210256611036008
Indonesia,elect_td_bld,rooftop_pv,rooftop_pv,2100,0.19699988976121
Japan,elect_td_bld,rooftop_pv,rooftop_pv,2100,0.160753750764185
Mexico,elect_td_bld,rooftop_pv,rooftop_pv,2100,0.228167610634176
Middle East,elect_td_bld,rooftop_pv,rooftop_pv,2100,0.232663088287853
Pakistan,elect_td_bld,rooftop_pv,rooftop_pv,2100,0.220675739474765
Russia,elect_td_bld,rooftop_pv,rooftop_pv,2100,0.110683898976316
South Africa,elect_td_bld,rooftop_pv,rooftop_pv,2100,0.234724479560114
South America_Northern,elect_td_bld,rooftop_pv,rooftop_pv,2100,0.206617429342051
South America_Southern,elect_td_bld,rooftop_pv,rooftop_pv,2100,0.204560384759227
South Asia,elect_td_bld,rooftop_pv,rooftop_pv,2100,0.216567807005904
South Korea,elect_td_bld,rooftop_pv,rooftop_pv,2100,0.177842888977991
Southeast Asia,elect_td_bld,rooftop_pv,rooftop_pv,2100,0.202069561807951
Taiwan,elect_td_bld,rooftop_pv,rooftop_pv,2100,0.169964676565435
Argentina,elect_td_bld,rooftop_pv,rooftop_pv,2100,0.197924141989948
Colombia,elect_td_bld,rooftop_pv,rooftop_pv,2100,0.18601404795527
Austria,elect_td_bld,rooftop_pv,rooftop_pv,2100,0.138936957171441
Belgium,elect_td_bld,rooftop_pv,rooftop_pv,2100,0.12174186578174
Bulgaria,elect_td_bld,rooftop_pv,rooftop_pv,2100,0.162232102749138
Croatia,elect_td_bld,rooftop_pv,rooftop_pv,2100,0.169957080343306
Cyprus,elect_td_bld,rooftop_pv,rooftop_pv,2100,0.224999478050975
Czech Republic,elect_td_bld,rooftop_pv,rooftop_pv,2100,0.127189160917822
Denmark,elect_td_bld,rooftop_pv,rooftop_pv,2100,0.121762468401259
Estonia,elect_td_bld,rooftop_pv,rooftop_pv,2100,0.124620102787013
Finland,elect_td_bld,rooftop_pv,rooftop_pv,2100,0.101771256132376
France,elect_td_bld,rooftop_pv,rooftop_pv,2100,0.151204502017616
Germany,elect_td_bld,rooftop_pv,rooftop_pv,2100,0.119059907047066
Greece,elect_td_bld,rooftop_pv,rooftop_pv,2100,0.185286282850352
Hungary,elect_td_bld,rooftop_pv,rooftop_pv,2100,0.145497180487682
Ireland,elect_td_bld,rooftop_pv,rooftop_pv,2100,0.107349015055682
Italy,elect_td_bld,rooftop_pv,rooftop_pv,2100,0.181651563373901
Latvia,elect_td_bld,rooftop_pv,rooftop_pv,2100,0.12509568688641
Lithuania,elect_td_bld,rooftop_pv,rooftop_pv,2100,0.128131982000957
Luxembourg,elect_td_bld,rooftop_pv,rooftop_pv,2100,0.122359346175689
Malta,elect_td_bld,rooftop_pv,rooftop_pv,2100,0.181651563373901
Netherlands,elect_td_bld,rooftop_pv,rooftop_pv,2100,0.119100477659157
Poland,elect_td_bld,rooftop_pv,rooftop_pv,2100,0.120051447214226
Portugal,elect_td_bld,rooftop_pv,rooftop_pv,2100,0.195893476556883
Romania,elect_td_bld,rooftop_pv,rooftop_pv,2100,0.151757362471355
Slovakia,elect_td_bld,rooftop_pv,rooftop_pv,2100,0.126583029910334
Slovenia,elect_td_bld,rooftop_pv,rooftop_pv,2100,0.150967545982195
Spain,elect_td_bld,rooftop_pv,rooftop_pv,2100,0.190919962203704
Sweden,elect_td_bld,rooftop_pv,rooftop_pv,2100,0.0963720691362426
Albania,elect_td_bld,rooftop_pv,rooftop_pv,2100,0.188356639023384
Belarus,elect_td_bld,rooftop_pv,rooftop_pv,2100,0.123589335491647
Bosnia and Herzegovina,elect_td_bld,rooftop_pv,rooftop_pv,2100,0.161801152517537
Iceland,elect_td_bld,rooftop_pv,rooftop_pv,2100,0.0878819964554935
Macedonia,elect_td_bld,rooftop_pv,rooftop_pv,2100,0.1736594446976
Moldova,elect_td_bld,rooftop_pv,rooftop_pv,2100,0.148573629364686
Norway,elect_td_bld,rooftop_pv,rooftop_pv,2100,0.091731593157163
Serbia and Montenegro,elect_td_bld,rooftop_pv,rooftop_pv,2100,0.159249043379485
Switzerland,elect_td_bld,rooftop_pv,rooftop_pv,2100,0.150192879105328
Turkey,elect_td_bld,rooftop_pv,rooftop_pv,2100,0.192495309516896
UK,elect_td_bld,rooftop_pv,rooftop_pv,2100,0.114593789342384
Ukraine,elect_td_bld,rooftop_pv,rooftop_pv,2100,0.141811436234389
USA,electricity,solar,PV,1975,0.200000279262178
Africa_Eastern,electricity,solar,PV,1975,0.282363478171743
Africa_Northern,electricity,solar,PV,1975,0.280198967995972
Africa_Southern,electricity,solar,PV,1975,0.275541447990102
Africa_Western,electricity,solar,PV,1975,0.273570488177822
Australia_NZ,electricity,solar,PV,1975,0.272521652317379
Brazil,electricity,solar,PV,1975,0.246714494119666
Canada,electricity,solar,PV,1975,0.12978073368063
Central America and Caribbean,electricity,solar,PV,1975,0.251332170592837
Central Asia,electricity,solar,PV,1975,0.214675695004816
China,electricity,solar,PV,1975,0.239885029424203
India,electricity,solar,PV,1975,0.247360718865892
Indonesia,electricity,solar,PV,1975,0.231764576189658
Japan,electricity,solar,PV,1975,0.18912205972257
Mexico,electricity,solar,PV,1975,0.268432483099031
Middle East,electricity,solar,PV,1975,0.273721280338651
Pakistan,electricity,solar,PV,1975,0.259618517029136
Russia,electricity,solar,PV,1975,0.130216351736842
South Africa,electricity,solar,PV,1975,0.27614644654131
South America_Northern,electricity,solar,PV,1975,0.243079328637708
South America_Southern,electricity,solar,PV,1975,0.240659276187326
South Asia,electricity,solar,PV,1975,0.254785655301063
South Korea,electricity,solar,PV,1975,0.209226928209402
Southeast Asia,electricity,solar,PV,1975,0.237728896244649
Taiwan,electricity,solar,PV,1975,0.199958443018159
Argentina,electricity,solar,PV,1975,0.232851931752879
Colombia,electricity,solar,PV,1975,0.218840056417965
Austria,electricity,solar,PV,1975,0.163455243731107
Belgium,electricity,solar,PV,1975,0.143225724449106
Bulgaria,electricity,solar,PV,1975,0.190861297351926
Croatia,electricity,solar,PV,1975,0.199949506286242
Cyprus,electricity,solar,PV,1975,0.264705268295264
Czech Republic,electricity,solar,PV,1975,0.149634306962143
Denmark,electricity,solar,PV,1975,0.14324996282501
Estonia,electricity,solar,PV,1975,0.14661188563178
Finland,electricity,solar,PV,1975,0.119730889567502
France,electricity,solar,PV,1975,0.177887649432489
Germany,electricity,solar,PV,1975,0.140070478878901
Greece,electricity,solar,PV,1975,0.217983862176885
Hungary,electricity,solar,PV,1975,0.17117315351492
Ireland,electricity,solar,PV,1975,0.126292958889038
Italy,electricity,solar,PV,1975,0.213707721616355
Latvia,electricity,solar,PV,1975,0.147171396336953
Lithuania,electricity,solar,PV,1975,0.15074350823642
Luxembourg,electricity,solar,PV,1975,0.143952171971399
Malta,electricity,solar,PV,1975,0.213707721616355
Netherlands,electricity,solar,PV,1975,0.140118209010772
Poland,electricity,solar,PV,1975,0.141236996722619
Portugal,electricity,solar,PV,1975,0.230462913596333
Romania,electricity,solar,PV,1975,0.178538073495712
Slovakia,electricity,solar,PV,1975,0.148921211659216
Slovenia,electricity,solar,PV,1975,0.177608877626111
Spain,electricity,solar,PV,1975,0.224611720239651
Sweden,electricity,solar,PV,1975,0.113378904866168
Albania,electricity,solar,PV,1975,0.221596045909863
Belarus,electricity,solar,PV,1975,0.145399218225467
Bosnia and Herzegovina,electricity,solar,PV,1975,0.190354297079455
Iceland,electricity,solar,PV,1975,0.103390584065286
Macedonia,electricity,solar,PV,1975,0.204305229056
Moldova,electricity,solar,PV,1975,0.174792505134925
Norway,electricity,solar,PV,1975,0.107919521361368
Serbia and Montenegro,electricity,solar,PV,1975,0.18735181574057
Switzerland,electricity,solar,PV,1975,0.176697504829797
Turkey,electricity,solar,PV,1975,0.226465070019877
UK,electricity,solar,PV,1975,0.134816222755746
Ukraine,electricity,solar,PV,1975,0.166836983805164
USA,electricity,solar,PV_storage,1975,0.200000279262178
Africa_Eastern,electricity,solar,PV_storage,1975,0.282363478171743
Africa_Northern,electricity,solar,PV_storage,1975,0.280198967995972
Africa_Southern,electricity,solar,PV_storage,1975,0.275541447990102
Africa_Western,electricity,solar,PV_storage,1975,0.273570488177822
Australia_NZ,electricity,solar,PV_storage,1975,0.272521652317379
Brazil,electricity,solar,PV_storage,1975,0.246714494119666
Canada,electricity,solar,PV_storage,1975,0.12978073368063
Central America and Caribbean,electricity,solar,PV_storage,1975,0.251332170592837
Central Asia,electricity,solar,PV_storage,1975,0.214675695004816
China,electricity,solar,PV_storage,1975,0.239885029424203
India,electricity,solar,PV_storage,1975,0.247360718865892
Indonesia,electricity,solar,PV_storage,1975,0.231764576189658
Japan,electricity,solar,PV_storage,1975,0.18912205972257
Mexico,electricity,solar,PV_storage,1975,0.268432483099031
Middle East,electricity,solar,PV_storage,1975,0.273721280338651
Pakistan,electricity,solar,PV_storage,1975,0.259618517029136
Russia,electricity,solar,PV_storage,1975,0.130216351736842
South Africa,electricity,solar,PV_storage,1975,0.27614644654131
South America_Northern,electricity,solar,PV_storage,1975,0.243079328637708
South America_Southern,electricity,solar,PV_storage,1975,0.240659276187326
South Asia,electricity,solar,PV_storage,1975,0.254785655301063
South Korea,electricity,solar,PV_storage,1975,0.209226928209402
Southeast Asia,electricity,solar,PV_storage,1975,0.237728896244649
Taiwan,electricity,solar,PV_storage,1975,0.199958443018159
Argentina,electricity,solar,PV_storage,1975,0.232851931752879
Colombia,electricity,solar,PV_storage,1975,0.218840056417965
Austria,electricity,solar,PV_storage,1975,0.163455243731107
Belgium,electricity,solar,PV_storage,1975,0.143225724449106
Bulgaria,electricity,solar,PV_storage,1975,0.190861297351926
Croatia,electricity,solar,PV_storage,1975,0.199949506286242
Cyprus,electricity,solar,PV_storage,1975,0.264705268295264
Czech Republic,electricity,solar,PV_storage,1975,0.149634306962143
Denmark,electricity,solar,PV_storage,1975,0.14324996282501
Estonia,electricity,solar,PV_storage,1975,0.14661188563178
Finland,electricity,solar,PV_storage,1975,0.119730889567502
France,electricity,solar,PV_storage,1975,0.177887649432489
Germany,electricity,solar,PV_storage,1975,0.140070478878901
Greece,electricity,solar,PV_storage,1975,0.217983862176885
Hungary,electricity,solar,PV_storage,1975,0.17117315351492
Ireland,electricity,solar,PV_storage,1975,0.126292958889038
Italy,electricity,solar,PV_storage,1975,0.213707721616355
Latvia,electricity,solar,PV_storage,1975,0.147171396336953
Lithuania,electricity,solar,PV_storage,1975,0.15074350823642
Luxembourg,electricity,solar,PV_storage,1975,0.143952171971399
Malta,electricity,solar,PV_storage,1975,0.213707721616355
Netherlands,electricity,solar,PV_storage,1975,0.140118209010772
Poland,electricity,solar,PV_storage,1975,0.141236996722619
Portugal,electricity,solar,PV_storage,1975,0.230462913596333
Romania,electricity,solar,PV_storage,1975,0.178538073495712
Slovakia,electricity,solar,PV_storage,1975,0.148921211659216
Slovenia,electricity,solar,PV_storage,1975,0.177608877626111
Spain,electricity,solar,PV_storage,1975,0.224611720239651
Sweden,electricity,solar,PV_storage,1975,0.113378904866168
Albania,electricity,solar,PV_storage,1975,0.221596045909863
Belarus,electricity,solar,PV_storage,1975,0.145399218225467
Bosnia and Herzegovina,electricity,solar,PV_storage,1975,0.190354297079455
Iceland,electricity,solar,PV_storage,1975,0.103390584065286
Macedonia,electricity,solar,PV_storage,1975,0.204305229056
Moldova,electricity,solar,PV_storage,1975,0.174792505134925
Norway,electricity,solar,PV_storage,1975,0.107919521361368
Serbia and Montenegro,electricity,solar,PV_storage,1975,0.18735181574057
Switzerland,electricity,solar,PV_storage,1975,0.176697504829797
Turkey,electricity,solar,PV_storage,1975,0.226465070019877
UK,electricity,solar,PV_storage,1975,0.134816222755746
Ukraine,electricity,solar,PV_storage,1975,0.166836983805164
USA,electricity,solar,PV,1990,0.200000279262178
Africa_Eastern,electricity,solar,PV,1990,0.282363478171743
Africa_Northern,electricity,solar,PV,1990,0.280198967995972
Africa_Southern,electricity,solar,PV,1990,0.275541447990102
Africa_Western,electricity,solar,PV,1990,0.273570488177822
Australia_NZ,electricity,solar,PV,1990,0.272521652317379
Brazil,electricity,solar,PV,1990,0.246714494119666
Canada,electricity,solar,PV,1990,0.12978073368063
Central America and Caribbean,electricity,solar,PV,1990,0.251332170592837
Central Asia,electricity,solar,PV,1990,0.214675695004816
China,electricity,solar,PV,1990,0.239885029424203
India,electricity,solar,PV,1990,0.247360718865892
Indonesia,electricity,solar,PV,1990,0.231764576189658
Japan,electricity,solar,PV,1990,0.18912205972257
Mexico,electricity,solar,PV,1990,0.268432483099031
Middle East,electricity,solar,PV,1990,0.273721280338651
Pakistan,electricity,solar,PV,1990,0.259618517029136
Russia,electricity,solar,PV,1990,0.130216351736842
South Africa,electricity,solar,PV,1990,0.27614644654131
South America_Northern,electricity,solar,PV,1990,0.243079328637708
South America_Southern,electricity,solar,PV,1990,0.240659276187326
South Asia,electricity,solar,PV,1990,0.254785655301063
South Korea,electricity,solar,PV,1990,0.209226928209402
Southeast Asia,electricity,solar,PV,1990,0.237728896244649
Taiwan,electricity,solar,PV,1990,0.199958443018159
Argentina,electricity,solar,PV,1990,0.232851931752879
Colombia,electricity,solar,PV,1990,0.218840056417965
Austria,electricity,solar,PV,1990,0.163455243731107
Belgium,electricity,solar,PV,1990,0.143225724449106
Bulgaria,electricity,solar,PV,1990,0.190861297351926
Croatia,electricity,solar,PV,1990,0.199949506286242
Cyprus,electricity,solar,PV,1990,0.264705268295264
Czech Republic,electricity,solar,PV,1990,0.149634306962143
Denmark,electricity,solar,PV,1990,0.14324996282501
Estonia,electricity,solar,PV,1990,0.14661188563178
Finland,electricity,solar,PV,1990,0.119730889567502
France,electricity,solar,PV,1990,0.177887649432489
Germany,electricity,solar,PV,1990,0.140070478878901
Greece,electricity,solar,PV,1990,0.217983862176885
Hungary,electricity,solar,PV,1990,0.17117315351492
Ireland,electricity,solar,PV,1990,0.126292958889038
Italy,electricity,solar,PV,1990,0.213707721616355
Latvia,electricity,solar,PV,1990,0.147171396336953
Lithuania,electricity,solar,PV,1990,0.15074350823642
Luxembourg,electricity,solar,PV,1990,0.143952171971399
Malta,electricity,solar,PV,1990,0.213707721616355
Netherlands,electricity,solar,PV,1990,0.140118209010772
Poland,electricity,solar,PV,1990,0.141236996722619
Portugal,electricity,solar,PV,1990,0.230462913596333
Romania,electricity,solar,PV,1990,0.178538073495712
Slovakia,electricity,solar,PV,1990,0.148921211659216
Slovenia,electricity,solar,PV,1990,0.177608877626111
Spain,electricity,solar,PV,1990,0.224611720239651
Sweden,electricity,solar,PV,1990,0.113378904866168
Albania,electricity,solar,PV,1990,0.221596045909863
Belarus,electricity,solar,PV,1990,0.145399218225467
Bosnia and Herzegovina,electricity,solar,PV,1990,0.190354297079455
Iceland,electricity,solar,PV,1990,0.103390584065286
Macedonia,electricity,solar,PV,1990,0.204305229056
Moldova,electricity,solar,PV,1990,0.174792505134925
Norway,electricity,solar,PV,1990,0.107919521361368
Serbia and Montenegro,electricity,solar,PV,1990,0.18735181574057
Switzerland,electricity,solar,PV,1990,0.176697504829797
Turkey,electricity,solar,PV,1990,0.226465070019877
UK,electricity,solar,PV,1990,0.134816222755746
Ukraine,electricity,solar,PV,1990,0.166836983805164
USA,electricity,solar,PV_storage,1990,0.200000279262178
Africa_Eastern,electricity,solar,PV_storage,1990,0.282363478171743
Africa_Northern,electricity,solar,PV_storage,1990,0.280198967995972
Africa_Southern,electricity,solar,PV_storage,1990,0.275541447990102
Africa_Western,electricity,solar,PV_storage,1990,0.273570488177822
Australia_NZ,electricity,solar,PV_storage,1990,0.272521652317379
Brazil,electricity,solar,PV_storage,1990,0.246714494119666
Canada,electricity,solar,PV_storage,1990,0.12978073368063
Central America and Caribbean,electricity,solar,PV_storage,1990,0.251332170592837
Central Asia,electricity,solar,PV_storage,1990,0.214675695004816
China,electricity,solar,PV_storage,1990,0.239885029424203
India,electricity,solar,PV_storage,1990,0.247360718865892
Indonesia,electricity,solar,PV_storage,1990,0.231764576189658
Japan,electricity,solar,PV_storage,1990,0.18912205972257
Mexico,electricity,solar,PV_storage,1990,0.268432483099031
Middle East,electricity,solar,PV_storage,1990,0.273721280338651
Pakistan,electricity,solar,PV_storage,1990,0.259618517029136
Russia,electricity,solar,PV_storage,1990,0.130216351736842
South Africa,electricity,solar,PV_storage,1990,0.27614644654131
South America_Northern,electricity,solar,PV_storage,1990,0.243079328637708
South America_Southern,electricity,solar,PV_storage,1990,0.240659276187326
South Asia,electricity,solar,PV_storage,1990,0.254785655301063
South Korea,electricity,solar,PV_storage,1990,0.209226928209402
Southeast Asia,electricity,solar,PV_storage,1990,0.237728896244649
Taiwan,electricity,solar,PV_storage,1990,0.199958443018159
Argentina,electricity,solar,PV_storage,1990,0.232851931752879
Colombia,electricity,solar,PV_storage,1990,0.218840056417965
Austria,electricity,solar,PV_storage,1990,0.163455243731107
Belgium,electricity,solar,PV_storage,1990,0.143225724449106
Bulgaria,electricity,solar,PV_storage,1990,0.190861297351926
Croatia,electricity,solar,PV_storage,1990,0.199949506286242
Cyprus,electricity,solar,PV_storage,1990,0.264705268295264
Czech Republic,electricity,solar,PV_storage,1990,0.149634306962143
Denmark,electricity,solar,PV_storage,1990,0.14324996282501
Estonia,electricity,solar,PV_storage,1990,0.14661188563178
Finland,electricity,solar,PV_storage,1990,0.119730889567502
France,electricity,solar,PV_storage,1990,0.177887649432489
Germany,electricity,solar,PV_storage,1990,0.140070478878901
Greece,electricity,solar,PV_storage,1990,0.217983862176885
Hungary,electricity,solar,PV_storage,1990,0.17117315351492
Ireland,electricity,solar,PV_storage,1990,0.126292958889038
Italy,electricity,solar,PV_storage,1990,0.213707721616355
Latvia,electricity,solar,PV_storage,1990,0.147171396336953
Lithuania,electricity,solar,PV_storage,1990,0.15074350823642
Luxembourg,electricity,solar,PV_storage,1990,0.143952171971399
Malta,electricity,solar,PV_storage,1990,0.213707721616355
Netherlands,electricity,solar,PV_storage,1990,0.140118209010772
Poland,electricity,solar,PV_storage,1990,0.141236996722619
Portugal,electricity,solar,PV_storage,1990,0.230462913596333
Romania,electricity,solar,PV_storage,1990,0.178538073495712
Slovakia,electricity,solar,PV_storage,1990,0.148921211659216
Slovenia,electricity,solar,PV_storage,1990,0.177608877626111
Spain,electricity,solar,PV_storage,1990,0.224611720239651
Sweden,electricity,solar,PV_storage,1990,0.113378904866168
Albania,electricity,solar,PV_storage,1990,0.221596045909863
Belarus,electricity,solar,PV_storage,1990,0.145399218225467
Bosnia and Herzegovina,electricity,solar,PV_storage,1990,0.190354297079455
Iceland,electricity,solar,PV_storage,1990,0.103390584065286
Macedonia,electricity,solar,PV_storage,1990,0.204305229056
Moldova,electricity,solar,PV_storage,1990,0.174792505134925
Norway,electricity,solar,PV_storage,1990,0.107919521361368
Serbia and Montenegro,electricity,solar,PV_storage,1990,0.18735181574057
Switzerland,electricity,solar,PV_storage,1990,0.176697504829797
Turkey,electricity,solar,PV_storage,1990,0.226465070019877
UK,electricity,solar,PV_storage,1990,0.134816222755746
Ukraine,electricity,solar,PV_storage,1990,0.166836983805164
USA,electricity,solar,PV,2005,0.200000279262178
Africa_Eastern,electricity,solar,PV,2005,0.282363478171743
Africa_Northern,electricity,solar,PV,2005,0.280198967995972
Africa_Southern,electricity,solar,PV,2005,0.275541447990102
Africa_Western,electricity,solar,PV,2005,0.273570488177822
Australia_NZ,electricity,solar,PV,2005,0.272521652317379
Brazil,electricity,solar,PV,2005,0.246714494119666
Canada,electricity,solar,PV,2005,0.12978073368063
Central America and Caribbean,electricity,solar,PV,2005,0.251332170592837
Central Asia,electricity,solar,PV,2005,0.214675695004816
China,electricity,solar,PV,2005,0.239885029424203
India,electricity,solar,PV,2005,0.247360718865892
Indonesia,electricity,solar,PV,2005,0.231764576189658
Japan,electricity,solar,PV,2005,0.18912205972257
Mexico,electricity,solar,PV,2005,0.268432483099031
Middle East,electricity,solar,PV,2005,0.273721280338651
Pakistan,electricity,solar,PV,2005,0.259618517029136
Russia,electricity,solar,PV,2005,0.130216351736842
South Africa,electricity,solar,PV,2005,0.27614644654131
South America_Northern,electricity,solar,PV,2005,0.243079328637708
South America_Southern,electricity,solar,PV,2005,0.240659276187326
South Asia,electricity,solar,PV,2005,0.254785655301063
South Korea,electricity,solar,PV,2005,0.209226928209402
Southeast Asia,electricity,solar,PV,2005,0.237728896244649
Taiwan,electricity,solar,PV,2005,0.199958443018159
Argentina,electricity,solar,PV,2005,0.232851931752879
Colombia,electricity,solar,PV,2005,0.218840056417965
Austria,electricity,solar,PV,2005,0.163455243731107
Belgium,electricity,solar,PV,2005,0.143225724449106
Bulgaria,electricity,solar,PV,2005,0.190861297351926
Croatia,electricity,solar,PV,2005,0.199949506286242
Cyprus,electricity,solar,PV,2005,0.264705268295264
Czech Republic,electricity,solar,PV,2005,0.149634306962143
Denmark,electricity,solar,PV,2005,0.14324996282501
Estonia,electricity,solar,PV,2005,0.14661188563178
Finland,electricity,solar,PV,2005,0.119730889567502
France,electricity,solar,PV,2005,0.177887649432489
Germany,electricity,solar,PV,2005,0.140070478878901
Greece,electricity,solar,PV,2005,0.217983862176885
Hungary,electricity,solar,PV,2005,0.17117315351492
Ireland,electricity,solar,PV,2005,0.126292958889038
Italy,electricity,solar,PV,2005,0.213707721616355
Latvia,electricity,solar,PV,2005,0.147171396336953
Lithuania,electricity,solar,PV,2005,0.15074350823642
Luxembourg,electricity,solar,PV,2005,0.143952171971399
Malta,electricity,solar,PV,2005,0.213707721616355
Netherlands,electricity,solar,PV,2005,0.140118209010772
Poland,electricity,solar,PV,2005,0.141236996722619
Portugal,electricity,solar,PV,2005,0.230462913596333
Romania,electricity,solar,PV,2005,0.178538073495712
Slovakia,electricity,solar,PV,2005,0.148921211659216
Slovenia,electricity,solar,PV,2005,0.177608877626111
Spain,electricity,solar,PV,2005,0.224611720239651
Sweden,electricity,solar,PV,2005,0.113378904866168
Albania,electricity,solar,PV,2005,0.221596045909863
Belarus,electricity,solar,PV,2005,0.145399218225467
Bosnia and Herzegovina,electricity,solar,PV,2005,0.190354297079455
Iceland,electricity,solar,PV,2005,0.103390584065286
Macedonia,electricity,solar,PV,2005,0.204305229056
Moldova,electricity,solar,PV,2005,0.174792505134925
Norway,electricity,solar,PV,2005,0.107919521361368
Serbia and Montenegro,electricity,solar,PV,2005,0.18735181574057
Switzerland,electricity,solar,PV,2005,0.176697504829797
Turkey,electricity,solar,PV,2005,0.226465070019877
UK,electricity,solar,PV,2005,0.134816222755746
Ukraine,electricity,solar,PV,2005,0.166836983805164
USA,electricity,solar,PV_storage,2005,0.200000279262178
Africa_Eastern,electricity,solar,PV_storage,2005,0.282363478171743
Africa_Northern,electricity,solar,PV_storage,2005,0.280198967995972
Africa_Southern,electricity,solar,PV_storage,2005,0.275541447990102
Africa_Western,electricity,solar,PV_storage,2005,0.273570488177822
Australia_NZ,electricity,solar,PV_storage,2005,0.272521652317379
Brazil,electricity,solar,PV_storage,2005,0.246714494119666
Canada,electricity,solar,PV_storage,2005,0.12978073368063
Central America and Caribbean,electricity,solar,PV_storage,2005,0.251332170592837
Central Asia,electricity,solar,PV_storage,2005,0.214675695004816
China,electricity,solar,PV_storage,2005,0.239885029424203
India,electricity,solar,PV_storage,2005,0.247360718865892
Indonesia,electricity,solar,PV_storage,2005,0.231764576189658
Japan,electricity,solar,PV_storage,2005,0.18912205972257
Mexico,electricity,solar,PV_storage,2005,0.268432483099031
Middle East,electricity,solar,PV_storage,2005,0.273721280338651
Pakistan,electricity,solar,PV_storage,2005,0.259618517029136
Russia,electricity,solar,PV_storage,2005,0.130216351736842
South Africa,electricity,solar,PV_storage,2005,0.27614644654131
South America_Northern,electricity,solar,PV_storage,2005,0.243079328637708
South America_Southern,electricity,solar,PV_storage,2005,0.240659276187326
South Asia,electricity,solar,PV_storage,2005,0.254785655301063
South Korea,electricity,solar,PV_storage,2005,0.209226928209402
Southeast Asia,electricity,solar,PV_storage,2005,0.237728896244649
Taiwan,electricity,solar,PV_storage,2005,0.199958443018159
Argentina,electricity,solar,PV_storage,2005,0.232851931752879
Colombia,electricity,solar,PV_storage,2005,0.218840056417965
Austria,electricity,solar,PV_storage,2005,0.163455243731107
Belgium,electricity,solar,PV_storage,2005,0.143225724449106
Bulgaria,electricity,solar,PV_storage,2005,0.190861297351926
Croatia,electricity,solar,PV_storage,2005,0.199949506286242
Cyprus,electricity,solar,PV_storage,2005,0.264705268295264
Czech Republic,electricity,solar,PV_storage,2005,0.149634306962143
Denmark,electricity,solar,PV_storage,2005,0.14324996282501
Estonia,electricity,solar,PV_storage,2005,0.14661188563178
Finland,electricity,solar,PV_storage,2005,0.119730889567502
France,electricity,solar,PV_storage,2005,0.177887649432489
Germany,electricity,solar,PV_storage,2005,0.140070478878901
Greece,electricity,solar,PV_storage,2005,0.217983862176885
Hungary,electricity,solar,PV_storage,2005,0.17117315351492
Ireland,electricity,solar,PV_storage,2005,0.126292958889038
Italy,electricity,solar,PV_storage,2005,0.213707721616355
Latvia,electricity,solar,PV_storage,2005,0.147171396336953
Lithuania,electricity,solar,PV_storage,2005,0.15074350823642
Luxembourg,electricity,solar,PV_storage,2005,0.143952171971399
Malta,electricity,solar,PV_storage,2005,0.213707721616355
Netherlands,electricity,solar,PV_storage,2005,0.140118209010772
Poland,electricity,solar,PV_storage,2005,0.141236996722619
Portugal,electricity,solar,PV_storage,2005,0.230462913596333
Romania,electricity,solar,PV_storage,2005,0.178538073495712
Slovakia,electricity,solar,PV_storage,2005,0.148921211659216
Slovenia,electricity,solar,PV_storage,2005,0.177608877626111
Spain,electricity,solar,PV_storage,2005,0.224611720239651
Sweden,electricity,solar,PV_storage,2005,0.113378904866168
Albania,electricity,solar,PV_storage,2005,0.221596045909863
Belarus,electricity,solar,PV_storage,2005,0.145399218225467
Bosnia and Herzegovina,electricity,solar,PV_storage,2005,0.190354297079455
Iceland,electricity,solar,PV_storage,2005,0.103390584065286
Macedonia,electricity,solar,PV_storage,2005,0.204305229056
Moldova,electricity,solar,PV_storage,2005,0.174792505134925
Norway,electricity,solar,PV_storage,2005,0.107919521361368
Serbia and Montenegro,electricity,solar,PV_storage,2005,0.18735181574057
Switzerland,electricity,solar,PV_storage,2005,0.176697504829797
Turkey,electricity,solar,PV_storage,2005,0.226465070019877
UK,electricity,solar,PV_storage,2005,0.134816222755746
Ukraine,electricity,solar,PV_storage,2005,0.166836983805164
USA,electricity,solar,PV,2010,0.200000279262178
Africa_Eastern,electricity,solar,PV,2010,0.282363478171743
Africa_Northern,electricity,solar,PV,2010,0.280198967995972
Africa_Southern,electricity,solar,PV,2010,0.275541447990102
Africa_Western,electricity,solar,PV,2010,0.273570488177822
Australia_NZ,electricity,solar,PV,2010,0.272521652317379
Brazil,electricity,solar,PV,2010,0.246714494119666
Canada,electricity,solar,PV,2010,0.12978073368063
Central America and Caribbean,electricity,solar,PV,2010,0.251332170592837
Central Asia,electricity,solar,PV,2010,0.214675695004816
China,electricity,solar,PV,2010,0.239885029424203
India,electricity,solar,PV,2010,0.247360718865892
Indonesia,electricity,solar,PV,2010,0.231764576189658
Japan,electricity,solar,PV,2010,0.18912205972257
Mexico,electricity,solar,PV,2010,0.268432483099031
Middle East,electricity,solar,PV,2010,0.273721280338651
Pakistan,electricity,solar,PV,2010,0.259618517029136
Russia,electricity,solar,PV,2010,0.130216351736842
South Africa,electricity,solar,PV,2010,0.27614644654131
South America_Northern,electricity,solar,PV,2010,0.243079328637708
South America_Southern,electricity,solar,PV,2010,0.240659276187326
South Asia,electricity,solar,PV,2010,0.254785655301063
South Korea,electricity,solar,PV,2010,0.209226928209402
Southeast Asia,electricity,solar,PV,2010,0.237728896244649
Taiwan,electricity,solar,PV,2010,0.199958443018159
Argentina,electricity,solar,PV,2010,0.232851931752879
Colombia,electricity,solar,PV,2010,0.218840056417965
Austria,electricity,solar,PV,2010,0.163455243731107
Belgium,electricity,solar,PV,2010,0.143225724449106
Bulgaria,electricity,solar,PV,2010,0.190861297351926
Croatia,electricity,solar,PV,2010,0.199949506286242
Cyprus,electricity,solar,PV,2010,0.264705268295264
Czech Republic,electricity,solar,PV,2010,0.149634306962143
Denmark,electricity,solar,PV,2010,0.14324996282501
Estonia,electricity,solar,PV,2010,0.14661188563178
Finland,electricity,solar,PV,2010,0.119730889567502
France,electricity,solar,PV,2010,0.177887649432489
Germany,electricity,solar,PV,2010,0.140070478878901
Greece,electricity,solar,PV,2010,0.217983862176885
Hungary,electricity,solar,PV,2010,0.17117315351492
Ireland,electricity,solar,PV,2010,0.126292958889038
Italy,electricity,solar,PV,2010,0.213707721616355
Latvia,electricity,solar,PV,2010,0.147171396336953
Lithuania,electricity,solar,PV,2010,0.15074350823642
Luxembourg,electricity,solar,PV,2010,0.143952171971399
Malta,electricity,solar,PV,2010,0.213707721616355
Netherlands,electricity,solar,PV,2010,0.140118209010772
Poland,electricity,solar,PV,2010,0.141236996722619
Portugal,electricity,solar,PV,2010,0.230462913596333
Romania,electricity,solar,PV,2010,0.178538073495712
Slovakia,electricity,solar,PV,2010,0.148921211659216
Slovenia,electricity,solar,PV,2010,0.177608877626111
Spain,electricity,solar,PV,2010,0.224611720239651
Sweden,electricity,solar,PV,2010,0.113378904866168
Albania,electricity,solar,PV,2010,0.221596045909863
Belarus,electricity,solar,PV,2010,0.145399218225467
Bosnia and Herzegovina,electricity,solar,PV,2010,0.190354297079455
Iceland,electricity,solar,PV,2010,0.103390584065286
Macedonia,electricity,solar,PV,2010,0.204305229056
Moldova,electricity,solar,PV,2010,0.174792505134925
Norway,electricity,solar,PV,2010,0.107919521361368
Serbia and Montenegro,electricity,solar,PV,2010,0.18735181574057
Switzerland,electricity,solar,PV,2010,0.176697504829797
Turkey,electricity,solar,PV,2010,0.226465070019877
UK,electricity,solar,PV,2010,0.134816222755746
Ukraine,electricity,solar,PV,2010,0.166836983805164
USA,electricity,solar,PV_storage,2010,0.200000279262178
Africa_Eastern,electricity,solar,PV_storage,2010,0.282363478171743
Africa_Northern,electricity,solar,PV_storage,2010,0.280198967995972
Africa_Southern,electricity,solar,PV_storage,2010,0.275541447990102
Africa_Western,electricity,solar,PV_storage,2010,0.273570488177822
Australia_NZ,electricity,solar,PV_storage,2010,0.272521652317379
Brazil,electricity,solar,PV_storage,2010,0.246714494119666
Canada,electricity,solar,PV_storage,2010,0.12978073368063
Central America and Caribbean,electricity,solar,PV_storage,2010,0.251332170592837
Central Asia,electricity,solar,PV_storage,2010,0.214675695004816
China,electricity,solar,PV_storage,2010,0.239885029424203
India,electricity,solar,PV_storage,2010,0.247360718865892
Indonesia,electricity,solar,PV_storage,2010,0.231764576189658
Japan,electricity,solar,PV_storage,2010,0.18912205972257
Mexico,electricity,solar,PV_storage,2010,0.268432483099031
Middle East,electricity,solar,PV_storage,2010,0.273721280338651
Pakistan,electricity,solar,PV_storage,2010,0.259618517029136
Russia,electricity,solar,PV_storage,2010,0.130216351736842
South Africa,electricity,solar,PV_storage,2010,0.27614644654131
South America_Northern,electricity,solar,PV_storage,2010,0.243079328637708
South America_Southern,electricity,solar,PV_storage,2010,0.240659276187326
South Asia,electricity,solar,PV_storage,2010,0.254785655301063
South Korea,electricity,solar,PV_storage,2010,0.209226928209402
Southeast Asia,electricity,solar,PV_storage,2010,0.237728896244649
Taiwan,electricity,solar,PV_storage,2010,0.199958443018159
Argentina,electricity,solar,PV_storage,2010,0.232851931752879
Colombia,electricity,solar,PV_storage,2010,0.218840056417965
Austria,electricity,solar,PV_storage,2010,0.163455243731107
Belgium,electricity,solar,PV_storage,2010,0.143225724449106
Bulgaria,electricity,solar,PV_storage,2010,0.190861297351926
Croatia,electricity,solar,PV_storage,2010,0.199949506286242
Cyprus,electricity,solar,PV_storage,2010,0.264705268295264
Czech Republic,electricity,solar,PV_storage,2010,0.149634306962143
Denmark,electricity,solar,PV_storage,2010,0.14324996282501
Estonia,electricity,solar,PV_storage,2010,0.14661188563178
Finland,electricity,solar,PV_storage,2010,0.119730889567502
France,electricity,solar,PV_storage,2010,0.177887649432489
Germany,electricity,solar,PV_storage,2010,0.140070478878901
Greece,electricity,solar,PV_storage,2010,0.217983862176885
Hungary,electricity,solar,PV_storage,2010,0.17117315351492
Ireland,electricity,solar,PV_storage,2010,0.126292958889038
Italy,electricity,solar,PV_storage,2010,0.213707721616355
Latvia,electricity,solar,PV_storage,2010,0.147171396336953
Lithuania,electricity,solar,PV_storage,2010,0.15074350823642
Luxembourg,electricity,solar,PV_storage,2010,0.143952171971399
Malta,electricity,solar,PV_storage,2010,0.213707721616355
Netherlands,electricity,solar,PV_storage,2010,0.140118209010772
Poland,electricity,solar,PV_storage,2010,0.141236996722619
Portugal,electricity,solar,PV_storage,2010,0.230462913596333
Romania,electricity,solar,PV_storage,2010,0.178538073495712
Slovakia,electricity,solar,PV_storage,2010,0.148921211659216
Slovenia,electricity,solar,PV_storage,2010,0.177608877626111
Spain,electricity,solar,PV_storage,2010,0.224611720239651
Sweden,electricity,solar,PV_storage,2010,0.113378904866168
Albania,electricity,solar,PV_storage,2010,0.221596045909863
Belarus,electricity,solar,PV_storage,2010,0.145399218225467
Bosnia and Herzegovina,electricity,solar,PV_storage,2010,0.190354297079455
Iceland,electricity,solar,PV_storage,2010,0.103390584065286
Macedonia,electricity,solar,PV_storage,2010,0.204305229056
Moldova,electricity,solar,PV_storage,2010,0.174792505134925
Norway,electricity,solar,PV_storage,2010,0.107919521361368
Serbia and Montenegro,electricity,solar,PV_storage,2010,0.18735181574057
Switzerland,electricity,solar,PV_storage,2010,0.176697504829797
Turkey,electricity,solar,PV_storage,2010,0.226465070019877
UK,electricity,solar,PV_storage,2010,0.134816222755746
Ukraine,electricity,solar,PV_storage,2010,0.166836983805164
USA,electricity,solar,PV,2015,0.200000279262178
Africa_Eastern,electricity,solar,PV,2015,0.282363478171743
Africa_Northern,electricity,solar,PV,2015,0.280198967995972
Africa_Southern,electricity,solar,PV,2015,0.275541447990102
Africa_Western,electricity,solar,PV,2015,0.273570488177822
Australia_NZ,electricity,solar,PV,2015,0.272521652317379
Brazil,electricity,solar,PV,2015,0.246714494119666
Canada,electricity,solar,PV,2015,0.12978073368063
Central America and Caribbean,electricity,solar,PV,2015,0.251332170592837
Central Asia,electricity,solar,PV,2015,0.214675695004816
China,electricity,solar,PV,2015,0.239885029424203
India,electricity,solar,PV,2015,0.247360718865892
Indonesia,electricity,solar,PV,2015,0.231764576189658
Japan,electricity,solar,PV,2015,0.18912205972257
Mexico,electricity,solar,PV,2015,0.268432483099031
Middle East,electricity,solar,PV,2015,0.273721280338651
Pakistan,electricity,solar,PV,2015,0.259618517029136
Russia,electricity,solar,PV,2015,0.130216351736842
South Africa,electricity,solar,PV,2015,0.27614644654131
South America_Northern,electricity,solar,PV,2015,0.243079328637708
South America_Southern,electricity,solar,PV,2015,0.240659276187326
South Asia,electricity,solar,PV,2015,0.254785655301063
South Korea,electricity,solar,PV,2015,0.209226928209402
Southeast Asia,electricity,solar,PV,2015,0.237728896244649
Taiwan,electricity,solar,PV,2015,0.199958443018159
Argentina,electricity,solar,PV,2015,0.232851931752879
Colombia,electricity,solar,PV,2015,0.218840056417965
Austria,electricity,solar,PV,2015,0.163455243731107
Belgium,electricity,solar,PV,2015,0.143225724449106
Bulgaria,electricity,solar,PV,2015,0.190861297351926
Croatia,electricity,solar,PV,2015,0.199949506286242
Cyprus,electricity,solar,PV,2015,0.264705268295264
Czech Republic,electricity,solar,PV,2015,0.149634306962143
Denmark,electricity,solar,PV,2015,0.14324996282501
Estonia,electricity,solar,PV,2015,0.14661188563178
Finland,electricity,solar,PV,2015,0.119730889567502
France,electricity,solar,PV,2015,0.177887649432489
Germany,electricity,solar,PV,2015,0.140070478878901
Greece,electricity,solar,PV,2015,0.217983862176885
Hungary,electricity,solar,PV,2015,0.17117315351492
Ireland,electricity,solar,PV,2015,0.126292958889038
Italy,electricity,solar,PV,2015,0.213707721616355
Latvia,electricity,solar,PV,2015,0.147171396336953
Lithuania,electricity,solar,PV,2015,0.15074350823642
Luxembourg,electricity,solar,PV,2015,0.143952171971399
Malta,electricity,solar,PV,2015,0.213707721616355
Netherlands,electricity,solar,PV,2015,0.140118209010772
Poland,electricity,solar,PV,2015,0.141236996722619
Portugal,electricity,solar,PV,2015,0.230462913596333
Romania,electricity,solar,PV,2015,0.178538073495712
Slovakia,electricity,solar,PV,2015,0.148921211659216
Slovenia,electricity,solar,PV,2015,0.177608877626111
Spain,electricity,solar,PV,2015,0.224611720239651
Sweden,electricity,solar,PV,2015,0.113378904866168
Albania,electricity,solar,PV,2015,0.221596045909863
Belarus,electricity,solar,PV,2015,0.145399218225467
Bosnia and Herzegovina,electricity,solar,PV,2015,0.190354297079455
Iceland,electricity,solar,PV,2015,0.103390584065286
Macedonia,electricity,solar,PV,2015,0.204305229056
Moldova,electricity,solar,PV,2015,0.174792505134925
Norway,electricity,solar,PV,2015,0.107919521361368
Serbia and Montenegro,electricity,solar,PV,2015,0.18735181574057
Switzerland,electricity,solar,PV,2015,0.176697504829797
Turkey,electricity,solar,PV,2015,0.226465070019877
UK,electricity,solar,PV,2015,0.134816222755746
Ukraine,electricity,solar,PV,2015,0.166836983805164
USA,electricity,solar,PV_storage,2015,0.200000279262178
Africa_Eastern,electricity,solar,PV_storage,2015,0.282363478171743
Africa_Northern,electricity,solar,PV_storage,2015,0.280198967995972
Africa_Southern,electricity,solar,PV_storage,2015,0.275541447990102
Africa_Western,electricity,solar,PV_storage,2015,0.273570488177822
Australia_NZ,electricity,solar,PV_storage,2015,0.272521652317379
Brazil,electricity,solar,PV_storage,2015,0.246714494119666
Canada,electricity,solar,PV_storage,2015,0.12978073368063
Central America and Caribbean,electricity,solar,PV_storage,2015,0.251332170592837
Central Asia,electricity,solar,PV_storage,2015,0.214675695004816
China,electricity,solar,PV_storage,2015,0.239885029424203
India,electricity,solar,PV_storage,2015,0.247360718865892
Indonesia,electricity,solar,PV_storage,2015,0.231764576189658
Japan,electricity,solar,PV_storage,2015,0.18912205972257
Mexico,electricity,solar,PV_storage,2015,0.268432483099031
Middle East,electricity,solar,PV_storage,2015,0.273721280338651
Pakistan,electricity,solar,PV_storage,2015,0.259618517029136
Russia,electricity,solar,PV_storage,2015,0.130216351736842
South Africa,electricity,solar,PV_storage,2015,0.27614644654131
South America_Northern,electricity,solar,PV_storage,2015,0.243079328637708
South America_Southern,electricity,solar,PV_storage,2015,0.240659276187326
South Asia,electricity,solar,PV_storage,2015,0.254785655301063
South Korea,electricity,solar,PV_storage,2015,0.209226928209402
Southeast Asia,electricity,solar,PV_storage,2015,0.237728896244649
Taiwan,electricity,solar,PV_storage,2015,0.199958443018159
Argentina,electricity,solar,PV_storage,2015,0.232851931752879
Colombia,electricity,solar,PV_storage,2015,0.218840056417965
Austria,electricity,solar,PV_storage,2015,0.163455243731107
Belgium,electricity,solar,PV_storage,2015,0.143225724449106
Bulgaria,electricity,solar,PV_storage,2015,0.190861297351926
Croatia,electricity,solar,PV_storage,2015,0.199949506286242
Cyprus,electricity,solar,PV_storage,2015,0.264705268295264
Czech Republic,electricity,solar,PV_storage,2015,0.149634306962143
Denmark,electricity,solar,PV_storage,2015,0.14324996282501
Estonia,electricity,solar,PV_storage,2015,0.14661188563178
Finland,electricity,solar,PV_storage,2015,0.119730889567502
France,electricity,solar,PV_storage,2015,0.177887649432489
Germany,electricity,solar,PV_storage,2015,0.140070478878901
Greece,electricity,solar,PV_storage,2015,0.217983862176885
Hungary,electricity,solar,PV_storage,2015,0.17117315351492
Ireland,electricity,solar,PV_storage,2015,0.126292958889038
Italy,electricity,solar,PV_storage,2015,0.213707721616355
Latvia,electricity,solar,PV_storage,2015,0.147171396336953
Lithuania,electricity,solar,PV_storage,2015,0.15074350823642
Luxembourg,electricity,solar,PV_storage,2015,0.143952171971399
Malta,electricity,solar,PV_storage,2015,0.213707721616355
Netherlands,electricity,solar,PV_storage,2015,0.140118209010772
Poland,electricity,solar,PV_storage,2015,0.141236996722619
Portugal,electricity,solar,PV_storage,2015,0.230462913596333
Romania,electricity,solar,PV_storage,2015,0.178538073495712
Slovakia,electricity,solar,PV_storage,2015,0.148921211659216
Slovenia,electricity,solar,PV_storage,2015,0.177608877626111
Spain,electricity,solar,PV_storage,2015,0.224611720239651
Sweden,electricity,solar,PV_storage,2015,0.113378904866168
Albania,electricity,solar,PV_storage,2015,0.221596045909863
Belarus,electricity,solar,PV_storage,2015,0.145399218225467
Bosnia and Herzegovina,electricity,solar,PV_storage,2015,0.190354297079455
Iceland,electricity,solar,PV_storage,2015,0.103390584065286
Macedonia,electricity,solar,PV_storage,2015,0.204305229056
Moldova,electricity,solar,PV_storage,2015,0.174792505134925
Norway,electricity,solar,PV_storage,2015,0.107919521361368
Serbia and Montenegro,electricity,solar,PV_storage,2015,0.18735181574057
Switzerland,electricity,solar,PV_storage,2015,0.176697504829797
Turkey,electricity,solar,PV_storage,2015,0.226465070019877
UK,electricity,solar,PV_storage,2015,0.134816222755746
Ukraine,electricity,solar,PV_storage,2015,0.166836983805164
USA,electricity,solar,PV,2020,0.200000279262178
Africa_Eastern,electricity,solar,PV,2020,0.282363478171743
Africa_Northern,electricity,solar,PV,2020,0.280198967995972
Africa_Southern,electricity,solar,PV,2020,0.275541447990102
Africa_Western,electricity,solar,PV,2020,0.273570488177822
Australia_NZ,electricity,solar,PV,2020,0.272521652317379
Brazil,electricity,solar,PV,2020,0.246714494119666
Canada,electricity,solar,PV,2020,0.12978073368063
Central America and Caribbean,electricity,solar,PV,2020,0.251332170592837
Central Asia,electricity,solar,PV,2020,0.214675695004816
China,electricity,solar,PV,2020,0.239885029424203
India,electricity,solar,PV,2020,0.247360718865892
Indonesia,electricity,solar,PV,2020,0.231764576189658
Japan,electricity,solar,PV,2020,0.18912205972257
Mexico,electricity,solar,PV,2020,0.268432483099031
Middle East,electricity,solar,PV,2020,0.273721280338651
Pakistan,electricity,solar,PV,2020,0.259618517029136
Russia,electricity,solar,PV,2020,0.130216351736842
South Africa,electricity,solar,PV,2020,0.27614644654131
South America_Northern,electricity,solar,PV,2020,0.243079328637708
South America_Southern,electricity,solar,PV,2020,0.240659276187326
South Asia,electricity,solar,PV,2020,0.254785655301063
South Korea,electricity,solar,PV,2020,0.209226928209402
Southeast Asia,electricity,solar,PV,2020,0.237728896244649
Taiwan,electricity,solar,PV,2020,0.199958443018159
Argentina,electricity,solar,PV,2020,0.232851931752879
Colombia,electricity,solar,PV,2020,0.218840056417965
Austria,electricity,solar,PV,2020,0.163455243731107
Belgium,electricity,solar,PV,2020,0.143225724449106
Bulgaria,electricity,solar,PV,2020,0.190861297351926
Croatia,electricity,solar,PV,2020,0.199949506286242
Cyprus,electricity,solar,PV,2020,0.264705268295264
Czech Republic,electricity,solar,PV,2020,0.149634306962143
Denmark,electricity,solar,PV,2020,0.14324996282501
Estonia,electricity,solar,PV,2020,0.14661188563178
Finland,electricity,solar,PV,2020,0.119730889567502
France,electricity,solar,PV,2020,0.177887649432489
Germany,electricity,solar,PV,2020,0.140070478878901
Greece,electricity,solar,PV,2020,0.217983862176885
Hungary,electricity,solar,PV,2020,0.17117315351492
Ireland,electricity,solar,PV,2020,0.126292958889038
Italy,electricity,solar,PV,2020,0.213707721616355
Latvia,electricity,solar,PV,2020,0.147171396336953
Lithuania,electricity,solar,PV,2020,0.15074350823642
Luxembourg,electricity,solar,PV,2020,0.143952171971399
Malta,electricity,solar,PV,2020,0.213707721616355
Netherlands,electricity,solar,PV,2020,0.140118209010772
Poland,electricity,solar,PV,2020,0.141236996722619
Portugal,electricity,solar,PV,2020,0.230462913596333
Romania,electricity,solar,PV,2020,0.178538073495712
Slovakia,electricity,solar,PV,2020,0.148921211659216
Slovenia,electricity,solar,PV,2020,0.177608877626111
Spain,electricity,solar,PV,2020,0.224611720239651
Sweden,electricity,solar,PV,2020,0.113378904866168
Albania,electricity,solar,PV,2020,0.221596045909863
Belarus,electricity,solar,PV,2020,0.145399218225467
Bosnia and Herzegovina,electricity,solar,PV,2020,0.190354297079455
Iceland,electricity,solar,PV,2020,0.103390584065286
Macedonia,electricity,solar,PV,2020,0.204305229056
Moldova,electricity,solar,PV,2020,0.174792505134925
Norway,electricity,solar,PV,2020,0.107919521361368
Serbia and Montenegro,electricity,solar,PV,2020,0.18735181574057
Switzerland,electricity,solar,PV,2020,0.176697504829797
Turkey,electricity,solar,PV,2020,0.226465070019877
UK,electricity,solar,PV,2020,0.134816222755746
Ukraine,electricity,solar,PV,2020,0.166836983805164
USA,electricity,solar,PV_storage,2020,0.200000279262178
Africa_Eastern,electricity,solar,PV_storage,2020,0.282363478171743
Africa_Northern,electricity,solar,PV_storage,2020,0.280198967995972
Africa_Southern,electricity,solar,PV_storage,2020,0.275541447990102
Africa_Western,electricity,solar,PV_storage,2020,0.273570488177822
Australia_NZ,electricity,solar,PV_storage,2020,0.272521652317379
Brazil,electricity,solar,PV_storage,2020,0.246714494119666
Canada,electricity,solar,PV_storage,2020,0.12978073368063
Central America and Caribbean,electricity,solar,PV_storage,2020,0.251332170592837
Central Asia,electricity,solar,PV_storage,2020,0.214675695004816
China,electricity,solar,PV_storage,2020,0.239885029424203
India,electricity,solar,PV_storage,2020,0.247360718865892
Indonesia,electricity,solar,PV_storage,2020,0.231764576189658
Japan,electricity,solar,PV_storage,2020,0.18912205972257
Mexico,electricity,solar,PV_storage,2020,0.268432483099031
Middle East,electricity,solar,PV_storage,2020,0.273721280338651
Pakistan,electricity,solar,PV_storage,2020,0.259618517029136
Russia,electricity,solar,PV_storage,2020,0.130216351736842
South Africa,electricity,solar,PV_storage,2020,0.27614644654131
South America_Northern,electricity,solar,PV_storage,2020,0.243079328637708
South America_Southern,electricity,solar,PV_storage,2020,0.240659276187326
South Asia,electricity,solar,PV_storage,2020,0.254785655301063
South Korea,electricity,solar,PV_storage,2020,0.209226928209402
Southeast Asia,electricity,solar,PV_storage,2020,0.237728896244649
Taiwan,electricity,solar,PV_storage,2020,0.199958443018159
Argentina,electricity,solar,PV_storage,2020,0.232851931752879
Colombia,electricity,solar,PV_storage,2020,0.218840056417965
Austria,electricity,solar,PV_storage,2020,0.163455243731107
Belgium,electricity,solar,PV_storage,2020,0.143225724449106
Bulgaria,electricity,solar,PV_storage,2020,0.190861297351926
Croatia,electricity,solar,PV_storage,2020,0.199949506286242
Cyprus,electricity,solar,PV_storage,2020,0.264705268295264
Czech Republic,electricity,solar,PV_storage,2020,0.149634306962143
Denmark,electricity,solar,PV_storage,2020,0.14324996282501
Estonia,electricity,solar,PV_storage,2020,0.14661188563178
Finland,electricity,solar,PV_storage,2020,0.119730889567502
France,electricity,solar,PV_storage,2020,0.177887649432489
Germany,electricity,solar,PV_storage,2020,0.140070478878901
Greece,electricity,solar,PV_storage,2020,0.217983862176885
Hungary,electricity,solar,PV_storage,2020,0.17117315351492
Ireland,electricity,solar,PV_storage,2020,0.126292958889038
Italy,electricity,solar,PV_storage,2020,0.213707721616355
Latvia,electricity,solar,PV_storage,2020,0.147171396336953
Lithuania,electricity,solar,PV_storage,2020,0.15074350823642
Luxembourg,electricity,solar,PV_storage,2020,0.143952171971399
Malta,electricity,solar,PV_storage,2020,0.213707721616355
Netherlands,electricity,solar,PV_storage,2020,0.140118209010772
Poland,electricity,solar,PV_storage,2020,0.141236996722619
Portugal,electricity,solar,PV_storage,2020,0.230462913596333
Romania,electricity,solar,PV_storage,2020,0.178538073495712
Slovakia,electricity,solar,PV_storage,2020,0.148921211659216
Slovenia,electricity,solar,PV_storage,2020,0.177608877626111
Spain,electricity,solar,PV_storage,2020,0.224611720239651
Sweden,electricity,solar,PV_storage,2020,0.113378904866168
Albania,electricity,solar,PV_storage,2020,0.221596045909863
Belarus,electricity,solar,PV_storage,2020,0.145399218225467
Bosnia and Herzegovina,electricity,solar,PV_storage,2020,0.190354297079455
Iceland,electricity,solar,PV_storage,2020,0.103390584065286
Macedonia,electricity,solar,PV_storage,2020,0.204305229056
Moldova,electricity,solar,PV_storage,2020,0.174792505134925
Norway,electricity,solar,PV_storage,2020,0.107919521361368
Serbia and Montenegro,electricity,solar,PV_storage,2020,0.18735181574057
Switzerland,electricity,solar,PV_storage,2020,0.176697504829797
Turkey,electricity,solar,PV_storage,2020,0.226465070019877
UK,electricity,solar,PV_storage,2020,0.134816222755746
Ukraine,electricity,solar,PV_storage,2020,0.166836983805164
USA,electricity,solar,PV,2025,0.200000279262178
Africa_Eastern,electricity,solar,PV,2025,0.282363478171743
Africa_Northern,electricity,solar,PV,2025,0.280198967995972
Africa_Southern,electricity,solar,PV,2025,0.275541447990102
Africa_Western,electricity,solar,PV,2025,0.273570488177822
Australia_NZ,electricity,solar,PV,2025,0.272521652317379
Brazil,electricity,solar,PV,2025,0.246714494119666
Canada,electricity,solar,PV,2025,0.12978073368063
Central America and Caribbean,electricity,solar,PV,2025,0.251332170592837
Central Asia,electricity,solar,PV,2025,0.214675695004816
China,electricity,solar,PV,2025,0.239885029424203
India,electricity,solar,PV,2025,0.247360718865892
Indonesia,electricity,solar,PV,2025,0.231764576189658
Japan,electricity,solar,PV,2025,0.18912205972257
Mexico,electricity,solar,PV,2025,0.268432483099031
Middle East,electricity,solar,PV,2025,0.273721280338651
Pakistan,electricity,solar,PV,2025,0.259618517029136
Russia,electricity,solar,PV,2025,0.130216351736842
South Africa,electricity,solar,PV,2025,0.27614644654131
South America_Northern,electricity,solar,PV,2025,0.243079328637708
South America_Southern,electricity,solar,PV,2025,0.240659276187326
South Asia,electricity,solar,PV,2025,0.254785655301063
South Korea,electricity,solar,PV,2025,0.209226928209402
Southeast Asia,electricity,solar,PV,2025,0.237728896244649
Taiwan,electricity,solar,PV,2025,0.199958443018159
Argentina,electricity,solar,PV,2025,0.232851931752879
Colombia,electricity,solar,PV,2025,0.218840056417965
Austria,electricity,solar,PV,2025,0.163455243731107
Belgium,electricity,solar,PV,2025,0.143225724449106
Bulgaria,electricity,solar,PV,2025,0.190861297351926
Croatia,electricity,solar,PV,2025,0.199949506286242
Cyprus,electricity,solar,PV,2025,0.264705268295264
Czech Republic,electricity,solar,PV,2025,0.149634306962143
Denmark,electricity,solar,PV,2025,0.14324996282501
Estonia,electricity,solar,PV,2025,0.14661188563178
Finland,electricity,solar,PV,2025,0.119730889567502
France,electricity,solar,PV,2025,0.177887649432489
Germany,electricity,solar,PV,2025,0.140070478878901
Greece,electricity,solar,PV,2025,0.217983862176885
Hungary,electricity,solar,PV,2025,0.17117315351492
Ireland,electricity,solar,PV,2025,0.126292958889038
Italy,electricity,solar,PV,2025,0.213707721616355
Latvia,electricity,solar,PV,2025,0.147171396336953
Lithuania,electricity,solar,PV,2025,0.15074350823642
Luxembourg,electricity,solar,PV,2025,0.143952171971399
Malta,electricity,solar,PV,2025,0.213707721616355
Netherlands,electricity,solar,PV,2025,0.140118209010772
Poland,electricity,solar,PV,2025,0.141236996722619
Portugal,electricity,solar,PV,2025,0.230462913596333
Romania,electricity,solar,PV,2025,0.178538073495712
Slovakia,electricity,solar,PV,2025,0.148921211659216
Slovenia,electricity,solar,PV,2025,0.177608877626111
Spain,electricity,solar,PV,2025,0.224611720239651
Sweden,electricity,solar,PV,2025,0.113378904866168
Albania,electricity,solar,PV,2025,0.221596045909863
Belarus,electricity,solar,PV,2025,0.145399218225467
Bosnia and Herzegovina,electricity,solar,PV,2025,0.190354297079455
Iceland,electricity,solar,PV,2025,0.103390584065286
Macedonia,electricity,solar,PV,2025,0.204305229056
Moldova,electricity,solar,PV,2025,0.174792505134925
Norway,electricity,solar,PV,2025,0.107919521361368
Serbia and Montenegro,electricity,solar,PV,2025,0.18735181574057
Switzerland,electricity,solar,PV,2025,0.176697504829797
Turkey,electricity,solar,PV,2025,0.226465070019877
UK,electricity,solar,PV,2025,0.134816222755746
Ukraine,electricity,solar,PV,2025,0.166836983805164
USA,electricity,solar,PV_storage,2025,0.200000279262178
Africa_Eastern,electricity,solar,PV_storage,2025,0.282363478171743
Africa_Northern,electricity,solar,PV_storage,2025,0.280198967995972
Africa_Southern,electricity,solar,PV_storage,2025,0.275541447990102
Africa_Western,electricity,solar,PV_storage,2025,0.273570488177822
Australia_NZ,electricity,solar,PV_storage,2025,0.272521652317379
Brazil,electricity,solar,PV_storage,2025,0.246714494119666
Canada,electricity,solar,PV_storage,2025,0.12978073368063
Central America and Caribbean,electricity,solar,PV_storage,2025,0.251332170592837
Central Asia,electricity,solar,PV_storage,2025,0.214675695004816
China,electricity,solar,PV_storage,2025,0.239885029424203
India,electricity,solar,PV_storage,2025,0.247360718865892
Indonesia,electricity,solar,PV_storage,2025,0.231764576189658
Japan,electricity,solar,PV_storage,2025,0.18912205972257
Mexico,electricity,solar,PV_storage,2025,0.268432483099031
Middle East,electricity,solar,PV_storage,2025,0.273721280338651
Pakistan,electricity,solar,PV_storage,2025,0.259618517029136
Russia,electricity,solar,PV_storage,2025,0.130216351736842
South Africa,electricity,solar,PV_storage,2025,0.27614644654131
South America_Northern,electricity,solar,PV_storage,2025,0.243079328637708
South America_Southern,electricity,solar,PV_storage,2025,0.240659276187326
South Asia,electricity,solar,PV_storage,2025,0.254785655301063
South Korea,electricity,solar,PV_storage,2025,0.209226928209402
Southeast Asia,electricity,solar,PV_storage,2025,0.237728896244649
Taiwan,electricity,solar,PV_storage,2025,0.199958443018159
Argentina,electricity,solar,PV_storage,2025,0.232851931752879
Colombia,electricity,solar,PV_storage,2025,0.218840056417965
Austria,electricity,solar,PV_storage,2025,0.163455243731107
Belgium,electricity,solar,PV_storage,2025,0.143225724449106
Bulgaria,electricity,solar,PV_storage,2025,0.190861297351926
Croatia,electricity,solar,PV_storage,2025,0.199949506286242
Cyprus,electricity,solar,PV_storage,2025,0.264705268295264
Czech Republic,electricity,solar,PV_storage,2025,0.149634306962143
Denmark,electricity,solar,PV_storage,2025,0.14324996282501
Estonia,electricity,solar,PV_storage,2025,0.14661188563178
Finland,electricity,solar,PV_storage,2025,0.119730889567502
France,electricity,solar,PV_storage,2025,0.177887649432489
Germany,electricity,solar,PV_storage,2025,0.140070478878901
Greece,electricity,solar,PV_storage,2025,0.217983862176885
Hungary,electricity,solar,PV_storage,2025,0.17117315351492
Ireland,electricity,solar,PV_storage,2025,0.126292958889038
Italy,electricity,solar,PV_storage,2025,0.213707721616355
Latvia,electricity,solar,PV_storage,2025,0.147171396336953
Lithuania,electricity,solar,PV_storage,2025,0.15074350823642
Luxembourg,electricity,solar,PV_storage,2025,0.143952171971399
Malta,electricity,solar,PV_storage,2025,0.213707721616355
Netherlands,electricity,solar,PV_storage,2025,0.140118209010772
Poland,electricity,solar,PV_storage,2025,0.141236996722619
Portugal,electricity,solar,PV_storage,2025,0.230462913596333
Romania,electricity,solar,PV_storage,2025,0.178538073495712
Slovakia,electricity,solar,PV_storage,2025,0.148921211659216
Slovenia,electricity,solar,PV_storage,2025,0.177608877626111
Spain,electricity,solar,PV_storage,2025,0.224611720239651
Sweden,electricity,solar,PV_storage,2025,0.113378904866168
Albania,electricity,solar,PV_storage,2025,0.221596045909863
Belarus,electricity,solar,PV_storage,2025,0.145399218225467
Bosnia and Herzegovina,electricity,solar,PV_storage,2025,0.190354297079455
Iceland,electricity,solar,PV_storage,2025,0.103390584065286
Macedonia,electricity,solar,PV_storage,2025,0.204305229056
Moldova,electricity,solar,PV_storage,2025,0.174792505134925
Norway,electricity,solar,PV_storage,2025,0.107919521361368
Serbia and Montenegro,electricity,solar,PV_storage,2025,0.18735181574057
Switzerland,electricity,solar,PV_storage,2025,0.176697504829797
Turkey,electricity,solar,PV_storage,2025,0.226465070019877
UK,electricity,solar,PV_storage,2025,0.134816222755746
Ukraine,electricity,solar,PV_storage,2025,0.166836983805164
USA,electricity,solar,PV,2030,0.200000279262178
Africa_Eastern,electricity,solar,PV,2030,0.282363478171743
Africa_Northern,electricity,solar,PV,2030,0.280198967995972
Africa_Southern,electricity,solar,PV,2030,0.275541447990102
Africa_Western,electricity,solar,PV,2030,0.273570488177822
Australia_NZ,electricity,solar,PV,2030,0.272521652317379
Brazil,electricity,solar,PV,2030,0.246714494119666
Canada,electricity,solar,PV,2030,0.12978073368063
Central America and Caribbean,electricity,solar,PV,2030,0.251332170592837
Central Asia,electricity,solar,PV,2030,0.214675695004816
China,electricity,solar,PV,2030,0.239885029424203
India,electricity,solar,PV,2030,0.247360718865892
Indonesia,electricity,solar,PV,2030,0.231764576189658
Japan,electricity,solar,PV,2030,0.18912205972257
Mexico,electricity,solar,PV,2030,0.268432483099031
Middle East,electricity,solar,PV,2030,0.273721280338651
Pakistan,electricity,solar,PV,2030,0.259618517029136
Russia,electricity,solar,PV,2030,0.130216351736842
South Africa,electricity,solar,PV,2030,0.27614644654131
South America_Northern,electricity,solar,PV,2030,0.243079328637708
South America_Southern,electricity,solar,PV,2030,0.240659276187326
South Asia,electricity,solar,PV,2030,0.254785655301063
South Korea,electricity,solar,PV,2030,0.209226928209402
Southeast Asia,electricity,solar,PV,2030,0.237728896244649
Taiwan,electricity,solar,PV,2030,0.199958443018159
Argentina,electricity,solar,PV,2030,0.232851931752879
Colombia,electricity,solar,PV,2030,0.218840056417965
Austria,electricity,solar,PV,2030,0.163455243731107
Belgium,electricity,solar,PV,2030,0.143225724449106
Bulgaria,electricity,solar,PV,2030,0.190861297351926
Croatia,electricity,solar,PV,2030,0.199949506286242
Cyprus,electricity,solar,PV,2030,0.264705268295264
Czech Republic,electricity,solar,PV,2030,0.149634306962143
Denmark,electricity,solar,PV,2030,0.14324996282501
Estonia,electricity,solar,PV,2030,0.14661188563178
Finland,electricity,solar,PV,2030,0.119730889567502
France,electricity,solar,PV,2030,0.177887649432489
Germany,electricity,solar,PV,2030,0.140070478878901
Greece,electricity,solar,PV,2030,0.217983862176885
Hungary,electricity,solar,PV,2030,0.17117315351492
Ireland,electricity,solar,PV,2030,0.126292958889038
Italy,electricity,solar,PV,2030,0.213707721616355
Latvia,electricity,solar,PV,2030,0.147171396336953
Lithuania,electricity,solar,PV,2030,0.15074350823642
Luxembourg,electricity,solar,PV,2030,0.143952171971399
Malta,electricity,solar,PV,2030,0.213707721616355
Netherlands,electricity,solar,PV,2030,0.140118209010772
Poland,electricity,solar,PV,2030,0.141236996722619
Portugal,electricity,solar,PV,2030,0.230462913596333
Romania,electricity,solar,PV,2030,0.178538073495712
Slovakia,electricity,solar,PV,2030,0.148921211659216
Slovenia,electricity,solar,PV,2030,0.177608877626111
Spain,electricity,solar,PV,2030,0.224611720239651
Sweden,electricity,solar,PV,2030,0.113378904866168
Albania,electricity,solar,PV,2030,0.221596045909863
Belarus,electricity,solar,PV,2030,0.145399218225467
Bosnia and Herzegovina,electricity,solar,PV,2030,0.190354297079455
Iceland,electricity,solar,PV,2030,0.103390584065286
Macedonia,electricity,solar,PV,2030,0.204305229056
Moldova,electricity,solar,PV,2030,0.174792505134925
Norway,electricity,solar,PV,2030,0.107919521361368
Serbia and Montenegro,electricity,solar,PV,2030,0.18735181574057
Switzerland,electricity,solar,PV,2030,0.176697504829797
Turkey,electricity,solar,PV,2030,0.226465070019877
UK,electricity,solar,PV,2030,0.134816222755746
Ukraine,electricity,solar,PV,2030,0.166836983805164
USA,electricity,solar,PV_storage,2030,0.200000279262178
Africa_Eastern,electricity,solar,PV_storage,2030,0.282363478171743
Africa_Northern,electricity,solar,PV_storage,2030,0.280198967995972
Africa_Southern,electricity,solar,PV_storage,2030,0.275541447990102
Africa_Western,electricity,solar,PV_storage,2030,0.273570488177822
Australia_NZ,electricity,solar,PV_storage,2030,0.272521652317379
Brazil,electricity,solar,PV_storage,2030,0.246714494119666
Canada,electricity,solar,PV_storage,2030,0.12978073368063
Central America and Caribbean,electricity,solar,PV_storage,2030,0.251332170592837
Central Asia,electricity,solar,PV_storage,2030,0.214675695004816
China,electricity,solar,PV_storage,2030,0.239885029424203
India,electricity,solar,PV_storage,2030,0.247360718865892
Indonesia,electricity,solar,PV_storage,2030,0.231764576189658
Japan,electricity,solar,PV_storage,2030,0.18912205972257
Mexico,electricity,solar,PV_storage,2030,0.268432483099031
Middle East,electricity,solar,PV_storage,2030,0.273721280338651
Pakistan,electricity,solar,PV_storage,2030,0.259618517029136
Russia,electricity,solar,PV_storage,2030,0.130216351736842
South Africa,electricity,solar,PV_storage,2030,0.27614644654131
South America_Northern,electricity,solar,PV_storage,2030,0.243079328637708
South America_Southern,electricity,solar,PV_storage,2030,0.240659276187326
South Asia,electricity,solar,PV_storage,2030,0.254785655301063
South Korea,electricity,solar,PV_storage,2030,0.209226928209402
Southeast Asia,electricity,solar,PV_storage,2030,0.237728896244649
Taiwan,electricity,solar,PV_storage,2030,0.199958443018159
Argentina,electricity,solar,PV_storage,2030,0.232851931752879
Colombia,electricity,solar,PV_storage,2030,0.218840056417965
Austria,electricity,solar,PV_storage,2030,0.163455243731107
Belgium,electricity,solar,PV_storage,2030,0.143225724449106
Bulgaria,electricity,solar,PV_storage,2030,0.190861297351926
Croatia,electricity,solar,PV_storage,2030,0.199949506286242
Cyprus,electricity,solar,PV_storage,2030,0.264705268295264
Czech Republic,electricity,solar,PV_storage,2030,0.149634306962143
Denmark,electricity,solar,PV_storage,2030,0.14324996282501
Estonia,electricity,solar,PV_storage,2030,0.14661188563178
Finland,electricity,solar,PV_storage,2030,0.119730889567502
France,electricity,solar,PV_storage,2030,0.177887649432489
Germany,electricity,solar,PV_storage,2030,0.140070478878901
Greece,electricity,solar,PV_storage,2030,0.217983862176885
Hungary,electricity,solar,PV_storage,2030,0.17117315351492
Ireland,electricity,solar,PV_storage,2030,0.126292958889038
Italy,electricity,solar,PV_storage,2030,0.213707721616355
Latvia,electricity,solar,PV_storage,2030,0.147171396336953
Lithuania,electricity,solar,PV_storage,2030,0.15074350823642
Luxembourg,electricity,solar,PV_storage,2030,0.143952171971399
Malta,electricity,solar,PV_storage,2030,0.213707721616355
Netherlands,electricity,solar,PV_storage,2030,0.140118209010772
Poland,electricity,solar,PV_storage,2030,0.141236996722619
Portugal,electricity,solar,PV_storage,2030,0.230462913596333
Romania,electricity,solar,PV_storage,2030,0.178538073495712
Slovakia,electricity,solar,PV_storage,2030,0.148921211659216
Slovenia,electricity,solar,PV_storage,2030,0.177608877626111
Spain,electricity,solar,PV_storage,2030,0.224611720239651
Sweden,electricity,solar,PV_storage,2030,0.113378904866168
Albania,electricity,solar,PV_storage,2030,0.221596045909863
Belarus,electricity,solar,PV_storage,2030,0.145399218225467
Bosnia and Herzegovina,electricity,solar,PV_storage,2030,0.190354297079455
Iceland,electricity,solar,PV_storage,2030,0.103390584065286
Macedonia,electricity,solar,PV_storage,2030,0.204305229056
Moldova,electricity,solar,PV_storage,2030,0.174792505134925
Norway,electricity,solar,PV_storage,2030,0.107919521361368
Serbia and Montenegro,electricity,solar,PV_storage,2030,0.18735181574057
Switzerland,electricity,solar,PV_storage,2030,0.176697504829797
Turkey,electricity,solar,PV_storage,2030,0.226465070019877
UK,electricity,solar,PV_storage,2030,0.134816222755746
Ukraine,electricity,solar,PV_storage,2030,0.166836983805164
USA,electricity,solar,PV,2035,0.200000279262178
Africa_Eastern,electricity,solar,PV,2035,0.282363478171743
Africa_Northern,electricity,solar,PV,2035,0.280198967995972
Africa_Southern,electricity,solar,PV,2035,0.275541447990102
Africa_Western,electricity,solar,PV,2035,0.273570488177822
Australia_NZ,electricity,solar,PV,2035,0.272521652317379
Brazil,electricity,solar,PV,2035,0.246714494119666
Canada,electricity,solar,PV,2035,0.12978073368063
Central America and Caribbean,electricity,solar,PV,2035,0.251332170592837
Central Asia,electricity,solar,PV,2035,0.214675695004816
China,electricity,solar,PV,2035,0.239885029424203
India,electricity,solar,PV,2035,0.247360718865892
Indonesia,electricity,solar,PV,2035,0.231764576189658
Japan,electricity,solar,PV,2035,0.18912205972257
Mexico,electricity,solar,PV,2035,0.268432483099031
Middle East,electricity,solar,PV,2035,0.273721280338651
Pakistan,electricity,solar,PV,2035,0.259618517029136
Russia,electricity,solar,PV,2035,0.130216351736842
South Africa,electricity,solar,PV,2035,0.27614644654131
South America_Northern,electricity,solar,PV,2035,0.243079328637708
South America_Southern,electricity,solar,PV,2035,0.240659276187326
South Asia,electricity,solar,PV,2035,0.254785655301063
South Korea,electricity,solar,PV,2035,0.209226928209402
Southeast Asia,electricity,solar,PV,2035,0.237728896244649
Taiwan,electricity,solar,PV,2035,0.199958443018159
Argentina,electricity,solar,PV,2035,0.232851931752879
Colombia,electricity,solar,PV,2035,0.218840056417965
Austria,electricity,solar,PV,2035,0.163455243731107
Belgium,electricity,solar,PV,2035,0.143225724449106
Bulgaria,electricity,solar,PV,2035,0.190861297351926
Croatia,electricity,solar,PV,2035,0.199949506286242
Cyprus,electricity,solar,PV,2035,0.264705268295264
Czech Republic,electricity,solar,PV,2035,0.149634306962143
Denmark,electricity,solar,PV,2035,0.14324996282501
Estonia,electricity,solar,PV,2035,0.14661188563178
Finland,electricity,solar,PV,2035,0.119730889567502
France,electricity,solar,PV,2035,0.177887649432489
Germany,electricity,solar,PV,2035,0.140070478878901
Greece,electricity,solar,PV,2035,0.217983862176885
Hungary,electricity,solar,PV,2035,0.17117315351492
Ireland,electricity,solar,PV,2035,0.126292958889038
Italy,electricity,solar,PV,2035,0.213707721616355
Latvia,electricity,solar,PV,2035,0.147171396336953
Lithuania,electricity,solar,PV,2035,0.15074350823642
Luxembourg,electricity,solar,PV,2035,0.143952171971399
Malta,electricity,solar,PV,2035,0.213707721616355
Netherlands,electricity,solar,PV,2035,0.140118209010772
Poland,electricity,solar,PV,2035,0.141236996722619
Portugal,electricity,solar,PV,2035,0.230462913596333
Romania,electricity,solar,PV,2035,0.178538073495712
Slovakia,electricity,solar,PV,2035,0.148921211659216
Slovenia,electricity,solar,PV,2035,0.177608877626111
Spain,electricity,solar,PV,2035,0.224611720239651
Sweden,electricity,solar,PV,2035,0.113378904866168
Albania,electricity,solar,PV,2035,0.221596045909863
Belarus,electricity,solar,PV,2035,0.145399218225467
Bosnia and Herzegovina,electricity,solar,PV,2035,0.190354297079455
Iceland,electricity,solar,PV,2035,0.103390584065286
Macedonia,electricity,solar,PV,2035,0.204305229056
Moldova,electricity,solar,PV,2035,0.174792505134925
Norway,electricity,solar,PV,2035,0.107919521361368
Serbia and Montenegro,electricity,solar,PV,2035,0.18735181574057
Switzerland,electricity,solar,PV,2035,0.176697504829797
Turkey,electricity,solar,PV,2035,0.226465070019877
UK,electricity,solar,PV,2035,0.134816222755746
Ukraine,electricity,solar,PV,2035,0.166836983805164
USA,electricity,solar,PV_storage,2035,0.200000279262178
Africa_Eastern,electricity,solar,PV_storage,2035,0.282363478171743
Africa_Northern,electricity,solar,PV_storage,2035,0.280198967995972
Africa_Southern,electricity,solar,PV_storage,2035,0.275541447990102
Africa_Western,electricity,solar,PV_storage,2035,0.273570488177822
Australia_NZ,electricity,solar,PV_storage,2035,0.272521652317379
Brazil,electricity,solar,PV_storage,2035,0.246714494119666
Canada,electricity,solar,PV_storage,2035,0.12978073368063
Central America and Caribbean,electricity,solar,PV_storage,2035,0.251332170592837
Central Asia,electricity,solar,PV_storage,2035,0.214675695004816
China,electricity,solar,PV_storage,2035,0.239885029424203
India,electricity,solar,PV_storage,2035,0.247360718865892
Indonesia,electricity,solar,PV_storage,2035,0.231764576189658
Japan,electricity,solar,PV_storage,2035,0.18912205972257
Mexico,electricity,solar,PV_storage,2035,0.268432483099031
Middle East,electricity,solar,PV_storage,2035,0.273721280338651
Pakistan,electricity,solar,PV_storage,2035,0.259618517029136
Russia,electricity,solar,PV_storage,2035,0.130216351736842
South Africa,electricity,solar,PV_storage,2035,0.27614644654131
South America_Northern,electricity,solar,PV_storage,2035,0.243079328637708
South America_Southern,electricity,solar,PV_storage,2035,0.240659276187326
South Asia,electricity,solar,PV_storage,2035,0.254785655301063
South Korea,electricity,solar,PV_storage,2035,0.209226928209402
Southeast Asia,electricity,solar,PV_storage,2035,0.237728896244649
Taiwan,electricity,solar,PV_storage,2035,0.199958443018159
Argentina,electricity,solar,PV_storage,2035,0.232851931752879
Colombia,electricity,solar,PV_storage,2035,0.218840056417965
Austria,electricity,solar,PV_storage,2035,0.163455243731107
Belgium,electricity,solar,PV_storage,2035,0.143225724449106
Bulgaria,electricity,solar,PV_storage,2035,0.190861297351926
Croatia,electricity,solar,PV_storage,2035,0.199949506286242
Cyprus,electricity,solar,PV_storage,2035,0.264705268295264
Czech Republic,electricity,solar,PV_storage,2035,0.149634306962143
Denmark,electricity,solar,PV_storage,2035,0.14324996282501
Estonia,electricity,solar,PV_storage,2035,0.14661188563178
Finland,electricity,solar,PV_storage,2035,0.119730889567502
France,electricity,solar,PV_storage,2035,0.177887649432489
Germany,electricity,solar,PV_storage,2035,0.140070478878901
Greece,electricity,solar,PV_storage,2035,0.217983862176885
Hungary,electricity,solar,PV_storage,2035,0.17117315351492
Ireland,electricity,solar,PV_storage,2035,0.126292958889038
Italy,electricity,solar,PV_storage,2035,0.213707721616355
Latvia,electricity,solar,PV_storage,2035,0.147171396336953
Lithuania,electricity,solar,PV_storage,2035,0.15074350823642
Luxembourg,electricity,solar,PV_storage,2035,0.143952171971399
Malta,electricity,solar,PV_storage,2035,0.213707721616355
Netherlands,electricity,solar,PV_storage,2035,0.140118209010772
Poland,electricity,solar,PV_storage,2035,0.141236996722619
Portugal,electricity,solar,PV_storage,2035,0.230462913596333
Romania,electricity,solar,PV_storage,2035,0.178538073495712
Slovakia,electricity,solar,PV_storage,2035,0.148921211659216
Slovenia,electricity,solar,PV_storage,2035,0.177608877626111
Spain,electricity,solar,PV_storage,2035,0.224611720239651
Sweden,electricity,solar,PV_storage,2035,0.113378904866168
Albania,electricity,solar,PV_storage,2035,0.221596045909863
Belarus,electricity,solar,PV_storage,2035,0.145399218225467
Bosnia and Herzegovina,electricity,solar,PV_storage,2035,0.190354297079455
Iceland,electricity,solar,PV_storage,2035,0.103390584065286
Macedonia,electricity,solar,PV_storage,2035,0.204305229056
Moldova,electricity,solar,PV_storage,2035,0.174792505134925
Norway,electricity,solar,PV_storage,2035,0.107919521361368
Serbia and Montenegro,electricity,solar,PV_storage,2035,0.18735181574057
Switzerland,electricity,solar,PV_storage,2035,0.176697504829797
Turkey,electricity,solar,PV_storage,2035,0.226465070019877
UK,electricity,solar,PV_storage,2035,0.134816222755746
Ukraine,electricity,solar,PV_storage,2035,0.166836983805164
USA,electricity,solar,PV,2040,0.200000279262178
Africa_Eastern,electricity,solar,PV,2040,0.282363478171743
Africa_Northern,electricity,solar,PV,2040,0.280198967995972
Africa_Southern,electricity,solar,PV,2040,0.275541447990102
Africa_Western,electricity,solar,PV,2040,0.273570488177822
Australia_NZ,electricity,solar,PV,2040,0.272521652317379
Brazil,electricity,solar,PV,2040,0.246714494119666
Canada,electricity,solar,PV,2040,0.12978073368063
Central America and Caribbean,electricity,solar,PV,2040,0.251332170592837
Central Asia,electricity,solar,PV,2040,0.214675695004816
China,electricity,solar,PV,2040,0.239885029424203
India,electricity,solar,PV,2040,0.247360718865892
Indonesia,electricity,solar,PV,2040,0.231764576189658
Japan,electricity,solar,PV,2040,0.18912205972257
Mexico,electricity,solar,PV,2040,0.268432483099031
Middle East,electricity,solar,PV,2040,0.273721280338651
Pakistan,electricity,solar,PV,2040,0.259618517029136
Russia,electricity,solar,PV,2040,0.130216351736842
South Africa,electricity,solar,PV,2040,0.27614644654131
South America_Northern,electricity,solar,PV,2040,0.243079328637708
South America_Southern,electricity,solar,PV,2040,0.240659276187326
South Asia,electricity,solar,PV,2040,0.254785655301063
South Korea,electricity,solar,PV,2040,0.209226928209402
Southeast Asia,electricity,solar,PV,2040,0.237728896244649
Taiwan,electricity,solar,PV,2040,0.199958443018159
Argentina,electricity,solar,PV,2040,0.232851931752879
Colombia,electricity,solar,PV,2040,0.218840056417965
Austria,electricity,solar,PV,2040,0.163455243731107
Belgium,electricity,solar,PV,2040,0.143225724449106
Bulgaria,electricity,solar,PV,2040,0.190861297351926
Croatia,electricity,solar,PV,2040,0.199949506286242
Cyprus,electricity,solar,PV,2040,0.264705268295264
Czech Republic,electricity,solar,PV,2040,0.149634306962143
Denmark,electricity,solar,PV,2040,0.14324996282501
Estonia,electricity,solar,PV,2040,0.14661188563178
Finland,electricity,solar,PV,2040,0.119730889567502
France,electricity,solar,PV,2040,0.177887649432489
Germany,electricity,solar,PV,2040,0.140070478878901
Greece,electricity,solar,PV,2040,0.217983862176885
Hungary,electricity,solar,PV,2040,0.17117315351492
Ireland,electricity,solar,PV,2040,0.126292958889038
Italy,electricity,solar,PV,2040,0.213707721616355
Latvia,electricity,solar,PV,2040,0.147171396336953
Lithuania,electricity,solar,PV,2040,0.15074350823642
Luxembourg,electricity,solar,PV,2040,0.143952171971399
Malta,electricity,solar,PV,2040,0.213707721616355
Netherlands,electricity,solar,PV,2040,0.140118209010772
Poland,electricity,solar,PV,2040,0.141236996722619
Portugal,electricity,solar,PV,2040,0.230462913596333
Romania,electricity,solar,PV,2040,0.178538073495712
Slovakia,electricity,solar,PV,2040,0.148921211659216
Slovenia,electricity,solar,PV,2040,0.177608877626111
Spain,electricity,solar,PV,2040,0.224611720239651
Sweden,electricity,solar,PV,2040,0.113378904866168
Albania,electricity,solar,PV,2040,0.221596045909863
Belarus,electricity,solar,PV,2040,0.145399218225467
Bosnia and Herzegovina,electricity,solar,PV,2040,0.190354297079455
Iceland,electricity,solar,PV,2040,0.103390584065286
Macedonia,electricity,solar,PV,2040,0.204305229056
Moldova,electricity,solar,PV,2040,0.174792505134925
Norway,electricity,solar,PV,2040,0.107919521361368
Serbia and Montenegro,electricity,solar,PV,2040,0.18735181574057
Switzerland,electricity,solar,PV,2040,0.176697504829797
Turkey,electricity,solar,PV,2040,0.226465070019877
UK,electricity,solar,PV,2040,0.134816222755746
Ukraine,electricity,solar,PV,2040,0.166836983805164
USA,electricity,solar,PV_storage,2040,0.200000279262178
Africa_Eastern,electricity,solar,PV_storage,2040,0.282363478171743
Africa_Northern,electricity,solar,PV_storage,2040,0.280198967995972
Africa_Southern,electricity,solar,PV_storage,2040,0.275541447990102
Africa_Western,electricity,solar,PV_storage,2040,0.273570488177822
Australia_NZ,electricity,solar,PV_storage,2040,0.272521652317379
Brazil,electricity,solar,PV_storage,2040,0.246714494119666
Canada,electricity,solar,PV_storage,2040,0.12978073368063
Central America and Caribbean,electricity,solar,PV_storage,2040,0.251332170592837
Central Asia,electricity,solar,PV_storage,2040,0.214675695004816
China,electricity,solar,PV_storage,2040,0.239885029424203
India,electricity,solar,PV_storage,2040,0.247360718865892
Indonesia,electricity,solar,PV_storage,2040,0.231764576189658
Japan,electricity,solar,PV_storage,2040,0.18912205972257
Mexico,electricity,solar,PV_storage,2040,0.268432483099031
Middle East,electricity,solar,PV_storage,2040,0.273721280338651
Pakistan,electricity,solar,PV_storage,2040,0.259618517029136
Russia,electricity,solar,PV_storage,2040,0.130216351736842
South Africa,electricity,solar,PV_storage,2040,0.27614644654131
South America_Northern,electricity,solar,PV_storage,2040,0.243079328637708
South America_Southern,electricity,solar,PV_storage,2040,0.240659276187326
South Asia,electricity,solar,PV_storage,2040,0.254785655301063
South Korea,electricity,solar,PV_storage,2040,0.209226928209402
Southeast Asia,electricity,solar,PV_storage,2040,0.237728896244649
Taiwan,electricity,solar,PV_storage,2040,0.199958443018159
Argentina,electricity,solar,PV_storage,2040,0.232851931752879
Colombia,electricity,solar,PV_storage,2040,0.218840056417965
Austria,electricity,solar,PV_storage,2040,0.163455243731107
Belgium,electricity,solar,PV_storage,2040,0.143225724449106
Bulgaria,electricity,solar,PV_storage,2040,0.190861297351926
Croatia,electricity,solar,PV_storage,2040,0.199949506286242
Cyprus,electricity,solar,PV_storage,2040,0.264705268295264
Czech Republic,electricity,solar,PV_storage,2040,0.149634306962143
Denmark,electricity,solar,PV_storage,2040,0.14324996282501
Estonia,electricity,solar,PV_storage,2040,0.14661188563178
Finland,electricity,solar,PV_storage,2040,0.119730889567502
France,electricity,solar,PV_storage,2040,0.177887649432489
Germany,electricity,solar,PV_storage,2040,0.140070478878901
Greece,electricity,solar,PV_storage,2040,0.217983862176885
Hungary,electricity,solar,PV_storage,2040,0.17117315351492
Ireland,electricity,solar,PV_storage,2040,0.126292958889038
Italy,electricity,solar,PV_storage,2040,0.213707721616355
Latvia,electricity,solar,PV_storage,2040,0.147171396336953
Lithuania,electricity,solar,PV_storage,2040,0.15074350823642
Luxembourg,electricity,solar,PV_storage,2040,0.143952171971399
Malta,electricity,solar,PV_storage,2040,0.213707721616355
Netherlands,electricity,solar,PV_storage,2040,0.140118209010772
Poland,electricity,solar,PV_storage,2040,0.141236996722619
Portugal,electricity,solar,PV_storage,2040,0.230462913596333
Romania,electricity,solar,PV_storage,2040,0.178538073495712
Slovakia,electricity,solar,PV_storage,2040,0.148921211659216
Slovenia,electricity,solar,PV_storage,2040,0.177608877626111
Spain,electricity,solar,PV_storage,2040,0.224611720239651
Sweden,electricity,solar,PV_storage,2040,0.113378904866168
Albania,electricity,solar,PV_storage,2040,0.221596045909863
Belarus,electricity,solar,PV_storage,2040,0.145399218225467
Bosnia and Herzegovina,electricity,solar,PV_storage,2040,0.190354297079455
Iceland,electricity,solar,PV_storage,2040,0.103390584065286
Macedonia,electricity,solar,PV_storage,2040,0.204305229056
Moldova,electricity,solar,PV_storage,2040,0.174792505134925
Norway,electricity,solar,PV_storage,2040,0.107919521361368
Serbia and Montenegro,electricity,solar,PV_storage,2040,0.18735181574057
Switzerland,electricity,solar,PV_storage,2040,0.176697504829797
Turkey,electricity,solar,PV_storage,2040,0.226465070019877
UK,electricity,solar,PV_storage,2040,0.134816222755746
Ukraine,electricity,solar,PV_storage,2040,0.166836983805164
USA,electricity,solar,PV,2045,0.200000279262178
Africa_Eastern,electricity,solar,PV,2045,0.282363478171743
Africa_Northern,electricity,solar,PV,2045,0.280198967995972
Africa_Southern,electricity,solar,PV,2045,0.275541447990102
Africa_Western,electricity,solar,PV,2045,0.273570488177822
Australia_NZ,electricity,solar,PV,2045,0.272521652317379
Brazil,electricity,solar,PV,2045,0.246714494119666
Canada,electricity,solar,PV,2045,0.12978073368063
Central America and Caribbean,electricity,solar,PV,2045,0.251332170592837
Central Asia,electricity,solar,PV,2045,0.214675695004816
China,electricity,solar,PV,2045,0.239885029424203
India,electricity,solar,PV,2045,0.247360718865892
Indonesia,electricity,solar,PV,2045,0.231764576189658
Japan,electricity,solar,PV,2045,0.18912205972257
Mexico,electricity,solar,PV,2045,0.268432483099031
Middle East,electricity,solar,PV,2045,0.273721280338651
Pakistan,electricity,solar,PV,2045,0.259618517029136
Russia,electricity,solar,PV,2045,0.130216351736842
South Africa,electricity,solar,PV,2045,0.27614644654131
South America_Northern,electricity,solar,PV,2045,0.243079328637708
South America_Southern,electricity,solar,PV,2045,0.240659276187326
South Asia,electricity,solar,PV,2045,0.254785655301063
South Korea,electricity,solar,PV,2045,0.209226928209402
Southeast Asia,electricity,solar,PV,2045,0.237728896244649
Taiwan,electricity,solar,PV,2045,0.199958443018159
Argentina,electricity,solar,PV,2045,0.232851931752879
Colombia,electricity,solar,PV,2045,0.218840056417965
Austria,electricity,solar,PV,2045,0.163455243731107
Belgium,electricity,solar,PV,2045,0.143225724449106
Bulgaria,electricity,solar,PV,2045,0.190861297351926
Croatia,electricity,solar,PV,2045,0.199949506286242
Cyprus,electricity,solar,PV,2045,0.264705268295264
Czech Republic,electricity,solar,PV,2045,0.149634306962143
Denmark,electricity,solar,PV,2045,0.14324996282501
Estonia,electricity,solar,PV,2045,0.14661188563178
Finland,electricity,solar,PV,2045,0.119730889567502
France,electricity,solar,PV,2045,0.177887649432489
Germany,electricity,solar,PV,2045,0.140070478878901
Greece,electricity,solar,PV,2045,0.217983862176885
Hungary,electricity,solar,PV,2045,0.17117315351492
Ireland,electricity,solar,PV,2045,0.126292958889038
Italy,electricity,solar,PV,2045,0.213707721616355
Latvia,electricity,solar,PV,2045,0.147171396336953
Lithuania,electricity,solar,PV,2045,0.15074350823642
Luxembourg,electricity,solar,PV,2045,0.143952171971399
Malta,electricity,solar,PV,2045,0.213707721616355
Netherlands,electricity,solar,PV,2045,0.140118209010772
Poland,electricity,solar,PV,2045,0.141236996722619
Portugal,electricity,solar,PV,2045,0.230462913596333
Romania,electricity,solar,PV,2045,0.178538073495712
Slovakia,electricity,solar,PV,2045,0.148921211659216
Slovenia,electricity,solar,PV,2045,0.177608877626111
Spain,electricity,solar,PV,2045,0.224611720239651
Sweden,electricity,solar,PV,2045,0.113378904866168
Albania,electricity,solar,PV,2045,0.221596045909863
Belarus,electricity,solar,PV,2045,0.145399218225467
Bosnia and Herzegovina,electricity,solar,PV,2045,0.190354297079455
Iceland,electricity,solar,PV,2045,0.103390584065286
Macedonia,electricity,solar,PV,2045,0.204305229056
Moldova,electricity,solar,PV,2045,0.174792505134925
Norway,electricity,solar,PV,2045,0.107919521361368
Serbia and Montenegro,electricity,solar,PV,2045,0.18735181574057
Switzerland,electricity,solar,PV,2045,0.176697504829797
Turkey,electricity,solar,PV,2045,0.226465070019877
UK,electricity,solar,PV,2045,0.134816222755746
Ukraine,electricity,solar,PV,2045,0.166836983805164
USA,electricity,solar,PV_storage,2045,0.200000279262178
Africa_Eastern,electricity,solar,PV_storage,2045,0.282363478171743
Africa_Northern,electricity,solar,PV_storage,2045,0.280198967995972
Africa_Southern,electricity,solar,PV_storage,2045,0.275541447990102
Africa_Western,electricity,solar,PV_storage,2045,0.273570488177822
Australia_NZ,electricity,solar,PV_storage,2045,0.272521652317379
Brazil,electricity,solar,PV_storage,2045,0.246714494119666
Canada,electricity,solar,PV_storage,2045,0.12978073368063
Central America and Caribbean,electricity,solar,PV_storage,2045,0.251332170592837
Central Asia,electricity,solar,PV_storage,2045,0.214675695004816
China,electricity,solar,PV_storage,2045,0.239885029424203
India,electricity,solar,PV_storage,2045,0.247360718865892
Indonesia,electricity,solar,PV_storage,2045,0.231764576189658
Japan,electricity,solar,PV_storage,2045,0.18912205972257
Mexico,electricity,solar,PV_storage,2045,0.268432483099031
Middle East,electricity,solar,PV_storage,2045,0.273721280338651
Pakistan,electricity,solar,PV_storage,2045,0.259618517029136
Russia,electricity,solar,PV_storage,2045,0.130216351736842
South Africa,electricity,solar,PV_storage,2045,0.27614644654131
South America_Northern,electricity,solar,PV_storage,2045,0.243079328637708
South America_Southern,electricity,solar,PV_storage,2045,0.240659276187326
South Asia,electricity,solar,PV_storage,2045,0.254785655301063
South Korea,electricity,solar,PV_storage,2045,0.209226928209402
Southeast Asia,electricity,solar,PV_storage,2045,0.237728896244649
Taiwan,electricity,solar,PV_storage,2045,0.199958443018159
Argentina,electricity,solar,PV_storage,2045,0.232851931752879
Colombia,electricity,solar,PV_storage,2045,0.218840056417965
Austria,electricity,solar,PV_storage,2045,0.163455243731107
Belgium,electricity,solar,PV_storage,2045,0.143225724449106
Bulgaria,electricity,solar,PV_storage,2045,0.190861297351926
Croatia,electricity,solar,PV_storage,2045,0.199949506286242
Cyprus,electricity,solar,PV_storage,2045,0.264705268295264
Czech Republic,electricity,solar,PV_storage,2045,0.149634306962143
Denmark,electricity,solar,PV_storage,2045,0.14324996282501
Estonia,electricity,solar,PV_storage,2045,0.14661188563178
Finland,electricity,solar,PV_storage,2045,0.119730889567502
France,electricity,solar,PV_storage,2045,0.177887649432489
Germany,electricity,solar,PV_storage,2045,0.140070478878901
Greece,electricity,solar,PV_storage,2045,0.217983862176885
Hungary,electricity,solar,PV_storage,2045,0.17117315351492
Ireland,electricity,solar,PV_storage,2045,0.126292958889038
Italy,electricity,solar,PV_storage,2045,0.213707721616355
Latvia,electricity,solar,PV_storage,2045,0.147171396336953
Lithuania,electricity,solar,PV_storage,2045,0.15074350823642
Luxembourg,electricity,solar,PV_storage,2045,0.143952171971399
Malta,electricity,solar,PV_storage,2045,0.213707721616355
Netherlands,electricity,solar,PV_storage,2045,0.140118209010772
Poland,electricity,solar,PV_storage,2045,0.141236996722619
Portugal,electricity,solar,PV_storage,2045,0.230462913596333
Romania,electricity,solar,PV_storage,2045,0.178538073495712
Slovakia,electricity,solar,PV_storage,2045,0.148921211659216
Slovenia,electricity,solar,PV_storage,2045,0.177608877626111
Spain,electricity,solar,PV_storage,2045,0.224611720239651
Sweden,electricity,solar,PV_storage,2045,0.113378904866168
Albania,electricity,solar,PV_storage,2045,0.221596045909863
Belarus,electricity,solar,PV_storage,2045,0.145399218225467
Bosnia and Herzegovina,electricity,solar,PV_storage,2045,0.190354297079455
Iceland,electricity,solar,PV_storage,2045,0.103390584065286
Macedonia,electricity,solar,PV_storage,2045,0.204305229056
Moldova,electricity,solar,PV_storage,2045,0.174792505134925
Norway,electricity,solar,PV_storage,2045,0.107919521361368
Serbia and Montenegro,electricity,solar,PV_storage,2045,0.18735181574057
Switzerland,electricity,solar,PV_storage,2045,0.176697504829797
Turkey,electricity,solar,PV_storage,2045,0.226465070019877
UK,electricity,solar,PV_storage,2045,0.134816222755746
Ukraine,electricity,solar,PV_storage,2045,0.166836983805164
USA,electricity,solar,PV,2050,0.200000279262178
Africa_Eastern,electricity,solar,PV,2050,0.282363478171743
Africa_Northern,electricity,solar,PV,2050,0.280198967995972
Africa_Southern,electricity,solar,PV,2050,0.275541447990102
Africa_Western,electricity,solar,PV,2050,0.273570488177822
Australia_NZ,electricity,solar,PV,2050,0.272521652317379
Brazil,electricity,solar,PV,2050,0.246714494119666
Canada,electricity,solar,PV,2050,0.12978073368063
Central America and Caribbean,electricity,solar,PV,2050,0.251332170592837
Central Asia,electricity,solar,PV,2050,0.214675695004816
China,electricity,solar,PV,2050,0.239885029424203
India,electricity,solar,PV,2050,0.247360718865892
Indonesia,electricity,solar,PV,2050,0.231764576189658
Japan,electricity,solar,PV,2050,0.18912205972257
Mexico,electricity,solar,PV,2050,0.268432483099031
Middle East,electricity,solar,PV,2050,0.273721280338651
Pakistan,electricity,solar,PV,2050,0.259618517029136
Russia,electricity,solar,PV,2050,0.130216351736842
South Africa,electricity,solar,PV,2050,0.27614644654131
South America_Northern,electricity,solar,PV,2050,0.243079328637708
South America_Southern,electricity,solar,PV,2050,0.240659276187326
South Asia,electricity,solar,PV,2050,0.254785655301063
South Korea,electricity,solar,PV,2050,0.209226928209402
Southeast Asia,electricity,solar,PV,2050,0.237728896244649
Taiwan,electricity,solar,PV,2050,0.199958443018159
Argentina,electricity,solar,PV,2050,0.232851931752879
Colombia,electricity,solar,PV,2050,0.218840056417965
Austria,electricity,solar,PV,2050,0.163455243731107
Belgium,electricity,solar,PV,2050,0.143225724449106
Bulgaria,electricity,solar,PV,2050,0.190861297351926
Croatia,electricity,solar,PV,2050,0.199949506286242
Cyprus,electricity,solar,PV,2050,0.264705268295264
Czech Republic,electricity,solar,PV,2050,0.149634306962143
Denmark,electricity,solar,PV,2050,0.14324996282501
Estonia,electricity,solar,PV,2050,0.14661188563178
Finland,electricity,solar,PV,2050,0.119730889567502
France,electricity,solar,PV,2050,0.177887649432489
Germany,electricity,solar,PV,2050,0.140070478878901
Greece,electricity,solar,PV,2050,0.217983862176885
Hungary,electricity,solar,PV,2050,0.17117315351492
Ireland,electricity,solar,PV,2050,0.126292958889038
Italy,electricity,solar,PV,2050,0.213707721616355
Latvia,electricity,solar,PV,2050,0.147171396336953
Lithuania,electricity,solar,PV,2050,0.15074350823642
Luxembourg,electricity,solar,PV,2050,0.143952171971399
Malta,electricity,solar,PV,2050,0.213707721616355
Netherlands,electricity,solar,PV,2050,0.140118209010772
Poland,electricity,solar,PV,2050,0.141236996722619
Portugal,electricity,solar,PV,2050,0.230462913596333
Romania,electricity,solar,PV,2050,0.178538073495712
Slovakia,electricity,solar,PV,2050,0.148921211659216
Slovenia,electricity,solar,PV,2050,0.177608877626111
Spain,electricity,solar,PV,2050,0.224611720239651
Sweden,electricity,solar,PV,2050,0.113378904866168
Albania,electricity,solar,PV,2050,0.221596045909863
Belarus,electricity,solar,PV,2050,0.145399218225467
Bosnia and Herzegovina,electricity,solar,PV,2050,0.190354297079455
Iceland,electricity,solar,PV,2050,0.103390584065286
Macedonia,electricity,solar,PV,2050,0.204305229056
Moldova,electricity,solar,PV,2050,0.174792505134925
Norway,electricity,solar,PV,2050,0.107919521361368
Serbia and Montenegro,electricity,solar,PV,2050,0.18735181574057
Switzerland,electricity,solar,PV,2050,0.176697504829797
Turkey,electricity,solar,PV,2050,0.226465070019877
UK,electricity,solar,PV,2050,0.134816222755746
Ukraine,electricity,solar,PV,2050,0.166836983805164
USA,electricity,solar,PV_storage,2050,0.200000279262178
Africa_Eastern,electricity,solar,PV_storage,2050,0.282363478171743
Africa_Northern,electricity,solar,PV_storage,2050,0.280198967995972
Africa_Southern,electricity,solar,PV_storage,2050,0.275541447990102
Africa_Western,electricity,solar,PV_storage,2050,0.273570488177822
Australia_NZ,electricity,solar,PV_storage,2050,0.272521652317379
Brazil,electricity,solar,PV_storage,2050,0.246714494119666
Canada,electricity,solar,PV_storage,2050,0.12978073368063
Central America and Caribbean,electricity,solar,PV_storage,2050,0.251332170592837
Central Asia,electricity,solar,PV_storage,2050,0.214675695004816
China,electricity,solar,PV_storage,2050,0.239885029424203
India,electricity,solar,PV_storage,2050,0.247360718865892
Indonesia,electricity,solar,PV_storage,2050,0.231764576189658
Japan,electricity,solar,PV_storage,2050,0.18912205972257
Mexico,electricity,solar,PV_storage,2050,0.268432483099031
Middle East,electricity,solar,PV_storage,2050,0.273721280338651
Pakistan,electricity,solar,PV_storage,2050,0.259618517029136
Russia,electricity,solar,PV_storage,2050,0.130216351736842
South Africa,electricity,solar,PV_storage,2050,0.27614644654131
South America_Northern,electricity,solar,PV_storage,2050,0.243079328637708
South America_Southern,electricity,solar,PV_storage,2050,0.240659276187326
South Asia,electricity,solar,PV_storage,2050,0.254785655301063
South Korea,electricity,solar,PV_storage,2050,0.209226928209402
Southeast Asia,electricity,solar,PV_storage,2050,0.237728896244649
Taiwan,electricity,solar,PV_storage,2050,0.199958443018159
Argentina,electricity,solar,PV_storage,2050,0.232851931752879
Colombia,electricity,solar,PV_storage,2050,0.218840056417965
Austria,electricity,solar,PV_storage,2050,0.163455243731107
Belgium,electricity,solar,PV_storage,2050,0.143225724449106
Bulgaria,electricity,solar,PV_storage,2050,0.190861297351926
Croatia,electricity,solar,PV_storage,2050,0.199949506286242
Cyprus,electricity,solar,PV_storage,2050,0.264705268295264
Czech Republic,electricity,solar,PV_storage,2050,0.149634306962143
Denmark,electricity,solar,PV_storage,2050,0.14324996282501
Estonia,electricity,solar,PV_storage,2050,0.14661188563178
Finland,electricity,solar,PV_storage,2050,0.119730889567502
France,electricity,solar,PV_storage,2050,0.177887649432489
Germany,electricity,solar,PV_storage,2050,0.140070478878901
Greece,electricity,solar,PV_storage,2050,0.217983862176885
Hungary,electricity,solar,PV_storage,2050,0.17117315351492
Ireland,electricity,solar,PV_storage,2050,0.126292958889038
Italy,electricity,solar,PV_storage,2050,0.213707721616355
Latvia,electricity,solar,PV_storage,2050,0.147171396336953
Lithuania,electricity,solar,PV_storage,2050,0.15074350823642
Luxembourg,electricity,solar,PV_storage,2050,0.143952171971399
Malta,electricity,solar,PV_storage,2050,0.213707721616355
Netherlands,electricity,solar,PV_storage,2050,0.140118209010772
Poland,electricity,solar,PV_storage,2050,0.141236996722619
Portugal,electricity,solar,PV_storage,2050,0.230462913596333
Romania,electricity,solar,PV_storage,2050,0.178538073495712
Slovakia,electricity,solar,PV_storage,2050,0.148921211659216
Slovenia,electricity,solar,PV_storage,2050,0.177608877626111
Spain,electricity,solar,PV_storage,2050,0.224611720239651
Sweden,electricity,solar,PV_storage,2050,0.113378904866168
Albania,electricity,solar,PV_storage,2050,0.221596045909863
Belarus,electricity,solar,PV_storage,2050,0.145399218225467
Bosnia and Herzegovina,electricity,solar,PV_storage,2050,0.190354297079455
Iceland,electricity,solar,PV_storage,2050,0.103390584065286
Macedonia,electricity,solar,PV_storage,2050,0.204305229056
Moldova,electricity,solar,PV_storage,2050,0.174792505134925
Norway,electricity,solar,PV_storage,2050,0.107919521361368
Serbia and Montenegro,electricity,solar,PV_storage,2050,0.18735181574057
Switzerland,electricity,solar,PV_storage,2050,0.176697504829797
Turkey,electricity,solar,PV_storage,2050,0.226465070019877
UK,electricity,solar,PV_storage,2050,0.134816222755746
Ukraine,electricity,solar,PV_storage,2050,0.166836983805164
USA,electricity,solar,PV,2055,0.200000279262178
Africa_Eastern,electricity,solar,PV,2055,0.282363478171743
Africa_Northern,electricity,solar,PV,2055,0.280198967995972
Africa_Southern,electricity,solar,PV,2055,0.275541447990102
Africa_Western,electricity,solar,PV,2055,0.273570488177822
Australia_NZ,electricity,solar,PV,2055,0.272521652317379
Brazil,electricity,solar,PV,2055,0.246714494119666
Canada,electricity,solar,PV,2055,0.12978073368063
Central America and Caribbean,electricity,solar,PV,2055,0.251332170592837
Central Asia,electricity,solar,PV,2055,0.214675695004816
China,electricity,solar,PV,2055,0.239885029424203
India,electricity,solar,PV,2055,0.247360718865892
Indonesia,electricity,solar,PV,2055,0.231764576189658
Japan,electricity,solar,PV,2055,0.18912205972257
Mexico,electricity,solar,PV,2055,0.268432483099031
Middle East,electricity,solar,PV,2055,0.273721280338651
Pakistan,electricity,solar,PV,2055,0.259618517029136
Russia,electricity,solar,PV,2055,0.130216351736842
South Africa,electricity,solar,PV,2055,0.27614644654131
South America_Northern,electricity,solar,PV,2055,0.243079328637708
South America_Southern,electricity,solar,PV,2055,0.240659276187326
South Asia,electricity,solar,PV,2055,0.254785655301063
South Korea,electricity,solar,PV,2055,0.209226928209402
Southeast Asia,electricity,solar,PV,2055,0.237728896244649
Taiwan,electricity,solar,PV,2055,0.199958443018159
Argentina,electricity,solar,PV,2055,0.232851931752879
Colombia,electricity,solar,PV,2055,0.218840056417965
Austria,electricity,solar,PV,2055,0.163455243731107
Belgium,electricity,solar,PV,2055,0.143225724449106
Bulgaria,electricity,solar,PV,2055,0.190861297351926
Croatia,electricity,solar,PV,2055,0.199949506286242
Cyprus,electricity,solar,PV,2055,0.264705268295264
Czech Republic,electricity,solar,PV,2055,0.149634306962143
Denmark,electricity,solar,PV,2055,0.14324996282501
Estonia,electricity,solar,PV,2055,0.14661188563178
Finland,electricity,solar,PV,2055,0.119730889567502
France,electricity,solar,PV,2055,0.177887649432489
Germany,electricity,solar,PV,2055,0.140070478878901
Greece,electricity,solar,PV,2055,0.217983862176885
Hungary,electricity,solar,PV,2055,0.17117315351492
Ireland,electricity,solar,PV,2055,0.126292958889038
Italy,electricity,solar,PV,2055,0.213707721616355
Latvia,electricity,solar,PV,2055,0.147171396336953
Lithuania,electricity,solar,PV,2055,0.15074350823642
Luxembourg,electricity,solar,PV,2055,0.143952171971399
Malta,electricity,solar,PV,2055,0.213707721616355
Netherlands,electricity,solar,PV,2055,0.140118209010772
Poland,electricity,solar,PV,2055,0.141236996722619
Portugal,electricity,solar,PV,2055,0.230462913596333
Romania,electricity,solar,PV,2055,0.178538073495712
Slovakia,electricity,solar,PV,2055,0.148921211659216
Slovenia,electricity,solar,PV,2055,0.177608877626111
Spain,electricity,solar,PV,2055,0.224611720239651
Sweden,electricity,solar,PV,2055,0.113378904866168
Albania,electricity,solar,PV,2055,0.221596045909863
Belarus,electricity,solar,PV,2055,0.145399218225467
Bosnia and Herzegovina,electricity,solar,PV,2055,0.190354297079455
Iceland,electricity,solar,PV,2055,0.103390584065286
Macedonia,electricity,solar,PV,2055,0.204305229056
Moldova,electricity,solar,PV,2055,0.174792505134925
Norway,electricity,solar,PV,2055,0.107919521361368
Serbia and Montenegro,electricity,solar,PV,2055,0.18735181574057
Switzerland,electricity,solar,PV,2055,0.176697504829797
Turkey,electricity,solar,PV,2055,0.226465070019877
UK,electricity,solar,PV,2055,0.134816222755746
Ukraine,electricity,solar,PV,2055,0.166836983805164
USA,electricity,solar,PV_storage,2055,0.200000279262178
Africa_Eastern,electricity,solar,PV_storage,2055,0.282363478171743
Africa_Northern,electricity,solar,PV_storage,2055,0.280198967995972
Africa_Southern,electricity,solar,PV_storage,2055,0.275541447990102
Africa_Western,electricity,solar,PV_storage,2055,0.273570488177822
Australia_NZ,electricity,solar,PV_storage,2055,0.272521652317379
Brazil,electricity,solar,PV_storage,2055,0.246714494119666
Canada,electricity,solar,PV_storage,2055,0.12978073368063
Central America and Caribbean,electricity,solar,PV_storage,2055,0.251332170592837
Central Asia,electricity,solar,PV_storage,2055,0.214675695004816
China,electricity,solar,PV_storage,2055,0.239885029424203
India,electricity,solar,PV_storage,2055,0.247360718865892
Indonesia,electricity,solar,PV_storage,2055,0.231764576189658
Japan,electricity,solar,PV_storage,2055,0.18912205972257
Mexico,electricity,solar,PV_storage,2055,0.268432483099031
Middle East,electricity,solar,PV_storage,2055,0.273721280338651
Pakistan,electricity,solar,PV_storage,2055,0.259618517029136
Russia,electricity,solar,PV_storage,2055,0.130216351736842
South Africa,electricity,solar,PV_storage,2055,0.27614644654131
South America_Northern,electricity,solar,PV_storage,2055,0.243079328637708
South America_Southern,electricity,solar,PV_storage,2055,0.240659276187326
South Asia,electricity,solar,PV_storage,2055,0.254785655301063
South Korea,electricity,solar,PV_storage,2055,0.209226928209402
Southeast Asia,electricity,solar,PV_storage,2055,0.237728896244649
Taiwan,electricity,solar,PV_storage,2055,0.199958443018159
Argentina,electricity,solar,PV_storage,2055,0.232851931752879
Colombia,electricity,solar,PV_storage,2055,0.218840056417965
Austria,electricity,solar,PV_storage,2055,0.163455243731107
Belgium,electricity,solar,PV_storage,2055,0.143225724449106
Bulgaria,electricity,solar,PV_storage,2055,0.190861297351926
Croatia,electricity,solar,PV_storage,2055,0.199949506286242
Cyprus,electricity,solar,PV_storage,2055,0.264705268295264
Czech Republic,electricity,solar,PV_storage,2055,0.149634306962143
Denmark,electricity,solar,PV_storage,2055,0.14324996282501
Estonia,electricity,solar,PV_storage,2055,0.14661188563178
Finland,electricity,solar,PV_storage,2055,0.119730889567502
France,electricity,solar,PV_storage,2055,0.177887649432489
Germany,electricity,solar,PV_storage,2055,0.140070478878901
Greece,electricity,solar,PV_storage,2055,0.217983862176885
Hungary,electricity,solar,PV_storage,2055,0.17117315351492
Ireland,electricity,solar,PV_storage,2055,0.126292958889038
Italy,electricity,solar,PV_storage,2055,0.213707721616355
Latvia,electricity,solar,PV_storage,2055,0.147171396336953
Lithuania,electricity,solar,PV_storage,2055,0.15074350823642
Luxembourg,electricity,solar,PV_storage,2055,0.143952171971399
Malta,electricity,solar,PV_storage,2055,0.213707721616355
Netherlands,electricity,solar,PV_storage,2055,0.140118209010772
Poland,electricity,solar,PV_storage,2055,0.141236996722619
Portugal,electricity,solar,PV_storage,2055,0.230462913596333
Romania,electricity,solar,PV_storage,2055,0.178538073495712
Slovakia,electricity,solar,PV_storage,2055,0.148921211659216
Slovenia,electricity,solar,PV_storage,2055,0.177608877626111
Spain,electricity,solar,PV_storage,2055,0.224611720239651
Sweden,electricity,solar,PV_storage,2055,0.113378904866168
Albania,electricity,solar,PV_storage,2055,0.221596045909863
Belarus,electricity,solar,PV_storage,2055,0.145399218225467
Bosnia and Herzegovina,electricity,solar,PV_storage,2055,0.190354297079455
Iceland,electricity,solar,PV_storage,2055,0.103390584065286
Macedonia,electricity,solar,PV_storage,2055,0.204305229056
Moldova,electricity,solar,PV_storage,2055,0.174792505134925
Norway,electricity,solar,PV_storage,2055,0.107919521361368
Serbia and Montenegro,electricity,solar,PV_storage,2055,0.18735181574057
Switzerland,electricity,solar,PV_storage,2055,0.176697504829797
Turkey,electricity,solar,PV_storage,2055,0.226465070019877
UK,electricity,solar,PV_storage,2055,0.134816222755746
Ukraine,electricity,solar,PV_storage,2055,0.166836983805164
USA,electricity,solar,PV,2060,0.200000279262178
Africa_Eastern,electricity,solar,PV,2060,0.282363478171743
Africa_Northern,electricity,solar,PV,2060,0.280198967995972
Africa_Southern,electricity,solar,PV,2060,0.275541447990102
Africa_Western,electricity,solar,PV,2060,0.273570488177822
Australia_NZ,electricity,solar,PV,2060,0.272521652317379
Brazil,electricity,solar,PV,2060,0.246714494119666
Canada,electricity,solar,PV,2060,0.12978073368063
Central America and Caribbean,electricity,solar,PV,2060,0.251332170592837
Central Asia,electricity,solar,PV,2060,0.214675695004816
China,electricity,solar,PV,2060,0.239885029424203
India,electricity,solar,PV,2060,0.247360718865892
Indonesia,electricity,solar,PV,2060,0.231764576189658
Japan,electricity,solar,PV,2060,0.18912205972257
Mexico,electricity,solar,PV,2060,0.268432483099031
Middle East,electricity,solar,PV,2060,0.273721280338651
Pakistan,electricity,solar,PV,2060,0.259618517029136
Russia,electricity,solar,PV,2060,0.130216351736842
South Africa,electricity,solar,PV,2060,0.27614644654131
South America_Northern,electricity,solar,PV,2060,0.243079328637708
South America_Southern,electricity,solar,PV,2060,0.240659276187326
South Asia,electricity,solar,PV,2060,0.254785655301063
South Korea,electricity,solar,PV,2060,0.209226928209402
Southeast Asia,electricity,solar,PV,2060,0.237728896244649
Taiwan,electricity,solar,PV,2060,0.199958443018159
Argentina,electricity,solar,PV,2060,0.232851931752879
Colombia,electricity,solar,PV,2060,0.218840056417965
Austria,electricity,solar,PV,2060,0.163455243731107
Belgium,electricity,solar,PV,2060,0.143225724449106
Bulgaria,electricity,solar,PV,2060,0.190861297351926
Croatia,electricity,solar,PV,2060,0.199949506286242
Cyprus,electricity,solar,PV,2060,0.264705268295264
Czech Republic,electricity,solar,PV,2060,0.149634306962143
Denmark,electricity,solar,PV,2060,0.14324996282501
Estonia,electricity,solar,PV,2060,0.14661188563178
Finland,electricity,solar,PV,2060,0.119730889567502
France,electricity,solar,PV,2060,0.177887649432489
Germany,electricity,solar,PV,2060,0.140070478878901
Greece,electricity,solar,PV,2060,0.217983862176885
Hungary,electricity,solar,PV,2060,0.17117315351492
Ireland,electricity,solar,PV,2060,0.126292958889038
Italy,electricity,solar,PV,2060,0.213707721616355
Latvia,electricity,solar,PV,2060,0.147171396336953
Lithuania,electricity,solar,PV,2060,0.15074350823642
Luxembourg,electricity,solar,PV,2060,0.143952171971399
Malta,electricity,solar,PV,2060,0.213707721616355
Netherlands,electricity,solar,PV,2060,0.140118209010772
Poland,electricity,solar,PV,2060,0.141236996722619
Portugal,electricity,solar,PV,2060,0.230462913596333
Romania,electricity,solar,PV,2060,0.178538073495712
Slovakia,electricity,solar,PV,2060,0.148921211659216
Slovenia,electricity,solar,PV,2060,0.177608877626111
Spain,electricity,solar,PV,2060,0.224611720239651
Sweden,electricity,solar,PV,2060,0.113378904866168
Albania,electricity,solar,PV,2060,0.221596045909863
Belarus,electricity,solar,PV,2060,0.145399218225467
Bosnia and Herzegovina,electricity,solar,PV,2060,0.190354297079455
Iceland,electricity,solar,PV,2060,0.103390584065286
Macedonia,electricity,solar,PV,2060,0.204305229056
Moldova,electricity,solar,PV,2060,0.174792505134925
Norway,electricity,solar,PV,2060,0.107919521361368
Serbia and Montenegro,electricity,solar,PV,2060,0.18735181574057
Switzerland,electricity,solar,PV,2060,0.176697504829797
Turkey,electricity,solar,PV,2060,0.226465070019877
UK,electricity,solar,PV,2060,0.134816222755746
Ukraine,electricity,solar,PV,2060,0.166836983805164
USA,electricity,solar,PV_storage,2060,0.200000279262178
Africa_Eastern,electricity,solar,PV_storage,2060,0.282363478171743
Africa_Northern,electricity,solar,PV_storage,2060,0.280198967995972
Africa_Southern,electricity,solar,PV_storage,2060,0.275541447990102
Africa_Western,electricity,solar,PV_storage,2060,0.273570488177822
Australia_NZ,electricity,solar,PV_storage,2060,0.272521652317379
Brazil,electricity,solar,PV_storage,2060,0.246714494119666
Canada,electricity,solar,PV_storage,2060,0.12978073368063
Central America and Caribbean,electricity,solar,PV_storage,2060,0.251332170592837
Central Asia,electricity,solar,PV_storage,2060,0.214675695004816
China,electricity,solar,PV_storage,2060,0.239885029424203
India,electricity,solar,PV_storage,2060,0.247360718865892
Indonesia,electricity,solar,PV_storage,2060,0.231764576189658
Japan,electricity,solar,PV_storage,2060,0.18912205972257
Mexico,electricity,solar,PV_storage,2060,0.268432483099031
Middle East,electricity,solar,PV_storage,2060,0.273721280338651
Pakistan,electricity,solar,PV_storage,2060,0.259618517029136
Russia,electricity,solar,PV_storage,2060,0.130216351736842
South Africa,electricity,solar,PV_storage,2060,0.27614644654131
South America_Northern,electricity,solar,PV_storage,2060,0.243079328637708
South America_Southern,electricity,solar,PV_storage,2060,0.240659276187326
South Asia,electricity,solar,PV_storage,2060,0.254785655301063
South Korea,electricity,solar,PV_storage,2060,0.209226928209402
Southeast Asia,electricity,solar,PV_storage,2060,0.237728896244649
Taiwan,electricity,solar,PV_storage,2060,0.199958443018159
Argentina,electricity,solar,PV_storage,2060,0.232851931752879
Colombia,electricity,solar,PV_storage,2060,0.218840056417965
Austria,electricity,solar,PV_storage,2060,0.163455243731107
Belgium,electricity,solar,PV_storage,2060,0.143225724449106
Bulgaria,electricity,solar,PV_storage,2060,0.190861297351926
Croatia,electricity,solar,PV_storage,2060,0.199949506286242
Cyprus,electricity,solar,PV_storage,2060,0.264705268295264
Czech Republic,electricity,solar,PV_storage,2060,0.149634306962143
Denmark,electricity,solar,PV_storage,2060,0.14324996282501
Estonia,electricity,solar,PV_storage,2060,0.14661188563178
Finland,electricity,solar,PV_storage,2060,0.119730889567502
France,electricity,solar,PV_storage,2060,0.177887649432489
Germany,electricity,solar,PV_storage,2060,0.140070478878901
Greece,electricity,solar,PV_storage,2060,0.217983862176885
Hungary,electricity,solar,PV_storage,2060,0.17117315351492
Ireland,electricity,solar,PV_storage,2060,0.126292958889038
Italy,electricity,solar,PV_storage,2060,0.213707721616355
Latvia,electricity,solar,PV_storage,2060,0.147171396336953
Lithuania,electricity,solar,PV_storage,2060,0.15074350823642
Luxembourg,electricity,solar,PV_storage,2060,0.143952171971399
Malta,electricity,solar,PV_storage,2060,0.213707721616355
Netherlands,electricity,solar,PV_storage,2060,0.140118209010772
Poland,electricity,solar,PV_storage,2060,0.141236996722619
Portugal,electricity,solar,PV_storage,2060,0.230462913596333
Romania,electricity,solar,PV_storage,2060,0.178538073495712
Slovakia,electricity,solar,PV_storage,2060,0.148921211659216
Slovenia,electricity,solar,PV_storage,2060,0.177608877626111
Spain,electricity,solar,PV_storage,2060,0.224611720239651
Sweden,electricity,solar,PV_storage,2060,0.113378904866168
Albania,electricity,solar,PV_storage,2060,0.221596045909863
Belarus,electricity,solar,PV_storage,2060,0.145399218225467
Bosnia and Herzegovina,electricity,solar,PV_storage,2060,0.190354297079455
Iceland,electricity,solar,PV_storage,2060,0.103390584065286
Macedonia,electricity,solar,PV_storage,2060,0.204305229056
Moldova,electricity,solar,PV_storage,2060,0.174792505134925
Norway,electricity,solar,PV_storage,2060,0.107919521361368
Serbia and Montenegro,electricity,solar,PV_storage,2060,0.18735181574057
Switzerland,electricity,solar,PV_storage,2060,0.176697504829797
Turkey,electricity,solar,PV_storage,2060,0.226465070019877
UK,electricity,solar,PV_storage,2060,0.134816222755746
Ukraine,electricity,solar,PV_storage,2060,0.166836983805164
USA,electricity,solar,PV,2065,0.200000279262178
Africa_Eastern,electricity,solar,PV,2065,0.282363478171743
Africa_Northern,electricity,solar,PV,2065,0.280198967995972
Africa_Southern,electricity,solar,PV,2065,0.275541447990102
Africa_Western,electricity,solar,PV,2065,0.273570488177822
Australia_NZ,electricity,solar,PV,2065,0.272521652317379
Brazil,electricity,solar,PV,2065,0.246714494119666
Canada,electricity,solar,PV,2065,0.12978073368063
Central America and Caribbean,electricity,solar,PV,2065,0.251332170592837
Central Asia,electricity,solar,PV,2065,0.214675695004816
China,electricity,solar,PV,2065,0.239885029424203
India,electricity,solar,PV,2065,0.247360718865892
Indonesia,electricity,solar,PV,2065,0.231764576189658
Japan,electricity,solar,PV,2065,0.18912205972257
Mexico,electricity,solar,PV,2065,0.268432483099031
Middle East,electricity,solar,PV,2065,0.273721280338651
Pakistan,electricity,solar,PV,2065,0.259618517029136
Russia,electricity,solar,PV,2065,0.130216351736842
South Africa,electricity,solar,PV,2065,0.27614644654131
South America_Northern,electricity,solar,PV,2065,0.243079328637708
South America_Southern,electricity,solar,PV,2065,0.240659276187326
South Asia,electricity,solar,PV,2065,0.254785655301063
South Korea,electricity,solar,PV,2065,0.209226928209402
Southeast Asia,electricity,solar,PV,2065,0.237728896244649
Taiwan,electricity,solar,PV,2065,0.199958443018159
Argentina,electricity,solar,PV,2065,0.232851931752879
Colombia,electricity,solar,PV,2065,0.218840056417965
Austria,electricity,solar,PV,2065,0.163455243731107
Belgium,electricity,solar,PV,2065,0.143225724449106
Bulgaria,electricity,solar,PV,2065,0.190861297351926
Croatia,electricity,solar,PV,2065,0.199949506286242
Cyprus,electricity,solar,PV,2065,0.264705268295264
Czech Republic,electricity,solar,PV,2065,0.149634306962143
Denmark,electricity,solar,PV,2065,0.14324996282501
Estonia,electricity,solar,PV,2065,0.14661188563178
Finland,electricity,solar,PV,2065,0.119730889567502
France,electricity,solar,PV,2065,0.177887649432489
Germany,electricity,solar,PV,2065,0.140070478878901
Greece,electricity,solar,PV,2065,0.217983862176885
Hungary,electricity,solar,PV,2065,0.17117315351492
Ireland,electricity,solar,PV,2065,0.126292958889038
Italy,electricity,solar,PV,2065,0.213707721616355
Latvia,electricity,solar,PV,2065,0.147171396336953
Lithuania,electricity,solar,PV,2065,0.15074350823642
Luxembourg,electricity,solar,PV,2065,0.143952171971399
Malta,electricity,solar,PV,2065,0.213707721616355
Netherlands,electricity,solar,PV,2065,0.140118209010772
Poland,electricity,solar,PV,2065,0.141236996722619
Portugal,electricity,solar,PV,2065,0.230462913596333
Romania,electricity,solar,PV,2065,0.178538073495712
Slovakia,electricity,solar,PV,2065,0.148921211659216
Slovenia,electricity,solar,PV,2065,0.177608877626111
Spain,electricity,solar,PV,2065,0.224611720239651
Sweden,electricity,solar,PV,2065,0.113378904866168
Albania,electricity,solar,PV,2065,0.221596045909863
Belarus,electricity,solar,PV,2065,0.145399218225467
Bosnia and Herzegovina,electricity,solar,PV,2065,0.190354297079455
Iceland,electricity,solar,PV,2065,0.103390584065286
Macedonia,electricity,solar,PV,2065,0.204305229056
Moldova,electricity,solar,PV,2065,0.174792505134925
Norway,electricity,solar,PV,2065,0.107919521361368
Serbia and Montenegro,electricity,solar,PV,2065,0.18735181574057
Switzerland,electricity,solar,PV,2065,0.176697504829797
Turkey,electricity,solar,PV,2065,0.226465070019877
UK,electricity,solar,PV,2065,0.134816222755746
Ukraine,electricity,solar,PV,2065,0.166836983805164
USA,electricity,solar,PV_storage,2065,0.200000279262178
Africa_Eastern,electricity,solar,PV_storage,2065,0.282363478171743
Africa_Northern,electricity,solar,PV_storage,2065,0.280198967995972
Africa_Southern,electricity,solar,PV_storage,2065,0.275541447990102
Africa_Western,electricity,solar,PV_storage,2065,0.273570488177822
Australia_NZ,electricity,solar,PV_storage,2065,0.272521652317379
Brazil,electricity,solar,PV_storage,2065,0.246714494119666
Canada,electricity,solar,PV_storage,2065,0.12978073368063
Central America and Caribbean,electricity,solar,PV_storage,2065,0.251332170592837
Central Asia,electricity,solar,PV_storage,2065,0.214675695004816
China,electricity,solar,PV_storage,2065,0.239885029424203
India,electricity,solar,PV_storage,2065,0.247360718865892
Indonesia,electricity,solar,PV_storage,2065,0.231764576189658
Japan,electricity,solar,PV_storage,2065,0.18912205972257
Mexico,electricity,solar,PV_storage,2065,0.268432483099031
Middle East,electricity,solar,PV_storage,2065,0.273721280338651
Pakistan,electricity,solar,PV_storage,2065,0.259618517029136
Russia,electricity,solar,PV_storage,2065,0.130216351736842
South Africa,electricity,solar,PV_storage,2065,0.27614644654131
South America_Northern,electricity,solar,PV_storage,2065,0.243079328637708
South America_Southern,electricity,solar,PV_storage,2065,0.240659276187326
South Asia,electricity,solar,PV_storage,2065,0.254785655301063
South Korea,electricity,solar,PV_storage,2065,0.209226928209402
Southeast Asia,electricity,solar,PV_storage,2065,0.237728896244649
Taiwan,electricity,solar,PV_storage,2065,0.199958443018159
Argentina,electricity,solar,PV_storage,2065,0.232851931752879
Colombia,electricity,solar,PV_storage,2065,0.218840056417965
Austria,electricity,solar,PV_storage,2065,0.163455243731107
Belgium,electricity,solar,PV_storage,2065,0.143225724449106
Bulgaria,electricity,solar,PV_storage,2065,0.190861297351926
Croatia,electricity,solar,PV_storage,2065,0.199949506286242
Cyprus,electricity,solar,PV_storage,2065,0.264705268295264
Czech Republic,electricity,solar,PV_storage,2065,0.149634306962143
Denmark,electricity,solar,PV_storage,2065,0.14324996282501
Estonia,electricity,solar,PV_storage,2065,0.14661188563178
Finland,electricity,solar,PV_storage,2065,0.119730889567502
France,electricity,solar,PV_storage,2065,0.177887649432489
Germany,electricity,solar,PV_storage,2065,0.140070478878901
Greece,electricity,solar,PV_storage,2065,0.217983862176885
Hungary,electricity,solar,PV_storage,2065,0.17117315351492
Ireland,electricity,solar,PV_storage,2065,0.126292958889038
Italy,electricity,solar,PV_storage,2065,0.213707721616355
Latvia,electricity,solar,PV_storage,2065,0.147171396336953
Lithuania,electricity,solar,PV_storage,2065,0.15074350823642
Luxembourg,electricity,solar,PV_storage,2065,0.143952171971399
Malta,electricity,solar,PV_storage,2065,0.213707721616355
Netherlands,electricity,solar,PV_storage,2065,0.140118209010772
Poland,electricity,solar,PV_storage,2065,0.141236996722619
Portugal,electricity,solar,PV_storage,2065,0.230462913596333
Romania,electricity,solar,PV_storage,2065,0.178538073495712
Slovakia,electricity,solar,PV_storage,2065,0.148921211659216
Slovenia,electricity,solar,PV_storage,2065,0.177608877626111
Spain,electricity,solar,PV_storage,2065,0.224611720239651
Sweden,electricity,solar,PV_storage,2065,0.113378904866168
Albania,electricity,solar,PV_storage,2065,0.221596045909863
Belarus,electricity,solar,PV_storage,2065,0.145399218225467
Bosnia and Herzegovina,electricity,solar,PV_storage,2065,0.190354297079455
Iceland,electricity,solar,PV_storage,2065,0.103390584065286
Macedonia,electricity,solar,PV_storage,2065,0.204305229056
Moldova,electricity,solar,PV_storage,2065,0.174792505134925
Norway,electricity,solar,PV_storage,2065,0.107919521361368
Serbia and Montenegro,electricity,solar,PV_storage,2065,0.18735181574057
Switzerland,electricity,solar,PV_storage,2065,0.176697504829797
Turkey,electricity,solar,PV_storage,2065,0.226465070019877
UK,electricity,solar,PV_storage,2065,0.134816222755746
Ukraine,electricity,solar,PV_storage,2065,0.166836983805164
USA,electricity,solar,PV,2070,0.200000279262178
Africa_Eastern,electricity,solar,PV,2070,0.282363478171743
Africa_Northern,electricity,solar,PV,2070,0.280198967995972
Africa_Southern,electricity,solar,PV,2070,0.275541447990102
Africa_Western,electricity,solar,PV,2070,0.273570488177822
Australia_NZ,electricity,solar,PV,2070,0.272521652317379
Brazil,electricity,solar,PV,2070,0.246714494119666
Canada,electricity,solar,PV,2070,0.12978073368063
Central America and Caribbean,electricity,solar,PV,2070,0.251332170592837
Central Asia,electricity,solar,PV,2070,0.214675695004816
China,electricity,solar,PV,2070,0.239885029424203
India,electricity,solar,PV,2070,0.247360718865892
Indonesia,electricity,solar,PV,2070,0.231764576189658
Japan,electricity,solar,PV,2070,0.18912205972257
Mexico,electricity,solar,PV,2070,0.268432483099031
Middle East,electricity,solar,PV,2070,0.273721280338651
Pakistan,electricity,solar,PV,2070,0.259618517029136
Russia,electricity,solar,PV,2070,0.130216351736842
South Africa,electricity,solar,PV,2070,0.27614644654131
South America_Northern,electricity,solar,PV,2070,0.243079328637708
South America_Southern,electricity,solar,PV,2070,0.240659276187326
South Asia,electricity,solar,PV,2070,0.254785655301063
South Korea,electricity,solar,PV,2070,0.209226928209402
Southeast Asia,electricity,solar,PV,2070,0.237728896244649
Taiwan,electricity,solar,PV,2070,0.199958443018159
Argentina,electricity,solar,PV,2070,0.232851931752879
Colombia,electricity,solar,PV,2070,0.218840056417965
Austria,electricity,solar,PV,2070,0.163455243731107
Belgium,electricity,solar,PV,2070,0.143225724449106
Bulgaria,electricity,solar,PV,2070,0.190861297351926
Croatia,electricity,solar,PV,2070,0.199949506286242
Cyprus,electricity,solar,PV,2070,0.264705268295264
Czech Republic,electricity,solar,PV,2070,0.149634306962143
Denmark,electricity,solar,PV,2070,0.14324996282501
Estonia,electricity,solar,PV,2070,0.14661188563178
Finland,electricity,solar,PV,2070,0.119730889567502
France,electricity,solar,PV,2070,0.177887649432489
Germany,electricity,solar,PV,2070,0.140070478878901
Greece,electricity,solar,PV,2070,0.217983862176885
Hungary,electricity,solar,PV,2070,0.17117315351492
Ireland,electricity,solar,PV,2070,0.126292958889038
Italy,electricity,solar,PV,2070,0.213707721616355
Latvia,electricity,solar,PV,2070,0.147171396336953
Lithuania,electricity,solar,PV,2070,0.15074350823642
Luxembourg,electricity,solar,PV,2070,0.143952171971399
Malta,electricity,solar,PV,2070,0.213707721616355
Netherlands,electricity,solar,PV,2070,0.140118209010772
Poland,electricity,solar,PV,2070,0.141236996722619
Portugal,electricity,solar,PV,2070,0.230462913596333
Romania,electricity,solar,PV,2070,0.178538073495712
Slovakia,electricity,solar,PV,2070,0.148921211659216
Slovenia,electricity,solar,PV,2070,0.177608877626111
Spain,electricity,solar,PV,2070,0.224611720239651
Sweden,electricity,solar,PV,2070,0.113378904866168
Albania,electricity,solar,PV,2070,0.221596045909863
Belarus,electricity,solar,PV,2070,0.145399218225467
Bosnia and Herzegovina,electricity,solar,PV,2070,0.190354297079455
Iceland,electricity,solar,PV,2070,0.103390584065286
Macedonia,electricity,solar,PV,2070,0.204305229056
Moldova,electricity,solar,PV,2070,0.174792505134925
Norway,electricity,solar,PV,2070,0.107919521361368
Serbia and Montenegro,electricity,solar,PV,2070,0.18735181574057
Switzerland,electricity,solar,PV,2070,0.176697504829797
Turkey,electricity,solar,PV,2070,0.226465070019877
UK,electricity,solar,PV,2070,0.134816222755746
Ukraine,electricity,solar,PV,2070,0.166836983805164
USA,electricity,solar,PV_storage,2070,0.200000279262178
Africa_Eastern,electricity,solar,PV_storage,2070,0.282363478171743
Africa_Northern,electricity,solar,PV_storage,2070,0.280198967995972
Africa_Southern,electricity,solar,PV_storage,2070,0.275541447990102
Africa_Western,electricity,solar,PV_storage,2070,0.273570488177822
Australia_NZ,electricity,solar,PV_storage,2070,0.272521652317379
Brazil,electricity,solar,PV_storage,2070,0.246714494119666
Canada,electricity,solar,PV_storage,2070,0.12978073368063
Central America and Caribbean,electricity,solar,PV_storage,2070,0.251332170592837
Central Asia,electricity,solar,PV_storage,2070,0.214675695004816
China,electricity,solar,PV_storage,2070,0.239885029424203
India,electricity,solar,PV_storage,2070,0.247360718865892
Indonesia,electricity,solar,PV_storage,2070,0.231764576189658
Japan,electricity,solar,PV_storage,2070,0.18912205972257
Mexico,electricity,solar,PV_storage,2070,0.268432483099031
Middle East,electricity,solar,PV_storage,2070,0.273721280338651
Pakistan,electricity,solar,PV_storage,2070,0.259618517029136
Russia,electricity,solar,PV_storage,2070,0.130216351736842
South Africa,electricity,solar,PV_storage,2070,0.27614644654131
South America_Northern,electricity,solar,PV_storage,2070,0.243079328637708
South America_Southern,electricity,solar,PV_storage,2070,0.240659276187326
South Asia,electricity,solar,PV_storage,2070,0.254785655301063
South Korea,electricity,solar,PV_storage,2070,0.209226928209402
Southeast Asia,electricity,solar,PV_storage,2070,0.237728896244649
Taiwan,electricity,solar,PV_storage,2070,0.199958443018159
Argentina,electricity,solar,PV_storage,2070,0.232851931752879
Colombia,electricity,solar,PV_storage,2070,0.218840056417965
Austria,electricity,solar,PV_storage,2070,0.163455243731107
Belgium,electricity,solar,PV_storage,2070,0.143225724449106
Bulgaria,electricity,solar,PV_storage,2070,0.190861297351926
Croatia,electricity,solar,PV_storage,2070,0.199949506286242
Cyprus,electricity,solar,PV_storage,2070,0.264705268295264
Czech Republic,electricity,solar,PV_storage,2070,0.149634306962143
Denmark,electricity,solar,PV_storage,2070,0.14324996282501
Estonia,electricity,solar,PV_storage,2070,0.14661188563178
Finland,electricity,solar,PV_storage,2070,0.119730889567502
France,electricity,solar,PV_storage,2070,0.177887649432489
Germany,electricity,solar,PV_storage,2070,0.140070478878901
Greece,electricity,solar,PV_storage,2070,0.217983862176885
Hungary,electricity,solar,PV_storage,2070,0.17117315351492
Ireland,electricity,solar,PV_storage,2070,0.126292958889038
Italy,electricity,solar,PV_storage,2070,0.213707721616355
Latvia,electricity,solar,PV_storage,2070,0.147171396336953
Lithuania,electricity,solar,PV_storage,2070,0.15074350823642
Luxembourg,electricity,solar,PV_storage,2070,0.143952171971399
Malta,electricity,solar,PV_storage,2070,0.213707721616355
Netherlands,electricity,solar,PV_storage,2070,0.140118209010772
Poland,electricity,solar,PV_storage,2070,0.141236996722619
Portugal,electricity,solar,PV_storage,2070,0.230462913596333
Romania,electricity,solar,PV_storage,2070,0.178538073495712
Slovakia,electricity,solar,PV_storage,2070,0.148921211659216
Slovenia,electricity,solar,PV_storage,2070,0.177608877626111
Spain,electricity,solar,PV_storage,2070,0.224611720239651
Sweden,electricity,solar,PV_storage,2070,0.113378904866168
Albania,electricity,solar,PV_storage,2070,0.221596045909863
Belarus,electricity,solar,PV_storage,2070,0.145399218225467
Bosnia and Herzegovina,electricity,solar,PV_storage,2070,0.190354297079455
Iceland,electricity,solar,PV_storage,2070,0.103390584065286
Macedonia,electricity,solar,PV_storage,2070,0.204305229056
Moldova,electricity,solar,PV_storage,2070,0.174792505134925
Norway,electricity,solar,PV_storage,2070,0.107919521361368
Serbia and Montenegro,electricity,solar,PV_storage,2070,0.18735181574057
Switzerland,electricity,solar,PV_storage,2070,0.176697504829797
Turkey,electricity,solar,PV_storage,2070,0.226465070019877
UK,electricity,solar,PV_storage,2070,0.134816222755746
Ukraine,electricity,solar,PV_storage,2070,0.166836983805164
USA,electricity,solar,PV,2075,0.200000279262178
Africa_Eastern,electricity,solar,PV,2075,0.282363478171743
Africa_Northern,electricity,solar,PV,2075,0.280198967995972
Africa_Southern,electricity,solar,PV,2075,0.275541447990102
Africa_Western,electricity,solar,PV,2075,0.273570488177822
Australia_NZ,electricity,solar,PV,2075,0.272521652317379
Brazil,electricity,solar,PV,2075,0.246714494119666
Canada,electricity,solar,PV,2075,0.12978073368063
Central America and Caribbean,electricity,solar,PV,2075,0.251332170592837
Central Asia,electricity,solar,PV,2075,0.214675695004816
China,electricity,solar,PV,2075,0.239885029424203
India,electricity,solar,PV,2075,0.247360718865892
Indonesia,electricity,solar,PV,2075,0.231764576189658
Japan,electricity,solar,PV,2075,0.18912205972257
Mexico,electricity,solar,PV,2075,0.268432483099031
Middle East,electricity,solar,PV,2075,0.273721280338651
Pakistan,electricity,solar,PV,2075,0.259618517029136
Russia,electricity,solar,PV,2075,0.130216351736842
South Africa,electricity,solar,PV,2075,0.27614644654131
South America_Northern,electricity,solar,PV,2075,0.243079328637708
South America_Southern,electricity,solar,PV,2075,0.240659276187326
South Asia,electricity,solar,PV,2075,0.254785655301063
South Korea,electricity,solar,PV,2075,0.209226928209402
Southeast Asia,electricity,solar,PV,2075,0.237728896244649
Taiwan,electricity,solar,PV,2075,0.199958443018159
Argentina,electricity,solar,PV,2075,0.232851931752879
Colombia,electricity,solar,PV,2075,0.218840056417965
Austria,electricity,solar,PV,2075,0.163455243731107
Belgium,electricity,solar,PV,2075,0.143225724449106
Bulgaria,electricity,solar,PV,2075,0.190861297351926
Croatia,electricity,solar,PV,2075,0.199949506286242
Cyprus,electricity,solar,PV,2075,0.264705268295264
Czech Republic,electricity,solar,PV,2075,0.149634306962143
Denmark,electricity,solar,PV,2075,0.14324996282501
Estonia,electricity,solar,PV,2075,0.14661188563178
Finland,electricity,solar,PV,2075,0.119730889567502
France,electricity,solar,PV,2075,0.177887649432489
Germany,electricity,solar,PV,2075,0.140070478878901
Greece,electricity,solar,PV,2075,0.217983862176885
Hungary,electricity,solar,PV,2075,0.17117315351492
Ireland,electricity,solar,PV,2075,0.126292958889038
Italy,electricity,solar,PV,2075,0.213707721616355
Latvia,electricity,solar,PV,2075,0.147171396336953
Lithuania,electricity,solar,PV,2075,0.15074350823642
Luxembourg,electricity,solar,PV,2075,0.143952171971399
Malta,electricity,solar,PV,2075,0.213707721616355
Netherlands,electricity,solar,PV,2075,0.140118209010772
Poland,electricity,solar,PV,2075,0.141236996722619
Portugal,electricity,solar,PV,2075,0.230462913596333
Romania,electricity,solar,PV,2075,0.178538073495712
Slovakia,electricity,solar,PV,2075,0.148921211659216
Slovenia,electricity,solar,PV,2075,0.177608877626111
Spain,electricity,solar,PV,2075,0.224611720239651
Sweden,electricity,solar,PV,2075,0.113378904866168
Albania,electricity,solar,PV,2075,0.221596045909863
Belarus,electricity,solar,PV,2075,0.145399218225467
Bosnia and Herzegovina,electricity,solar,PV,2075,0.190354297079455
Iceland,electricity,solar,PV,2075,0.103390584065286
Macedonia,electricity,solar,PV,2075,0.204305229056
Moldova,electricity,solar,PV,2075,0.174792505134925
Norway,electricity,solar,PV,2075,0.107919521361368
Serbia and Montenegro,electricity,solar,PV,2075,0.18735181574057
Switzerland,electricity,solar,PV,2075,0.176697504829797
Turkey,electricity,solar,PV,2075,0.226465070019877
UK,electricity,solar,PV,2075,0.134816222755746
Ukraine,electricity,solar,PV,2075,0.166836983805164
USA,electricity,solar,PV_storage,2075,0.200000279262178
Africa_Eastern,electricity,solar,PV_storage,2075,0.282363478171743
Africa_Northern,electricity,solar,PV_storage,2075,0.280198967995972
Africa_Southern,electricity,solar,PV_storage,2075,0.275541447990102
Africa_Western,electricity,solar,PV_storage,2075,0.273570488177822
Australia_NZ,electricity,solar,PV_storage,2075,0.272521652317379
Brazil,electricity,solar,PV_storage,2075,0.246714494119666
Canada,electricity,solar,PV_storage,2075,0.12978073368063
Central America and Caribbean,electricity,solar,PV_storage,2075,0.251332170592837
Central Asia,electricity,solar,PV_storage,2075,0.214675695004816
China,electricity,solar,PV_storage,2075,0.239885029424203
India,electricity,solar,PV_storage,2075,0.247360718865892
Indonesia,electricity,solar,PV_storage,2075,0.231764576189658
Japan,electricity,solar,PV_storage,2075,0.18912205972257
Mexico,electricity,solar,PV_storage,2075,0.268432483099031
Middle East,electricity,solar,PV_storage,2075,0.273721280338651
Pakistan,electricity,solar,PV_storage,2075,0.259618517029136
Russia,electricity,solar,PV_storage,2075,0.130216351736842
South Africa,electricity,solar,PV_storage,2075,0.27614644654131
South America_Northern,electricity,solar,PV_storage,2075,0.243079328637708
South America_Southern,electricity,solar,PV_storage,2075,0.240659276187326
South Asia,electricity,solar,PV_storage,2075,0.254785655301063
South Korea,electricity,solar,PV_storage,2075,0.209226928209402
Southeast Asia,electricity,solar,PV_storage,2075,0.237728896244649
Taiwan,electricity,solar,PV_storage,2075,0.199958443018159
Argentina,electricity,solar,PV_storage,2075,0.232851931752879
Colombia,electricity,solar,PV_storage,2075,0.218840056417965
Austria,electricity,solar,PV_storage,2075,0.163455243731107
Belgium,electricity,solar,PV_storage,2075,0.143225724449106
Bulgaria,electricity,solar,PV_storage,2075,0.190861297351926
Croatia,electricity,solar,PV_storage,2075,0.199949506286242
Cyprus,electricity,solar,PV_storage,2075,0.264705268295264
Czech Republic,electricity,solar,PV_storage,2075,0.149634306962143
Denmark,electricity,solar,PV_storage,2075,0.14324996282501
Estonia,electricity,solar,PV_storage,2075,0.14661188563178
Finland,electricity,solar,PV_storage,2075,0.119730889567502
France,electricity,solar,PV_storage,2075,0.177887649432489
Germany,electricity,solar,PV_storage,2075,0.140070478878901
Greece,electricity,solar,PV_storage,2075,0.217983862176885
Hungary,electricity,solar,PV_storage,2075,0.17117315351492
Ireland,electricity,solar,PV_storage,2075,0.126292958889038
Italy,electricity,solar,PV_storage,2075,0.213707721616355
Latvia,electricity,solar,PV_storage,2075,0.147171396336953
Lithuania,electricity,solar,PV_storage,2075,0.15074350823642
Luxembourg,electricity,solar,PV_storage,2075,0.143952171971399
Malta,electricity,solar,PV_storage,2075,0.213707721616355
Netherlands,electricity,solar,PV_storage,2075,0.140118209010772
Poland,electricity,solar,PV_storage,2075,0.141236996722619
Portugal,electricity,solar,PV_storage,2075,0.230462913596333
Romania,electricity,solar,PV_storage,2075,0.178538073495712
Slovakia,electricity,solar,PV_storage,2075,0.148921211659216
Slovenia,electricity,solar,PV_storage,2075,0.177608877626111
Spain,electricity,solar,PV_storage,2075,0.224611720239651
Sweden,electricity,solar,PV_storage,2075,0.113378904866168
Albania,electricity,solar,PV_storage,2075,0.221596045909863
Belarus,electricity,solar,PV_storage,2075,0.145399218225467
Bosnia and Herzegovina,electricity,solar,PV_storage,2075,0.190354297079455
Iceland,electricity,solar,PV_storage,2075,0.103390584065286
Macedonia,electricity,solar,PV_storage,2075,0.204305229056
Moldova,electricity,solar,PV_storage,2075,0.174792505134925
Norway,electricity,solar,PV_storage,2075,0.107919521361368
Serbia and Montenegro,electricity,solar,PV_storage,2075,0.18735181574057
Switzerland,electricity,solar,PV_storage,2075,0.176697504829797
Turkey,electricity,solar,PV_storage,2075,0.226465070019877
UK,electricity,solar,PV_storage,2075,0.134816222755746
Ukraine,electricity,solar,PV_storage,2075,0.166836983805164
USA,electricity,solar,PV,2080,0.200000279262178
Africa_Eastern,electricity,solar,PV,2080,0.282363478171743
Africa_Northern,electricity,solar,PV,2080,0.280198967995972
Africa_Southern,electricity,solar,PV,2080,0.275541447990102
Africa_Western,electricity,solar,PV,2080,0.273570488177822
Australia_NZ,electricity,solar,PV,2080,0.272521652317379
Brazil,electricity,solar,PV,2080,0.246714494119666
Canada,electricity,solar,PV,2080,0.12978073368063
Central America and Caribbean,electricity,solar,PV,2080,0.251332170592837
Central Asia,electricity,solar,PV,2080,0.214675695004816
China,electricity,solar,PV,2080,0.239885029424203
India,electricity,solar,PV,2080,0.247360718865892
Indonesia,electricity,solar,PV,2080,0.231764576189658
Japan,electricity,solar,PV,2080,0.18912205972257
Mexico,electricity,solar,PV,2080,0.268432483099031
Middle East,electricity,solar,PV,2080,0.273721280338651
Pakistan,electricity,solar,PV,2080,0.259618517029136
Russia,electricity,solar,PV,2080,0.130216351736842
South Africa,electricity,solar,PV,2080,0.27614644654131
South America_Northern,electricity,solar,PV,2080,0.243079328637708
South America_Southern,electricity,solar,PV,2080,0.240659276187326
South Asia,electricity,solar,PV,2080,0.254785655301063
South Korea,electricity,solar,PV,2080,0.209226928209402
Southeast Asia,electricity,solar,PV,2080,0.237728896244649
Taiwan,electricity,solar,PV,2080,0.199958443018159
Argentina,electricity,solar,PV,2080,0.232851931752879
Colombia,electricity,solar,PV,2080,0.218840056417965
Austria,electricity,solar,PV,2080,0.163455243731107
Belgium,electricity,solar,PV,2080,0.143225724449106
Bulgaria,electricity,solar,PV,2080,0.190861297351926
Croatia,electricity,solar,PV,2080,0.199949506286242
Cyprus,electricity,solar,PV,2080,0.264705268295264
Czech Republic,electricity,solar,PV,2080,0.149634306962143
Denmark,electricity,solar,PV,2080,0.14324996282501
Estonia,electricity,solar,PV,2080,0.14661188563178
Finland,electricity,solar,PV,2080,0.119730889567502
France,electricity,solar,PV,2080,0.177887649432489
Germany,electricity,solar,PV,2080,0.140070478878901
Greece,electricity,solar,PV,2080,0.217983862176885
Hungary,electricity,solar,PV,2080,0.17117315351492
Ireland,electricity,solar,PV,2080,0.126292958889038
Italy,electricity,solar,PV,2080,0.213707721616355
Latvia,electricity,solar,PV,2080,0.147171396336953
Lithuania,electricity,solar,PV,2080,0.15074350823642
Luxembourg,electricity,solar,PV,2080,0.143952171971399
Malta,electricity,solar,PV,2080,0.213707721616355
Netherlands,electricity,solar,PV,2080,0.140118209010772
Poland,electricity,solar,PV,2080,0.141236996722619
Portugal,electricity,solar,PV,2080,0.230462913596333
Romania,electricity,solar,PV,2080,0.178538073495712
Slovakia,electricity,solar,PV,2080,0.148921211659216
Slovenia,electricity,solar,PV,2080,0.177608877626111
Spain,electricity,solar,PV,2080,0.224611720239651
Sweden,electricity,solar,PV,2080,0.113378904866168
Albania,electricity,solar,PV,2080,0.221596045909863
Belarus,electricity,solar,PV,2080,0.145399218225467
Bosnia and Herzegovina,electricity,solar,PV,2080,0.190354297079455
Iceland,electricity,solar,PV,2080,0.103390584065286
Macedonia,electricity,solar,PV,2080,0.204305229056
Moldova,electricity,solar,PV,2080,0.174792505134925
Norway,electricity,solar,PV,2080,0.107919521361368
Serbia and Montenegro,electricity,solar,PV,2080,0.18735181574057
Switzerland,electricity,solar,PV,2080,0.176697504829797
Turkey,electricity,solar,PV,2080,0.226465070019877
UK,electricity,solar,PV,2080,0.134816222755746
Ukraine,electricity,solar,PV,2080,0.166836983805164
USA,electricity,solar,PV_storage,2080,0.200000279262178
Africa_Eastern,electricity,solar,PV_storage,2080,0.282363478171743
Africa_Northern,electricity,solar,PV_storage,2080,0.280198967995972
Africa_Southern,electricity,solar,PV_storage,2080,0.275541447990102
Africa_Western,electricity,solar,PV_storage,2080,0.273570488177822
Australia_NZ,electricity,solar,PV_storage,2080,0.272521652317379
Brazil,electricity,solar,PV_storage,2080,0.246714494119666
Canada,electricity,solar,PV_storage,2080,0.12978073368063
Central America and Caribbean,electricity,solar,PV_storage,2080,0.251332170592837
Central Asia,electricity,solar,PV_storage,2080,0.214675695004816
China,electricity,solar,PV_storage,2080,0.239885029424203
India,electricity,solar,PV_storage,2080,0.247360718865892
Indonesia,electricity,solar,PV_storage,2080,0.231764576189658
Japan,electricity,solar,PV_storage,2080,0.18912205972257
Mexico,electricity,solar,PV_storage,2080,0.268432483099031
Middle East,electricity,solar,PV_storage,2080,0.273721280338651
Pakistan,electricity,solar,PV_storage,2080,0.259618517029136
Russia,electricity,solar,PV_storage,2080,0.130216351736842
South Africa,electricity,solar,PV_storage,2080,0.27614644654131
South America_Northern,electricity,solar,PV_storage,2080,0.243079328637708
South America_Southern,electricity,solar,PV_storage,2080,0.240659276187326
South Asia,electricity,solar,PV_storage,2080,0.254785655301063
South Korea,electricity,solar,PV_storage,2080,0.209226928209402
Southeast Asia,electricity,solar,PV_storage,2080,0.237728896244649
Taiwan,electricity,solar,PV_storage,2080,0.199958443018159
Argentina,electricity,solar,PV_storage,2080,0.232851931752879
Colombia,electricity,solar,PV_storage,2080,0.218840056417965
Austria,electricity,solar,PV_storage,2080,0.163455243731107
Belgium,electricity,solar,PV_storage,2080,0.143225724449106
Bulgaria,electricity,solar,PV_storage,2080,0.190861297351926
Croatia,electricity,solar,PV_storage,2080,0.199949506286242
Cyprus,electricity,solar,PV_storage,2080,0.264705268295264
Czech Republic,electricity,solar,PV_storage,2080,0.149634306962143
Denmark,electricity,solar,PV_storage,2080,0.14324996282501
Estonia,electricity,solar,PV_storage,2080,0.14661188563178
Finland,electricity,solar,PV_storage,2080,0.119730889567502
France,electricity,solar,PV_storage,2080,0.177887649432489
Germany,electricity,solar,PV_storage,2080,0.140070478878901
Greece,electricity,solar,PV_storage,2080,0.217983862176885
Hungary,electricity,solar,PV_storage,2080,0.17117315351492
Ireland,electricity,solar,PV_storage,2080,0.126292958889038
Italy,electricity,solar,PV_storage,2080,0.213707721616355
Latvia,electricity,solar,PV_storage,2080,0.147171396336953
Lithuania,electricity,solar,PV_storage,2080,0.15074350823642
Luxembourg,electricity,solar,PV_storage,2080,0.143952171971399
Malta,electricity,solar,PV_storage,2080,0.213707721616355
Netherlands,electricity,solar,PV_storage,2080,0.140118209010772
Poland,electricity,solar,PV_storage,2080,0.141236996722619
Portugal,electricity,solar,PV_storage,2080,0.230462913596333
Romania,electricity,solar,PV_storage,2080,0.178538073495712
Slovakia,electricity,solar,PV_storage,2080,0.148921211659216
Slovenia,electricity,solar,PV_storage,2080,0.177608877626111
Spain,electricity,solar,PV_storage,2080,0.224611720239651
Sweden,electricity,solar,PV_storage,2080,0.113378904866168
Albania,electricity,solar,PV_storage,2080,0.221596045909863
Belarus,electricity,solar,PV_storage,2080,0.145399218225467
Bosnia and Herzegovina,electricity,solar,PV_storage,2080,0.190354297079455
Iceland,electricity,solar,PV_storage,2080,0.103390584065286
Macedonia,electricity,solar,PV_storage,2080,0.204305229056
Moldova,electricity,solar,PV_storage,2080,0.174792505134925
Norway,electricity,solar,PV_storage,2080,0.107919521361368
Serbia and Montenegro,electricity,solar,PV_storage,2080,0.18735181574057
Switzerland,electricity,solar,PV_storage,2080,0.176697504829797
Turkey,electricity,solar,PV_storage,2080,0.226465070019877
UK,electricity,solar,PV_storage,2080,0.134816222755746
Ukraine,electricity,solar,PV_storage,2080,0.166836983805164
USA,electricity,solar,PV,2085,0.200000279262178
Africa_Eastern,electricity,solar,PV,2085,0.282363478171743
Africa_Northern,electricity,solar,PV,2085,0.280198967995972
Africa_Southern,electricity,solar,PV,2085,0.275541447990102
Africa_Western,electricity,solar,PV,2085,0.273570488177822
Australia_NZ,electricity,solar,PV,2085,0.272521652317379
Brazil,electricity,solar,PV,2085,0.246714494119666
Canada,electricity,solar,PV,2085,0.12978073368063
Central America and Caribbean,electricity,solar,PV,2085,0.251332170592837
Central Asia,electricity,solar,PV,2085,0.214675695004816
China,electricity,solar,PV,2085,0.239885029424203
India,electricity,solar,PV,2085,0.247360718865892
Indonesia,electricity,solar,PV,2085,0.231764576189658
Japan,electricity,solar,PV,2085,0.18912205972257
Mexico,electricity,solar,PV,2085,0.268432483099031
Middle East,electricity,solar,PV,2085,0.273721280338651
Pakistan,electricity,solar,PV,2085,0.259618517029136
Russia,electricity,solar,PV,2085,0.130216351736842
South Africa,electricity,solar,PV,2085,0.27614644654131
South America_Northern,electricity,solar,PV,2085,0.243079328637708
South America_Southern,electricity,solar,PV,2085,0.240659276187326
South Asia,electricity,solar,PV,2085,0.254785655301063
South Korea,electricity,solar,PV,2085,0.209226928209402
Southeast Asia,electricity,solar,PV,2085,0.237728896244649
Taiwan,electricity,solar,PV,2085,0.199958443018159
Argentina,electricity,solar,PV,2085,0.232851931752879
Colombia,electricity,solar,PV,2085,0.218840056417965
Austria,electricity,solar,PV,2085,0.163455243731107
Belgium,electricity,solar,PV,2085,0.143225724449106
Bulgaria,electricity,solar,PV,2085,0.190861297351926
Croatia,electricity,solar,PV,2085,0.199949506286242
Cyprus,electricity,solar,PV,2085,0.264705268295264
Czech Republic,electricity,solar,PV,2085,0.149634306962143
Denmark,electricity,solar,PV,2085,0.14324996282501
Estonia,electricity,solar,PV,2085,0.14661188563178
Finland,electricity,solar,PV,2085,0.119730889567502
France,electricity,solar,PV,2085,0.177887649432489
Germany,electricity,solar,PV,2085,0.140070478878901
Greece,electricity,solar,PV,2085,0.217983862176885
Hungary,electricity,solar,PV,2085,0.17117315351492
Ireland,electricity,solar,PV,2085,0.126292958889038
Italy,electricity,solar,PV,2085,0.213707721616355
Latvia,electricity,solar,PV,2085,0.147171396336953
Lithuania,electricity,solar,PV,2085,0.15074350823642
Luxembourg,electricity,solar,PV,2085,0.143952171971399
Malta,electricity,solar,PV,2085,0.213707721616355
Netherlands,electricity,solar,PV,2085,0.140118209010772
Poland,electricity,solar,PV,2085,0.141236996722619
Portugal,electricity,solar,PV,2085,0.230462913596333
Romania,electricity,solar,PV,2085,0.178538073495712
Slovakia,electricity,solar,PV,2085,0.148921211659216
Slovenia,electricity,solar,PV,2085,0.177608877626111
Spain,electricity,solar,PV,2085,0.224611720239651
Sweden,electricity,solar,PV,2085,0.113378904866168
Albania,electricity,solar,PV,2085,0.221596045909863
Belarus,electricity,solar,PV,2085,0.145399218225467
Bosnia and Herzegovina,electricity,solar,PV,2085,0.190354297079455
Iceland,electricity,solar,PV,2085,0.103390584065286
Macedonia,electricity,solar,PV,2085,0.204305229056
Moldova,electricity,solar,PV,2085,0.174792505134925
Norway,electricity,solar,PV,2085,0.107919521361368
Serbia and Montenegro,electricity,solar,PV,2085,0.18735181574057
Switzerland,electricity,solar,PV,2085,0.176697504829797
Turkey,electricity,solar,PV,2085,0.226465070019877
UK,electricity,solar,PV,2085,0.134816222755746
Ukraine,electricity,solar,PV,2085,0.166836983805164
USA,electricity,solar,PV_storage,2085,0.200000279262178
Africa_Eastern,electricity,solar,PV_storage,2085,0.282363478171743
Africa_Northern,electricity,solar,PV_storage,2085,0.280198967995972
Africa_Southern,electricity,solar,PV_storage,2085,0.275541447990102
Africa_Western,electricity,solar,PV_storage,2085,0.273570488177822
Australia_NZ,electricity,solar,PV_storage,2085,0.272521652317379
Brazil,electricity,solar,PV_storage,2085,0.246714494119666
Canada,electricity,solar,PV_storage,2085,0.12978073368063
Central America and Caribbean,electricity,solar,PV_storage,2085,0.251332170592837
Central Asia,electricity,solar,PV_storage,2085,0.214675695004816
China,electricity,solar,PV_storage,2085,0.239885029424203
India,electricity,solar,PV_storage,2085,0.247360718865892
Indonesia,electricity,solar,PV_storage,2085,0.231764576189658
Japan,electricity,solar,PV_storage,2085,0.18912205972257
Mexico,electricity,solar,PV_storage,2085,0.268432483099031
Middle East,electricity,solar,PV_storage,2085,0.273721280338651
Pakistan,electricity,solar,PV_storage,2085,0.259618517029136
Russia,electricity,solar,PV_storage,2085,0.130216351736842
South Africa,electricity,solar,PV_storage,2085,0.27614644654131
South America_Northern,electricity,solar,PV_storage,2085,0.243079328637708
South America_Southern,electricity,solar,PV_storage,2085,0.240659276187326
South Asia,electricity,solar,PV_storage,2085,0.254785655301063
South Korea,electricity,solar,PV_storage,2085,0.209226928209402
Southeast Asia,electricity,solar,PV_storage,2085,0.237728896244649
Taiwan,electricity,solar,PV_storage,2085,0.199958443018159
Argentina,electricity,solar,PV_storage,2085,0.232851931752879
Colombia,electricity,solar,PV_storage,2085,0.218840056417965
Austria,electricity,solar,PV_storage,2085,0.163455243731107
Belgium,electricity,solar,PV_storage,2085,0.143225724449106
Bulgaria,electricity,solar,PV_storage,2085,0.190861297351926
Croatia,electricity,solar,PV_storage,2085,0.199949506286242
Cyprus,electricity,solar,PV_storage,2085,0.264705268295264
Czech Republic,electricity,solar,PV_storage,2085,0.149634306962143
Denmark,electricity,solar,PV_storage,2085,0.14324996282501
Estonia,electricity,solar,PV_storage,2085,0.14661188563178
Finland,electricity,solar,PV_storage,2085,0.119730889567502
France,electricity,solar,PV_storage,2085,0.177887649432489
Germany,electricity,solar,PV_storage,2085,0.140070478878901
Greece,electricity,solar,PV_storage,2085,0.217983862176885
Hungary,electricity,solar,PV_storage,2085,0.17117315351492
Ireland,electricity,solar,PV_storage,2085,0.126292958889038
Italy,electricity,solar,PV_storage,2085,0.213707721616355
Latvia,electricity,solar,PV_storage,2085,0.147171396336953
Lithuania,electricity,solar,PV_storage,2085,0.15074350823642
Luxembourg,electricity,solar,PV_storage,2085,0.143952171971399
Malta,electricity,solar,PV_storage,2085,0.213707721616355
Netherlands,electricity,solar,PV_storage,2085,0.140118209010772
Poland,electricity,solar,PV_storage,2085,0.141236996722619
Portugal,electricity,solar,PV_storage,2085,0.230462913596333
Romania,electricity,solar,PV_storage,2085,0.178538073495712
Slovakia,electricity,solar,PV_storage,2085,0.148921211659216
Slovenia,electricity,solar,PV_storage,2085,0.177608877626111
Spain,electricity,solar,PV_storage,2085,0.224611720239651
Sweden,electricity,solar,PV_storage,2085,0.113378904866168
Albania,electricity,solar,PV_storage,2085,0.221596045909863
Belarus,electricity,solar,PV_storage,2085,0.145399218225467
Bosnia and Herzegovina,electricity,solar,PV_storage,2085,0.190354297079455
Iceland,electricity,solar,PV_storage,2085,0.103390584065286
Macedonia,electricity,solar,PV_storage,2085,0.204305229056
Moldova,electricity,solar,PV_storage,2085,0.174792505134925
Norway,electricity,solar,PV_storage,2085,0.107919521361368
Serbia and Montenegro,electricity,solar,PV_storage,2085,0.18735181574057
Switzerland,electricity,solar,PV_storage,2085,0.176697504829797
Turkey,electricity,solar,PV_storage,2085,0.226465070019877
UK,electricity,solar,PV_storage,2085,0.134816222755746
Ukraine,electricity,solar,PV_storage,2085,0.166836983805164
USA,electricity,solar,PV,2090,0.200000279262178
Africa_Eastern,electricity,solar,PV,2090,0.282363478171743
Africa_Northern,electricity,solar,PV,2090,0.280198967995972
Africa_Southern,electricity,solar,PV,2090,0.275541447990102
Africa_Western,electricity,solar,PV,2090,0.273570488177822
Australia_NZ,electricity,solar,PV,2090,0.272521652317379
Brazil,electricity,solar,PV,2090,0.246714494119666
Canada,electricity,solar,PV,2090,0.12978073368063
Central America and Caribbean,electricity,solar,PV,2090,0.251332170592837
Central Asia,electricity,solar,PV,2090,0.214675695004816
China,electricity,solar,PV,2090,0.239885029424203
India,electricity,solar,PV,2090,0.247360718865892
Indonesia,electricity,solar,PV,2090,0.231764576189658
Japan,electricity,solar,PV,2090,0.18912205972257
Mexico,electricity,solar,PV,2090,0.268432483099031
Middle East,electricity,solar,PV,2090,0.273721280338651
Pakistan,electricity,solar,PV,2090,0.259618517029136
Russia,electricity,solar,PV,2090,0.130216351736842
South Africa,electricity,solar,PV,2090,0.27614644654131
South America_Northern,electricity,solar,PV,2090,0.243079328637708
South America_Southern,electricity,solar,PV,2090,0.240659276187326
South Asia,electricity,solar,PV,2090,0.254785655301063
South Korea,electricity,solar,PV,2090,0.209226928209402
Southeast Asia,electricity,solar,PV,2090,0.237728896244649
Taiwan,electricity,solar,PV,2090,0.199958443018159
Argentina,electricity,solar,PV,2090,0.232851931752879
Colombia,electricity,solar,PV,2090,0.218840056417965
Austria,electricity,solar,PV,2090,0.163455243731107
Belgium,electricity,solar,PV,2090,0.143225724449106
Bulgaria,electricity,solar,PV,2090,0.190861297351926
Croatia,electricity,solar,PV,2090,0.199949506286242
Cyprus,electricity,solar,PV,2090,0.264705268295264
Czech Republic,electricity,solar,PV,2090,0.149634306962143
Denmark,electricity,solar,PV,2090,0.14324996282501
Estonia,electricity,solar,PV,2090,0.14661188563178
Finland,electricity,solar,PV,2090,0.119730889567502
France,electricity,solar,PV,2090,0.177887649432489
Germany,electricity,solar,PV,2090,0.140070478878901
Greece,electricity,solar,PV,2090,0.217983862176885
Hungary,electricity,solar,PV,2090,0.17117315351492
Ireland,electricity,solar,PV,2090,0.126292958889038
Italy,electricity,solar,PV,2090,0.213707721616355
Latvia,electricity,solar,PV,2090,0.147171396336953
Lithuania,electricity,solar,PV,2090,0.15074350823642
Luxembourg,electricity,solar,PV,2090,0.143952171971399
Malta,electricity,solar,PV,2090,0.213707721616355
Netherlands,electricity,solar,PV,2090,0.140118209010772
Poland,electricity,solar,PV,2090,0.141236996722619
Portugal,electricity,solar,PV,2090,0.230462913596333
Romania,electricity,solar,PV,2090,0.178538073495712
Slovakia,electricity,solar,PV,2090,0.148921211659216
Slovenia,electricity,solar,PV,2090,0.177608877626111
Spain,electricity,solar,PV,2090,0.224611720239651
Sweden,electricity,solar,PV,2090,0.113378904866168
Albania,electricity,solar,PV,2090,0.221596045909863
Belarus,electricity,solar,PV,2090,0.145399218225467
Bosnia and Herzegovina,electricity,solar,PV,2090,0.190354297079455
Iceland,electricity,solar,PV,2090,0.103390584065286
Macedonia,electricity,solar,PV,2090,0.204305229056
Moldova,electricity,solar,PV,2090,0.174792505134925
Norway,electricity,solar,PV,2090,0.107919521361368
Serbia and Montenegro,electricity,solar,PV,2090,0.18735181574057
Switzerland,electricity,solar,PV,2090,0.176697504829797
Turkey,electricity,solar,PV,2090,0.226465070019877
UK,electricity,solar,PV,2090,0.134816222755746
Ukraine,electricity,solar,PV,2090,0.166836983805164
USA,electricity,solar,PV_storage,2090,0.200000279262178
Africa_Eastern,electricity,solar,PV_storage,2090,0.282363478171743
Africa_Northern,electricity,solar,PV_storage,2090,0.280198967995972
Africa_Southern,electricity,solar,PV_storage,2090,0.275541447990102
Africa_Western,electricity,solar,PV_storage,2090,0.273570488177822
Australia_NZ,electricity,solar,PV_storage,2090,0.272521652317379
Brazil,electricity,solar,PV_storage,2090,0.246714494119666
Canada,electricity,solar,PV_storage,2090,0.12978073368063
Central America and Caribbean,electricity,solar,PV_storage,2090,0.251332170592837
Central Asia,electricity,solar,PV_storage,2090,0.214675695004816
China,electricity,solar,PV_storage,2090,0.239885029424203
India,electricity,solar,PV_storage,2090,0.247360718865892
Indonesia,electricity,solar,PV_storage,2090,0.231764576189658
Japan,electricity,solar,PV_storage,2090,0.18912205972257
Mexico,electricity,solar,PV_storage,2090,0.268432483099031
Middle East,electricity,solar,PV_storage,2090,0.273721280338651
Pakistan,electricity,solar,PV_storage,2090,0.259618517029136
Russia,electricity,solar,PV_storage,2090,0.130216351736842
South Africa,electricity,solar,PV_storage,2090,0.27614644654131
South America_Northern,electricity,solar,PV_storage,2090,0.243079328637708
South America_Southern,electricity,solar,PV_storage,2090,0.240659276187326
South Asia,electricity,solar,PV_storage,2090,0.254785655301063
South Korea,electricity,solar,PV_storage,2090,0.209226928209402
Southeast Asia,electricity,solar,PV_storage,2090,0.237728896244649
Taiwan,electricity,solar,PV_storage,2090,0.199958443018159
Argentina,electricity,solar,PV_storage,2090,0.232851931752879
Colombia,electricity,solar,PV_storage,2090,0.218840056417965
Austria,electricity,solar,PV_storage,2090,0.163455243731107
Belgium,electricity,solar,PV_storage,2090,0.143225724449106
Bulgaria,electricity,solar,PV_storage,2090,0.190861297351926
Croatia,electricity,solar,PV_storage,2090,0.199949506286242
Cyprus,electricity,solar,PV_storage,2090,0.264705268295264
Czech Republic,electricity,solar,PV_storage,2090,0.149634306962143
Denmark,electricity,solar,PV_storage,2090,0.14324996282501
Estonia,electricity,solar,PV_storage,2090,0.14661188563178
Finland,electricity,solar,PV_storage,2090,0.119730889567502
France,electricity,solar,PV_storage,2090,0.177887649432489
Germany,electricity,solar,PV_storage,2090,0.140070478878901
Greece,electricity,solar,PV_storage,2090,0.217983862176885
Hungary,electricity,solar,PV_storage,2090,0.17117315351492
Ireland,electricity,solar,PV_storage,2090,0.126292958889038
Italy,electricity,solar,PV_storage,2090,0.213707721616355
Latvia,electricity,solar,PV_storage,2090,0.147171396336953
Lithuania,electricity,solar,PV_storage,2090,0.15074350823642
Luxembourg,electricity,solar,PV_storage,2090,0.143952171971399
Malta,electricity,solar,PV_storage,2090,0.213707721616355
Netherlands,electricity,solar,PV_storage,2090,0.140118209010772
Poland,electricity,solar,PV_storage,2090,0.141236996722619
Portugal,electricity,solar,PV_storage,2090,0.230462913596333
Romania,electricity,solar,PV_storage,2090,0.178538073495712
Slovakia,electricity,solar,PV_storage,2090,0.148921211659216
Slovenia,electricity,solar,PV_storage,2090,0.177608877626111
Spain,electricity,solar,PV_storage,2090,0.224611720239651
Sweden,electricity,solar,PV_storage,2090,0.113378904866168
Albania,electricity,solar,PV_storage,2090,0.221596045909863
Belarus,electricity,solar,PV_storage,2090,0.145399218225467
Bosnia and Herzegovina,electricity,solar,PV_storage,2090,0.190354297079455
Iceland,electricity,solar,PV_storage,2090,0.103390584065286
Macedonia,electricity,solar,PV_storage,2090,0.204305229056
Moldova,electricity,solar,PV_storage,2090,0.174792505134925
Norway,electricity,solar,PV_storage,2090,0.107919521361368
Serbia and Montenegro,electricity,solar,PV_storage,2090,0.18735181574057
Switzerland,electricity,solar,PV_storage,2090,0.176697504829797
Turkey,electricity,solar,PV_storage,2090,0.226465070019877
UK,electricity,solar,PV_storage,2090,0.134816222755746
Ukraine,electricity,solar,PV_storage,2090,0.166836983805164
USA,electricity,solar,PV,2095,0.200000279262178
Africa_Eastern,electricity,solar,PV,2095,0.282363478171743
Africa_Northern,electricity,solar,PV,2095,0.280198967995972
Africa_Southern,electricity,solar,PV,2095,0.275541447990102
Africa_Western,electricity,solar,PV,2095,0.273570488177822
Australia_NZ,electricity,solar,PV,2095,0.272521652317379
Brazil,electricity,solar,PV,2095,0.246714494119666
Canada,electricity,solar,PV,2095,0.12978073368063
Central America and Caribbean,electricity,solar,PV,2095,0.251332170592837
Central Asia,electricity,solar,PV,2095,0.214675695004816
China,electricity,solar,PV,2095,0.239885029424203
India,electricity,solar,PV,2095,0.247360718865892
Indonesia,electricity,solar,PV,2095,0.231764576189658
Japan,electricity,solar,PV,2095,0.18912205972257
Mexico,electricity,solar,PV,2095,0.268432483099031
Middle East,electricity,solar,PV,2095,0.273721280338651
Pakistan,electricity,solar,PV,2095,0.259618517029136
Russia,electricity,solar,PV,2095,0.130216351736842
South Africa,electricity,solar,PV,2095,0.27614644654131
South America_Northern,electricity,solar,PV,2095,0.243079328637708
South America_Southern,electricity,solar,PV,2095,0.240659276187326
South Asia,electricity,solar,PV,2095,0.254785655301063
South Korea,electricity,solar,PV,2095,0.209226928209402
Southeast Asia,electricity,solar,PV,2095,0.237728896244649
Taiwan,electricity,solar,PV,2095,0.199958443018159
Argentina,electricity,solar,PV,2095,0.232851931752879
Colombia,electricity,solar,PV,2095,0.218840056417965
Austria,electricity,solar,PV,2095,0.163455243731107
Belgium,electricity,solar,PV,2095,0.143225724449106
Bulgaria,electricity,solar,PV,2095,0.190861297351926
Croatia,electricity,solar,PV,2095,0.199949506286242
Cyprus,electricity,solar,PV,2095,0.264705268295264
Czech Republic,electricity,solar,PV,2095,0.149634306962143
Denmark,electricity,solar,PV,2095,0.14324996282501
Estonia,electricity,solar,PV,2095,0.14661188563178
Finland,electricity,solar,PV,2095,0.119730889567502
France,electricity,solar,PV,2095,0.177887649432489
Germany,electricity,solar,PV,2095,0.140070478878901
Greece,electricity,solar,PV,2095,0.217983862176885
Hungary,electricity,solar,PV,2095,0.17117315351492
Ireland,electricity,solar,PV,2095,0.126292958889038
Italy,electricity,solar,PV,2095,0.213707721616355
Latvia,electricity,solar,PV,2095,0.147171396336953
Lithuania,electricity,solar,PV,2095,0.15074350823642
Luxembourg,electricity,solar,PV,2095,0.143952171971399
Malta,electricity,solar,PV,2095,0.213707721616355
Netherlands,electricity,solar,PV,2095,0.140118209010772
Poland,electricity,solar,PV,2095,0.141236996722619
Portugal,electricity,solar,PV,2095,0.230462913596333
Romania,electricity,solar,PV,2095,0.178538073495712
Slovakia,electricity,solar,PV,2095,0.148921211659216
Slovenia,electricity,solar,PV,2095,0.177608877626111
Spain,electricity,solar,PV,2095,0.224611720239651
Sweden,electricity,solar,PV,2095,0.113378904866168
Albania,electricity,solar,PV,2095,0.221596045909863
Belarus,electricity,solar,PV,2095,0.145399218225467
Bosnia and Herzegovina,electricity,solar,PV,2095,0.190354297079455
Iceland,electricity,solar,PV,2095,0.103390584065286
Macedonia,electricity,solar,PV,2095,0.204305229056
Moldova,electricity,solar,PV,2095,0.174792505134925
Norway,electricity,solar,PV,2095,0.107919521361368
Serbia and Montenegro,electricity,solar,PV,2095,0.18735181574057
Switzerland,electricity,solar,PV,2095,0.176697504829797
Turkey,electricity,solar,PV,2095,0.226465070019877
UK,electricity,solar,PV,2095,0.134816222755746
Ukraine,electricity,solar,PV,2095,0.166836983805164
USA,electricity,solar,PV_storage,2095,0.200000279262178
Africa_Eastern,electricity,solar,PV_storage,2095,0.282363478171743
Africa_Northern,electricity,solar,PV_storage,2095,0.280198967995972
Africa_Southern,electricity,solar,PV_storage,2095,0.275541447990102
Africa_Western,electricity,solar,PV_storage,2095,0.273570488177822
Australia_NZ,electricity,solar,PV_storage,2095,0.272521652317379
Brazil,electricity,solar,PV_storage,2095,0.246714494119666
Canada,electricity,solar,PV_storage,2095,0.12978073368063
Central America and Caribbean,electricity,solar,PV_storage,2095,0.251332170592837
Central Asia,electricity,solar,PV_storage,2095,0.214675695004816
China,electricity,solar,PV_storage,2095,0.239885029424203
India,electricity,solar,PV_storage,2095,0.247360718865892
Indonesia,electricity,solar,PV_storage,2095,0.231764576189658
Japan,electricity,solar,PV_storage,2095,0.18912205972257
Mexico,electricity,solar,PV_storage,2095,0.268432483099031
Middle East,electricity,solar,PV_storage,2095,0.273721280338651
Pakistan,electricity,solar,PV_storage,2095,0.259618517029136
Russia,electricity,solar,PV_storage,2095,0.130216351736842
South Africa,electricity,solar,PV_storage,2095,0.27614644654131
South America_Northern,electricity,solar,PV_storage,2095,0.243079328637708
South America_Southern,electricity,solar,PV_storage,2095,0.240659276187326
South Asia,electricity,solar,PV_storage,2095,0.254785655301063
South Korea,electricity,solar,PV_storage,2095,0.209226928209402
Southeast Asia,electricity,solar,PV_storage,2095,0.237728896244649
Taiwan,electricity,solar,PV_storage,2095,0.199958443018159
Argentina,electricity,solar,PV_storage,2095,0.232851931752879
Colombia,electricity,solar,PV_storage,2095,0.218840056417965
Austria,electricity,solar,PV_storage,2095,0.163455243731107
Belgium,electricity,solar,PV_storage,2095,0.143225724449106
Bulgaria,electricity,solar,PV_storage,2095,0.190861297351926
Croatia,electricity,solar,PV_storage,2095,0.199949506286242
Cyprus,electricity,solar,PV_storage,2095,0.264705268295264
Czech Republic,electricity,solar,PV_storage,2095,0.149634306962143
Denmark,electricity,solar,PV_storage,2095,0.14324996282501
Estonia,electricity,solar,PV_storage,2095,0.14661188563178
Finland,electricity,solar,PV_storage,2095,0.119730889567502
France,electricity,solar,PV_storage,2095,0.177887649432489
Germany,electricity,solar,PV_storage,2095,0.140070478878901
Greece,electricity,solar,PV_storage,2095,0.217983862176885
Hungary,electricity,solar,PV_storage,2095,0.17117315351492
Ireland,electricity,solar,PV_storage,2095,0.126292958889038
Italy,electricity,solar,PV_storage,2095,0.213707721616355
Latvia,electricity,solar,PV_storage,2095,0.147171396336953
Lithuania,electricity,solar,PV_storage,2095,0.15074350823642
Luxembourg,electricity,solar,PV_storage,2095,0.143952171971399
Malta,electricity,solar,PV_storage,2095,0.213707721616355
Netherlands,electricity,solar,PV_storage,2095,0.140118209010772
Poland,electricity,solar,PV_storage,2095,0.141236996722619
Portugal,electricity,solar,PV_storage,2095,0.230462913596333
Romania,electricity,solar,PV_storage,2095,0.178538073495712
Slovakia,electricity,solar,PV_storage,2095,0.148921211659216
Slovenia,electricity,solar,PV_storage,2095,0.177608877626111
Spain,electricity,solar,PV_storage,2095,0.224611720239651
Sweden,electricity,solar,PV_storage,2095,0.113378904866168
Albania,electricity,solar,PV_storage,2095,0.221596045909863
Belarus,electricity,solar,PV_storage,2095,0.145399218225467
Bosnia and Herzegovina,electricity,solar,PV_storage,2095,0.190354297079455
Iceland,electricity,solar,PV_storage,2095,0.103390584065286
Macedonia,electricity,solar,PV_storage,2095,0.204305229056
Moldova,electricity,solar,PV_storage,2095,0.174792505134925
Norway,electricity,solar,PV_storage,2095,0.107919521361368
Serbia and Montenegro,electricity,solar,PV_storage,2095,0.18735181574057
Switzerland,electricity,solar,PV_storage,2095,0.176697504829797
Turkey,electricity,solar,PV_storage,2095,0.226465070019877
UK,electricity,solar,PV_storage,2095,0.134816222755746
Ukraine,electricity,solar,PV_storage,2095,0.166836983805164
USA,electricity,solar,PV,2100,0.200000279262178
Africa_Eastern,electricity,solar,PV,2100,0.282363478171743
Africa_Northern,electricity,solar,PV,2100,0.280198967995972
Africa_Southern,electricity,solar,PV,2100,0.275541447990102
Africa_Western,electricity,solar,PV,2100,0.273570488177822
Australia_NZ,electricity,solar,PV,2100,0.272521652317379
Brazil,electricity,solar,PV,2100,0.246714494119666
Canada,electricity,solar,PV,2100,0.12978073368063
Central America and Caribbean,electricity,solar,PV,2100,0.251332170592837
Central Asia,electricity,solar,PV,2100,0.214675695004816
China,electricity,solar,PV,2100,0.239885029424203
India,electricity,solar,PV,2100,0.247360718865892
Indonesia,electricity,solar,PV,2100,0.231764576189658
Japan,electricity,solar,PV,2100,0.18912205972257
Mexico,electricity,solar,PV,2100,0.268432483099031
Middle East,electricity,solar,PV,2100,0.273721280338651
Pakistan,electricity,solar,PV,2100,0.259618517029136
Russia,electricity,solar,PV,2100,0.130216351736842
South Africa,electricity,solar,PV,2100,0.27614644654131
South America_Northern,electricity,solar,PV,2100,0.243079328637708
South America_Southern,electricity,solar,PV,2100,0.240659276187326
South Asia,electricity,solar,PV,2100,0.254785655301063
South Korea,electricity,solar,PV,2100,0.209226928209402
Southeast Asia,electricity,solar,PV,2100,0.237728896244649
Taiwan,electricity,solar,PV,2100,0.199958443018159
Argentina,electricity,solar,PV,2100,0.232851931752879
Colombia,electricity,solar,PV,2100,0.218840056417965
Austria,electricity,solar,PV,2100,0.163455243731107
Belgium,electricity,solar,PV,2100,0.143225724449106
Bulgaria,electricity,solar,PV,2100,0.190861297351926
Croatia,electricity,solar,PV,2100,0.199949506286242
Cyprus,electricity,solar,PV,2100,0.264705268295264
Czech Republic,electricity,solar,PV,2100,0.149634306962143
Denmark,electricity,solar,PV,2100,0.14324996282501
Estonia,electricity,solar,PV,2100,0.14661188563178
Finland,electricity,solar,PV,2100,0.119730889567502
France,electricity,solar,PV,2100,0.177887649432489
Germany,electricity,solar,PV,2100,0.140070478878901
Greece,electricity,solar,PV,2100,0.217983862176885
Hungary,electricity,solar,PV,2100,0.17117315351492
Ireland,electricity,solar,PV,2100,0.126292958889038
Italy,electricity,solar,PV,2100,0.213707721616355
Latvia,electricity,solar,PV,2100,0.147171396336953
Lithuania,electricity,solar,PV,2100,0.15074350823642
Luxembourg,electricity,solar,PV,2100,0.143952171971399
Malta,electricity,solar,PV,2100,0.213707721616355
Netherlands,electricity,solar,PV,2100,0.140118209010772
Poland,electricity,solar,PV,2100,0.141236996722619
Portugal,electricity,solar,PV,2100,0.230462913596333
Romania,electricity,solar,PV,2100,0.178538073495712
Slovakia,electricity,solar,PV,2100,0.148921211659216
Slovenia,electricity,solar,PV,2100,0.177608877626111
Spain,electricity,solar,PV,2100,0.224611720239651
Sweden,electricity,solar,PV,2100,0.113378904866168
Albania,electricity,solar,PV,2100,0.221596045909863
Belarus,electricity,solar,PV,2100,0.145399218225467
Bosnia and Herzegovina,electricity,solar,PV,2100,0.190354297079455
Iceland,electricity,solar,PV,2100,0.103390584065286
Macedonia,electricity,solar,PV,2100,0.204305229056
Moldova,electricity,solar,PV,2100,0.174792505134925
Norway,electricity,solar,PV,2100,0.107919521361368
Serbia and Montenegro,electricity,solar,PV,2100,0.18735181574057
Switzerland,electricity,solar,PV,2100,0.176697504829797
Turkey,electricity,solar,PV,2100,0.226465070019877
UK,electricity,solar,PV,2100,0.134816222755746
Ukraine,electricity,solar,PV,2100,0.166836983805164
USA,electricity,solar,PV_storage,2100,0.200000279262178
Africa_Eastern,electricity,solar,PV_storage,2100,0.282363478171743
Africa_Northern,electricity,solar,PV_storage,2100,0.280198967995972
Africa_Southern,electricity,solar,PV_storage,2100,0.275541447990102
Africa_Western,electricity,solar,PV_storage,2100,0.273570488177822
Australia_NZ,electricity,solar,PV_storage,2100,0.272521652317379
Brazil,electricity,solar,PV_storage,2100,0.246714494119666
Canada,electricity,solar,PV_storage,2100,0.12978073368063
Central America and Caribbean,electricity,solar,PV_storage,2100,0.251332170592837
Central Asia,electricity,solar,PV_storage,2100,0.214675695004816
China,electricity,solar,PV_storage,2100,0.239885029424203
India,electricity,solar,PV_storage,2100,0.247360718865892
Indonesia,electricity,solar,PV_storage,2100,0.231764576189658
Japan,electricity,solar,PV_storage,2100,0.18912205972257
Mexico,electricity,solar,PV_storage,2100,0.268432483099031
Middle East,electricity,solar,PV_storage,2100,0.273721280338651
Pakistan,electricity,solar,PV_storage,2100,0.259618517029136
Russia,electricity,solar,PV_storage,2100,0.130216351736842
South Africa,electricity,solar,PV_storage,2100,0.27614644654131
South America_Northern,electricity,solar,PV_storage,2100,0.243079328637708
South America_Southern,electricity,solar,PV_storage,2100,0.240659276187326
South Asia,electricity,solar,PV_storage,2100,0.254785655301063
South Korea,electricity,solar,PV_storage,2100,0.209226928209402
Southeast Asia,electricity,solar,PV_storage,2100,0.237728896244649
Taiwan,electricity,solar,PV_storage,2100,0.199958443018159
Argentina,electricity,solar,PV_storage,2100,0.232851931752879
Colombia,electricity,solar,PV_storage,2100,0.218840056417965
Austria,electricity,solar,PV_storage,2100,0.163455243731107
Belgium,electricity,solar,PV_storage,2100,0.143225724449106
Bulgaria,electricity,solar,PV_storage,2100,0.190861297351926
Croatia,electricity,solar,PV_storage,2100,0.199949506286242
Cyprus,electricity,solar,PV_storage,2100,0.264705268295264
Czech Republic,electricity,solar,PV_storage,2100,0.149634306962143
Denmark,electricity,solar,PV_storage,2100,0.14324996282501
Estonia,electricity,solar,PV_storage,2100,0.14661188563178
Finland,electricity,solar,PV_storage,2100,0.119730889567502
France,electricity,solar,PV_storage,2100,0.177887649432489
Germany,electricity,solar,PV_storage,2100,0.140070478878901
Greece,electricity,solar,PV_storage,2100,0.217983862176885
Hungary,electricity,solar,PV_storage,2100,0.17117315351492
Ireland,electricity,solar,PV_storage,2100,0.126292958889038
Italy,electricity,solar,PV_storage,2100,0.213707721616355
Latvia,electricity,solar,PV_storage,2100,0.147171396336953
Lithuania,electricity,solar,PV_storage,2100,0.15074350823642
Luxembourg,electricity,solar,PV_storage,2100,0.143952171971399
Malta,electricity,solar,PV_storage,2100,0.213707721616355
Netherlands,electricity,solar,PV_storage,2100,0.140118209010772
Poland,electricity,solar,PV_storage,2100,0.141236996722619
Portugal,electricity,solar,PV_storage,2100,0.230462913596333
Romania,electricity,solar,PV_storage,2100,0.178538073495712
Slovakia,electricity,solar,PV_storage,2100,0.148921211659216
Slovenia,electricity,solar,PV_storage,2100,0.177608877626111
Spain,electricity,solar,PV_storage,2100,0.224611720239651
Sweden,electricity,solar,PV_storage,2100,0.113378904866168
Albania,electricity,solar,PV_storage,2100,0.221596045909863
Belarus,electricity,solar,PV_storage,2100,0.145399218225467
Bosnia and Herzegovina,electricity,solar,PV_storage,2100,0.190354297079455
Iceland,electricity,solar,PV_storage,2100,0.103390584065286
Macedonia,electricity,solar,PV_storage,2100,0.204305229056
Moldova,electricity,solar,PV_storage,2100,0.174792505134925
Norway,electricity,solar,PV_storage,2100,0.107919521361368
Serbia and Montenegro,electricity,solar,PV_storage,2100,0.18735181574057
Switzerland,electricity,solar,PV_storage,2100,0.176697504829797
Turkey,electricity,solar,PV_storage,2100,0.226465070019877
UK,electricity,solar,PV_storage,2100,0.134816222755746
Ukraine,electricity,solar,PV_storage,2100,0.166836983805164
USA,electricity,solar,CSP,1975,0.250000123561066
Africa_Eastern,electricity,solar,CSP,1975,0.246298622654973
Africa_Northern,electricity,solar,CSP,1975,0.237111363737208
Africa_Southern,electricity,solar,CSP,1975,0.237771305248752
Africa_Western,electricity,solar,CSP,1975,0.243423453481255
Australia_NZ,electricity,solar,CSP,1975,0.231893253369818
Brazil,electricity,solar,CSP,1975,0.305748843875073
Canada,electricity,solar,CSP,1975,0.348881693968625
Central America and Caribbean,electricity,solar,CSP,1975,0.273932163751151
Central Asia,electricity,solar,CSP,1975,0.284730779363758
China,electricity,solar,CSP,1975,0.253152242562433
India,electricity,solar,CSP,1975,0.281168953279745
Indonesia,electricity,solar,CSP,1975,0.333299228536159
Japan,electricity,solar,CSP,1975,0.384107542683657
Mexico,electricity,solar,CSP,1975,0.252943549997605
Middle East,electricity,solar,CSP,1975,0.23813904238993
Pakistan,electricity,solar,CSP,1975,0.267051928677241
Russia,electricity,solar,CSP,1975,0.375458669979537
South Africa,electricity,solar,CSP,1975,0.221167551091183
South America_Northern,electricity,solar,CSP,1975,0.280587890806533
South America_Southern,electricity,solar,CSP,1975,0.241142534298336
South Asia,electricity,solar,CSP,1975,0.27511359435969
South Korea,electricity,solar,CSP,1975,0.339213181696283
Southeast Asia,electricity,solar,CSP,1975,0.280020623241139
Taiwan,electricity,solar,CSP,1975,0.401339283245279
Argentina,electricity,solar,CSP,1975,0.236884856848872
Colombia,electricity,solar,CSP,1975,0.324062612102241
Austria,electricity,solar,CSP,1975,0.00025
Belgium,electricity,solar,CSP,1975,0.00025
Bulgaria,electricity,solar,CSP,1975,0.366384154901447
Croatia,electricity,solar,CSP,1975,0.266641008670509
Cyprus,electricity,solar,CSP,1975,0.242692857443994
Czech Republic,electricity,solar,CSP,1975,0.00025
Denmark,electricity,solar,CSP,1975,0.00025
Estonia,electricity,solar,CSP,1975,0.00025
Finland,electricity,solar,CSP,1975,0.00025
France,electricity,solar,CSP,1975,0.305213489274871
Germany,electricity,solar,CSP,1975,0.00025
Greece,electricity,solar,CSP,1975,0.245254189656401
Hungary,electricity,solar,CSP,1975,0.00025
Ireland,electricity,solar,CSP,1975,0.00025
Italy,electricity,solar,CSP,1975,0.288238493028135
Latvia,electricity,solar,CSP,1975,0.00025
Lithuania,electricity,solar,CSP,1975,0.00025
Luxembourg,electricity,solar,CSP,1975,0.00025
Malta,electricity,solar,CSP,1975,0.242730656855584
Netherlands,electricity,solar,CSP,1975,0.00025
Poland,electricity,solar,CSP,1975,0.00025
Portugal,electricity,solar,CSP,1975,0.299396396586715
Romania,electricity,solar,CSP,1975,0.362264362383144
Slovakia,electricity,solar,CSP,1975,0.00025
Slovenia,electricity,solar,CSP,1975,0.00025
Spain,electricity,solar,CSP,1975,0.261946963722364
Sweden,electricity,solar,CSP,1975,0.00025
Albania,electricity,solar,CSP,1975,0.26151325685674
Belarus,electricity,solar,CSP,1975,0.00025
Bosnia and Herzegovina,electricity,solar,CSP,1975,0.00025
Iceland,electricity,solar,CSP,1975,0.00025
Macedonia,electricity,solar,CSP,1975,0.00025
Moldova,electricity,solar,CSP,1975,0.00025
Norway,electricity,solar,CSP,1975,0.00025
Serbia and Montenegro,electricity,solar,CSP,1975,0.00025
Switzerland,electricity,solar,CSP,1975,0.00025
Turkey,electricity,solar,CSP,1975,0.280487918542216
UK,electricity,solar,CSP,1975,0.251296632965848
Ukraine,electricity,solar,CSP,1975,0.330465572806087
USA,electricity,solar,CSP_storage,1975,0.500000123561066
Africa_Eastern,electricity,solar,CSP_storage,1975,0.496298622654973
Africa_Northern,electricity,solar,CSP_storage,1975,0.487111363737208
Africa_Southern,electricity,solar,CSP_storage,1975,0.487771305248752
Africa_Western,electricity,solar,CSP_storage,1975,0.493423453481255
Australia_NZ,electricity,solar,CSP_storage,1975,0.481893253369818
Brazil,electricity,solar,CSP_storage,1975,0.555748843875073
Canada,electricity,solar,CSP_storage,1975,0.598881693968625
Central America and Caribbean,electricity,solar,CSP_storage,1975,0.523932163751151
Central Asia,electricity,solar,CSP_storage,1975,0.534730779363758
China,electricity,solar,CSP_storage,1975,0.503152242562433
India,electricity,solar,CSP_storage,1975,0.531168953279745
Indonesia,electricity,solar,CSP_storage,1975,0.583299228536159
Japan,electricity,solar,CSP_storage,1975,0.634107542683657
Mexico,electricity,solar,CSP_storage,1975,0.502943549997605
Middle East,electricity,solar,CSP_storage,1975,0.48813904238993
Pakistan,electricity,solar,CSP_storage,1975,0.517051928677241
Russia,electricity,solar,CSP_storage,1975,0.625458669979537
South Africa,electricity,solar,CSP_storage,1975,0.471167551091183
South America_Northern,electricity,solar,CSP_storage,1975,0.530587890806533
South America_Southern,electricity,solar,CSP_storage,1975,0.491142534298336
South Asia,electricity,solar,CSP_storage,1975,0.52511359435969
South Korea,electricity,solar,CSP_storage,1975,0.589213181696283
Southeast Asia,electricity,solar,CSP_storage,1975,0.53002062324114
Taiwan,electricity,solar,CSP_storage,1975,0.651339283245279
Argentina,electricity,solar,CSP_storage,1975,0.486884856848872
Colombia,electricity,solar,CSP_storage,1975,0.574062612102241
Austria,electricity,solar,CSP_storage,1975,0.25025
Belgium,electricity,solar,CSP_storage,1975,0.25025
Bulgaria,electricity,solar,CSP_storage,1975,0.616384154901447
Croatia,electricity,solar,CSP_storage,1975,0.516641008670509
Cyprus,electricity,solar,CSP_storage,1975,0.492692857443994
Czech Republic,electricity,solar,CSP_storage,1975,0.25025
Denmark,electricity,solar,CSP_storage,1975,0.25025
Estonia,electricity,solar,CSP_storage,1975,0.25025
Finland,electricity,solar,CSP_storage,1975,0.25025
France,electricity,solar,CSP_storage,1975,0.555213489274871
Germany,electricity,solar,CSP_storage,1975,0.25025
Greece,electricity,solar,CSP_storage,1975,0.495254189656401
Hungary,electricity,solar,CSP_storage,1975,0.25025
Ireland,electricity,solar,CSP_storage,1975,0.25025
Italy,electricity,solar,CSP_storage,1975,0.538238493028135
Latvia,electricity,solar,CSP_storage,1975,0.25025
Lithuania,electricity,solar,CSP_storage,1975,0.25025
Luxembourg,electricity,solar,CSP_storage,1975,0.25025
Malta,electricity,solar,CSP_storage,1975,0.492730656855584
Netherlands,electricity,solar,CSP_storage,1975,0.25025
Poland,electricity,solar,CSP_storage,1975,0.25025
Portugal,electricity,solar,CSP_storage,1975,0.549396396586715
Romania,electricity,solar,CSP_storage,1975,0.612264362383144
Slovakia,electricity,solar,CSP_storage,1975,0.25025
Slovenia,electricity,solar,CSP_storage,1975,0.25025
Spain,electricity,solar,CSP_storage,1975,0.511946963722364
Sweden,electricity,solar,CSP_storage,1975,0.25025
Albania,electricity,solar,CSP_storage,1975,0.51151325685674
Belarus,electricity,solar,CSP_storage,1975,0.25025
Bosnia and Herzegovina,electricity,solar,CSP_storage,1975,0.25025
Iceland,electricity,solar,CSP_storage,1975,0.25025
Macedonia,electricity,solar,CSP_storage,1975,0.25025
Moldova,electricity,solar,CSP_storage,1975,0.25025
Norway,electricity,solar,CSP_storage,1975,0.25025
Serbia and Montenegro,electricity,solar,CSP_storage,1975,0.25025
Switzerland,electricity,solar,CSP_storage,1975,0.25025
Turkey,electricity,solar,CSP_storage,1975,0.530487918542216
UK,electricity,solar,CSP_storage,1975,0.501296632965847
Ukraine,electricity,solar,CSP_storage,1975,0.580465572806087
USA,electricity,solar,CSP,1990,0.250000123561066
Africa_Eastern,electricity,solar,CSP,1990,0.246298622654973
Africa_Northern,electricity,solar,CSP,1990,0.237111363737208
Africa_Southern,electricity,solar,CSP,1990,0.237771305248752
Africa_Western,electricity,solar,CSP,1990,0.243423453481255
Australia_NZ,electricity,solar,CSP,1990,0.231893253369818
Brazil,electricity,solar,CSP,1990,0.305748843875073
Canada,electricity,solar,CSP,1990,0.348881693968625
Central America and Caribbean,electricity,solar,CSP,1990,0.273932163751151
Central Asia,electricity,solar,CSP,1990,0.284730779363758
China,electricity,solar,CSP,1990,0.253152242562433
India,electricity,solar,CSP,1990,0.281168953279745
Indonesia,electricity,solar,CSP,1990,0.333299228536159
Japan,electricity,solar,CSP,1990,0.384107542683657
Mexico,electricity,solar,CSP,1990,0.252943549997605
Middle East,electricity,solar,CSP,1990,0.23813904238993
Pakistan,electricity,solar,CSP,1990,0.267051928677241
Russia,electricity,solar,CSP,1990,0.375458669979537
South Africa,electricity,solar,CSP,1990,0.221167551091183
South America_Northern,electricity,solar,CSP,1990,0.280587890806533
South America_Southern,electricity,solar,CSP,1990,0.241142534298336
South Asia,electricity,solar,CSP,1990,0.27511359435969
South Korea,electricity,solar,CSP,1990,0.339213181696283
Southeast Asia,electricity,solar,CSP,1990,0.280020623241139
Taiwan,electricity,solar,CSP,1990,0.401339283245279
Argentina,electricity,solar,CSP,1990,0.236884856848872
Colombia,electricity,solar,CSP,1990,0.324062612102241
Austria,electricity,solar,CSP,1990,0.00025
Belgium,electricity,solar,CSP,1990,0.00025
Bulgaria,electricity,solar,CSP,1990,0.366384154901447
Croatia,electricity,solar,CSP,1990,0.266641008670509
Cyprus,electricity,solar,CSP,1990,0.242692857443994
Czech Republic,electricity,solar,CSP,1990,0.00025
Denmark,electricity,solar,CSP,1990,0.00025
Estonia,electricity,solar,CSP,1990,0.00025
Finland,electricity,solar,CSP,1990,0.00025
France,electricity,solar,CSP,1990,0.305213489274871
Germany,electricity,solar,CSP,1990,0.00025
Greece,electricity,solar,CSP,1990,0.245254189656401
Hungary,electricity,solar,CSP,1990,0.00025
Ireland,electricity,solar,CSP,1990,0.00025
Italy,electricity,solar,CSP,1990,0.288238493028135
Latvia,electricity,solar,CSP,1990,0.00025
Lithuania,electricity,solar,CSP,1990,0.00025
Luxembourg,electricity,solar,CSP,1990,0.00025
Malta,electricity,solar,CSP,1990,0.242730656855584
Netherlands,electricity,solar,CSP,1990,0.00025
Poland,electricity,solar,CSP,1990,0.00025
Portugal,electricity,solar,CSP,1990,0.299396396586715
Romania,electricity,solar,CSP,1990,0.362264362383144
Slovakia,electricity,solar,CSP,1990,0.00025
Slovenia,electricity,solar,CSP,1990,0.00025
Spain,electricity,solar,CSP,1990,0.261946963722364
Sweden,electricity,solar,CSP,1990,0.00025
Albania,electricity,solar,CSP,1990,0.26151325685674
Belarus,electricity,solar,CSP,1990,0.00025
Bosnia and Herzegovina,electricity,solar,CSP,1990,0.00025
Iceland,electricity,solar,CSP,1990,0.00025
Macedonia,electricity,solar,CSP,1990,0.00025
Moldova,electricity,solar,CSP,1990,0.00025
Norway,electricity,solar,CSP,1990,0.00025
Serbia and Montenegro,electricity,solar,CSP,1990,0.00025
Switzerland,electricity,solar,CSP,1990,0.00025
Turkey,electricity,solar,CSP,1990,0.280487918542216
UK,electricity,solar,CSP,1990,0.251296632965848
Ukraine,electricity,solar,CSP,1990,0.330465572806087
USA,electricity,solar,CSP_storage,1990,0.500000123561066
Africa_Eastern,electricity,solar,CSP_storage,1990,0.496298622654973
Africa_Northern,electricity,solar,CSP_storage,1990,0.487111363737208
Africa_Southern,electricity,solar,CSP_storage,1990,0.487771305248752
Africa_Western,electricity,solar,CSP_storage,1990,0.493423453481255
Australia_NZ,electricity,solar,CSP_storage,1990,0.481893253369818
Brazil,electricity,solar,CSP_storage,1990,0.555748843875073
Canada,electricity,solar,CSP_storage,1990,0.598881693968625
Central America and Caribbean,electricity,solar,CSP_storage,1990,0.523932163751151
Central Asia,electricity,solar,CSP_storage,1990,0.534730779363758
China,electricity,solar,CSP_storage,1990,0.503152242562433
India,electricity,solar,CSP_storage,1990,0.531168953279745
Indonesia,electricity,solar,CSP_storage,1990,0.583299228536159
Japan,electricity,solar,CSP_storage,1990,0.634107542683657
Mexico,electricity,solar,CSP_storage,1990,0.502943549997605
Middle East,electricity,solar,CSP_storage,1990,0.48813904238993
Pakistan,electricity,solar,CSP_storage,1990,0.517051928677241
Russia,electricity,solar,CSP_storage,1990,0.625458669979537
South Africa,electricity,solar,CSP_storage,1990,0.471167551091183
South America_Northern,electricity,solar,CSP_storage,1990,0.530587890806533
South America_Southern,electricity,solar,CSP_storage,1990,0.491142534298336
South Asia,electricity,solar,CSP_storage,1990,0.52511359435969
South Korea,electricity,solar,CSP_storage,1990,0.589213181696283
Southeast Asia,electricity,solar,CSP_storage,1990,0.53002062324114
Taiwan,electricity,solar,CSP_storage,1990,0.651339283245279
Argentina,electricity,solar,CSP_storage,1990,0.486884856848872
Colombia,electricity,solar,CSP_storage,1990,0.574062612102241
Austria,electricity,solar,CSP_storage,1990,0.25025
Belgium,electricity,solar,CSP_storage,1990,0.25025
Bulgaria,electricity,solar,CSP_storage,1990,0.616384154901447
Croatia,electricity,solar,CSP_storage,1990,0.516641008670509
Cyprus,electricity,solar,CSP_storage,1990,0.492692857443994
Czech Republic,electricity,solar,CSP_storage,1990,0.25025
Denmark,electricity,solar,CSP_storage,1990,0.25025
Estonia,electricity,solar,CSP_storage,1990,0.25025
Finland,electricity,solar,CSP_storage,1990,0.25025
France,electricity,solar,CSP_storage,1990,0.555213489274871
Germany,electricity,solar,CSP_storage,1990,0.25025
Greece,electricity,solar,CSP_storage,1990,0.495254189656401
Hungary,electricity,solar,CSP_storage,1990,0.25025
Ireland,electricity,solar,CSP_storage,1990,0.25025
Italy,electricity,solar,CSP_storage,1990,0.538238493028135
Latvia,electricity,solar,CSP_storage,1990,0.25025
Lithuania,electricity,solar,CSP_storage,1990,0.25025
Luxembourg,electricity,solar,CSP_storage,1990,0.25025
Malta,electricity,solar,CSP_storage,1990,0.492730656855584
Netherlands,electricity,solar,CSP_storage,1990,0.25025
Poland,electricity,solar,CSP_storage,1990,0.25025
Portugal,electricity,solar,CSP_storage,1990,0.549396396586715
Romania,electricity,solar,CSP_storage,1990,0.612264362383144
Slovakia,electricity,solar,CSP_storage,1990,0.25025
Slovenia,electricity,solar,CSP_storage,1990,0.25025
Spain,electricity,solar,CSP_storage,1990,0.511946963722364
Sweden,electricity,solar,CSP_storage,1990,0.25025
Albania,electricity,solar,CSP_storage,1990,0.51151325685674
Belarus,electricity,solar,CSP_storage,1990,0.25025
Bosnia and Herzegovina,electricity,solar,CSP_storage,1990,0.25025
Iceland,electricity,solar,CSP_storage,1990,0.25025
Macedonia,electricity,solar,CSP_storage,1990,0.25025
Moldova,electricity,solar,CSP_storage,1990,0.25025
Norway,electricity,solar,CSP_storage,1990,0.25025
Serbia and Montenegro,electricity,solar,CSP_storage,1990,0.25025
Switzerland,electricity,solar,CSP_storage,1990,0.25025
Turkey,electricity,solar,CSP_storage,1990,0.530487918542216
UK,electricity,solar,CSP_storage,1990,0.501296632965847
Ukraine,electricity,solar,CSP_storage,1990,0.580465572806087
USA,electricity,solar,CSP,2005,0.250000123561066
Africa_Eastern,electricity,solar,CSP,2005,0.246298622654973
Africa_Northern,electricity,solar,CSP,2005,0.237111363737208
Africa_Southern,electricity,solar,CSP,2005,0.237771305248752
Africa_Western,electricity,solar,CSP,2005,0.243423453481255
Australia_NZ,electricity,solar,CSP,2005,0.231893253369818
Brazil,electricity,solar,CSP,2005,0.305748843875073
Canada,electricity,solar,CSP,2005,0.348881693968625
Central America and Caribbean,electricity,solar,CSP,2005,0.273932163751151
Central Asia,electricity,solar,CSP,2005,0.284730779363758
China,electricity,solar,CSP,2005,0.253152242562433
India,electricity,solar,CSP,2005,0.281168953279745
Indonesia,electricity,solar,CSP,2005,0.333299228536159
Japan,electricity,solar,CSP,2005,0.384107542683657
Mexico,electricity,solar,CSP,2005,0.252943549997605
Middle East,electricity,solar,CSP,2005,0.23813904238993
Pakistan,electricity,solar,CSP,2005,0.267051928677241
Russia,electricity,solar,CSP,2005,0.375458669979537
South Africa,electricity,solar,CSP,2005,0.221167551091183
South America_Northern,electricity,solar,CSP,2005,0.280587890806533
South America_Southern,electricity,solar,CSP,2005,0.241142534298336
South Asia,electricity,solar,CSP,2005,0.27511359435969
South Korea,electricity,solar,CSP,2005,0.339213181696283
Southeast Asia,electricity,solar,CSP,2005,0.280020623241139
Taiwan,electricity,solar,CSP,2005,0.401339283245279
Argentina,electricity,solar,CSP,2005,0.236884856848872
Colombia,electricity,solar,CSP,2005,0.324062612102241
Austria,electricity,solar,CSP,2005,0.00025
Belgium,electricity,solar,CSP,2005,0.00025
Bulgaria,electricity,solar,CSP,2005,0.366384154901447
Croatia,electricity,solar,CSP,2005,0.266641008670509
Cyprus,electricity,solar,CSP,2005,0.242692857443994
Czech Republic,electricity,solar,CSP,2005,0.00025
Denmark,electricity,solar,CSP,2005,0.00025
Estonia,electricity,solar,CSP,2005,0.00025
Finland,electricity,solar,CSP,2005,0.00025
France,electricity,solar,CSP,2005,0.305213489274871
Germany,electricity,solar,CSP,2005,0.00025
Greece,electricity,solar,CSP,2005,0.245254189656401
Hungary,electricity,solar,CSP,2005,0.00025
Ireland,electricity,solar,CSP,2005,0.00025
Italy,electricity,solar,CSP,2005,0.288238493028135
Latvia,electricity,solar,CSP,2005,0.00025
Lithuania,electricity,solar,CSP,2005,0.00025
Luxembourg,electricity,solar,CSP,2005,0.00025
Malta,electricity,solar,CSP,2005,0.242730656855584
Netherlands,electricity,solar,CSP,2005,0.00025
Poland,electricity,solar,CSP,2005,0.00025
Portugal,electricity,solar,CSP,2005,0.299396396586715
Romania,electricity,solar,CSP,2005,0.362264362383144
Slovakia,electricity,solar,CSP,2005,0.00025
Slovenia,electricity,solar,CSP,2005,0.00025
Spain,electricity,solar,CSP,2005,0.261946963722364
Sweden,electricity,solar,CSP,2005,0.00025
Albania,electricity,solar,CSP,2005,0.26151325685674
Belarus,electricity,solar,CSP,2005,0.00025
Bosnia and Herzegovina,electricity,solar,CSP,2005,0.00025
Iceland,electricity,solar,CSP,2005,0.00025
Macedonia,electricity,solar,CSP,2005,0.00025
Moldova,electricity,solar,CSP,2005,0.00025
Norway,electricity,solar,CSP,2005,0.00025
Serbia and Montenegro,electricity,solar,CSP,2005,0.00025
Switzerland,electricity,solar,CSP,2005,0.00025
Turkey,electricity,solar,CSP,2005,0.280487918542216
UK,electricity,solar,CSP,2005,0.251296632965848
Ukraine,electricity,solar,CSP,2005,0.330465572806087
USA,electricity,solar,CSP_storage,2005,0.500000123561066
Africa_Eastern,electricity,solar,CSP_storage,2005,0.496298622654973
Africa_Northern,electricity,solar,CSP_storage,2005,0.487111363737208
Africa_Southern,electricity,solar,CSP_storage,2005,0.487771305248752
Africa_Western,electricity,solar,CSP_storage,2005,0.493423453481255
Australia_NZ,electricity,solar,CSP_storage,2005,0.481893253369818
Brazil,electricity,solar,CSP_storage,2005,0.555748843875073
Canada,electricity,solar,CSP_storage,2005,0.598881693968625
Central America and Caribbean,electricity,solar,CSP_storage,2005,0.523932163751151
Central Asia,electricity,solar,CSP_storage,2005,0.534730779363758
China,electricity,solar,CSP_storage,2005,0.503152242562433
India,electricity,solar,CSP_storage,2005,0.531168953279745
Indonesia,electricity,solar,CSP_storage,2005,0.583299228536159
Japan,electricity,solar,CSP_storage,2005,0.634107542683657
Mexico,electricity,solar,CSP_storage,2005,0.502943549997605
Middle East,electricity,solar,CSP_storage,2005,0.48813904238993
Pakistan,electricity,solar,CSP_storage,2005,0.517051928677241
Russia,electricity,solar,CSP_storage,2005,0.625458669979537
South Africa,electricity,solar,CSP_storage,2005,0.471167551091183
South America_Northern,electricity,solar,CSP_storage,2005,0.530587890806533
South America_Southern,electricity,solar,CSP_storage,2005,0.491142534298336
South Asia,electricity,solar,CSP_storage,2005,0.52511359435969
South Korea,electricity,solar,CSP_storage,2005,0.589213181696283
Southeast Asia,electricity,solar,CSP_storage,2005,0.53002062324114
Taiwan,electricity,solar,CSP_storage,2005,0.651339283245279
Argentina,electricity,solar,CSP_storage,2005,0.486884856848872
Colombia,electricity,solar,CSP_storage,2005,0.574062612102241
Austria,electricity,solar,CSP_storage,2005,0.25025
Belgium,electricity,solar,CSP_storage,2005,0.25025
Bulgaria,electricity,solar,CSP_storage,2005,0.616384154901447
Croatia,electricity,solar,CSP_storage,2005,0.516641008670509
Cyprus,electricity,solar,CSP_storage,2005,0.492692857443994
Czech Republic,electricity,solar,CSP_storage,2005,0.25025
Denmark,electricity,solar,CSP_storage,2005,0.25025
Estonia,electricity,solar,CSP_storage,2005,0.25025
Finland,electricity,solar,CSP_storage,2005,0.25025
France,electricity,solar,CSP_storage,2005,0.555213489274871
Germany,electricity,solar,CSP_storage,2005,0.25025
Greece,electricity,solar,CSP_storage,2005,0.495254189656401
Hungary,electricity,solar,CSP_storage,2005,0.25025
Ireland,electricity,solar,CSP_storage,2005,0.25025
Italy,electricity,solar,CSP_storage,2005,0.538238493028135
Latvia,electricity,solar,CSP_storage,2005,0.25025
Lithuania,electricity,solar,CSP_storage,2005,0.25025
Luxembourg,electricity,solar,CSP_storage,2005,0.25025
Malta,electricity,solar,CSP_storage,2005,0.492730656855584
Netherlands,electricity,solar,CSP_storage,2005,0.25025
Poland,electricity,solar,CSP_storage,2005,0.25025
Portugal,electricity,solar,CSP_storage,2005,0.549396396586715
Romania,electricity,solar,CSP_storage,2005,0.612264362383144
Slovakia,electricity,solar,CSP_storage,2005,0.25025
Slovenia,electricity,solar,CSP_storage,2005,0.25025
Spain,electricity,solar,CSP_storage,2005,0.511946963722364
Sweden,electricity,solar,CSP_storage,2005,0.25025
Albania,electricity,solar,CSP_storage,2005,0.51151325685674
Belarus,electricity,solar,CSP_storage,2005,0.25025
Bosnia and Herzegovina,electricity,solar,CSP_storage,2005,0.25025
Iceland,electricity,solar,CSP_storage,2005,0.25025
Macedonia,electricity,solar,CSP_storage,2005,0.25025
Moldova,electricity,solar,CSP_storage,2005,0.25025
Norway,electricity,solar,CSP_storage,2005,0.25025
Serbia and Montenegro,electricity,solar,CSP_storage,2005,0.25025
Switzerland,electricity,solar,CSP_storage,2005,0.25025
Turkey,electricity,solar,CSP_storage,2005,0.530487918542216
UK,electricity,solar,CSP_storage,2005,0.501296632965847
Ukraine,electricity,solar,CSP_storage,2005,0.580465572806087
USA,electricity,solar,CSP,2010,0.250000123561066
Africa_Eastern,electricity,solar,CSP,2010,0.246298622654973
Africa_Northern,electricity,solar,CSP,2010,0.237111363737208
Africa_Southern,electricity,solar,CSP,2010,0.237771305248752
Africa_Western,electricity,solar,CSP,2010,0.243423453481255
Australia_NZ,electricity,solar,CSP,2010,0.231893253369818
Brazil,electricity,solar,CSP,2010,0.305748843875073
Canada,electricity,solar,CSP,2010,0.348881693968625
Central America and Caribbean,electricity,solar,CSP,2010,0.273932163751151
Central Asia,electricity,solar,CSP,2010,0.284730779363758
China,electricity,solar,CSP,2010,0.253152242562433
India,electricity,solar,CSP,2010,0.281168953279745
Indonesia,electricity,solar,CSP,2010,0.333299228536159
Japan,electricity,solar,CSP,2010,0.384107542683657
Mexico,electricity,solar,CSP,2010,0.252943549997605
Middle East,electricity,solar,CSP,2010,0.23813904238993
Pakistan,electricity,solar,CSP,2010,0.267051928677241
Russia,electricity,solar,CSP,2010,0.375458669979537
South Africa,electricity,solar,CSP,2010,0.221167551091183
South America_Northern,electricity,solar,CSP,2010,0.280587890806533
South America_Southern,electricity,solar,CSP,2010,0.241142534298336
South Asia,electricity,solar,CSP,2010,0.27511359435969
South Korea,electricity,solar,CSP,2010,0.339213181696283
Southeast Asia,electricity,solar,CSP,2010,0.280020623241139
Taiwan,electricity,solar,CSP,2010,0.401339283245279
Argentina,electricity,solar,CSP,2010,0.236884856848872
Colombia,electricity,solar,CSP,2010,0.324062612102241
Austria,electricity,solar,CSP,2010,0.00025
Belgium,electricity,solar,CSP,2010,0.00025
Bulgaria,electricity,solar,CSP,2010,0.366384154901447
Croatia,electricity,solar,CSP,2010,0.266641008670509
Cyprus,electricity,solar,CSP,2010,0.242692857443994
Czech Republic,electricity,solar,CSP,2010,0.00025
Denmark,electricity,solar,CSP,2010,0.00025
Estonia,electricity,solar,CSP,2010,0.00025
Finland,electricity,solar,CSP,2010,0.00025
France,electricity,solar,CSP,2010,0.305213489274871
Germany,electricity,solar,CSP,2010,0.00025
Greece,electricity,solar,CSP,2010,0.245254189656401
Hungary,electricity,solar,CSP,2010,0.00025
Ireland,electricity,solar,CSP,2010,0.00025
Italy,electricity,solar,CSP,2010,0.288238493028135
Latvia,electricity,solar,CSP,2010,0.00025
Lithuania,electricity,solar,CSP,2010,0.00025
Luxembourg,electricity,solar,CSP,2010,0.00025
Malta,electricity,solar,CSP,2010,0.242730656855584
Netherlands,electricity,solar,CSP,2010,0.00025
Poland,electricity,solar,CSP,2010,0.00025
Portugal,electricity,solar,CSP,2010,0.299396396586715
Romania,electricity,solar,CSP,2010,0.362264362383144
Slovakia,electricity,solar,CSP,2010,0.00025
Slovenia,electricity,solar,CSP,2010,0.00025
Spain,electricity,solar,CSP,2010,0.261946963722364
Sweden,electricity,solar,CSP,2010,0.00025
Albania,electricity,solar,CSP,2010,0.26151325685674
Belarus,electricity,solar,CSP,2010,0.00025
Bosnia and Herzegovina,electricity,solar,CSP,2010,0.00025
Iceland,electricity,solar,CSP,2010,0.00025
Macedonia,electricity,solar,CSP,2010,0.00025
Moldova,electricity,solar,CSP,2010,0.00025
Norway,electricity,solar,CSP,2010,0.00025
Serbia and Montenegro,electricity,solar,CSP,2010,0.00025
Switzerland,electricity,solar,CSP,2010,0.00025
Turkey,electricity,solar,CSP,2010,0.280487918542216
UK,electricity,solar,CSP,2010,0.251296632965848
Ukraine,electricity,solar,CSP,2010,0.330465572806087
USA,electricity,solar,CSP_storage,2010,0.500000123561066
Africa_Eastern,electricity,solar,CSP_storage,2010,0.496298622654973
Africa_Northern,electricity,solar,CSP_storage,2010,0.487111363737208
Africa_Southern,electricity,solar,CSP_storage,2010,0.487771305248752
Africa_Western,electricity,solar,CSP_storage,2010,0.493423453481255
Australia_NZ,electricity,solar,CSP_storage,2010,0.481893253369818
Brazil,electricity,solar,CSP_storage,2010,0.555748843875073
Canada,electricity,solar,CSP_storage,2010,0.598881693968625
Central America and Caribbean,electricity,solar,CSP_storage,2010,0.523932163751151
Central Asia,electricity,solar,CSP_storage,2010,0.534730779363758
China,electricity,solar,CSP_storage,2010,0.503152242562433
India,electricity,solar,CSP_storage,2010,0.531168953279745
Indonesia,electricity,solar,CSP_storage,2010,0.583299228536159
Japan,electricity,solar,CSP_storage,2010,0.634107542683657
Mexico,electricity,solar,CSP_storage,2010,0.502943549997605
Middle East,electricity,solar,CSP_storage,2010,0.48813904238993
Pakistan,electricity,solar,CSP_storage,2010,0.517051928677241
Russia,electricity,solar,CSP_storage,2010,0.625458669979537
South Africa,electricity,solar,CSP_storage,2010,0.471167551091183
South America_Northern,electricity,solar,CSP_storage,2010,0.530587890806533
South America_Southern,electricity,solar,CSP_storage,2010,0.491142534298336
South Asia,electricity,solar,CSP_storage,2010,0.52511359435969
South Korea,electricity,solar,CSP_storage,2010,0.589213181696283
Southeast Asia,electricity,solar,CSP_storage,2010,0.53002062324114
Taiwan,electricity,solar,CSP_storage,2010,0.651339283245279
Argentina,electricity,solar,CSP_storage,2010,0.486884856848872
Colombia,electricity,solar,CSP_storage,2010,0.574062612102241
Austria,electricity,solar,CSP_storage,2010,0.25025
Belgium,electricity,solar,CSP_storage,2010,0.25025
Bulgaria,electricity,solar,CSP_storage,2010,0.616384154901447
Croatia,electricity,solar,CSP_storage,2010,0.516641008670509
Cyprus,electricity,solar,CSP_storage,2010,0.492692857443994
Czech Republic,electricity,solar,CSP_storage,2010,0.25025
Denmark,electricity,solar,CSP_storage,2010,0.25025
Estonia,electricity,solar,CSP_storage,2010,0.25025
Finland,electricity,solar,CSP_storage,2010,0.25025
France,electricity,solar,CSP_storage,2010,0.555213489274871
Germany,electricity,solar,CSP_storage,2010,0.25025
Greece,electricity,solar,CSP_storage,2010,0.495254189656401
Hungary,electricity,solar,CSP_storage,2010,0.25025
Ireland,electricity,solar,CSP_storage,2010,0.25025
Italy,electricity,solar,CSP_storage,2010,0.538238493028135
Latvia,electricity,solar,CSP_storage,2010,0.25025
Lithuania,electricity,solar,CSP_storage,2010,0.25025
Luxembourg,electricity,solar,CSP_storage,2010,0.25025
Malta,electricity,solar,CSP_storage,2010,0.492730656855584
Netherlands,electricity,solar,CSP_storage,2010,0.25025
Poland,electricity,solar,CSP_storage,2010,0.25025
Portugal,electricity,solar,CSP_storage,2010,0.549396396586715
Romania,electricity,solar,CSP_storage,2010,0.612264362383144
Slovakia,electricity,solar,CSP_storage,2010,0.25025
Slovenia,electricity,solar,CSP_storage,2010,0.25025
Spain,electricity,solar,CSP_storage,2010,0.511946963722364
Sweden,electricity,solar,CSP_storage,2010,0.25025
Albania,electricity,solar,CSP_storage,2010,0.51151325685674
Belarus,electricity,solar,CSP_storage,2010,0.25025
Bosnia and Herzegovina,electricity,solar,CSP_storage,2010,0.25025
Iceland,electricity,solar,CSP_storage,2010,0.25025
Macedonia,electricity,solar,CSP_storage,2010,0.25025
Moldova,electricity,solar,CSP_storage,2010,0.25025
Norway,electricity,solar,CSP_storage,2010,0.25025
Serbia and Montenegro,electricity,solar,CSP_storage,2010,0.25025
Switzerland,electricity,solar,CSP_storage,2010,0.25025
Turkey,electricity,solar,CSP_storage,2010,0.530487918542216
UK,electricity,solar,CSP_storage,2010,0.501296632965847
Ukraine,electricity,solar,CSP_storage,2010,0.580465572806087
USA,electricity,solar,CSP,2015,0.250000123561066
Africa_Eastern,electricity,solar,CSP,2015,0.246298622654973
Africa_Northern,electricity,solar,CSP,2015,0.237111363737208
Africa_Southern,electricity,solar,CSP,2015,0.237771305248752
Africa_Western,electricity,solar,CSP,2015,0.243423453481255
Australia_NZ,electricity,solar,CSP,2015,0.231893253369818
Brazil,electricity,solar,CSP,2015,0.305748843875073
Canada,electricity,solar,CSP,2015,0.348881693968625
Central America and Caribbean,electricity,solar,CSP,2015,0.273932163751151
Central Asia,electricity,solar,CSP,2015,0.284730779363758
China,electricity,solar,CSP,2015,0.253152242562433
India,electricity,solar,CSP,2015,0.281168953279745
Indonesia,electricity,solar,CSP,2015,0.333299228536159
Japan,electricity,solar,CSP,2015,0.384107542683657
Mexico,electricity,solar,CSP,2015,0.252943549997605
Middle East,electricity,solar,CSP,2015,0.23813904238993
Pakistan,electricity,solar,CSP,2015,0.267051928677241
Russia,electricity,solar,CSP,2015,0.375458669979537
South Africa,electricity,solar,CSP,2015,0.221167551091183
South America_Northern,electricity,solar,CSP,2015,0.280587890806533
South America_Southern,electricity,solar,CSP,2015,0.241142534298336
South Asia,electricity,solar,CSP,2015,0.27511359435969
South Korea,electricity,solar,CSP,2015,0.339213181696283
Southeast Asia,electricity,solar,CSP,2015,0.280020623241139
Taiwan,electricity,solar,CSP,2015,0.401339283245279
Argentina,electricity,solar,CSP,2015,0.236884856848872
Colombia,electricity,solar,CSP,2015,0.324062612102241
Austria,electricity,solar,CSP,2015,0.00025
Belgium,electricity,solar,CSP,2015,0.00025
Bulgaria,electricity,solar,CSP,2015,0.366384154901447
Croatia,electricity,solar,CSP,2015,0.266641008670509
Cyprus,electricity,solar,CSP,2015,0.242692857443994
Czech Republic,electricity,solar,CSP,2015,0.00025
Denmark,electricity,solar,CSP,2015,0.00025
Estonia,electricity,solar,CSP,2015,0.00025
Finland,electricity,solar,CSP,2015,0.00025
France,electricity,solar,CSP,2015,0.305213489274871
Germany,electricity,solar,CSP,2015,0.00025
Greece,electricity,solar,CSP,2015,0.245254189656401
Hungary,electricity,solar,CSP,2015,0.00025
Ireland,electricity,solar,CSP,2015,0.00025
Italy,electricity,solar,CSP,2015,0.288238493028135
Latvia,electricity,solar,CSP,2015,0.00025
Lithuania,electricity,solar,CSP,2015,0.00025
Luxembourg,electricity,solar,CSP,2015,0.00025
Malta,electricity,solar,CSP,2015,0.242730656855584
Netherlands,electricity,solar,CSP,2015,0.00025
Poland,electricity,solar,CSP,2015,0.00025
Portugal,electricity,solar,CSP,2015,0.299396396586715
Romania,electricity,solar,CSP,2015,0.362264362383144
Slovakia,electricity,solar,CSP,2015,0.00025
Slovenia,electricity,solar,CSP,2015,0.00025
Spain,electricity,solar,CSP,2015,0.261946963722364
Sweden,electricity,solar,CSP,2015,0.00025
Albania,electricity,solar,CSP,2015,0.26151325685674
Belarus,electricity,solar,CSP,2015,0.00025
Bosnia and Herzegovina,electricity,solar,CSP,2015,0.00025
Iceland,electricity,solar,CSP,2015,0.00025
Macedonia,electricity,solar,CSP,2015,0.00025
Moldova,electricity,solar,CSP,2015,0.00025
Norway,electricity,solar,CSP,2015,0.00025
Serbia and Montenegro,electricity,solar,CSP,2015,0.00025
Switzerland,electricity,solar,CSP,2015,0.00025
Turkey,electricity,solar,CSP,2015,0.280487918542216
UK,electricity,solar,CSP,2015,0.251296632965848
Ukraine,electricity,solar,CSP,2015,0.330465572806087
USA,electricity,solar,CSP_storage,2015,0.500000123561066
Africa_Eastern,electricity,solar,CSP_storage,2015,0.496298622654973
Africa_Northern,electricity,solar,CSP_storage,2015,0.487111363737208
Africa_Southern,electricity,solar,CSP_storage,2015,0.487771305248752
Africa_Western,electricity,solar,CSP_storage,2015,0.493423453481255
Australia_NZ,electricity,solar,CSP_storage,2015,0.481893253369818
Brazil,electricity,solar,CSP_storage,2015,0.555748843875073
Canada,electricity,solar,CSP_storage,2015,0.598881693968625
Central America and Caribbean,electricity,solar,CSP_storage,2015,0.523932163751151
Central Asia,electricity,solar,CSP_storage,2015,0.534730779363758
China,electricity,solar,CSP_storage,2015,0.503152242562433
India,electricity,solar,CSP_storage,2015,0.531168953279745
Indonesia,electricity,solar,CSP_storage,2015,0.583299228536159
Japan,electricity,solar,CSP_storage,2015,0.634107542683657
Mexico,electricity,solar,CSP_storage,2015,0.502943549997605
Middle East,electricity,solar,CSP_storage,2015,0.48813904238993
Pakistan,electricity,solar,CSP_storage,2015,0.517051928677241
Russia,electricity,solar,CSP_storage,2015,0.625458669979537
South Africa,electricity,solar,CSP_storage,2015,0.471167551091183
South America_Northern,electricity,solar,CSP_storage,2015,0.530587890806533
South America_Southern,electricity,solar,CSP_storage,2015,0.491142534298336
South Asia,electricity,solar,CSP_storage,2015,0.52511359435969
South Korea,electricity,solar,CSP_storage,2015,0.589213181696283
Southeast Asia,electricity,solar,CSP_storage,2015,0.53002062324114
Taiwan,electricity,solar,CSP_storage,2015,0.651339283245279
Argentina,electricity,solar,CSP_storage,2015,0.486884856848872
Colombia,electricity,solar,CSP_storage,2015,0.574062612102241
Austria,electricity,solar,CSP_storage,2015,0.25025
Belgium,electricity,solar,CSP_storage,2015,0.25025
Bulgaria,electricity,solar,CSP_storage,2015,0.616384154901447
Croatia,electricity,solar,CSP_storage,2015,0.516641008670509
Cyprus,electricity,solar,CSP_storage,2015,0.492692857443994
Czech Republic,electricity,solar,CSP_storage,2015,0.25025
Denmark,electricity,solar,CSP_storage,2015,0.25025
Estonia,electricity,solar,CSP_storage,2015,0.25025
Finland,electricity,solar,CSP_storage,2015,0.25025
France,electricity,solar,CSP_storage,2015,0.555213489274871
Germany,electricity,solar,CSP_storage,2015,0.25025
Greece,electricity,solar,CSP_storage,2015,0.495254189656401
Hungary,electricity,solar,CSP_storage,2015,0.25025
Ireland,electricity,solar,CSP_storage,2015,0.25025
Italy,electricity,solar,CSP_storage,2015,0.538238493028135
Latvia,electricity,solar,CSP_storage,2015,0.25025
Lithuania,electricity,solar,CSP_storage,2015,0.25025
Luxembourg,electricity,solar,CSP_storage,2015,0.25025
Malta,electricity,solar,CSP_storage,2015,0.492730656855584
Netherlands,electricity,solar,CSP_storage,2015,0.25025
Poland,electricity,solar,CSP_storage,2015,0.25025
Portugal,electricity,solar,CSP_storage,2015,0.549396396586715
Romania,electricity,solar,CSP_storage,2015,0.612264362383144
Slovakia,electricity,solar,CSP_storage,2015,0.25025
Slovenia,electricity,solar,CSP_storage,2015,0.25025
Spain,electricity,solar,CSP_storage,2015,0.511946963722364
Sweden,electricity,solar,CSP_storage,2015,0.25025
Albania,electricity,solar,CSP_storage,2015,0.51151325685674
Belarus,electricity,solar,CSP_storage,2015,0.25025
Bosnia and Herzegovina,electricity,solar,CSP_storage,2015,0.25025
Iceland,electricity,solar,CSP_storage,2015,0.25025
Macedonia,electricity,solar,CSP_storage,2015,0.25025
Moldova,electricity,solar,CSP_storage,2015,0.25025
Norway,electricity,solar,CSP_storage,2015,0.25025
Serbia and Montenegro,electricity,solar,CSP_storage,2015,0.25025
Switzerland,electricity,solar,CSP_storage,2015,0.25025
Turkey,electricity,solar,CSP_storage,2015,0.530487918542216
UK,electricity,solar,CSP_storage,2015,0.501296632965847
Ukraine,electricity,solar,CSP_storage,2015,0.580465572806087
USA,electricity,solar,CSP,2020,0.250000123561066
Africa_Eastern,electricity,solar,CSP,2020,0.246298622654973
Africa_Northern,electricity,solar,CSP,2020,0.237111363737208
Africa_Southern,electricity,solar,CSP,2020,0.237771305248752
Africa_Western,electricity,solar,CSP,2020,0.243423453481255
Australia_NZ,electricity,solar,CSP,2020,0.231893253369818
Brazil,electricity,solar,CSP,2020,0.305748843875073
Canada,electricity,solar,CSP,2020,0.348881693968625
Central America and Caribbean,electricity,solar,CSP,2020,0.273932163751151
Central Asia,electricity,solar,CSP,2020,0.284730779363758
China,electricity,solar,CSP,2020,0.253152242562433
India,electricity,solar,CSP,2020,0.281168953279745
Indonesia,electricity,solar,CSP,2020,0.333299228536159
Japan,electricity,solar,CSP,2020,0.384107542683657
Mexico,electricity,solar,CSP,2020,0.252943549997605
Middle East,electricity,solar,CSP,2020,0.23813904238993
Pakistan,electricity,solar,CSP,2020,0.267051928677241
Russia,electricity,solar,CSP,2020,0.375458669979537
South Africa,electricity,solar,CSP,2020,0.221167551091183
South America_Northern,electricity,solar,CSP,2020,0.280587890806533
South America_Southern,electricity,solar,CSP,2020,0.241142534298336
South Asia,electricity,solar,CSP,2020,0.27511359435969
South Korea,electricity,solar,CSP,2020,0.339213181696283
Southeast Asia,electricity,solar,CSP,2020,0.280020623241139
Taiwan,electricity,solar,CSP,2020,0.401339283245279
Argentina,electricity,solar,CSP,2020,0.236884856848872
Colombia,electricity,solar,CSP,2020,0.324062612102241
Austria,electricity,solar,CSP,2020,0.00025
Belgium,electricity,solar,CSP,2020,0.00025
Bulgaria,electricity,solar,CSP,2020,0.366384154901447
Croatia,electricity,solar,CSP,2020,0.266641008670509
Cyprus,electricity,solar,CSP,2020,0.242692857443994
Czech Republic,electricity,solar,CSP,2020,0.00025
Denmark,electricity,solar,CSP,2020,0.00025
Estonia,electricity,solar,CSP,2020,0.00025
Finland,electricity,solar,CSP,2020,0.00025
France,electricity,solar,CSP,2020,0.305213489274871
Germany,electricity,solar,CSP,2020,0.00025
Greece,electricity,solar,CSP,2020,0.245254189656401
Hungary,electricity,solar,CSP,2020,0.00025
Ireland,electricity,solar,CSP,2020,0.00025
Italy,electricity,solar,CSP,2020,0.288238493028135
Latvia,electricity,solar,CSP,2020,0.00025
Lithuania,electricity,solar,CSP,2020,0.00025
Luxembourg,electricity,solar,CSP,2020,0.00025
Malta,electricity,solar,CSP,2020,0.242730656855584
Netherlands,electricity,solar,CSP,2020,0.00025
Poland,electricity,solar,CSP,2020,0.00025
Portugal,electricity,solar,CSP,2020,0.299396396586715
Romania,electricity,solar,CSP,2020,0.362264362383144
Slovakia,electricity,solar,CSP,2020,0.00025
Slovenia,electricity,solar,CSP,2020,0.00025
Spain,electricity,solar,CSP,2020,0.261946963722364
Sweden,electricity,solar,CSP,2020,0.00025
Albania,electricity,solar,CSP,2020,0.26151325685674
Belarus,electricity,solar,CSP,2020,0.00025
Bosnia and Herzegovina,electricity,solar,CSP,2020,0.00025
Iceland,electricity,solar,CSP,2020,0.00025
Macedonia,electricity,solar,CSP,2020,0.00025
Moldova,electricity,solar,CSP,2020,0.00025
Norway,electricity,solar,CSP,2020,0.00025
Serbia and Montenegro,electricity,solar,CSP,2020,0.00025
Switzerland,electricity,solar,CSP,2020,0.00025
Turkey,electricity,solar,CSP,2020,0.280487918542216
UK,electricity,solar,CSP,2020,0.251296632965848
Ukraine,electricity,solar,CSP,2020,0.330465572806087
USA,electricity,solar,CSP_storage,2020,0.500000123561066
Africa_Eastern,electricity,solar,CSP_storage,2020,0.496298622654973
Africa_Northern,electricity,solar,CSP_storage,2020,0.487111363737208
Africa_Southern,electricity,solar,CSP_storage,2020,0.487771305248752
Africa_Western,electricity,solar,CSP_storage,2020,0.493423453481255
Australia_NZ,electricity,solar,CSP_storage,2020,0.481893253369818
Brazil,electricity,solar,CSP_storage,2020,0.555748843875073
Canada,electricity,solar,CSP_storage,2020,0.598881693968625
Central America and Caribbean,electricity,solar,CSP_storage,2020,0.523932163751151
Central Asia,electricity,solar,CSP_storage,2020,0.534730779363758
China,electricity,solar,CSP_storage,2020,0.503152242562433
India,electricity,solar,CSP_storage,2020,0.531168953279745
Indonesia,electricity,solar,CSP_storage,2020,0.583299228536159
Japan,electricity,solar,CSP_storage,2020,0.634107542683657
Mexico,electricity,solar,CSP_storage,2020,0.502943549997605
Middle East,electricity,solar,CSP_storage,2020,0.48813904238993
Pakistan,electricity,solar,CSP_storage,2020,0.517051928677241
Russia,electricity,solar,CSP_storage,2020,0.625458669979537
South Africa,electricity,solar,CSP_storage,2020,0.471167551091183
South America_Northern,electricity,solar,CSP_storage,2020,0.530587890806533
South America_Southern,electricity,solar,CSP_storage,2020,0.491142534298336
South Asia,electricity,solar,CSP_storage,2020,0.52511359435969
South Korea,electricity,solar,CSP_storage,2020,0.589213181696283
Southeast Asia,electricity,solar,CSP_storage,2020,0.53002062324114
Taiwan,electricity,solar,CSP_storage,2020,0.651339283245279
Argentina,electricity,solar,CSP_storage,2020,0.486884856848872
Colombia,electricity,solar,CSP_storage,2020,0.574062612102241
Austria,electricity,solar,CSP_storage,2020,0.25025
Belgium,electricity,solar,CSP_storage,2020,0.25025
Bulgaria,electricity,solar,CSP_storage,2020,0.616384154901447
Croatia,electricity,solar,CSP_storage,2020,0.516641008670509
Cyprus,electricity,solar,CSP_storage,2020,0.492692857443994
Czech Republic,electricity,solar,CSP_storage,2020,0.25025
Denmark,electricity,solar,CSP_storage,2020,0.25025
Estonia,electricity,solar,CSP_storage,2020,0.25025
Finland,electricity,solar,CSP_storage,2020,0.25025
France,electricity,solar,CSP_storage,2020,0.555213489274871
Germany,electricity,solar,CSP_storage,2020,0.25025
Greece,electricity,solar,CSP_storage,2020,0.495254189656401
Hungary,electricity,solar,CSP_storage,2020,0.25025
Ireland,electricity,solar,CSP_storage,2020,0.25025
Italy,electricity,solar,CSP_storage,2020,0.538238493028135
Latvia,electricity,solar,CSP_storage,2020,0.25025
Lithuania,electricity,solar,CSP_storage,2020,0.25025
Luxembourg,electricity,solar,CSP_storage,2020,0.25025
Malta,electricity,solar,CSP_storage,2020,0.492730656855584
Netherlands,electricity,solar,CSP_storage,2020,0.25025
Poland,electricity,solar,CSP_storage,2020,0.25025
Portugal,electricity,solar,CSP_storage,2020,0.549396396586715
Romania,electricity,solar,CSP_storage,2020,0.612264362383144
Slovakia,electricity,solar,CSP_storage,2020,0.25025
Slovenia,electricity,solar,CSP_storage,2020,0.25025
Spain,electricity,solar,CSP_storage,2020,0.511946963722364
Sweden,electricity,solar,CSP_storage,2020,0.25025
Albania,electricity,solar,CSP_storage,2020,0.51151325685674
Belarus,electricity,solar,CSP_storage,2020,0.25025
Bosnia and Herzegovina,electricity,solar,CSP_storage,2020,0.25025
Iceland,electricity,solar,CSP_storage,2020,0.25025
Macedonia,electricity,solar,CSP_storage,2020,0.25025
Moldova,electricity,solar,CSP_storage,2020,0.25025
Norway,electricity,solar,CSP_storage,2020,0.25025
Serbia and Montenegro,electricity,solar,CSP_storage,2020,0.25025
Switzerland,electricity,solar,CSP_storage,2020,0.25025
Turkey,electricity,solar,CSP_storage,2020,0.530487918542216
UK,electricity,solar,CSP_storage,2020,0.501296632965847
Ukraine,electricity,solar,CSP_storage,2020,0.580465572806087
USA,electricity,solar,CSP,2025,0.250000123561066
Africa_Eastern,electricity,solar,CSP,2025,0.246298622654973
Africa_Northern,electricity,solar,CSP,2025,0.237111363737208
Africa_Southern,electricity,solar,CSP,2025,0.237771305248752
Africa_Western,electricity,solar,CSP,2025,0.243423453481255
Australia_NZ,electricity,solar,CSP,2025,0.231893253369818
Brazil,electricity,solar,CSP,2025,0.305748843875073
Canada,electricity,solar,CSP,2025,0.348881693968625
Central America and Caribbean,electricity,solar,CSP,2025,0.273932163751151
Central Asia,electricity,solar,CSP,2025,0.284730779363758
China,electricity,solar,CSP,2025,0.253152242562433
India,electricity,solar,CSP,2025,0.281168953279745
Indonesia,electricity,solar,CSP,2025,0.333299228536159
Japan,electricity,solar,CSP,2025,0.384107542683657
Mexico,electricity,solar,CSP,2025,0.252943549997605
Middle East,electricity,solar,CSP,2025,0.23813904238993
Pakistan,electricity,solar,CSP,2025,0.267051928677241
Russia,electricity,solar,CSP,2025,0.375458669979537
South Africa,electricity,solar,CSP,2025,0.221167551091183
South America_Northern,electricity,solar,CSP,2025,0.280587890806533
South America_Southern,electricity,solar,CSP,2025,0.241142534298336
South Asia,electricity,solar,CSP,2025,0.27511359435969
South Korea,electricity,solar,CSP,2025,0.339213181696283
Southeast Asia,electricity,solar,CSP,2025,0.280020623241139
Taiwan,electricity,solar,CSP,2025,0.401339283245279
Argentina,electricity,solar,CSP,2025,0.236884856848872
Colombia,electricity,solar,CSP,2025,0.324062612102241
Austria,electricity,solar,CSP,2025,0.00025
Belgium,electricity,solar,CSP,2025,0.00025
Bulgaria,electricity,solar,CSP,2025,0.366384154901447
Croatia,electricity,solar,CSP,2025,0.266641008670509
Cyprus,electricity,solar,CSP,2025,0.242692857443994
Czech Republic,electricity,solar,CSP,2025,0.00025
Denmark,electricity,solar,CSP,2025,0.00025
Estonia,electricity,solar,CSP,2025,0.00025
Finland,electricity,solar,CSP,2025,0.00025
France,electricity,solar,CSP,2025,0.305213489274871
Germany,electricity,solar,CSP,2025,0.00025
Greece,electricity,solar,CSP,2025,0.245254189656401
Hungary,electricity,solar,CSP,2025,0.00025
Ireland,electricity,solar,CSP,2025,0.00025
Italy,electricity,solar,CSP,2025,0.288238493028135
Latvia,electricity,solar,CSP,2025,0.00025
Lithuania,electricity,solar,CSP,2025,0.00025
Luxembourg,electricity,solar,CSP,2025,0.00025
Malta,electricity,solar,CSP,2025,0.242730656855584
Netherlands,electricity,solar,CSP,2025,0.00025
Poland,electricity,solar,CSP,2025,0.00025
Portugal,electricity,solar,CSP,2025,0.299396396586715
Romania,electricity,solar,CSP,2025,0.362264362383144
Slovakia,electricity,solar,CSP,2025,0.00025
Slovenia,electricity,solar,CSP,2025,0.00025
Spain,electricity,solar,CSP,2025,0.261946963722364
Sweden,electricity,solar,CSP,2025,0.00025
Albania,electricity,solar,CSP,2025,0.26151325685674
Belarus,electricity,solar,CSP,2025,0.00025
Bosnia and Herzegovina,electricity,solar,CSP,2025,0.00025
Iceland,electricity,solar,CSP,2025,0.00025
Macedonia,electricity,solar,CSP,2025,0.00025
Moldova,electricity,solar,CSP,2025,0.00025
Norway,electricity,solar,CSP,2025,0.00025
Serbia and Montenegro,electricity,solar,CSP,2025,0.00025
Switzerland,electricity,solar,CSP,2025,0.00025
Turkey,electricity,solar,CSP,2025,0.280487918542216
UK,electricity,solar,CSP,2025,0.251296632965848
Ukraine,electricity,solar,CSP,2025,0.330465572806087
USA,electricity,solar,CSP_storage,2025,0.500000123561066
Africa_Eastern,electricity,solar,CSP_storage,2025,0.496298622654973
Africa_Northern,electricity,solar,CSP_storage,2025,0.487111363737208
Africa_Southern,electricity,solar,CSP_storage,2025,0.487771305248752
Africa_Western,electricity,solar,CSP_storage,2025,0.493423453481255
Australia_NZ,electricity,solar,CSP_storage,2025,0.481893253369818
Brazil,electricity,solar,CSP_storage,2025,0.555748843875073
Canada,electricity,solar,CSP_storage,2025,0.598881693968625
Central America and Caribbean,electricity,solar,CSP_storage,2025,0.523932163751151
Central Asia,electricity,solar,CSP_storage,2025,0.534730779363758
China,electricity,solar,CSP_storage,2025,0.503152242562433
India,electricity,solar,CSP_storage,2025,0.531168953279745
Indonesia,electricity,solar,CSP_storage,2025,0.583299228536159
Japan,electricity,solar,CSP_storage,2025,0.634107542683657
Mexico,electricity,solar,CSP_storage,2025,0.502943549997605
Middle East,electricity,solar,CSP_storage,2025,0.48813904238993
Pakistan,electricity,solar,CSP_storage,2025,0.517051928677241
Russia,electricity,solar,CSP_storage,2025,0.625458669979537
South Africa,electricity,solar,CSP_storage,2025,0.471167551091183
South America_Northern,electricity,solar,CSP_storage,2025,0.530587890806533
South America_Southern,electricity,solar,CSP_storage,2025,0.491142534298336
South Asia,electricity,solar,CSP_storage,2025,0.52511359435969
South Korea,electricity,solar,CSP_storage,2025,0.589213181696283
Southeast Asia,electricity,solar,CSP_storage,2025,0.53002062324114
Taiwan,electricity,solar,CSP_storage,2025,0.651339283245279
Argentina,electricity,solar,CSP_storage,2025,0.486884856848872
Colombia,electricity,solar,CSP_storage,2025,0.574062612102241
Austria,electricity,solar,CSP_storage,2025,0.25025
Belgium,electricity,solar,CSP_storage,2025,0.25025
Bulgaria,electricity,solar,CSP_storage,2025,0.616384154901447
Croatia,electricity,solar,CSP_storage,2025,0.516641008670509
Cyprus,electricity,solar,CSP_storage,2025,0.492692857443994
Czech Republic,electricity,solar,CSP_storage,2025,0.25025
Denmark,electricity,solar,CSP_storage,2025,0.25025
Estonia,electricity,solar,CSP_storage,2025,0.25025
Finland,electricity,solar,CSP_storage,2025,0.25025
France,electricity,solar,CSP_storage,2025,0.555213489274871
Germany,electricity,solar,CSP_storage,2025,0.25025
Greece,electricity,solar,CSP_storage,2025,0.495254189656401
Hungary,electricity,solar,CSP_storage,2025,0.25025
Ireland,electricity,solar,CSP_storage,2025,0.25025
Italy,electricity,solar,CSP_storage,2025,0.538238493028135
Latvia,electricity,solar,CSP_storage,2025,0.25025
Lithuania,electricity,solar,CSP_storage,2025,0.25025
Luxembourg,electricity,solar,CSP_storage,2025,0.25025
Malta,electricity,solar,CSP_storage,2025,0.492730656855584
Netherlands,electricity,solar,CSP_storage,2025,0.25025
Poland,electricity,solar,CSP_storage,2025,0.25025
Portugal,electricity,solar,CSP_storage,2025,0.549396396586715
Romania,electricity,solar,CSP_storage,2025,0.612264362383144
Slovakia,electricity,solar,CSP_storage,2025,0.25025
Slovenia,electricity,solar,CSP_storage,2025,0.25025
Spain,electricity,solar,CSP_storage,2025,0.511946963722364
Sweden,electricity,solar,CSP_storage,2025,0.25025
Albania,electricity,solar,CSP_storage,2025,0.51151325685674
Belarus,electricity,solar,CSP_storage,2025,0.25025
Bosnia and Herzegovina,electricity,solar,CSP_storage,2025,0.25025
Iceland,electricity,solar,CSP_storage,2025,0.25025
Macedonia,electricity,solar,CSP_storage,2025,0.25025
Moldova,electricity,solar,CSP_storage,2025,0.25025
Norway,electricity,solar,CSP_storage,2025,0.25025
Serbia and Montenegro,electricity,solar,CSP_storage,2025,0.25025
Switzerland,electricity,solar,CSP_storage,2025,0.25025
Turkey,electricity,solar,CSP_storage,2025,0.530487918542216
UK,electricity,solar,CSP_storage,2025,0.501296632965847
Ukraine,electricity,solar,CSP_storage,2025,0.580465572806087
USA,electricity,solar,CSP,2030,0.250000123561066
Africa_Eastern,electricity,solar,CSP,2030,0.246298622654973
Africa_Northern,electricity,solar,CSP,2030,0.237111363737208
Africa_Southern,electricity,solar,CSP,2030,0.237771305248752
Africa_Western,electricity,solar,CSP,2030,0.243423453481255
Australia_NZ,electricity,solar,CSP,2030,0.231893253369818
Brazil,electricity,solar,CSP,2030,0.305748843875073
Canada,electricity,solar,CSP,2030,0.348881693968625
Central America and Caribbean,electricity,solar,CSP,2030,0.273932163751151
Central Asia,electricity,solar,CSP,2030,0.284730779363758
China,electricity,solar,CSP,2030,0.253152242562433
India,electricity,solar,CSP,2030,0.281168953279745
Indonesia,electricity,solar,CSP,2030,0.333299228536159
Japan,electricity,solar,CSP,2030,0.384107542683657
Mexico,electricity,solar,CSP,2030,0.252943549997605
Middle East,electricity,solar,CSP,2030,0.23813904238993
Pakistan,electricity,solar,CSP,2030,0.267051928677241
Russia,electricity,solar,CSP,2030,0.375458669979537
South Africa,electricity,solar,CSP,2030,0.221167551091183
South America_Northern,electricity,solar,CSP,2030,0.280587890806533
South America_Southern,electricity,solar,CSP,2030,0.241142534298336
South Asia,electricity,solar,CSP,2030,0.27511359435969
South Korea,electricity,solar,CSP,2030,0.339213181696283
Southeast Asia,electricity,solar,CSP,2030,0.280020623241139
Taiwan,electricity,solar,CSP,2030,0.401339283245279
Argentina,electricity,solar,CSP,2030,0.236884856848872
Colombia,electricity,solar,CSP,2030,0.324062612102241
Austria,electricity,solar,CSP,2030,0.00025
Belgium,electricity,solar,CSP,2030,0.00025
Bulgaria,electricity,solar,CSP,2030,0.366384154901447
Croatia,electricity,solar,CSP,2030,0.266641008670509
Cyprus,electricity,solar,CSP,2030,0.242692857443994
Czech Republic,electricity,solar,CSP,2030,0.00025
Denmark,electricity,solar,CSP,2030,0.00025
Estonia,electricity,solar,CSP,2030,0.00025
Finland,electricity,solar,CSP,2030,0.00025
France,electricity,solar,CSP,2030,0.305213489274871
Germany,electricity,solar,CSP,2030,0.00025
Greece,electricity,solar,CSP,2030,0.245254189656401
Hungary,electricity,solar,CSP,2030,0.00025
Ireland,electricity,solar,CSP,2030,0.00025
Italy,electricity,solar,CSP,2030,0.288238493028135
Latvia,electricity,solar,CSP,2030,0.00025
Lithuania,electricity,solar,CSP,2030,0.00025
Luxembourg,electricity,solar,CSP,2030,0.00025
Malta,electricity,solar,CSP,2030,0.242730656855584
Netherlands,electricity,solar,CSP,2030,0.00025
Poland,electricity,solar,CSP,2030,0.00025
Portugal,electricity,solar,CSP,2030,0.299396396586715
Romania,electricity,solar,CSP,2030,0.362264362383144
Slovakia,electricity,solar,CSP,2030,0.00025
Slovenia,electricity,solar,CSP,2030,0.00025
Spain,electricity,solar,CSP,2030,0.261946963722364
Sweden,electricity,solar,CSP,2030,0.00025
Albania,electricity,solar,CSP,2030,0.26151325685674
Belarus,electricity,solar,CSP,2030,0.00025
Bosnia and Herzegovina,electricity,solar,CSP,2030,0.00025
Iceland,electricity,solar,CSP,2030,0.00025
Macedonia,electricity,solar,CSP,2030,0.00025
Moldova,electricity,solar,CSP,2030,0.00025
Norway,electricity,solar,CSP,2030,0.00025
Serbia and Montenegro,electricity,solar,CSP,2030,0.00025
Switzerland,electricity,solar,CSP,2030,0.00025
Turkey,electricity,solar,CSP,2030,0.280487918542216
UK,electricity,solar,CSP,2030,0.251296632965848
Ukraine,electricity,solar,CSP,2030,0.330465572806087
USA,electricity,solar,CSP_storage,2030,0.500000123561066
Africa_Eastern,electricity,solar,CSP_storage,2030,0.496298622654973
Africa_Northern,electricity,solar,CSP_storage,2030,0.487111363737208
Africa_Southern,electricity,solar,CSP_storage,2030,0.487771305248752
Africa_Western,electricity,solar,CSP_storage,2030,0.493423453481255
Australia_NZ,electricity,solar,CSP_storage,2030,0.481893253369818
Brazil,electricity,solar,CSP_storage,2030,0.555748843875073
Canada,electricity,solar,CSP_storage,2030,0.598881693968625
Central America and Caribbean,electricity,solar,CSP_storage,2030,0.523932163751151
Central Asia,electricity,solar,CSP_storage,2030,0.534730779363758
China,electricity,solar,CSP_storage,2030,0.503152242562433
India,electricity,solar,CSP_storage,2030,0.531168953279745
Indonesia,electricity,solar,CSP_storage,2030,0.583299228536159
Japan,electricity,solar,CSP_storage,2030,0.634107542683657
Mexico,electricity,solar,CSP_storage,2030,0.502943549997605
Middle East,electricity,solar,CSP_storage,2030,0.48813904238993
Pakistan,electricity,solar,CSP_storage,2030,0.517051928677241
Russia,electricity,solar,CSP_storage,2030,0.625458669979537
South Africa,electricity,solar,CSP_storage,2030,0.471167551091183
South America_Northern,electricity,solar,CSP_storage,2030,0.530587890806533
South America_Southern,electricity,solar,CSP_storage,2030,0.491142534298336
South Asia,electricity,solar,CSP_storage,2030,0.52511359435969
South Korea,electricity,solar,CSP_storage,2030,0.589213181696283
Southeast Asia,electricity,solar,CSP_storage,2030,0.53002062324114
Taiwan,electricity,solar,CSP_storage,2030,0.651339283245279
Argentina,electricity,solar,CSP_storage,2030,0.486884856848872
Colombia,electricity,solar,CSP_storage,2030,0.574062612102241
Austria,electricity,solar,CSP_storage,2030,0.25025
Belgium,electricity,solar,CSP_storage,2030,0.25025
Bulgaria,electricity,solar,CSP_storage,2030,0.616384154901447
Croatia,electricity,solar,CSP_storage,2030,0.516641008670509
Cyprus,electricity,solar,CSP_storage,2030,0.492692857443994
Czech Republic,electricity,solar,CSP_storage,2030,0.25025
Denmark,electricity,solar,CSP_storage,2030,0.25025
Estonia,electricity,solar,CSP_storage,2030,0.25025
Finland,electricity,solar,CSP_storage,2030,0.25025
France,electricity,solar,CSP_storage,2030,0.555213489274871
Germany,electricity,solar,CSP_storage,2030,0.25025
Greece,electricity,solar,CSP_storage,2030,0.495254189656401
Hungary,electricity,solar,CSP_storage,2030,0.25025
Ireland,electricity,solar,CSP_storage,2030,0.25025
Italy,electricity,solar,CSP_storage,2030,0.538238493028135
Latvia,electricity,solar,CSP_storage,2030,0.25025
Lithuania,electricity,solar,CSP_storage,2030,0.25025
Luxembourg,electricity,solar,CSP_storage,2030,0.25025
Malta,electricity,solar,CSP_storage,2030,0.492730656855584
Netherlands,electricity,solar,CSP_storage,2030,0.25025
Poland,electricity,solar,CSP_storage,2030,0.25025
Portugal,electricity,solar,CSP_storage,2030,0.549396396586715
Romania,electricity,solar,CSP_storage,2030,0.612264362383144
Slovakia,electricity,solar,CSP_storage,2030,0.25025
Slovenia,electricity,solar,CSP_storage,2030,0.25025
Spain,electricity,solar,CSP_storage,2030,0.511946963722364
Sweden,electricity,solar,CSP_storage,2030,0.25025
Albania,electricity,solar,CSP_storage,2030,0.51151325685674
Belarus,electricity,solar,CSP_storage,2030,0.25025
Bosnia and Herzegovina,electricity,solar,CSP_storage,2030,0.25025
Iceland,electricity,solar,CSP_storage,2030,0.25025
Macedonia,electricity,solar,CSP_storage,2030,0.25025
Moldova,electricity,solar,CSP_storage,2030,0.25025
Norway,electricity,solar,CSP_storage,2030,0.25025
Serbia and Montenegro,electricity,solar,CSP_storage,2030,0.25025
Switzerland,electricity,solar,CSP_storage,2030,0.25025
Turkey,electricity,solar,CSP_storage,2030,0.530487918542216
UK,electricity,solar,CSP_storage,2030,0.501296632965847
Ukraine,electricity,solar,CSP_storage,2030,0.580465572806087
USA,electricity,solar,CSP,2035,0.250000123561066
Africa_Eastern,electricity,solar,CSP,2035,0.246298622654973
Africa_Northern,electricity,solar,CSP,2035,0.237111363737208
Africa_Southern,electricity,solar,CSP,2035,0.237771305248752
Africa_Western,electricity,solar,CSP,2035,0.243423453481255
Australia_NZ,electricity,solar,CSP,2035,0.231893253369818
Brazil,electricity,solar,CSP,2035,0.305748843875073
Canada,electricity,solar,CSP,2035,0.348881693968625
Central America and Caribbean,electricity,solar,CSP,2035,0.273932163751151
Central Asia,electricity,solar,CSP,2035,0.284730779363758
China,electricity,solar,CSP,2035,0.253152242562433
India,electricity,solar,CSP,2035,0.281168953279745
Indonesia,electricity,solar,CSP,2035,0.333299228536159
Japan,electricity,solar,CSP,2035,0.384107542683657
Mexico,electricity,solar,CSP,2035,0.252943549997605
Middle East,electricity,solar,CSP,2035,0.23813904238993
Pakistan,electricity,solar,CSP,2035,0.267051928677241
Russia,electricity,solar,CSP,2035,0.375458669979537
South Africa,electricity,solar,CSP,2035,0.221167551091183
South America_Northern,electricity,solar,CSP,2035,0.280587890806533
South America_Southern,electricity,solar,CSP,2035,0.241142534298336
South Asia,electricity,solar,CSP,2035,0.27511359435969
South Korea,electricity,solar,CSP,2035,0.339213181696283
Southeast Asia,electricity,solar,CSP,2035,0.280020623241139
Taiwan,electricity,solar,CSP,2035,0.401339283245279
Argentina,electricity,solar,CSP,2035,0.236884856848872
Colombia,electricity,solar,CSP,2035,0.324062612102241
Austria,electricity,solar,CSP,2035,0.00025
Belgium,electricity,solar,CSP,2035,0.00025
Bulgaria,electricity,solar,CSP,2035,0.366384154901447
Croatia,electricity,solar,CSP,2035,0.266641008670509
Cyprus,electricity,solar,CSP,2035,0.242692857443994
Czech Republic,electricity,solar,CSP,2035,0.00025
Denmark,electricity,solar,CSP,2035,0.00025
Estonia,electricity,solar,CSP,2035,0.00025
Finland,electricity,solar,CSP,2035,0.00025
France,electricity,solar,CSP,2035,0.305213489274871
Germany,electricity,solar,CSP,2035,0.00025
Greece,electricity,solar,CSP,2035,0.245254189656401
Hungary,electricity,solar,CSP,2035,0.00025
Ireland,electricity,solar,CSP,2035,0.00025
Italy,electricity,solar,CSP,2035,0.288238493028135
Latvia,electricity,solar,CSP,2035,0.00025
Lithuania,electricity,solar,CSP,2035,0.00025
Luxembourg,electricity,solar,CSP,2035,0.00025
Malta,electricity,solar,CSP,2035,0.242730656855584
Netherlands,electricity,solar,CSP,2035,0.00025
Poland,electricity,solar,CSP,2035,0.00025
Portugal,electricity,solar,CSP,2035,0.299396396586715
Romania,electricity,solar,CSP,2035,0.362264362383144
Slovakia,electricity,solar,CSP,2035,0.00025
Slovenia,electricity,solar,CSP,2035,0.00025
Spain,electricity,solar,CSP,2035,0.261946963722364
Sweden,electricity,solar,CSP,2035,0.00025
Albania,electricity,solar,CSP,2035,0.26151325685674
Belarus,electricity,solar,CSP,2035,0.00025
Bosnia and Herzegovina,electricity,solar,CSP,2035,0.00025
Iceland,electricity,solar,CSP,2035,0.00025
Macedonia,electricity,solar,CSP,2035,0.00025
Moldova,electricity,solar,CSP,2035,0.00025
Norway,electricity,solar,CSP,2035,0.00025
Serbia and Montenegro,electricity,solar,CSP,2035,0.00025
Switzerland,electricity,solar,CSP,2035,0.00025
Turkey,electricity,solar,CSP,2035,0.280487918542216
UK,electricity,solar,CSP,2035,0.251296632965848
Ukraine,electricity,solar,CSP,2035,0.330465572806087
USA,electricity,solar,CSP_storage,2035,0.500000123561066
Africa_Eastern,electricity,solar,CSP_storage,2035,0.496298622654973
Africa_Northern,electricity,solar,CSP_storage,2035,0.487111363737208
Africa_Southern,electricity,solar,CSP_storage,2035,0.487771305248752
Africa_Western,electricity,solar,CSP_storage,2035,0.493423453481255
Australia_NZ,electricity,solar,CSP_storage,2035,0.481893253369818
Brazil,electricity,solar,CSP_storage,2035,0.555748843875073
Canada,electricity,solar,CSP_storage,2035,0.598881693968625
Central America and Caribbean,electricity,solar,CSP_storage,2035,0.523932163751151
Central Asia,electricity,solar,CSP_storage,2035,0.534730779363758
China,electricity,solar,CSP_storage,2035,0.503152242562433
India,electricity,solar,CSP_storage,2035,0.531168953279745
Indonesia,electricity,solar,CSP_storage,2035,0.583299228536159
Japan,electricity,solar,CSP_storage,2035,0.634107542683657
Mexico,electricity,solar,CSP_storage,2035,0.502943549997605
Middle East,electricity,solar,CSP_storage,2035,0.48813904238993
Pakistan,electricity,solar,CSP_storage,2035,0.517051928677241
Russia,electricity,solar,CSP_storage,2035,0.625458669979537
South Africa,electricity,solar,CSP_storage,2035,0.471167551091183
South America_Northern,electricity,solar,CSP_storage,2035,0.530587890806533
South America_Southern,electricity,solar,CSP_storage,2035,0.491142534298336
South Asia,electricity,solar,CSP_storage,2035,0.52511359435969
South Korea,electricity,solar,CSP_storage,2035,0.589213181696283
Southeast Asia,electricity,solar,CSP_storage,2035,0.53002062324114
Taiwan,electricity,solar,CSP_storage,2035,0.651339283245279
Argentina,electricity,solar,CSP_storage,2035,0.486884856848872
Colombia,electricity,solar,CSP_storage,2035,0.574062612102241
Austria,electricity,solar,CSP_storage,2035,0.25025
Belgium,electricity,solar,CSP_storage,2035,0.25025
Bulgaria,electricity,solar,CSP_storage,2035,0.616384154901447
Croatia,electricity,solar,CSP_storage,2035,0.516641008670509
Cyprus,electricity,solar,CSP_storage,2035,0.492692857443994
Czech Republic,electricity,solar,CSP_storage,2035,0.25025
Denmark,electricity,solar,CSP_storage,2035,0.25025
Estonia,electricity,solar,CSP_storage,2035,0.25025
Finland,electricity,solar,CSP_storage,2035,0.25025
France,electricity,solar,CSP_storage,2035,0.555213489274871
Germany,electricity,solar,CSP_storage,2035,0.25025
Greece,electricity,solar,CSP_storage,2035,0.495254189656401
Hungary,electricity,solar,CSP_storage,2035,0.25025
Ireland,electricity,solar,CSP_storage,2035,0.25025
Italy,electricity,solar,CSP_storage,2035,0.538238493028135
Latvia,electricity,solar,CSP_storage,2035,0.25025
Lithuania,electricity,solar,CSP_storage,2035,0.25025
Luxembourg,electricity,solar,CSP_storage,2035,0.25025
Malta,electricity,solar,CSP_storage,2035,0.492730656855584
Netherlands,electricity,solar,CSP_storage,2035,0.25025
Poland,electricity,solar,CSP_storage,2035,0.25025
Portugal,electricity,solar,CSP_storage,2035,0.549396396586715
Romania,electricity,solar,CSP_storage,2035,0.612264362383144
Slovakia,electricity,solar,CSP_storage,2035,0.25025
Slovenia,electricity,solar,CSP_storage,2035,0.25025
Spain,electricity,solar,CSP_storage,2035,0.511946963722364
Sweden,electricity,solar,CSP_storage,2035,0.25025
Albania,electricity,solar,CSP_storage,2035,0.51151325685674
Belarus,electricity,solar,CSP_storage,2035,0.25025
Bosnia and Herzegovina,electricity,solar,CSP_storage,2035,0.25025
Iceland,electricity,solar,CSP_storage,2035,0.25025
Macedonia,electricity,solar,CSP_storage,2035,0.25025
Moldova,electricity,solar,CSP_storage,2035,0.25025
Norway,electricity,solar,CSP_storage,2035,0.25025
Serbia and Montenegro,electricity,solar,CSP_storage,2035,0.25025
Switzerland,electricity,solar,CSP_storage,2035,0.25025
Turkey,electricity,solar,CSP_storage,2035,0.530487918542216
UK,electricity,solar,CSP_storage,2035,0.501296632965847
Ukraine,electricity,solar,CSP_storage,2035,0.580465572806087
USA,electricity,solar,CSP,2040,0.250000123561066
Africa_Eastern,electricity,solar,CSP,2040,0.246298622654973
Africa_Northern,electricity,solar,CSP,2040,0.237111363737208
Africa_Southern,electricity,solar,CSP,2040,0.237771305248752
Africa_Western,electricity,solar,CSP,2040,0.243423453481255
Australia_NZ,electricity,solar,CSP,2040,0.231893253369818
Brazil,electricity,solar,CSP,2040,0.305748843875073
Canada,electricity,solar,CSP,2040,0.348881693968625
Central America and Caribbean,electricity,solar,CSP,2040,0.273932163751151
Central Asia,electricity,solar,CSP,2040,0.284730779363758
China,electricity,solar,CSP,2040,0.253152242562433
India,electricity,solar,CSP,2040,0.281168953279745
Indonesia,electricity,solar,CSP,2040,0.333299228536159
Japan,electricity,solar,CSP,2040,0.384107542683657
Mexico,electricity,solar,CSP,2040,0.252943549997605
Middle East,electricity,solar,CSP,2040,0.23813904238993
Pakistan,electricity,solar,CSP,2040,0.267051928677241
Russia,electricity,solar,CSP,2040,0.375458669979537
South Africa,electricity,solar,CSP,2040,0.221167551091183
South America_Northern,electricity,solar,CSP,2040,0.280587890806533
South America_Southern,electricity,solar,CSP,2040,0.241142534298336
South Asia,electricity,solar,CSP,2040,0.27511359435969
South Korea,electricity,solar,CSP,2040,0.339213181696283
Southeast Asia,electricity,solar,CSP,2040,0.280020623241139
Taiwan,electricity,solar,CSP,2040,0.401339283245279
Argentina,electricity,solar,CSP,2040,0.236884856848872
Colombia,electricity,solar,CSP,2040,0.324062612102241
Austria,electricity,solar,CSP,2040,0.00025
Belgium,electricity,solar,CSP,2040,0.00025
Bulgaria,electricity,solar,CSP,2040,0.366384154901447
Croatia,electricity,solar,CSP,2040,0.266641008670509
Cyprus,electricity,solar,CSP,2040,0.242692857443994
Czech Republic,electricity,solar,CSP,2040,0.00025
Denmark,electricity,solar,CSP,2040,0.00025
Estonia,electricity,solar,CSP,2040,0.00025
Finland,electricity,solar,CSP,2040,0.00025
France,electricity,solar,CSP,2040,0.305213489274871
Germany,electricity,solar,CSP,2040,0.00025
Greece,electricity,solar,CSP,2040,0.245254189656401
Hungary,electricity,solar,CSP,2040,0.00025
Ireland,electricity,solar,CSP,2040,0.00025
Italy,electricity,solar,CSP,2040,0.288238493028135
Latvia,electricity,solar,CSP,2040,0.00025
Lithuania,electricity,solar,CSP,2040,0.00025
Luxembourg,electricity,solar,CSP,2040,0.00025
Malta,electricity,solar,CSP,2040,0.242730656855584
Netherlands,electricity,solar,CSP,2040,0.00025
Poland,electricity,solar,CSP,2040,0.00025
Portugal,electricity,solar,CSP,2040,0.299396396586715
Romania,electricity,solar,CSP,2040,0.362264362383144
Slovakia,electricity,solar,CSP,2040,0.00025
Slovenia,electricity,solar,CSP,2040,0.00025
Spain,electricity,solar,CSP,2040,0.261946963722364
Sweden,electricity,solar,CSP,2040,0.00025
Albania,electricity,solar,CSP,2040,0.26151325685674
Belarus,electricity,solar,CSP,2040,0.00025
Bosnia and Herzegovina,electricity,solar,CSP,2040,0.00025
Iceland,electricity,solar,CSP,2040,0.00025
Macedonia,electricity,solar,CSP,2040,0.00025
Moldova,electricity,solar,CSP,2040,0.00025
Norway,electricity,solar,CSP,2040,0.00025
Serbia and Montenegro,electricity,solar,CSP,2040,0.00025
Switzerland,electricity,solar,CSP,2040,0.00025
Turkey,electricity,solar,CSP,2040,0.280487918542216
UK,electricity,solar,CSP,2040,0.251296632965848
Ukraine,electricity,solar,CSP,2040,0.330465572806087
USA,electricity,solar,CSP_storage,2040,0.500000123561066
Africa_Eastern,electricity,solar,CSP_storage,2040,0.496298622654973
Africa_Northern,electricity,solar,CSP_storage,2040,0.487111363737208
Africa_Southern,electricity,solar,CSP_storage,2040,0.487771305248752
Africa_Western,electricity,solar,CSP_storage,2040,0.493423453481255
Australia_NZ,electricity,solar,CSP_storage,2040,0.481893253369818
Brazil,electricity,solar,CSP_storage,2040,0.555748843875073
Canada,electricity,solar,CSP_storage,2040,0.598881693968625
Central America and Caribbean,electricity,solar,CSP_storage,2040,0.523932163751151
Central Asia,electricity,solar,CSP_storage,2040,0.534730779363758
China,electricity,solar,CSP_storage,2040,0.503152242562433
India,electricity,solar,CSP_storage,2040,0.531168953279745
Indonesia,electricity,solar,CSP_storage,2040,0.583299228536159
Japan,electricity,solar,CSP_storage,2040,0.634107542683657
Mexico,electricity,solar,CSP_storage,2040,0.502943549997605
Middle East,electricity,solar,CSP_storage,2040,0.48813904238993
Pakistan,electricity,solar,CSP_storage,2040,0.517051928677241
Russia,electricity,solar,CSP_storage,2040,0.625458669979537
South Africa,electricity,solar,CSP_storage,2040,0.471167551091183
South America_Northern,electricity,solar,CSP_storage,2040,0.530587890806533
South America_Southern,electricity,solar,CSP_storage,2040,0.491142534298336
South Asia,electricity,solar,CSP_storage,2040,0.52511359435969
South Korea,electricity,solar,CSP_storage,2040,0.589213181696283
Southeast Asia,electricity,solar,CSP_storage,2040,0.53002062324114
Taiwan,electricity,solar,CSP_storage,2040,0.651339283245279
Argentina,electricity,solar,CSP_storage,2040,0.486884856848872
Colombia,electricity,solar,CSP_storage,2040,0.574062612102241
Austria,electricity,solar,CSP_storage,2040,0.25025
Belgium,electricity,solar,CSP_storage,2040,0.25025
Bulgaria,electricity,solar,CSP_storage,2040,0.616384154901447
Croatia,electricity,solar,CSP_storage,2040,0.516641008670509
Cyprus,electricity,solar,CSP_storage,2040,0.492692857443994
Czech Republic,electricity,solar,CSP_storage,2040,0.25025
Denmark,electricity,solar,CSP_storage,2040,0.25025
Estonia,electricity,solar,CSP_storage,2040,0.25025
Finland,electricity,solar,CSP_storage,2040,0.25025
France,electricity,solar,CSP_storage,2040,0.555213489274871
Germany,electricity,solar,CSP_storage,2040,0.25025
Greece,electricity,solar,CSP_storage,2040,0.495254189656401
Hungary,electricity,solar,CSP_storage,2040,0.25025
Ireland,electricity,solar,CSP_storage,2040,0.25025
Italy,electricity,solar,CSP_storage,2040,0.538238493028135
Latvia,electricity,solar,CSP_storage,2040,0.25025
Lithuania,electricity,solar,CSP_storage,2040,0.25025
Luxembourg,electricity,solar,CSP_storage,2040,0.25025
Malta,electricity,solar,CSP_storage,2040,0.492730656855584
Netherlands,electricity,solar,CSP_storage,2040,0.25025
Poland,electricity,solar,CSP_storage,2040,0.25025
Portugal,electricity,solar,CSP_storage,2040,0.549396396586715
Romania,electricity,solar,CSP_storage,2040,0.612264362383144
Slovakia,electricity,solar,CSP_storage,2040,0.25025
Slovenia,electricity,solar,CSP_storage,2040,0.25025
Spain,electricity,solar,CSP_storage,2040,0.511946963722364
Sweden,electricity,solar,CSP_storage,2040,0.25025
Albania,electricity,solar,CSP_storage,2040,0.51151325685674
Belarus,electricity,solar,CSP_storage,2040,0.25025
Bosnia and Herzegovina,electricity,solar,CSP_storage,2040,0.25025
Iceland,electricity,solar,CSP_storage,2040,0.25025
Macedonia,electricity,solar,CSP_storage,2040,0.25025
Moldova,electricity,solar,CSP_storage,2040,0.25025
Norway,electricity,solar,CSP_storage,2040,0.25025
Serbia and Montenegro,electricity,solar,CSP_storage,2040,0.25025
Switzerland,electricity,solar,CSP_storage,2040,0.25025
Turkey,electricity,solar,CSP_storage,2040,0.530487918542216
UK,electricity,solar,CSP_storage,2040,0.501296632965847
Ukraine,electricity,solar,CSP_storage,2040,0.580465572806087
USA,electricity,solar,CSP,2045,0.250000123561066
Africa_Eastern,electricity,solar,CSP,2045,0.246298622654973
Africa_Northern,electricity,solar,CSP,2045,0.237111363737208
Africa_Southern,electricity,solar,CSP,2045,0.237771305248752
Africa_Western,electricity,solar,CSP,2045,0.243423453481255
Australia_NZ,electricity,solar,CSP,2045,0.231893253369818
Brazil,electricity,solar,CSP,2045,0.305748843875073
Canada,electricity,solar,CSP,2045,0.348881693968625
Central America and Caribbean,electricity,solar,CSP,2045,0.273932163751151
Central Asia,electricity,solar,CSP,2045,0.284730779363758
China,electricity,solar,CSP,2045,0.253152242562433
India,electricity,solar,CSP,2045,0.281168953279745
Indonesia,electricity,solar,CSP,2045,0.333299228536159
Japan,electricity,solar,CSP,2045,0.384107542683657
Mexico,electricity,solar,CSP,2045,0.252943549997605
Middle East,electricity,solar,CSP,2045,0.23813904238993
Pakistan,electricity,solar,CSP,2045,0.267051928677241
Russia,electricity,solar,CSP,2045,0.375458669979537
South Africa,electricity,solar,CSP,2045,0.221167551091183
South America_Northern,electricity,solar,CSP,2045,0.280587890806533
South America_Southern,electricity,solar,CSP,2045,0.241142534298336
South Asia,electricity,solar,CSP,2045,0.27511359435969
South Korea,electricity,solar,CSP,2045,0.339213181696283
Southeast Asia,electricity,solar,CSP,2045,0.280020623241139
Taiwan,electricity,solar,CSP,2045,0.401339283245279
Argentina,electricity,solar,CSP,2045,0.236884856848872
Colombia,electricity,solar,CSP,2045,0.324062612102241
Austria,electricity,solar,CSP,2045,0.00025
Belgium,electricity,solar,CSP,2045,0.00025
Bulgaria,electricity,solar,CSP,2045,0.366384154901447
Croatia,electricity,solar,CSP,2045,0.266641008670509
Cyprus,electricity,solar,CSP,2045,0.242692857443994
Czech Republic,electricity,solar,CSP,2045,0.00025
Denmark,electricity,solar,CSP,2045,0.00025
Estonia,electricity,solar,CSP,2045,0.00025
Finland,electricity,solar,CSP,2045,0.00025
France,electricity,solar,CSP,2045,0.305213489274871
Germany,electricity,solar,CSP,2045,0.00025
Greece,electricity,solar,CSP,2045,0.245254189656401
Hungary,electricity,solar,CSP,2045,0.00025
Ireland,electricity,solar,CSP,2045,0.00025
Italy,electricity,solar,CSP,2045,0.288238493028135
Latvia,electricity,solar,CSP,2045,0.00025
Lithuania,electricity,solar,CSP,2045,0.00025
Luxembourg,electricity,solar,CSP,2045,0.00025
Malta,electricity,solar,CSP,2045,0.242730656855584
Netherlands,electricity,solar,CSP,2045,0.00025
Poland,electricity,solar,CSP,2045,0.00025
Portugal,electricity,solar,CSP,2045,0.299396396586715
Romania,electricity,solar,CSP,2045,0.362264362383144
Slovakia,electricity,solar,CSP,2045,0.00025
Slovenia,electricity,solar,CSP,2045,0.00025
Spain,electricity,solar,CSP,2045,0.261946963722364
Sweden,electricity,solar,CSP,2045,0.00025
Albania,electricity,solar,CSP,2045,0.26151325685674
Belarus,electricity,solar,CSP,2045,0.00025
Bosnia and Herzegovina,electricity,solar,CSP,2045,0.00025
Iceland,electricity,solar,CSP,2045,0.00025
Macedonia,electricity,solar,CSP,2045,0.00025
Moldova,electricity,solar,CSP,2045,0.00025
Norway,electricity,solar,CSP,2045,0.00025
Serbia and Montenegro,electricity,solar,CSP,2045,0.00025
Switzerland,electricity,solar,CSP,2045,0.00025
Turkey,electricity,solar,CSP,2045,0.280487918542216
UK,electricity,solar,CSP,2045,0.251296632965848
Ukraine,electricity,solar,CSP,2045,0.330465572806087
USA,electricity,solar,CSP_storage,2045,0.500000123561066
Africa_Eastern,electricity,solar,CSP_storage,2045,0.496298622654973
Africa_Northern,electricity,solar,CSP_storage,2045,0.487111363737208
Africa_Southern,electricity,solar,CSP_storage,2045,0.487771305248752
Africa_Western,electricity,solar,CSP_storage,2045,0.493423453481255
Australia_NZ,electricity,solar,CSP_storage,2045,0.481893253369818
Brazil,electricity,solar,CSP_storage,2045,0.555748843875073
Canada,electricity,solar,CSP_storage,2045,0.598881693968625
Central America and Caribbean,electricity,solar,CSP_storage,2045,0.523932163751151
Central Asia,electricity,solar,CSP_storage,2045,0.534730779363758
China,electricity,solar,CSP_storage,2045,0.503152242562433
India,electricity,solar,CSP_storage,2045,0.531168953279745
Indonesia,electricity,solar,CSP_storage,2045,0.583299228536159
Japan,electricity,solar,CSP_storage,2045,0.634107542683657
Mexico,electricity,solar,CSP_storage,2045,0.502943549997605
Middle East,electricity,solar,CSP_storage,2045,0.48813904238993
Pakistan,electricity,solar,CSP_storage,2045,0.517051928677241
Russia,electricity,solar,CSP_storage,2045,0.625458669979537
South Africa,electricity,solar,CSP_storage,2045,0.471167551091183
South America_Northern,electricity,solar,CSP_storage,2045,0.530587890806533
South America_Southern,electricity,solar,CSP_storage,2045,0.491142534298336
South Asia,electricity,solar,CSP_storage,2045,0.52511359435969
South Korea,electricity,solar,CSP_storage,2045,0.589213181696283
Southeast Asia,electricity,solar,CSP_storage,2045,0.53002062324114
Taiwan,electricity,solar,CSP_storage,2045,0.651339283245279
Argentina,electricity,solar,CSP_storage,2045,0.486884856848872
Colombia,electricity,solar,CSP_storage,2045,0.574062612102241
Austria,electricity,solar,CSP_storage,2045,0.25025
Belgium,electricity,solar,CSP_storage,2045,0.25025
Bulgaria,electricity,solar,CSP_storage,2045,0.616384154901447
Croatia,electricity,solar,CSP_storage,2045,0.516641008670509
Cyprus,electricity,solar,CSP_storage,2045,0.492692857443994
Czech Republic,electricity,solar,CSP_storage,2045,0.25025
Denmark,electricity,solar,CSP_storage,2045,0.25025
Estonia,electricity,solar,CSP_storage,2045,0.25025
Finland,electricity,solar,CSP_storage,2045,0.25025
France,electricity,solar,CSP_storage,2045,0.555213489274871
Germany,electricity,solar,CSP_storage,2045,0.25025
Greece,electricity,solar,CSP_storage,2045,0.495254189656401
Hungary,electricity,solar,CSP_storage,2045,0.25025
Ireland,electricity,solar,CSP_storage,2045,0.25025
Italy,electricity,solar,CSP_storage,2045,0.538238493028135
Latvia,electricity,solar,CSP_storage,2045,0.25025
Lithuania,electricity,solar,CSP_storage,2045,0.25025
Luxembourg,electricity,solar,CSP_storage,2045,0.25025
Malta,electricity,solar,CSP_storage,2045,0.492730656855584
Netherlands,electricity,solar,CSP_storage,2045,0.25025
Poland,electricity,solar,CSP_storage,2045,0.25025
Portugal,electricity,solar,CSP_storage,2045,0.549396396586715
Romania,electricity,solar,CSP_storage,2045,0.612264362383144
Slovakia,electricity,solar,CSP_storage,2045,0.25025
Slovenia,electricity,solar,CSP_storage,2045,0.25025
Spain,electricity,solar,CSP_storage,2045,0.511946963722364
Sweden,electricity,solar,CSP_storage,2045,0.25025
Albania,electricity,solar,CSP_storage,2045,0.51151325685674
Belarus,electricity,solar,CSP_storage,2045,0.25025
Bosnia and Herzegovina,electricity,solar,CSP_storage,2045,0.25025
Iceland,electricity,solar,CSP_storage,2045,0.25025
Macedonia,electricity,solar,CSP_storage,2045,0.25025
Moldova,electricity,solar,CSP_storage,2045,0.25025
Norway,electricity,solar,CSP_storage,2045,0.25025
Serbia and Montenegro,electricity,solar,CSP_storage,2045,0.25025
Switzerland,electricity,solar,CSP_storage,2045,0.25025
Turkey,electricity,solar,CSP_storage,2045,0.530487918542216
UK,electricity,solar,CSP_storage,2045,0.501296632965847
Ukraine,electricity,solar,CSP_storage,2045,0.580465572806087
USA,electricity,solar,CSP,2050,0.250000123561066
Africa_Eastern,electricity,solar,CSP,2050,0.246298622654973
Africa_Northern,electricity,solar,CSP,2050,0.237111363737208
Africa_Southern,electricity,solar,CSP,2050,0.237771305248752
Africa_Western,electricity,solar,CSP,2050,0.243423453481255
Australia_NZ,electricity,solar,CSP,2050,0.231893253369818
Brazil,electricity,solar,CSP,2050,0.305748843875073
Canada,electricity,solar,CSP,2050,0.348881693968625
Central America and Caribbean,electricity,solar,CSP,2050,0.273932163751151
Central Asia,electricity,solar,CSP,2050,0.284730779363758
China,electricity,solar,CSP,2050,0.253152242562433
India,electricity,solar,CSP,2050,0.281168953279745
Indonesia,electricity,solar,CSP,2050,0.333299228536159
Japan,electricity,solar,CSP,2050,0.384107542683657
Mexico,electricity,solar,CSP,2050,0.252943549997605
Middle East,electricity,solar,CSP,2050,0.23813904238993
Pakistan,electricity,solar,CSP,2050,0.267051928677241
Russia,electricity,solar,CSP,2050,0.375458669979537
South Africa,electricity,solar,CSP,2050,0.221167551091183
South America_Northern,electricity,solar,CSP,2050,0.280587890806533
South America_Southern,electricity,solar,CSP,2050,0.241142534298336
South Asia,electricity,solar,CSP,2050,0.27511359435969
South Korea,electricity,solar,CSP,2050,0.339213181696283
Southeast Asia,electricity,solar,CSP,2050,0.280020623241139
Taiwan,electricity,solar,CSP,2050,0.401339283245279
Argentina,electricity,solar,CSP,2050,0.236884856848872
Colombia,electricity,solar,CSP,2050,0.324062612102241
Austria,electricity,solar,CSP,2050,0.00025
Belgium,electricity,solar,CSP,2050,0.00025
Bulgaria,electricity,solar,CSP,2050,0.366384154901447
Croatia,electricity,solar,CSP,2050,0.266641008670509
Cyprus,electricity,solar,CSP,2050,0.242692857443994
Czech Republic,electricity,solar,CSP,2050,0.00025
Denmark,electricity,solar,CSP,2050,0.00025
Estonia,electricity,solar,CSP,2050,0.00025
Finland,electricity,solar,CSP,2050,0.00025
France,electricity,solar,CSP,2050,0.305213489274871
Germany,electricity,solar,CSP,2050,0.00025
Greece,electricity,solar,CSP,2050,0.245254189656401
Hungary,electricity,solar,CSP,2050,0.00025
Ireland,electricity,solar,CSP,2050,0.00025
Italy,electricity,solar,CSP,2050,0.288238493028135
Latvia,electricity,solar,CSP,2050,0.00025
Lithuania,electricity,solar,CSP,2050,0.00025
Luxembourg,electricity,solar,CSP,2050,0.00025
Malta,electricity,solar,CSP,2050,0.242730656855584
Netherlands,electricity,solar,CSP,2050,0.00025
Poland,electricity,solar,CSP,2050,0.00025
Portugal,electricity,solar,CSP,2050,0.299396396586715
Romania,electricity,solar,CSP,2050,0.362264362383144
Slovakia,electricity,solar,CSP,2050,0.00025
Slovenia,electricity,solar,CSP,2050,0.00025
Spain,electricity,solar,CSP,2050,0.261946963722364
Sweden,electricity,solar,CSP,2050,0.00025
Albania,electricity,solar,CSP,2050,0.26151325685674
Belarus,electricity,solar,CSP,2050,0.00025
Bosnia and Herzegovina,electricity,solar,CSP,2050,0.00025
Iceland,electricity,solar,CSP,2050,0.00025
Macedonia,electricity,solar,CSP,2050,0.00025
Moldova,electricity,solar,CSP,2050,0.00025
Norway,electricity,solar,CSP,2050,0.00025
Serbia and Montenegro,electricity,solar,CSP,2050,0.00025
Switzerland,electricity,solar,CSP,2050,0.00025
Turkey,electricity,solar,CSP,2050,0.280487918542216
UK,electricity,solar,CSP,2050,0.251296632965848
Ukraine,electricity,solar,CSP,2050,0.330465572806087
USA,electricity,solar,CSP_storage,2050,0.500000123561066
Africa_Eastern,electricity,solar,CSP_storage,2050,0.496298622654973
Africa_Northern,electricity,solar,CSP_storage,2050,0.487111363737208
Africa_Southern,electricity,solar,CSP_storage,2050,0.487771305248752
Africa_Western,electricity,solar,CSP_storage,2050,0.493423453481255
Australia_NZ,electricity,solar,CSP_storage,2050,0.481893253369818
Brazil,electricity,solar,CSP_storage,2050,0.555748843875073
Canada,electricity,solar,CSP_storage,2050,0.598881693968625
Central America and Caribbean,electricity,solar,CSP_storage,2050,0.523932163751151
Central Asia,electricity,solar,CSP_storage,2050,0.534730779363758
China,electricity,solar,CSP_storage,2050,0.503152242562433
India,electricity,solar,CSP_storage,2050,0.531168953279745
Indonesia,electricity,solar,CSP_storage,2050,0.583299228536159
Japan,electricity,solar,CSP_storage,2050,0.634107542683657
Mexico,electricity,solar,CSP_storage,2050,0.502943549997605
Middle East,electricity,solar,CSP_storage,2050,0.48813904238993
Pakistan,electricity,solar,CSP_storage,2050,0.517051928677241
Russia,electricity,solar,CSP_storage,2050,0.625458669979537
South Africa,electricity,solar,CSP_storage,2050,0.471167551091183
South America_Northern,electricity,solar,CSP_storage,2050,0.530587890806533
South America_Southern,electricity,solar,CSP_storage,2050,0.491142534298336
South Asia,electricity,solar,CSP_storage,2050,0.52511359435969
South Korea,electricity,solar,CSP_storage,2050,0.589213181696283
Southeast Asia,electricity,solar,CSP_storage,2050,0.53002062324114
Taiwan,electricity,solar,CSP_storage,2050,0.651339283245279
Argentina,electricity,solar,CSP_storage,2050,0.486884856848872
Colombia,electricity,solar,CSP_storage,2050,0.574062612102241
Austria,electricity,solar,CSP_storage,2050,0.25025
Belgium,electricity,solar,CSP_storage,2050,0.25025
Bulgaria,electricity,solar,CSP_storage,2050,0.616384154901447
Croatia,electricity,solar,CSP_storage,2050,0.516641008670509
Cyprus,electricity,solar,CSP_storage,2050,0.492692857443994
Czech Republic,electricity,solar,CSP_storage,2050,0.25025
Denmark,electricity,solar,CSP_storage,2050,0.25025
Estonia,electricity,solar,CSP_storage,2050,0.25025
Finland,electricity,solar,CSP_storage,2050,0.25025
France,electricity,solar,CSP_storage,2050,0.555213489274871
Germany,electricity,solar,CSP_storage,2050,0.25025
Greece,electricity,solar,CSP_storage,2050,0.495254189656401
Hungary,electricity,solar,CSP_storage,2050,0.25025
Ireland,electricity,solar,CSP_storage,2050,0.25025
Italy,electricity,solar,CSP_storage,2050,0.538238493028135
Latvia,electricity,solar,CSP_storage,2050,0.25025
Lithuania,electricity,solar,CSP_storage,2050,0.25025
Luxembourg,electricity,solar,CSP_storage,2050,0.25025
Malta,electricity,solar,CSP_storage,2050,0.492730656855584
Netherlands,electricity,solar,CSP_storage,2050,0.25025
Poland,electricity,solar,CSP_storage,2050,0.25025
Portugal,electricity,solar,CSP_storage,2050,0.549396396586715
Romania,electricity,solar,CSP_storage,2050,0.612264362383144
Slovakia,electricity,solar,CSP_storage,2050,0.25025
Slovenia,electricity,solar,CSP_storage,2050,0.25025
Spain,electricity,solar,CSP_storage,2050,0.511946963722364
Sweden,electricity,solar,CSP_storage,2050,0.25025
Albania,electricity,solar,CSP_storage,2050,0.51151325685674
Belarus,electricity,solar,CSP_storage,2050,0.25025
Bosnia and Herzegovina,electricity,solar,CSP_storage,2050,0.25025
Iceland,electricity,solar,CSP_storage,2050,0.25025
Macedonia,electricity,solar,CSP_storage,2050,0.25025
Moldova,electricity,solar,CSP_storage,2050,0.25025
Norway,electricity,solar,CSP_storage,2050,0.25025
Serbia and Montenegro,electricity,solar,CSP_storage,2050,0.25025
Switzerland,electricity,solar,CSP_storage,2050,0.25025
Turkey,electricity,solar,CSP_storage,2050,0.530487918542216
UK,electricity,solar,CSP_storage,2050,0.501296632965847
Ukraine,electricity,solar,CSP_storage,2050,0.580465572806087
USA,electricity,solar,CSP,2055,0.250000123561066
Africa_Eastern,electricity,solar,CSP,2055,0.246298622654973
Africa_Northern,electricity,solar,CSP,2055,0.237111363737208
Africa_Southern,electricity,solar,CSP,2055,0.237771305248752
Africa_Western,electricity,solar,CSP,2055,0.243423453481255
Australia_NZ,electricity,solar,CSP,2055,0.231893253369818
Brazil,electricity,solar,CSP,2055,0.305748843875073
Canada,electricity,solar,CSP,2055,0.348881693968625
Central America and Caribbean,electricity,solar,CSP,2055,0.273932163751151
Central Asia,electricity,solar,CSP,2055,0.284730779363758
China,electricity,solar,CSP,2055,0.253152242562433
India,electricity,solar,CSP,2055,0.281168953279745
Indonesia,electricity,solar,CSP,2055,0.333299228536159
Japan,electricity,solar,CSP,2055,0.384107542683657
Mexico,electricity,solar,CSP,2055,0.252943549997605
Middle East,electricity,solar,CSP,2055,0.23813904238993
Pakistan,electricity,solar,CSP,2055,0.267051928677241
Russia,electricity,solar,CSP,2055,0.375458669979537
South Africa,electricity,solar,CSP,2055,0.221167551091183
South America_Northern,electricity,solar,CSP,2055,0.280587890806533
South America_Southern,electricity,solar,CSP,2055,0.241142534298336
South Asia,electricity,solar,CSP,2055,0.27511359435969
South Korea,electricity,solar,CSP,2055,0.339213181696283
Southeast Asia,electricity,solar,CSP,2055,0.280020623241139
Taiwan,electricity,solar,CSP,2055,0.401339283245279
Argentina,electricity,solar,CSP,2055,0.236884856848872
Colombia,electricity,solar,CSP,2055,0.324062612102241
Austria,electricity,solar,CSP,2055,0.00025
Belgium,electricity,solar,CSP,2055,0.00025
Bulgaria,electricity,solar,CSP,2055,0.366384154901447
Croatia,electricity,solar,CSP,2055,0.266641008670509
Cyprus,electricity,solar,CSP,2055,0.242692857443994
Czech Republic,electricity,solar,CSP,2055,0.00025
Denmark,electricity,solar,CSP,2055,0.00025
Estonia,electricity,solar,CSP,2055,0.00025
Finland,electricity,solar,CSP,2055,0.00025
France,electricity,solar,CSP,2055,0.305213489274871
Germany,electricity,solar,CSP,2055,0.00025
Greece,electricity,solar,CSP,2055,0.245254189656401
Hungary,electricity,solar,CSP,2055,0.00025
Ireland,electricity,solar,CSP,2055,0.00025
Italy,electricity,solar,CSP,2055,0.288238493028135
Latvia,electricity,solar,CSP,2055,0.00025
Lithuania,electricity,solar,CSP,2055,0.00025
Luxembourg,electricity,solar,CSP,2055,0.00025
Malta,electricity,solar,CSP,2055,0.242730656855584
Netherlands,electricity,solar,CSP,2055,0.00025
Poland,electricity,solar,CSP,2055,0.00025
Portugal,electricity,solar,CSP,2055,0.299396396586715
Romania,electricity,solar,CSP,2055,0.362264362383144
Slovakia,electricity,solar,CSP,2055,0.00025
Slovenia,electricity,solar,CSP,2055,0.00025
Spain,electricity,solar,CSP,2055,0.261946963722364
Sweden,electricity,solar,CSP,2055,0.00025
Albania,electricity,solar,CSP,2055,0.26151325685674
Belarus,electricity,solar,CSP,2055,0.00025
Bosnia and Herzegovina,electricity,solar,CSP,2055,0.00025
Iceland,electricity,solar,CSP,2055,0.00025
Macedonia,electricity,solar,CSP,2055,0.00025
Moldova,electricity,solar,CSP,2055,0.00025
Norway,electricity,solar,CSP,2055,0.00025
Serbia and Montenegro,electricity,solar,CSP,2055,0.00025
Switzerland,electricity,solar,CSP,2055,0.00025
Turkey,electricity,solar,CSP,2055,0.280487918542216
UK,electricity,solar,CSP,2055,0.251296632965848
Ukraine,electricity,solar,CSP,2055,0.330465572806087
USA,electricity,solar,CSP_storage,2055,0.500000123561066
Africa_Eastern,electricity,solar,CSP_storage,2055,0.496298622654973
Africa_Northern,electricity,solar,CSP_storage,2055,0.487111363737208
Africa_Southern,electricity,solar,CSP_storage,2055,0.487771305248752
Africa_Western,electricity,solar,CSP_storage,2055,0.493423453481255
Australia_NZ,electricity,solar,CSP_storage,2055,0.481893253369818
Brazil,electricity,solar,CSP_storage,2055,0.555748843875073
Canada,electricity,solar,CSP_storage,2055,0.598881693968625
Central America and Caribbean,electricity,solar,CSP_storage,2055,0.523932163751151
Central Asia,electricity,solar,CSP_storage,2055,0.534730779363758
China,electricity,solar,CSP_storage,2055,0.503152242562433
India,electricity,solar,CSP_storage,2055,0.531168953279745
Indonesia,electricity,solar,CSP_storage,2055,0.583299228536159
Japan,electricity,solar,CSP_storage,2055,0.634107542683657
Mexico,electricity,solar,CSP_storage,2055,0.502943549997605
Middle East,electricity,solar,CSP_storage,2055,0.48813904238993
Pakistan,electricity,solar,CSP_storage,2055,0.517051928677241
Russia,electricity,solar,CSP_storage,2055,0.625458669979537
South Africa,electricity,solar,CSP_storage,2055,0.471167551091183
South America_Northern,electricity,solar,CSP_storage,2055,0.530587890806533
South America_Southern,electricity,solar,CSP_storage,2055,0.491142534298336
South Asia,electricity,solar,CSP_storage,2055,0.52511359435969
South Korea,electricity,solar,CSP_storage,2055,0.589213181696283
Southeast Asia,electricity,solar,CSP_storage,2055,0.53002062324114
Taiwan,electricity,solar,CSP_storage,2055,0.651339283245279
Argentina,electricity,solar,CSP_storage,2055,0.486884856848872
Colombia,electricity,solar,CSP_storage,2055,0.574062612102241
Austria,electricity,solar,CSP_storage,2055,0.25025
Belgium,electricity,solar,CSP_storage,2055,0.25025
Bulgaria,electricity,solar,CSP_storage,2055,0.616384154901447
Croatia,electricity,solar,CSP_storage,2055,0.516641008670509
Cyprus,electricity,solar,CSP_storage,2055,0.492692857443994
Czech Republic,electricity,solar,CSP_storage,2055,0.25025
Denmark,electricity,solar,CSP_storage,2055,0.25025
Estonia,electricity,solar,CSP_storage,2055,0.25025
Finland,electricity,solar,CSP_storage,2055,0.25025
France,electricity,solar,CSP_storage,2055,0.555213489274871
Germany,electricity,solar,CSP_storage,2055,0.25025
Greece,electricity,solar,CSP_storage,2055,0.495254189656401
Hungary,electricity,solar,CSP_storage,2055,0.25025
Ireland,electricity,solar,CSP_storage,2055,0.25025
Italy,electricity,solar,CSP_storage,2055,0.538238493028135
Latvia,electricity,solar,CSP_storage,2055,0.25025
Lithuania,electricity,solar,CSP_storage,2055,0.25025
Luxembourg,electricity,solar,CSP_storage,2055,0.25025
Malta,electricity,solar,CSP_storage,2055,0.492730656855584
Netherlands,electricity,solar,CSP_storage,2055,0.25025
Poland,electricity,solar,CSP_storage,2055,0.25025
Portugal,electricity,solar,CSP_storage,2055,0.549396396586715
Romania,electricity,solar,CSP_storage,2055,0.612264362383144
Slovakia,electricity,solar,CSP_storage,2055,0.25025
Slovenia,electricity,solar,CSP_storage,2055,0.25025
Spain,electricity,solar,CSP_storage,2055,0.511946963722364
Sweden,electricity,solar,CSP_storage,2055,0.25025
Albania,electricity,solar,CSP_storage,2055,0.51151325685674
Belarus,electricity,solar,CSP_storage,2055,0.25025
Bosnia and Herzegovina,electricity,solar,CSP_storage,2055,0.25025
Iceland,electricity,solar,CSP_storage,2055,0.25025
Macedonia,electricity,solar,CSP_storage,2055,0.25025
Moldova,electricity,solar,CSP_storage,2055,0.25025
Norway,electricity,solar,CSP_storage,2055,0.25025
Serbia and Montenegro,electricity,solar,CSP_storage,2055,0.25025
Switzerland,electricity,solar,CSP_storage,2055,0.25025
Turkey,electricity,solar,CSP_storage,2055,0.530487918542216
UK,electricity,solar,CSP_storage,2055,0.501296632965847
Ukraine,electricity,solar,CSP_storage,2055,0.580465572806087
USA,electricity,solar,CSP,2060,0.250000123561066
Africa_Eastern,electricity,solar,CSP,2060,0.246298622654973
Africa_Northern,electricity,solar,CSP,2060,0.237111363737208
Africa_Southern,electricity,solar,CSP,2060,0.237771305248752
Africa_Western,electricity,solar,CSP,2060,0.243423453481255
Australia_NZ,electricity,solar,CSP,2060,0.231893253369818
Brazil,electricity,solar,CSP,2060,0.305748843875073
Canada,electricity,solar,CSP,2060,0.348881693968625
Central America and Caribbean,electricity,solar,CSP,2060,0.273932163751151
Central Asia,electricity,solar,CSP,2060,0.284730779363758
China,electricity,solar,CSP,2060,0.253152242562433
India,electricity,solar,CSP,2060,0.281168953279745
Indonesia,electricity,solar,CSP,2060,0.333299228536159
Japan,electricity,solar,CSP,2060,0.384107542683657
Mexico,electricity,solar,CSP,2060,0.252943549997605
Middle East,electricity,solar,CSP,2060,0.23813904238993
Pakistan,electricity,solar,CSP,2060,0.267051928677241
Russia,electricity,solar,CSP,2060,0.375458669979537
South Africa,electricity,solar,CSP,2060,0.221167551091183
South America_Northern,electricity,solar,CSP,2060,0.280587890806533
South America_Southern,electricity,solar,CSP,2060,0.241142534298336
South Asia,electricity,solar,CSP,2060,0.27511359435969
South Korea,electricity,solar,CSP,2060,0.339213181696283
Southeast Asia,electricity,solar,CSP,2060,0.280020623241139
Taiwan,electricity,solar,CSP,2060,0.401339283245279
Argentina,electricity,solar,CSP,2060,0.236884856848872
Colombia,electricity,solar,CSP,2060,0.324062612102241
Austria,electricity,solar,CSP,2060,0.00025
Belgium,electricity,solar,CSP,2060,0.00025
Bulgaria,electricity,solar,CSP,2060,0.366384154901447
Croatia,electricity,solar,CSP,2060,0.266641008670509
Cyprus,electricity,solar,CSP,2060,0.242692857443994
Czech Republic,electricity,solar,CSP,2060,0.00025
Denmark,electricity,solar,CSP,2060,0.00025
Estonia,electricity,solar,CSP,2060,0.00025
Finland,electricity,solar,CSP,2060,0.00025
France,electricity,solar,CSP,2060,0.305213489274871
Germany,electricity,solar,CSP,2060,0.00025
Greece,electricity,solar,CSP,2060,0.245254189656401
Hungary,electricity,solar,CSP,2060,0.00025
Ireland,electricity,solar,CSP,2060,0.00025
Italy,electricity,solar,CSP,2060,0.288238493028135
Latvia,electricity,solar,CSP,2060,0.00025
Lithuania,electricity,solar,CSP,2060,0.00025
Luxembourg,electricity,solar,CSP,2060,0.00025
Malta,electricity,solar,CSP,2060,0.242730656855584
Netherlands,electricity,solar,CSP,2060,0.00025
Poland,electricity,solar,CSP,2060,0.00025
Portugal,electricity,solar,CSP,2060,0.299396396586715
Romania,electricity,solar,CSP,2060,0.362264362383144
Slovakia,electricity,solar,CSP,2060,0.00025
Slovenia,electricity,solar,CSP,2060,0.00025
Spain,electricity,solar,CSP,2060,0.261946963722364
Sweden,electricity,solar,CSP,2060,0.00025
Albania,electricity,solar,CSP,2060,0.26151325685674
Belarus,electricity,solar,CSP,2060,0.00025
Bosnia and Herzegovina,electricity,solar,CSP,2060,0.00025
Iceland,electricity,solar,CSP,2060,0.00025
Macedonia,electricity,solar,CSP,2060,0.00025
Moldova,electricity,solar,CSP,2060,0.00025
Norway,electricity,solar,CSP,2060,0.00025
Serbia and Montenegro,electricity,solar,CSP,2060,0.00025
Switzerland,electricity,solar,CSP,2060,0.00025
Turkey,electricity,solar,CSP,2060,0.280487918542216
UK,electricity,solar,CSP,2060,0.251296632965848
Ukraine,electricity,solar,CSP,2060,0.330465572806087
USA,electricity,solar,CSP_storage,2060,0.500000123561066
Africa_Eastern,electricity,solar,CSP_storage,2060,0.496298622654973
Africa_Northern,electricity,solar,CSP_storage,2060,0.487111363737208
Africa_Southern,electricity,solar,CSP_storage,2060,0.487771305248752
Africa_Western,electricity,solar,CSP_storage,2060,0.493423453481255
Australia_NZ,electricity,solar,CSP_storage,2060,0.481893253369818
Brazil,electricity,solar,CSP_storage,2060,0.555748843875073
Canada,electricity,solar,CSP_storage,2060,0.598881693968625
Central America and Caribbean,electricity,solar,CSP_storage,2060,0.523932163751151
Central Asia,electricity,solar,CSP_storage,2060,0.534730779363758
China,electricity,solar,CSP_storage,2060,0.503152242562433
India,electricity,solar,CSP_storage,2060,0.531168953279745
Indonesia,electricity,solar,CSP_storage,2060,0.583299228536159
Japan,electricity,solar,CSP_storage,2060,0.634107542683657
Mexico,electricity,solar,CSP_storage,2060,0.502943549997605
Middle East,electricity,solar,CSP_storage,2060,0.48813904238993
Pakistan,electricity,solar,CSP_storage,2060,0.517051928677241
Russia,electricity,solar,CSP_storage,2060,0.625458669979537
South Africa,electricity,solar,CSP_storage,2060,0.471167551091183
South America_Northern,electricity,solar,CSP_storage,2060,0.530587890806533
South America_Southern,electricity,solar,CSP_storage,2060,0.491142534298336
South Asia,electricity,solar,CSP_storage,2060,0.52511359435969
South Korea,electricity,solar,CSP_storage,2060,0.589213181696283
Southeast Asia,electricity,solar,CSP_storage,2060,0.53002062324114
Taiwan,electricity,solar,CSP_storage,2060,0.651339283245279
Argentina,electricity,solar,CSP_storage,2060,0.486884856848872
Colombia,electricity,solar,CSP_storage,2060,0.574062612102241
Austria,electricity,solar,CSP_storage,2060,0.25025
Belgium,electricity,solar,CSP_storage,2060,0.25025
Bulgaria,electricity,solar,CSP_storage,2060,0.616384154901447
Croatia,electricity,solar,CSP_storage,2060,0.516641008670509
Cyprus,electricity,solar,CSP_storage,2060,0.492692857443994
Czech Republic,electricity,solar,CSP_storage,2060,0.25025
Denmark,electricity,solar,CSP_storage,2060,0.25025
Estonia,electricity,solar,CSP_storage,2060,0.25025
Finland,electricity,solar,CSP_storage,2060,0.25025
France,electricity,solar,CSP_storage,2060,0.555213489274871
Germany,electricity,solar,CSP_storage,2060,0.25025
Greece,electricity,solar,CSP_storage,2060,0.495254189656401
Hungary,electricity,solar,CSP_storage,2060,0.25025
Ireland,electricity,solar,CSP_storage,2060,0.25025
Italy,electricity,solar,CSP_storage,2060,0.538238493028135
Latvia,electricity,solar,CSP_storage,2060,0.25025
Lithuania,electricity,solar,CSP_storage,2060,0.25025
Luxembourg,electricity,solar,CSP_storage,2060,0.25025
Malta,electricity,solar,CSP_storage,2060,0.492730656855584
Netherlands,electricity,solar,CSP_storage,2060,0.25025
Poland,electricity,solar,CSP_storage,2060,0.25025
Portugal,electricity,solar,CSP_storage,2060,0.549396396586715
Romania,electricity,solar,CSP_storage,2060,0.612264362383144
Slovakia,electricity,solar,CSP_storage,2060,0.25025
Slovenia,electricity,solar,CSP_storage,2060,0.25025
Spain,electricity,solar,CSP_storage,2060,0.511946963722364
Sweden,electricity,solar,CSP_storage,2060,0.25025
Albania,electricity,solar,CSP_storage,2060,0.51151325685674
Belarus,electricity,solar,CSP_storage,2060,0.25025
Bosnia and Herzegovina,electricity,solar,CSP_storage,2060,0.25025
Iceland,electricity,solar,CSP_storage,2060,0.25025
Macedonia,electricity,solar,CSP_storage,2060,0.25025
Moldova,electricity,solar,CSP_storage,2060,0.25025
Norway,electricity,solar,CSP_storage,2060,0.25025
Serbia and Montenegro,electricity,solar,CSP_storage,2060,0.25025
Switzerland,electricity,solar,CSP_storage,2060,0.25025
Turkey,electricity,solar,CSP_storage,2060,0.530487918542216
UK,electricity,solar,CSP_storage,2060,0.501296632965847
Ukraine,electricity,solar,CSP_storage,2060,0.580465572806087
USA,electricity,solar,CSP,2065,0.250000123561066
Africa_Eastern,electricity,solar,CSP,2065,0.246298622654973
Africa_Northern,electricity,solar,CSP,2065,0.237111363737208
Africa_Southern,electricity,solar,CSP,2065,0.237771305248752
Africa_Western,electricity,solar,CSP,2065,0.243423453481255
Australia_NZ,electricity,solar,CSP,2065,0.231893253369818
Brazil,electricity,solar,CSP,2065,0.305748843875073
Canada,electricity,solar,CSP,2065,0.348881693968625
Central America and Caribbean,electricity,solar,CSP,2065,0.273932163751151
Central Asia,electricity,solar,CSP,2065,0.284730779363758
China,electricity,solar,CSP,2065,0.253152242562433
India,electricity,solar,CSP,2065,0.281168953279745
Indonesia,electricity,solar,CSP,2065,0.333299228536159
Japan,electricity,solar,CSP,2065,0.384107542683657
Mexico,electricity,solar,CSP,2065,0.252943549997605
Middle East,electricity,solar,CSP,2065,0.23813904238993
Pakistan,electricity,solar,CSP,2065,0.267051928677241
Russia,electricity,solar,CSP,2065,0.375458669979537
South Africa,electricity,solar,CSP,2065,0.221167551091183
South America_Northern,electricity,solar,CSP,2065,0.280587890806533
South America_Southern,electricity,solar,CSP,2065,0.241142534298336
South Asia,electricity,solar,CSP,2065,0.27511359435969
South Korea,electricity,solar,CSP,2065,0.339213181696283
Southeast Asia,electricity,solar,CSP,2065,0.280020623241139
Taiwan,electricity,solar,CSP,2065,0.401339283245279
Argentina,electricity,solar,CSP,2065,0.236884856848872
Colombia,electricity,solar,CSP,2065,0.324062612102241
Austria,electricity,solar,CSP,2065,0.00025
Belgium,electricity,solar,CSP,2065,0.00025
Bulgaria,electricity,solar,CSP,2065,0.366384154901447
Croatia,electricity,solar,CSP,2065,0.266641008670509
Cyprus,electricity,solar,CSP,2065,0.242692857443994
Czech Republic,electricity,solar,CSP,2065,0.00025
Denmark,electricity,solar,CSP,2065,0.00025
Estonia,electricity,solar,CSP,2065,0.00025
Finland,electricity,solar,CSP,2065,0.00025
France,electricity,solar,CSP,2065,0.305213489274871
Germany,electricity,solar,CSP,2065,0.00025
Greece,electricity,solar,CSP,2065,0.245254189656401
Hungary,electricity,solar,CSP,2065,0.00025
Ireland,electricity,solar,CSP,2065,0.00025
Italy,electricity,solar,CSP,2065,0.288238493028135
Latvia,electricity,solar,CSP,2065,0.00025
Lithuania,electricity,solar,CSP,2065,0.00025
Luxembourg,electricity,solar,CSP,2065,0.00025
Malta,electricity,solar,CSP,2065,0.242730656855584
Netherlands,electricity,solar,CSP,2065,0.00025
Poland,electricity,solar,CSP,2065,0.00025
Portugal,electricity,solar,CSP,2065,0.299396396586715
Romania,electricity,solar,CSP,2065,0.362264362383144
Slovakia,electricity,solar,CSP,2065,0.00025
Slovenia,electricity,solar,CSP,2065,0.00025
Spain,electricity,solar,CSP,2065,0.261946963722364
Sweden,electricity,solar,CSP,2065,0.00025
Albania,electricity,solar,CSP,2065,0.26151325685674
Belarus,electricity,solar,CSP,2065,0.00025
Bosnia and Herzegovina,electricity,solar,CSP,2065,0.00025
Iceland,electricity,solar,CSP,2065,0.00025
Macedonia,electricity,solar,CSP,2065,0.00025
Moldova,electricity,solar,CSP,2065,0.00025
Norway,electricity,solar,CSP,2065,0.00025
Serbia and Montenegro,electricity,solar,CSP,2065,0.00025
Switzerland,electricity,solar,CSP,2065,0.00025
Turkey,electricity,solar,CSP,2065,0.280487918542216
UK,electricity,solar,CSP,2065,0.251296632965848
Ukraine,electricity,solar,CSP,2065,0.330465572806087
USA,electricity,solar,CSP_storage,2065,0.500000123561066
Africa_Eastern,electricity,solar,CSP_storage,2065,0.496298622654973
Africa_Northern,electricity,solar,CSP_storage,2065,0.487111363737208
Africa_Southern,electricity,solar,CSP_storage,2065,0.487771305248752
Africa_Western,electricity,solar,CSP_storage,2065,0.493423453481255
Australia_NZ,electricity,solar,CSP_storage,2065,0.481893253369818
Brazil,electricity,solar,CSP_storage,2065,0.555748843875073
Canada,electricity,solar,CSP_storage,2065,0.598881693968625
Central America and Caribbean,electricity,solar,CSP_storage,2065,0.523932163751151
Central Asia,electricity,solar,CSP_storage,2065,0.534730779363758
China,electricity,solar,CSP_storage,2065,0.503152242562433
India,electricity,solar,CSP_storage,2065,0.531168953279745
Indonesia,electricity,solar,CSP_storage,2065,0.583299228536159
Japan,electricity,solar,CSP_storage,2065,0.634107542683657
Mexico,electricity,solar,CSP_storage,2065,0.502943549997605
Middle East,electricity,solar,CSP_storage,2065,0.48813904238993
Pakistan,electricity,solar,CSP_storage,2065,0.517051928677241
Russia,electricity,solar,CSP_storage,2065,0.625458669979537
South Africa,electricity,solar,CSP_storage,2065,0.471167551091183
South America_Northern,electricity,solar,CSP_storage,2065,0.530587890806533
South America_Southern,electricity,solar,CSP_storage,2065,0.491142534298336
South Asia,electricity,solar,CSP_storage,2065,0.52511359435969
South Korea,electricity,solar,CSP_storage,2065,0.589213181696283
Southeast Asia,electricity,solar,CSP_storage,2065,0.53002062324114
Taiwan,electricity,solar,CSP_storage,2065,0.651339283245279
Argentina,electricity,solar,CSP_storage,2065,0.486884856848872
Colombia,electricity,solar,CSP_storage,2065,0.574062612102241
Austria,electricity,solar,CSP_storage,2065,0.25025
Belgium,electricity,solar,CSP_storage,2065,0.25025
Bulgaria,electricity,solar,CSP_storage,2065,0.616384154901447
Croatia,electricity,solar,CSP_storage,2065,0.516641008670509
Cyprus,electricity,solar,CSP_storage,2065,0.492692857443994
Czech Republic,electricity,solar,CSP_storage,2065,0.25025
Denmark,electricity,solar,CSP_storage,2065,0.25025
Estonia,electricity,solar,CSP_storage,2065,0.25025
Finland,electricity,solar,CSP_storage,2065,0.25025
France,electricity,solar,CSP_storage,2065,0.555213489274871
Germany,electricity,solar,CSP_storage,2065,0.25025
Greece,electricity,solar,CSP_storage,2065,0.495254189656401
Hungary,electricity,solar,CSP_storage,2065,0.25025
Ireland,electricity,solar,CSP_storage,2065,0.25025
Italy,electricity,solar,CSP_storage,2065,0.538238493028135
Latvia,electricity,solar,CSP_storage,2065,0.25025
Lithuania,electricity,solar,CSP_storage,2065,0.25025
Luxembourg,electricity,solar,CSP_storage,2065,0.25025
Malta,electricity,solar,CSP_storage,2065,0.492730656855584
Netherlands,electricity,solar,CSP_storage,2065,0.25025
Poland,electricity,solar,CSP_storage,2065,0.25025
Portugal,electricity,solar,CSP_storage,2065,0.549396396586715
Romania,electricity,solar,CSP_storage,2065,0.612264362383144
Slovakia,electricity,solar,CSP_storage,2065,0.25025
Slovenia,electricity,solar,CSP_storage,2065,0.25025
Spain,electricity,solar,CSP_storage,2065,0.511946963722364
Sweden,electricity,solar,CSP_storage,2065,0.25025
Albania,electricity,solar,CSP_storage,2065,0.51151325685674
Belarus,electricity,solar,CSP_storage,2065,0.25025
Bosnia and Herzegovina,electricity,solar,CSP_storage,2065,0.25025
Iceland,electricity,solar,CSP_storage,2065,0.25025
Macedonia,electricity,solar,CSP_storage,2065,0.25025
Moldova,electricity,solar,CSP_storage,2065,0.25025
Norway,electricity,solar,CSP_storage,2065,0.25025
Serbia and Montenegro,electricity,solar,CSP_storage,2065,0.25025
Switzerland,electricity,solar,CSP_storage,2065,0.25025
Turkey,electricity,solar,CSP_storage,2065,0.530487918542216
UK,electricity,solar,CSP_storage,2065,0.501296632965847
Ukraine,electricity,solar,CSP_storage,2065,0.580465572806087
USA,electricity,solar,CSP,2070,0.250000123561066
Africa_Eastern,electricity,solar,CSP,2070,0.246298622654973
Africa_Northern,electricity,solar,CSP,2070,0.237111363737208
Africa_Southern,electricity,solar,CSP,2070,0.237771305248752
Africa_Western,electricity,solar,CSP,2070,0.243423453481255
Australia_NZ,electricity,solar,CSP,2070,0.231893253369818
Brazil,electricity,solar,CSP,2070,0.305748843875073
Canada,electricity,solar,CSP,2070,0.348881693968625
Central America and Caribbean,electricity,solar,CSP,2070,0.273932163751151
Central Asia,electricity,solar,CSP,2070,0.284730779363758
China,electricity,solar,CSP,2070,0.253152242562433
India,electricity,solar,CSP,2070,0.281168953279745
Indonesia,electricity,solar,CSP,2070,0.333299228536159
Japan,electricity,solar,CSP,2070,0.384107542683657
Mexico,electricity,solar,CSP,2070,0.252943549997605
Middle East,electricity,solar,CSP,2070,0.23813904238993
Pakistan,electricity,solar,CSP,2070,0.267051928677241
Russia,electricity,solar,CSP,2070,0.375458669979537
South Africa,electricity,solar,CSP,2070,0.221167551091183
South America_Northern,electricity,solar,CSP,2070,0.280587890806533
South America_Southern,electricity,solar,CSP,2070,0.241142534298336
South Asia,electricity,solar,CSP,2070,0.27511359435969
South Korea,electricity,solar,CSP,2070,0.339213181696283
Southeast Asia,electricity,solar,CSP,2070,0.280020623241139
Taiwan,electricity,solar,CSP,2070,0.401339283245279
Argentina,electricity,solar,CSP,2070,0.236884856848872
Colombia,electricity,solar,CSP,2070,0.324062612102241
Austria,electricity,solar,CSP,2070,0.00025
Belgium,electricity,solar,CSP,2070,0.00025
Bulgaria,electricity,solar,CSP,2070,0.366384154901447
Croatia,electricity,solar,CSP,2070,0.266641008670509
Cyprus,electricity,solar,CSP,2070,0.242692857443994
Czech Republic,electricity,solar,CSP,2070,0.00025
Denmark,electricity,solar,CSP,2070,0.00025
Estonia,electricity,solar,CSP,2070,0.00025
Finland,electricity,solar,CSP,2070,0.00025
France,electricity,solar,CSP,2070,0.305213489274871
Germany,electricity,solar,CSP,2070,0.00025
Greece,electricity,solar,CSP,2070,0.245254189656401
Hungary,electricity,solar,CSP,2070,0.00025
Ireland,electricity,solar,CSP,2070,0.00025
Italy,electricity,solar,CSP,2070,0.288238493028135
Latvia,electricity,solar,CSP,2070,0.00025
Lithuania,electricity,solar,CSP,2070,0.00025
Luxembourg,electricity,solar,CSP,2070,0.00025
Malta,electricity,solar,CSP,2070,0.242730656855584
Netherlands,electricity,solar,CSP,2070,0.00025
Poland,electricity,solar,CSP,2070,0.00025
Portugal,electricity,solar,CSP,2070,0.299396396586715
Romania,electricity,solar,CSP,2070,0.362264362383144
Slovakia,electricity,solar,CSP,2070,0.00025
Slovenia,electricity,solar,CSP,2070,0.00025
Spain,electricity,solar,CSP,2070,0.261946963722364
Sweden,electricity,solar,CSP,2070,0.00025
Albania,electricity,solar,CSP,2070,0.26151325685674
Belarus,electricity,solar,CSP,2070,0.00025
Bosnia and Herzegovina,electricity,solar,CSP,2070,0.00025
Iceland,electricity,solar,CSP,2070,0.00025
Macedonia,electricity,solar,CSP,2070,0.00025
Moldova,electricity,solar,CSP,2070,0.00025
Norway,electricity,solar,CSP,2070,0.00025
Serbia and Montenegro,electricity,solar,CSP,2070,0.00025
Switzerland,electricity,solar,CSP,2070,0.00025
Turkey,electricity,solar,CSP,2070,0.280487918542216
UK,electricity,solar,CSP,2070,0.251296632965848
Ukraine,electricity,solar,CSP,2070,0.330465572806087
USA,electricity,solar,CSP_storage,2070,0.500000123561066
Africa_Eastern,electricity,solar,CSP_storage,2070,0.496298622654973
Africa_Northern,electricity,solar,CSP_storage,2070,0.487111363737208
Africa_Southern,electricity,solar,CSP_storage,2070,0.487771305248752
Africa_Western,electricity,solar,CSP_storage,2070,0.493423453481255
Australia_NZ,electricity,solar,CSP_storage,2070,0.481893253369818
Brazil,electricity,solar,CSP_storage,2070,0.555748843875073
Canada,electricity,solar,CSP_storage,2070,0.598881693968625
Central America and Caribbean,electricity,solar,CSP_storage,2070,0.523932163751151
Central Asia,electricity,solar,CSP_storage,2070,0.534730779363758
China,electricity,solar,CSP_storage,2070,0.503152242562433
India,electricity,solar,CSP_storage,2070,0.531168953279745
Indonesia,electricity,solar,CSP_storage,2070,0.583299228536159
Japan,electricity,solar,CSP_storage,2070,0.634107542683657
Mexico,electricity,solar,CSP_storage,2070,0.502943549997605
Middle East,electricity,solar,CSP_storage,2070,0.48813904238993
Pakistan,electricity,solar,CSP_storage,2070,0.517051928677241
Russia,electricity,solar,CSP_storage,2070,0.625458669979537
South Africa,electricity,solar,CSP_storage,2070,0.471167551091183
South America_Northern,electricity,solar,CSP_storage,2070,0.530587890806533
South America_Southern,electricity,solar,CSP_storage,2070,0.491142534298336
South Asia,electricity,solar,CSP_storage,2070,0.52511359435969
South Korea,electricity,solar,CSP_storage,2070,0.589213181696283
Southeast Asia,electricity,solar,CSP_storage,2070,0.53002062324114
Taiwan,electricity,solar,CSP_storage,2070,0.651339283245279
Argentina,electricity,solar,CSP_storage,2070,0.486884856848872
Colombia,electricity,solar,CSP_storage,2070,0.574062612102241
Austria,electricity,solar,CSP_storage,2070,0.25025
Belgium,electricity,solar,CSP_storage,2070,0.25025
Bulgaria,electricity,solar,CSP_storage,2070,0.616384154901447
Croatia,electricity,solar,CSP_storage,2070,0.516641008670509
Cyprus,electricity,solar,CSP_storage,2070,0.492692857443994
Czech Republic,electricity,solar,CSP_storage,2070,0.25025
Denmark,electricity,solar,CSP_storage,2070,0.25025
Estonia,electricity,solar,CSP_storage,2070,0.25025
Finland,electricity,solar,CSP_storage,2070,0.25025
France,electricity,solar,CSP_storage,2070,0.555213489274871
Germany,electricity,solar,CSP_storage,2070,0.25025
Greece,electricity,solar,CSP_storage,2070,0.495254189656401
Hungary,electricity,solar,CSP_storage,2070,0.25025
Ireland,electricity,solar,CSP_storage,2070,0.25025
Italy,electricity,solar,CSP_storage,2070,0.538238493028135
Latvia,electricity,solar,CSP_storage,2070,0.25025
Lithuania,electricity,solar,CSP_storage,2070,0.25025
Luxembourg,electricity,solar,CSP_storage,2070,0.25025
Malta,electricity,solar,CSP_storage,2070,0.492730656855584
Netherlands,electricity,solar,CSP_storage,2070,0.25025
Poland,electricity,solar,CSP_storage,2070,0.25025
Portugal,electricity,solar,CSP_storage,2070,0.549396396586715
Romania,electricity,solar,CSP_storage,2070,0.612264362383144
Slovakia,electricity,solar,CSP_storage,2070,0.25025
Slovenia,electricity,solar,CSP_storage,2070,0.25025
Spain,electricity,solar,CSP_storage,2070,0.511946963722364
Sweden,electricity,solar,CSP_storage,2070,0.25025
Albania,electricity,solar,CSP_storage,2070,0.51151325685674
Belarus,electricity,solar,CSP_storage,2070,0.25025
Bosnia and Herzegovina,electricity,solar,CSP_storage,2070,0.25025
Iceland,electricity,solar,CSP_storage,2070,0.25025
Macedonia,electricity,solar,CSP_storage,2070,0.25025
Moldova,electricity,solar,CSP_storage,2070,0.25025
Norway,electricity,solar,CSP_storage,2070,0.25025
Serbia and Montenegro,electricity,solar,CSP_storage,2070,0.25025
Switzerland,electricity,solar,CSP_storage,2070,0.25025
Turkey,electricity,solar,CSP_storage,2070,0.530487918542216
UK,electricity,solar,CSP_storage,2070,0.501296632965847
Ukraine,electricity,solar,CSP_storage,2070,0.580465572806087
USA,electricity,solar,CSP,2075,0.250000123561066
Africa_Eastern,electricity,solar,CSP,2075,0.246298622654973
Africa_Northern,electricity,solar,CSP,2075,0.237111363737208
Africa_Southern,electricity,solar,CSP,2075,0.237771305248752
Africa_Western,electricity,solar,CSP,2075,0.243423453481255
Australia_NZ,electricity,solar,CSP,2075,0.231893253369818
Brazil,electricity,solar,CSP,2075,0.305748843875073
Canada,electricity,solar,CSP,2075,0.348881693968625
Central America and Caribbean,electricity,solar,CSP,2075,0.273932163751151
Central Asia,electricity,solar,CSP,2075,0.284730779363758
China,electricity,solar,CSP,2075,0.253152242562433
India,electricity,solar,CSP,2075,0.281168953279745
Indonesia,electricity,solar,CSP,2075,0.333299228536159
Japan,electricity,solar,CSP,2075,0.384107542683657
Mexico,electricity,solar,CSP,2075,0.252943549997605
Middle East,electricity,solar,CSP,2075,0.23813904238993
Pakistan,electricity,solar,CSP,2075,0.267051928677241
Russia,electricity,solar,CSP,2075,0.375458669979537
South Africa,electricity,solar,CSP,2075,0.221167551091183
South America_Northern,electricity,solar,CSP,2075,0.280587890806533
South America_Southern,electricity,solar,CSP,2075,0.241142534298336
South Asia,electricity,solar,CSP,2075,0.27511359435969
South Korea,electricity,solar,CSP,2075,0.339213181696283
Southeast Asia,electricity,solar,CSP,2075,0.280020623241139
Taiwan,electricity,solar,CSP,2075,0.401339283245279
Argentina,electricity,solar,CSP,2075,0.236884856848872
Colombia,electricity,solar,CSP,2075,0.324062612102241
Austria,electricity,solar,CSP,2075,0.00025
Belgium,electricity,solar,CSP,2075,0.00025
Bulgaria,electricity,solar,CSP,2075,0.366384154901447
Croatia,electricity,solar,CSP,2075,0.266641008670509
Cyprus,electricity,solar,CSP,2075,0.242692857443994
Czech Republic,electricity,solar,CSP,2075,0.00025
Denmark,electricity,solar,CSP,2075,0.00025
Estonia,electricity,solar,CSP,2075,0.00025
Finland,electricity,solar,CSP,2075,0.00025
France,electricity,solar,CSP,2075,0.305213489274871
Germany,electricity,solar,CSP,2075,0.00025
Greece,electricity,solar,CSP,2075,0.245254189656401
Hungary,electricity,solar,CSP,2075,0.00025
Ireland,electricity,solar,CSP,2075,0.00025
Italy,electricity,solar,CSP,2075,0.288238493028135
Latvia,electricity,solar,CSP,2075,0.00025
Lithuania,electricity,solar,CSP,2075,0.00025
Luxembourg,electricity,solar,CSP,2075,0.00025
Malta,electricity,solar,CSP,2075,0.242730656855584
Netherlands,electricity,solar,CSP,2075,0.00025
Poland,electricity,solar,CSP,2075,0.00025
Portugal,electricity,solar,CSP,2075,0.299396396586715
Romania,electricity,solar,CSP,2075,0.362264362383144
Slovakia,electricity,solar,CSP,2075,0.00025
Slovenia,electricity,solar,CSP,2075,0.00025
Spain,electricity,solar,CSP,2075,0.261946963722364
Sweden,electricity,solar,CSP,2075,0.00025
Albania,electricity,solar,CSP,2075,0.26151325685674
Belarus,electricity,solar,CSP,2075,0.00025
Bosnia and Herzegovina,electricity,solar,CSP,2075,0.00025
Iceland,electricity,solar,CSP,2075,0.00025
Macedonia,electricity,solar,CSP,2075,0.00025
Moldova,electricity,solar,CSP,2075,0.00025
Norway,electricity,solar,CSP,2075,0.00025
Serbia and Montenegro,electricity,solar,CSP,2075,0.00025
Switzerland,electricity,solar,CSP,2075,0.00025
Turkey,electricity,solar,CSP,2075,0.280487918542216
UK,electricity,solar,CSP,2075,0.251296632965848
Ukraine,electricity,solar,CSP,2075,0.330465572806087
USA,electricity,solar,CSP_storage,2075,0.500000123561066
Africa_Eastern,electricity,solar,CSP_storage,2075,0.496298622654973
Africa_Northern,electricity,solar,CSP_storage,2075,0.487111363737208
Africa_Southern,electricity,solar,CSP_storage,2075,0.487771305248752
Africa_Western,electricity,solar,CSP_storage,2075,0.493423453481255
Australia_NZ,electricity,solar,CSP_storage,2075,0.481893253369818
Brazil,electricity,solar,CSP_storage,2075,0.555748843875073
Canada,electricity,solar,CSP_storage,2075,0.598881693968625
Central America and Caribbean,electricity,solar,CSP_storage,2075,0.523932163751151
Central Asia,electricity,solar,CSP_storage,2075,0.534730779363758
China,electricity,solar,CSP_storage,2075,0.503152242562433
India,electricity,solar,CSP_storage,2075,0.531168953279745
Indonesia,electricity,solar,CSP_storage,2075,0.583299228536159
Japan,electricity,solar,CSP_storage,2075,0.634107542683657
Mexico,electricity,solar,CSP_storage,2075,0.502943549997605
Middle East,electricity,solar,CSP_storage,2075,0.48813904238993
Pakistan,electricity,solar,CSP_storage,2075,0.517051928677241
Russia,electricity,solar,CSP_storage,2075,0.625458669979537
South Africa,electricity,solar,CSP_storage,2075,0.471167551091183
South America_Northern,electricity,solar,CSP_storage,2075,0.530587890806533
South America_Southern,electricity,solar,CSP_storage,2075,0.491142534298336
South Asia,electricity,solar,CSP_storage,2075,0.52511359435969
South Korea,electricity,solar,CSP_storage,2075,0.589213181696283
Southeast Asia,electricity,solar,CSP_storage,2075,0.53002062324114
Taiwan,electricity,solar,CSP_storage,2075,0.651339283245279
Argentina,electricity,solar,CSP_storage,2075,0.486884856848872
Colombia,electricity,solar,CSP_storage,2075,0.574062612102241
Austria,electricity,solar,CSP_storage,2075,0.25025
Belgium,electricity,solar,CSP_storage,2075,0.25025
Bulgaria,electricity,solar,CSP_storage,2075,0.616384154901447
Croatia,electricity,solar,CSP_storage,2075,0.516641008670509
Cyprus,electricity,solar,CSP_storage,2075,0.492692857443994
Czech Republic,electricity,solar,CSP_storage,2075,0.25025
Denmark,electricity,solar,CSP_storage,2075,0.25025
Estonia,electricity,solar,CSP_storage,2075,0.25025
Finland,electricity,solar,CSP_storage,2075,0.25025
France,electricity,solar,CSP_storage,2075,0.555213489274871
Germany,electricity,solar,CSP_storage,2075,0.25025
Greece,electricity,solar,CSP_storage,2075,0.495254189656401
Hungary,electricity,solar,CSP_storage,2075,0.25025
Ireland,electricity,solar,CSP_storage,2075,0.25025
Italy,electricity,solar,CSP_storage,2075,0.538238493028135
Latvia,electricity,solar,CSP_storage,2075,0.25025
Lithuania,electricity,solar,CSP_storage,2075,0.25025
Luxembourg,electricity,solar,CSP_storage,2075,0.25025
Malta,electricity,solar,CSP_storage,2075,0.492730656855584
Netherlands,electricity,solar,CSP_storage,2075,0.25025
Poland,electricity,solar,CSP_storage,2075,0.25025
Portugal,electricity,solar,CSP_storage,2075,0.549396396586715
Romania,electricity,solar,CSP_storage,2075,0.612264362383144
Slovakia,electricity,solar,CSP_storage,2075,0.25025
Slovenia,electricity,solar,CSP_storage,2075,0.25025
Spain,electricity,solar,CSP_storage,2075,0.511946963722364
Sweden,electricity,solar,CSP_storage,2075,0.25025
Albania,electricity,solar,CSP_storage,2075,0.51151325685674
Belarus,electricity,solar,CSP_storage,2075,0.25025
Bosnia and Herzegovina,electricity,solar,CSP_storage,2075,0.25025
Iceland,electricity,solar,CSP_storage,2075,0.25025
Macedonia,electricity,solar,CSP_storage,2075,0.25025
Moldova,electricity,solar,CSP_storage,2075,0.25025
Norway,electricity,solar,CSP_storage,2075,0.25025
Serbia and Montenegro,electricity,solar,CSP_storage,2075,0.25025
Switzerland,electricity,solar,CSP_storage,2075,0.25025
Turkey,electricity,solar,CSP_storage,2075,0.530487918542216
UK,electricity,solar,CSP_storage,2075,0.501296632965847
Ukraine,electricity,solar,CSP_storage,2075,0.580465572806087
USA,electricity,solar,CSP,2080,0.250000123561066
Africa_Eastern,electricity,solar,CSP,2080,0.246298622654973
Africa_Northern,electricity,solar,CSP,2080,0.237111363737208
Africa_Southern,electricity,solar,CSP,2080,0.237771305248752
Africa_Western,electricity,solar,CSP,2080,0.243423453481255
Australia_NZ,electricity,solar,CSP,2080,0.231893253369818
Brazil,electricity,solar,CSP,2080,0.305748843875073
Canada,electricity,solar,CSP,2080,0.348881693968625
Central America and Caribbean,electricity,solar,CSP,2080,0.273932163751151
Central Asia,electricity,solar,CSP,2080,0.284730779363758
China,electricity,solar,CSP,2080,0.253152242562433
India,electricity,solar,CSP,2080,0.281168953279745
Indonesia,electricity,solar,CSP,2080,0.333299228536159
Japan,electricity,solar,CSP,2080,0.384107542683657
Mexico,electricity,solar,CSP,2080,0.252943549997605
Middle East,electricity,solar,CSP,2080,0.23813904238993
Pakistan,electricity,solar,CSP,2080,0.267051928677241
Russia,electricity,solar,CSP,2080,0.375458669979537
South Africa,electricity,solar,CSP,2080,0.221167551091183
South America_Northern,electricity,solar,CSP,2080,0.280587890806533
South America_Southern,electricity,solar,CSP,2080,0.241142534298336
South Asia,electricity,solar,CSP,2080,0.27511359435969
South Korea,electricity,solar,CSP,2080,0.339213181696283
Southeast Asia,electricity,solar,CSP,2080,0.280020623241139
Taiwan,electricity,solar,CSP,2080,0.401339283245279
Argentina,electricity,solar,CSP,2080,0.236884856848872
Colombia,electricity,solar,CSP,2080,0.324062612102241
Austria,electricity,solar,CSP,2080,0.00025
Belgium,electricity,solar,CSP,2080,0.00025
Bulgaria,electricity,solar,CSP,2080,0.366384154901447
Croatia,electricity,solar,CSP,2080,0.266641008670509
Cyprus,electricity,solar,CSP,2080,0.242692857443994
Czech Republic,electricity,solar,CSP,2080,0.00025
Denmark,electricity,solar,CSP,2080,0.00025
Estonia,electricity,solar,CSP,2080,0.00025
Finland,electricity,solar,CSP,2080,0.00025
France,electricity,solar,CSP,2080,0.305213489274871
Germany,electricity,solar,CSP,2080,0.00025
Greece,electricity,solar,CSP,2080,0.245254189656401
Hungary,electricity,solar,CSP,2080,0.00025
Ireland,electricity,solar,CSP,2080,0.00025
Italy,electricity,solar,CSP,2080,0.288238493028135
Latvia,electricity,solar,CSP,2080,0.00025
Lithuania,electricity,solar,CSP,2080,0.00025
Luxembourg,electricity,solar,CSP,2080,0.00025
Malta,electricity,solar,CSP,2080,0.242730656855584
Netherlands,electricity,solar,CSP,2080,0.00025
Poland,electricity,solar,CSP,2080,0.00025
Portugal,electricity,solar,CSP,2080,0.299396396586715
Romania,electricity,solar,CSP,2080,0.362264362383144
Slovakia,electricity,solar,CSP,2080,0.00025
Slovenia,electricity,solar,CSP,2080,0.00025
Spain,electricity,solar,CSP,2080,0.261946963722364
Sweden,electricity,solar,CSP,2080,0.00025
Albania,electricity,solar,CSP,2080,0.26151325685674
Belarus,electricity,solar,CSP,2080,0.00025
Bosnia and Herzegovina,electricity,solar,CSP,2080,0.00025
Iceland,electricity,solar,CSP,2080,0.00025
Macedonia,electricity,solar,CSP,2080,0.00025
Moldova,electricity,solar,CSP,2080,0.00025
Norway,electricity,solar,CSP,2080,0.00025
Serbia and Montenegro,electricity,solar,CSP,2080,0.00025
Switzerland,electricity,solar,CSP,2080,0.00025
Turkey,electricity,solar,CSP,2080,0.280487918542216
UK,electricity,solar,CSP,2080,0.251296632965848
Ukraine,electricity,solar,CSP,2080,0.330465572806087
USA,electricity,solar,CSP_storage,2080,0.500000123561066
Africa_Eastern,electricity,solar,CSP_storage,2080,0.496298622654973
Africa_Northern,electricity,solar,CSP_storage,2080,0.487111363737208
Africa_Southern,electricity,solar,CSP_storage,2080,0.487771305248752
Africa_Western,electricity,solar,CSP_storage,2080,0.493423453481255
Australia_NZ,electricity,solar,CSP_storage,2080,0.481893253369818
Brazil,electricity,solar,CSP_storage,2080,0.555748843875073
Canada,electricity,solar,CSP_storage,2080,0.598881693968625
Central America and Caribbean,electricity,solar,CSP_storage,2080,0.523932163751151
Central Asia,electricity,solar,CSP_storage,2080,0.534730779363758
China,electricity,solar,CSP_storage,2080,0.503152242562433
India,electricity,solar,CSP_storage,2080,0.531168953279745
Indonesia,electricity,solar,CSP_storage,2080,0.583299228536159
Japan,electricity,solar,CSP_storage,2080,0.634107542683657
Mexico,electricity,solar,CSP_storage,2080,0.502943549997605
Middle East,electricity,solar,CSP_storage,2080,0.48813904238993
Pakistan,electricity,solar,CSP_storage,2080,0.517051928677241
Russia,electricity,solar,CSP_storage,2080,0.625458669979537
South Africa,electricity,solar,CSP_storage,2080,0.471167551091183
South America_Northern,electricity,solar,CSP_storage,2080,0.530587890806533
South America_Southern,electricity,solar,CSP_storage,2080,0.491142534298336
South Asia,electricity,solar,CSP_storage,2080,0.52511359435969
South Korea,electricity,solar,CSP_storage,2080,0.589213181696283
Southeast Asia,electricity,solar,CSP_storage,2080,0.53002062324114
Taiwan,electricity,solar,CSP_storage,2080,0.651339283245279
Argentina,electricity,solar,CSP_storage,2080,0.486884856848872
Colombia,electricity,solar,CSP_storage,2080,0.574062612102241
Austria,electricity,solar,CSP_storage,2080,0.25025
Belgium,electricity,solar,CSP_storage,2080,0.25025
Bulgaria,electricity,solar,CSP_storage,2080,0.616384154901447
Croatia,electricity,solar,CSP_storage,2080,0.516641008670509
Cyprus,electricity,solar,CSP_storage,2080,0.492692857443994
Czech Republic,electricity,solar,CSP_storage,2080,0.25025
Denmark,electricity,solar,CSP_storage,2080,0.25025
Estonia,electricity,solar,CSP_storage,2080,0.25025
Finland,electricity,solar,CSP_storage,2080,0.25025
France,electricity,solar,CSP_storage,2080,0.555213489274871
Germany,electricity,solar,CSP_storage,2080,0.25025
Greece,electricity,solar,CSP_storage,2080,0.495254189656401
Hungary,electricity,solar,CSP_storage,2080,0.25025
Ireland,electricity,solar,CSP_storage,2080,0.25025
Italy,electricity,solar,CSP_storage,2080,0.538238493028135
Latvia,electricity,solar,CSP_storage,2080,0.25025
Lithuania,electricity,solar,CSP_storage,2080,0.25025
Luxembourg,electricity,solar,CSP_storage,2080,0.25025
Malta,electricity,solar,CSP_storage,2080,0.492730656855584
Netherlands,electricity,solar,CSP_storage,2080,0.25025
Poland,electricity,solar,CSP_storage,2080,0.25025
Portugal,electricity,solar,CSP_storage,2080,0.549396396586715
Romania,electricity,solar,CSP_storage,2080,0.612264362383144
Slovakia,electricity,solar,CSP_storage,2080,0.25025
Slovenia,electricity,solar,CSP_storage,2080,0.25025
Spain,electricity,solar,CSP_storage,2080,0.511946963722364
Sweden,electricity,solar,CSP_storage,2080,0.25025
Albania,electricity,solar,CSP_storage,2080,0.51151325685674
Belarus,electricity,solar,CSP_storage,2080,0.25025
Bosnia and Herzegovina,electricity,solar,CSP_storage,2080,0.25025
Iceland,electricity,solar,CSP_storage,2080,0.25025
Macedonia,electricity,solar,CSP_storage,2080,0.25025
Moldova,electricity,solar,CSP_storage,2080,0.25025
Norway,electricity,solar,CSP_storage,2080,0.25025
Serbia and Montenegro,electricity,solar,CSP_storage,2080,0.25025
Switzerland,electricity,solar,CSP_storage,2080,0.25025
Turkey,electricity,solar,CSP_storage,2080,0.530487918542216
UK,electricity,solar,CSP_storage,2080,0.501296632965847
Ukraine,electricity,solar,CSP_storage,2080,0.580465572806087
USA,electricity,solar,CSP,2085,0.250000123561066
Africa_Eastern,electricity,solar,CSP,2085,0.246298622654973
Africa_Northern,electricity,solar,CSP,2085,0.237111363737208
Africa_Southern,electricity,solar,CSP,2085,0.237771305248752
Africa_Western,electricity,solar,CSP,2085,0.243423453481255
Australia_NZ,electricity,solar,CSP,2085,0.231893253369818
Brazil,electricity,solar,CSP,2085,0.305748843875073
Canada,electricity,solar,CSP,2085,0.348881693968625
Central America and Caribbean,electricity,solar,CSP,2085,0.273932163751151
Central Asia,electricity,solar,CSP,2085,0.284730779363758
China,electricity,solar,CSP,2085,0.253152242562433
India,electricity,solar,CSP,2085,0.281168953279745
Indonesia,electricity,solar,CSP,2085,0.333299228536159
Japan,electricity,solar,CSP,2085,0.384107542683657
Mexico,electricity,solar,CSP,2085,0.252943549997605
Middle East,electricity,solar,CSP,2085,0.23813904238993
Pakistan,electricity,solar,CSP,2085,0.267051928677241
Russia,electricity,solar,CSP,2085,0.375458669979537
South Africa,electricity,solar,CSP,2085,0.221167551091183
South America_Northern,electricity,solar,CSP,2085,0.280587890806533
South America_Southern,electricity,solar,CSP,2085,0.241142534298336
South Asia,electricity,solar,CSP,2085,0.27511359435969
South Korea,electricity,solar,CSP,2085,0.339213181696283
Southeast Asia,electricity,solar,CSP,2085,0.280020623241139
Taiwan,electricity,solar,CSP,2085,0.401339283245279
Argentina,electricity,solar,CSP,2085,0.236884856848872
Colombia,electricity,solar,CSP,2085,0.324062612102241
Austria,electricity,solar,CSP,2085,0.00025
Belgium,electricity,solar,CSP,2085,0.00025
Bulgaria,electricity,solar,CSP,2085,0.366384154901447
Croatia,electricity,solar,CSP,2085,0.266641008670509
Cyprus,electricity,solar,CSP,2085,0.242692857443994
Czech Republic,electricity,solar,CSP,2085,0.00025
Denmark,electricity,solar,CSP,2085,0.00025
Estonia,electricity,solar,CSP,2085,0.00025
Finland,electricity,solar,CSP,2085,0.00025
France,electricity,solar,CSP,2085,0.305213489274871
Germany,electricity,solar,CSP,2085,0.00025
Greece,electricity,solar,CSP,2085,0.245254189656401
Hungary,electricity,solar,CSP,2085,0.00025
Ireland,electricity,solar,CSP,2085,0.00025
Italy,electricity,solar,CSP,2085,0.288238493028135
Latvia,electricity,solar,CSP,2085,0.00025
Lithuania,electricity,solar,CSP,2085,0.00025
Luxembourg,electricity,solar,CSP,2085,0.00025
Malta,electricity,solar,CSP,2085,0.242730656855584
Netherlands,electricity,solar,CSP,2085,0.00025
Poland,electricity,solar,CSP,2085,0.00025
Portugal,electricity,solar,CSP,2085,0.299396396586715
Romania,electricity,solar,CSP,2085,0.362264362383144
Slovakia,electricity,solar,CSP,2085,0.00025
Slovenia,electricity,solar,CSP,2085,0.00025
Spain,electricity,solar,CSP,2085,0.261946963722364
Sweden,electricity,solar,CSP,2085,0.00025
Albania,electricity,solar,CSP,2085,0.26151325685674
Belarus,electricity,solar,CSP,2085,0.00025
Bosnia and Herzegovina,electricity,solar,CSP,2085,0.00025
Iceland,electricity,solar,CSP,2085,0.00025
Macedonia,electricity,solar,CSP,2085,0.00025
Moldova,electricity,solar,CSP,2085,0.00025
Norway,electricity,solar,CSP,2085,0.00025
Serbia and Montenegro,electricity,solar,CSP,2085,0.00025
Switzerland,electricity,solar,CSP,2085,0.00025
Turkey,electricity,solar,CSP,2085,0.280487918542216
UK,electricity,solar,CSP,2085,0.251296632965848
Ukraine,electricity,solar,CSP,2085,0.330465572806087
USA,electricity,solar,CSP_storage,2085,0.500000123561066
Africa_Eastern,electricity,solar,CSP_storage,2085,0.496298622654973
Africa_Northern,electricity,solar,CSP_storage,2085,0.487111363737208
Africa_Southern,electricity,solar,CSP_storage,2085,0.487771305248752
Africa_Western,electricity,solar,CSP_storage,2085,0.493423453481255
Australia_NZ,electricity,solar,CSP_storage,2085,0.481893253369818
Brazil,electricity,solar,CSP_storage,2085,0.555748843875073
Canada,electricity,solar,CSP_storage,2085,0.598881693968625
Central America and Caribbean,electricity,solar,CSP_storage,2085,0.523932163751151
Central Asia,electricity,solar,CSP_storage,2085,0.534730779363758
China,electricity,solar,CSP_storage,2085,0.503152242562433
India,electricity,solar,CSP_storage,2085,0.531168953279745
Indonesia,electricity,solar,CSP_storage,2085,0.583299228536159
Japan,electricity,solar,CSP_storage,2085,0.634107542683657
Mexico,electricity,solar,CSP_storage,2085,0.502943549997605
Middle East,electricity,solar,CSP_storage,2085,0.48813904238993
Pakistan,electricity,solar,CSP_storage,2085,0.517051928677241
Russia,electricity,solar,CSP_storage,2085,0.625458669979537
South Africa,electricity,solar,CSP_storage,2085,0.471167551091183
South America_Northern,electricity,solar,CSP_storage,2085,0.530587890806533
South America_Southern,electricity,solar,CSP_storage,2085,0.491142534298336
South Asia,electricity,solar,CSP_storage,2085,0.52511359435969
South Korea,electricity,solar,CSP_storage,2085,0.589213181696283
Southeast Asia,electricity,solar,CSP_storage,2085,0.53002062324114
Taiwan,electricity,solar,CSP_storage,2085,0.651339283245279
Argentina,electricity,solar,CSP_storage,2085,0.486884856848872
Colombia,electricity,solar,CSP_storage,2085,0.574062612102241
Austria,electricity,solar,CSP_storage,2085,0.25025
Belgium,electricity,solar,CSP_storage,2085,0.25025
Bulgaria,electricity,solar,CSP_storage,2085,0.616384154901447
Croatia,electricity,solar,CSP_storage,2085,0.516641008670509
Cyprus,electricity,solar,CSP_storage,2085,0.492692857443994
Czech Republic,electricity,solar,CSP_storage,2085,0.25025
Denmark,electricity,solar,CSP_storage,2085,0.25025
Estonia,electricity,solar,CSP_storage,2085,0.25025
Finland,electricity,solar,CSP_storage,2085,0.25025
France,electricity,solar,CSP_storage,2085,0.555213489274871
Germany,electricity,solar,CSP_storage,2085,0.25025
Greece,electricity,solar,CSP_storage,2085,0.495254189656401
Hungary,electricity,solar,CSP_storage,2085,0.25025
Ireland,electricity,solar,CSP_storage,2085,0.25025
Italy,electricity,solar,CSP_storage,2085,0.538238493028135
Latvia,electricity,solar,CSP_storage,2085,0.25025
Lithuania,electricity,solar,CSP_storage,2085,0.25025
Luxembourg,electricity,solar,CSP_storage,2085,0.25025
Malta,electricity,solar,CSP_storage,2085,0.492730656855584
Netherlands,electricity,solar,CSP_storage,2085,0.25025
Poland,electricity,solar,CSP_storage,2085,0.25025
Portugal,electricity,solar,CSP_storage,2085,0.549396396586715
Romania,electricity,solar,CSP_storage,2085,0.612264362383144
Slovakia,electricity,solar,CSP_storage,2085,0.25025
Slovenia,electricity,solar,CSP_storage,2085,0.25025
Spain,electricity,solar,CSP_storage,2085,0.511946963722364
Sweden,electricity,solar,CSP_storage,2085,0.25025
Albania,electricity,solar,CSP_storage,2085,0.51151325685674
Belarus,electricity,solar,CSP_storage,2085,0.25025
Bosnia and Herzegovina,electricity,solar,CSP_storage,2085,0.25025
Iceland,electricity,solar,CSP_storage,2085,0.25025
Macedonia,electricity,solar,CSP_storage,2085,0.25025
Moldova,electricity,solar,CSP_storage,2085,0.25025
Norway,electricity,solar,CSP_storage,2085,0.25025
Serbia and Montenegro,electricity,solar,CSP_storage,2085,0.25025
Switzerland,electricity,solar,CSP_storage,2085,0.25025
Turkey,electricity,solar,CSP_storage,2085,0.530487918542216
UK,electricity,solar,CSP_storage,2085,0.501296632965847
Ukraine,electricity,solar,CSP_storage,2085,0.580465572806087
USA,electricity,solar,CSP,2090,0.250000123561066
Africa_Eastern,electricity,solar,CSP,2090,0.246298622654973
Africa_Northern,electricity,solar,CSP,2090,0.237111363737208
Africa_Southern,electricity,solar,CSP,2090,0.237771305248752
Africa_Western,electricity,solar,CSP,2090,0.243423453481255
Australia_NZ,electricity,solar,CSP,2090,0.231893253369818
Brazil,electricity,solar,CSP,2090,0.305748843875073
Canada,electricity,solar,CSP,2090,0.348881693968625
Central America and Caribbean,electricity,solar,CSP,2090,0.273932163751151
Central Asia,electricity,solar,CSP,2090,0.284730779363758
China,electricity,solar,CSP,2090,0.253152242562433
India,electricity,solar,CSP,2090,0.281168953279745
Indonesia,electricity,solar,CSP,2090,0.333299228536159
Japan,electricity,solar,CSP,2090,0.384107542683657
Mexico,electricity,solar,CSP,2090,0.252943549997605
Middle East,electricity,solar,CSP,2090,0.23813904238993
Pakistan,electricity,solar,CSP,2090,0.267051928677241
Russia,electricity,solar,CSP,2090,0.375458669979537
South Africa,electricity,solar,CSP,2090,0.221167551091183
South America_Northern,electricity,solar,CSP,2090,0.280587890806533
South America_Southern,electricity,solar,CSP,2090,0.241142534298336
South Asia,electricity,solar,CSP,2090,0.27511359435969
South Korea,electricity,solar,CSP,2090,0.339213181696283
Southeast Asia,electricity,solar,CSP,2090,0.280020623241139
Taiwan,electricity,solar,CSP,2090,0.401339283245279
Argentina,electricity,solar,CSP,2090,0.236884856848872
Colombia,electricity,solar,CSP,2090,0.324062612102241
Austria,electricity,solar,CSP,2090,0.00025
Belgium,electricity,solar,CSP,2090,0.00025
Bulgaria,electricity,solar,CSP,2090,0.366384154901447
Croatia,electricity,solar,CSP,2090,0.266641008670509
Cyprus,electricity,solar,CSP,2090,0.242692857443994
Czech Republic,electricity,solar,CSP,2090,0.00025
Denmark,electricity,solar,CSP,2090,0.00025
Estonia,electricity,solar,CSP,2090,0.00025
Finland,electricity,solar,CSP,2090,0.00025
France,electricity,solar,CSP,2090,0.305213489274871
Germany,electricity,solar,CSP,2090,0.00025
Greece,electricity,solar,CSP,2090,0.245254189656401
Hungary,electricity,solar,CSP,2090,0.00025
Ireland,electricity,solar,CSP,2090,0.00025
Italy,electricity,solar,CSP,2090,0.288238493028135
Latvia,electricity,solar,CSP,2090,0.00025
Lithuania,electricity,solar,CSP,2090,0.00025
Luxembourg,electricity,solar,CSP,2090,0.00025
Malta,electricity,solar,CSP,2090,0.242730656855584
Netherlands,electricity,solar,CSP,2090,0.00025
Poland,electricity,solar,CSP,2090,0.00025
Portugal,electricity,solar,CSP,2090,0.299396396586715
Romania,electricity,solar,CSP,2090,0.362264362383144
Slovakia,electricity,solar,CSP,2090,0.00025
Slovenia,electricity,solar,CSP,2090,0.00025
Spain,electricity,solar,CSP,2090,0.261946963722364
Sweden,electricity,solar,CSP,2090,0.00025
Albania,electricity,solar,CSP,2090,0.26151325685674
Belarus,electricity,solar,CSP,2090,0.00025
Bosnia and Herzegovina,electricity,solar,CSP,2090,0.00025
Iceland,electricity,solar,CSP,2090,0.00025
Macedonia,electricity,solar,CSP,2090,0.00025
Moldova,electricity,solar,CSP,2090,0.00025
Norway,electricity,solar,CSP,2090,0.00025
Serbia and Montenegro,electricity,solar,CSP,2090,0.00025
Switzerland,electricity,solar,CSP,2090,0.00025
Turkey,electricity,solar,CSP,2090,0.280487918542216
UK,electricity,solar,CSP,2090,0.251296632965848
Ukraine,electricity,solar,CSP,2090,0.330465572806087
USA,electricity,solar,CSP_storage,2090,0.500000123561066
Africa_Eastern,electricity,solar,CSP_storage,2090,0.496298622654973
Africa_Northern,electricity,solar,CSP_storage,2090,0.487111363737208
Africa_Southern,electricity,solar,CSP_storage,2090,0.487771305248752
Africa_Western,electricity,solar,CSP_storage,2090,0.493423453481255
Australia_NZ,electricity,solar,CSP_storage,2090,0.481893253369818
Brazil,electricity,solar,CSP_storage,2090,0.555748843875073
Canada,electricity,solar,CSP_storage,2090,0.598881693968625
Central America and Caribbean,electricity,solar,CSP_storage,2090,0.523932163751151
Central Asia,electricity,solar,CSP_storage,2090,0.534730779363758
China,electricity,solar,CSP_storage,2090,0.503152242562433
India,electricity,solar,CSP_storage,2090,0.531168953279745
Indonesia,electricity,solar,CSP_storage,2090,0.583299228536159
Japan,electricity,solar,CSP_storage,2090,0.634107542683657
Mexico,electricity,solar,CSP_storage,2090,0.502943549997605
Middle East,electricity,solar,CSP_storage,2090,0.48813904238993
Pakistan,electricity,solar,CSP_storage,2090,0.517051928677241
Russia,electricity,solar,CSP_storage,2090,0.625458669979537
South Africa,electricity,solar,CSP_storage,2090,0.471167551091183
South America_Northern,electricity,solar,CSP_storage,2090,0.530587890806533
South America_Southern,electricity,solar,CSP_storage,2090,0.491142534298336
South Asia,electricity,solar,CSP_storage,2090,0.52511359435969
South Korea,electricity,solar,CSP_storage,2090,0.589213181696283
Southeast Asia,electricity,solar,CSP_storage,2090,0.53002062324114
Taiwan,electricity,solar,CSP_storage,2090,0.651339283245279
Argentina,electricity,solar,CSP_storage,2090,0.486884856848872
Colombia,electricity,solar,CSP_storage,2090,0.574062612102241
Austria,electricity,solar,CSP_storage,2090,0.25025
Belgium,electricity,solar,CSP_storage,2090,0.25025
Bulgaria,electricity,solar,CSP_storage,2090,0.616384154901447
Croatia,electricity,solar,CSP_storage,2090,0.516641008670509
Cyprus,electricity,solar,CSP_storage,2090,0.492692857443994
Czech Republic,electricity,solar,CSP_storage,2090,0.25025
Denmark,electricity,solar,CSP_storage,2090,0.25025
Estonia,electricity,solar,CSP_storage,2090,0.25025
Finland,electricity,solar,CSP_storage,2090,0.25025
France,electricity,solar,CSP_storage,2090,0.555213489274871
Germany,electricity,solar,CSP_storage,2090,0.25025
Greece,electricity,solar,CSP_storage,2090,0.495254189656401
Hungary,electricity,solar,CSP_storage,2090,0.25025
Ireland,electricity,solar,CSP_storage,2090,0.25025
Italy,electricity,solar,CSP_storage,2090,0.538238493028135
Latvia,electricity,solar,CSP_storage,2090,0.25025
Lithuania,electricity,solar,CSP_storage,2090,0.25025
Luxembourg,electricity,solar,CSP_storage,2090,0.25025
Malta,electricity,solar,CSP_storage,2090,0.492730656855584
Netherlands,electricity,solar,CSP_storage,2090,0.25025
Poland,electricity,solar,CSP_storage,2090,0.25025
Portugal,electricity,solar,CSP_storage,2090,0.549396396586715
Romania,electricity,solar,CSP_storage,2090,0.612264362383144
Slovakia,electricity,solar,CSP_storage,2090,0.25025
Slovenia,electricity,solar,CSP_storage,2090,0.25025
Spain,electricity,solar,CSP_storage,2090,0.511946963722364
Sweden,electricity,solar,CSP_storage,2090,0.25025
Albania,electricity,solar,CSP_storage,2090,0.51151325685674
Belarus,electricity,solar,CSP_storage,2090,0.25025
Bosnia and Herzegovina,electricity,solar,CSP_storage,2090,0.25025
Iceland,electricity,solar,CSP_storage,2090,0.25025
Macedonia,electricity,solar,CSP_storage,2090,0.25025
Moldova,electricity,solar,CSP_storage,2090,0.25025
Norway,electricity,solar,CSP_storage,2090,0.25025
Serbia and Montenegro,electricity,solar,CSP_storage,2090,0.25025
Switzerland,electricity,solar,CSP_storage,2090,0.25025
Turkey,electricity,solar,CSP_storage,2090,0.530487918542216
UK,electricity,solar,CSP_storage,2090,0.501296632965847
Ukraine,electricity,solar,CSP_storage,2090,0.580465572806087
USA,electricity,solar,CSP,2095,0.250000123561066
Africa_Eastern,electricity,solar,CSP,2095,0.246298622654973
Africa_Northern,electricity,solar,CSP,2095,0.237111363737208
Africa_Southern,electricity,solar,CSP,2095,0.237771305248752
Africa_Western,electricity,solar,CSP,2095,0.243423453481255
Australia_NZ,electricity,solar,CSP,2095,0.231893253369818
Brazil,electricity,solar,CSP,2095,0.305748843875073
Canada,electricity,solar,CSP,2095,0.348881693968625
Central America and Caribbean,electricity,solar,CSP,2095,0.273932163751151
Central Asia,electricity,solar,CSP,2095,0.284730779363758
China,electricity,solar,CSP,2095,0.253152242562433
India,electricity,solar,CSP,2095,0.281168953279745
Indonesia,electricity,solar,CSP,2095,0.333299228536159
Japan,electricity,solar,CSP,2095,0.384107542683657
Mexico,electricity,solar,CSP,2095,0.252943549997605
Middle East,electricity,solar,CSP,2095,0.23813904238993
Pakistan,electricity,solar,CSP,2095,0.267051928677241
Russia,electricity,solar,CSP,2095,0.375458669979537
South Africa,electricity,solar,CSP,2095,0.221167551091183
South America_Northern,electricity,solar,CSP,2095,0.280587890806533
South America_Southern,electricity,solar,CSP,2095,0.241142534298336
South Asia,electricity,solar,CSP,2095,0.27511359435969
South Korea,electricity,solar,CSP,2095,0.339213181696283
Southeast Asia,electricity,solar,CSP,2095,0.280020623241139
Taiwan,electricity,solar,CSP,2095,0.401339283245279
Argentina,electricity,solar,CSP,2095,0.236884856848872
Colombia,electricity,solar,CSP,2095,0.324062612102241
Austria,electricity,solar,CSP,2095,0.00025
Belgium,electricity,solar,CSP,2095,0.00025
Bulgaria,electricity,solar,CSP,2095,0.366384154901447
Croatia,electricity,solar,CSP,2095,0.266641008670509
Cyprus,electricity,solar,CSP,2095,0.242692857443994
Czech Republic,electricity,solar,CSP,2095,0.00025
Denmark,electricity,solar,CSP,2095,0.00025
Estonia,electricity,solar,CSP,2095,0.00025
Finland,electricity,solar,CSP,2095,0.00025
France,electricity,solar,CSP,2095,0.305213489274871
Germany,electricity,solar,CSP,2095,0.00025
Greece,electricity,solar,CSP,2095,0.245254189656401
Hungary,electricity,solar,CSP,2095,0.00025
Ireland,electricity,solar,CSP,2095,0.00025
Italy,electricity,solar,CSP,2095,0.288238493028135
Latvia,electricity,solar,CSP,2095,0.00025
Lithuania,electricity,solar,CSP,2095,0.00025
Luxembourg,electricity,solar,CSP,2095,0.00025
Malta,electricity,solar,CSP,2095,0.242730656855584
Netherlands,electricity,solar,CSP,2095,0.00025
Poland,electricity,solar,CSP,2095,0.00025
Portugal,electricity,solar,CSP,2095,0.299396396586715
Romania,electricity,solar,CSP,2095,0.362264362383144
Slovakia,electricity,solar,CSP,2095,0.00025
Slovenia,electricity,solar,CSP,2095,0.00025
Spain,electricity,solar,CSP,2095,0.261946963722364
Sweden,electricity,solar,CSP,2095,0.00025
Albania,electricity,solar,CSP,2095,0.26151325685674
Belarus,electricity,solar,CSP,2095,0.00025
Bosnia and Herzegovina,electricity,solar,CSP,2095,0.00025
Iceland,electricity,solar,CSP,2095,0.00025
Macedonia,electricity,solar,CSP,2095,0.00025
Moldova,electricity,solar,CSP,2095,0.00025
Norway,electricity,solar,CSP,2095,0.00025
Serbia and Montenegro,electricity,solar,CSP,2095,0.00025
Switzerland,electricity,solar,CSP,2095,0.00025
Turkey,electricity,solar,CSP,2095,0.280487918542216
UK,electricity,solar,CSP,2095,0.251296632965848
Ukraine,electricity,solar,CSP,2095,0.330465572806087
USA,electricity,solar,CSP_storage,2095,0.500000123561066
Africa_Eastern,electricity,solar,CSP_storage,2095,0.496298622654973
Africa_Northern,electricity,solar,CSP_storage,2095,0.487111363737208
Africa_Southern,electricity,solar,CSP_storage,2095,0.487771305248752
Africa_Western,electricity,solar,CSP_storage,2095,0.493423453481255
Australia_NZ,electricity,solar,CSP_storage,2095,0.481893253369818
Brazil,electricity,solar,CSP_storage,2095,0.555748843875073
Canada,electricity,solar,CSP_storage,2095,0.598881693968625
Central America and Caribbean,electricity,solar,CSP_storage,2095,0.523932163751151
Central Asia,electricity,solar,CSP_storage,2095,0.534730779363758
China,electricity,solar,CSP_storage,2095,0.503152242562433
India,electricity,solar,CSP_storage,2095,0.531168953279745
Indonesia,electricity,solar,CSP_storage,2095,0.583299228536159
Japan,electricity,solar,CSP_storage,2095,0.634107542683657
Mexico,electricity,solar,CSP_storage,2095,0.502943549997605
Middle East,electricity,solar,CSP_storage,2095,0.48813904238993
Pakistan,electricity,solar,CSP_storage,2095,0.517051928677241
Russia,electricity,solar,CSP_storage,2095,0.625458669979537
South Africa,electricity,solar,CSP_storage,2095,0.471167551091183
South America_Northern,electricity,solar,CSP_storage,2095,0.530587890806533
South America_Southern,electricity,solar,CSP_storage,2095,0.491142534298336
South Asia,electricity,solar,CSP_storage,2095,0.52511359435969
South Korea,electricity,solar,CSP_storage,2095,0.589213181696283
Southeast Asia,electricity,solar,CSP_storage,2095,0.53002062324114
Taiwan,electricity,solar,CSP_storage,2095,0.651339283245279
Argentina,electricity,solar,CSP_storage,2095,0.486884856848872
Colombia,electricity,solar,CSP_storage,2095,0.574062612102241
Austria,electricity,solar,CSP_storage,2095,0.25025
Belgium,electricity,solar,CSP_storage,2095,0.25025
Bulgaria,electricity,solar,CSP_storage,2095,0.616384154901447
Croatia,electricity,solar,CSP_storage,2095,0.516641008670509
Cyprus,electricity,solar,CSP_storage,2095,0.492692857443994
Czech Republic,electricity,solar,CSP_storage,2095,0.25025
Denmark,electricity,solar,CSP_storage,2095,0.25025
Estonia,electricity,solar,CSP_storage,2095,0.25025
Finland,electricity,solar,CSP_storage,2095,0.25025
France,electricity,solar,CSP_storage,2095,0.555213489274871
Germany,electricity,solar,CSP_storage,2095,0.25025
Greece,electricity,solar,CSP_storage,2095,0.495254189656401
Hungary,electricity,solar,CSP_storage,2095,0.25025
Ireland,electricity,solar,CSP_storage,2095,0.25025
Italy,electricity,solar,CSP_storage,2095,0.538238493028135
Latvia,electricity,solar,CSP_storage,2095,0.25025
Lithuania,electricity,solar,CSP_storage,2095,0.25025
Luxembourg,electricity,solar,CSP_storage,2095,0.25025
Malta,electricity,solar,CSP_storage,2095,0.492730656855584
Netherlands,electricity,solar,CSP_storage,2095,0.25025
Poland,electricity,solar,CSP_storage,2095,0.25025
Portugal,electricity,solar,CSP_storage,2095,0.549396396586715
Romania,electricity,solar,CSP_storage,2095,0.612264362383144
Slovakia,electricity,solar,CSP_storage,2095,0.25025
Slovenia,electricity,solar,CSP_storage,2095,0.25025
Spain,electricity,solar,CSP_storage,2095,0.511946963722364
Sweden,electricity,solar,CSP_storage,2095,0.25025
Albania,electricity,solar,CSP_storage,2095,0.51151325685674
Belarus,electricity,solar,CSP_storage,2095,0.25025
Bosnia and Herzegovina,electricity,solar,CSP_storage,2095,0.25025
Iceland,electricity,solar,CSP_storage,2095,0.25025
Macedonia,electricity,solar,CSP_storage,2095,0.25025
Moldova,electricity,solar,CSP_storage,2095,0.25025
Norway,electricity,solar,CSP_storage,2095,0.25025
Serbia and Montenegro,electricity,solar,CSP_storage,2095,0.25025
Switzerland,electricity,solar,CSP_storage,2095,0.25025
Turkey,electricity,solar,CSP_storage,2095,0.530487918542216
UK,electricity,solar,CSP_storage,2095,0.501296632965847
Ukraine,electricity,solar,CSP_storage,2095,0.580465572806087
USA,electricity,solar,CSP,2100,0.250000123561066
Africa_Eastern,electricity,solar,CSP,2100,0.246298622654973
Africa_Northern,electricity,solar,CSP,2100,0.237111363737208
Africa_Southern,electricity,solar,CSP,2100,0.237771305248752
Africa_Western,electricity,solar,CSP,2100,0.243423453481255
Australia_NZ,electricity,solar,CSP,2100,0.231893253369818
Brazil,electricity,solar,CSP,2100,0.305748843875073
Canada,electricity,solar,CSP,2100,0.348881693968625
Central America and Caribbean,electricity,solar,CSP,2100,0.273932163751151
Central Asia,electricity,solar,CSP,2100,0.284730779363758
China,electricity,solar,CSP,2100,0.253152242562433
India,electricity,solar,CSP,2100,0.281168953279745
Indonesia,electricity,solar,CSP,2100,0.333299228536159
Japan,electricity,solar,CSP,2100,0.384107542683657
Mexico,electricity,solar,CSP,2100,0.252943549997605
Middle East,electricity,solar,CSP,2100,0.23813904238993
Pakistan,electricity,solar,CSP,2100,0.267051928677241
Russia,electricity,solar,CSP,2100,0.375458669979537
South Africa,electricity,solar,CSP,2100,0.221167551091183
South America_Northern,electricity,solar,CSP,2100,0.280587890806533
South America_Southern,electricity,solar,CSP,2100,0.241142534298336
South Asia,electricity,solar,CSP,2100,0.27511359435969
South Korea,electricity,solar,CSP,2100,0.339213181696283
Southeast Asia,electricity,solar,CSP,2100,0.280020623241139
Taiwan,electricity,solar,CSP,2100,0.401339283245279
Argentina,electricity,solar,CSP,2100,0.236884856848872
Colombia,electricity,solar,CSP,2100,0.324062612102241
Austria,electricity,solar,CSP,2100,0.00025
Belgium,electricity,solar,CSP,2100,0.00025
Bulgaria,electricity,solar,CSP,2100,0.366384154901447
Croatia,electricity,solar,CSP,2100,0.266641008670509
Cyprus,electricity,solar,CSP,2100,0.242692857443994
Czech Republic,electricity,solar,CSP,2100,0.00025
Denmark,electricity,solar,CSP,2100,0.00025
Estonia,electricity,solar,CSP,2100,0.00025
Finland,electricity,solar,CSP,2100,0.00025
France,electricity,solar,CSP,2100,0.305213489274871
Germany,electricity,solar,CSP,2100,0.00025
Greece,electricity,solar,CSP,2100,0.245254189656401
Hungary,electricity,solar,CSP,2100,0.00025
Ireland,electricity,solar,CSP,2100,0.00025
Italy,electricity,solar,CSP,2100,0.288238493028135
Latvia,electricity,solar,CSP,2100,0.00025
Lithuania,electricity,solar,CSP,2100,0.00025
Luxembourg,electricity,solar,CSP,2100,0.00025
Malta,electricity,solar,CSP,2100,0.242730656855584
Netherlands,electricity,solar,CSP,2100,0.00025
Poland,electricity,solar,CSP,2100,0.00025
Portugal,electricity,solar,CSP,2100,0.299396396586715
Romania,electricity,solar,CSP,2100,0.362264362383144
Slovakia,electricity,solar,CSP,2100,0.00025
Slovenia,electricity,solar,CSP,2100,0.00025
Spain,electricity,solar,CSP,2100,0.261946963722364
Sweden,electricity,solar,CSP,2100,0.00025
Albania,electricity,solar,CSP,2100,0.26151325685674
Belarus,electricity,solar,CSP,2100,0.00025
Bosnia and Herzegovina,electricity,solar,CSP,2100,0.00025
Iceland,electricity,solar,CSP,2100,0.00025
Macedonia,electricity,solar,CSP,2100,0.00025
Moldova,electricity,solar,CSP,2100,0.00025
Norway,electricity,solar,CSP,2100,0.00025
Serbia and Montenegro,electricity,solar,CSP,2100,0.00025
Switzerland,electricity,solar,CSP,2100,0.00025
Turkey,electricity,solar,CSP,2100,0.280487918542216
UK,electricity,solar,CSP,2100,0.251296632965848
Ukraine,electricity,solar,CSP,2100,0.330465572806087
USA,electricity,solar,CSP_storage,2100,0.500000123561066
Africa_Eastern,electricity,solar,CSP_storage,2100,0.496298622654973
Africa_Northern,electricity,solar,CSP_storage,2100,0.487111363737208
Africa_Southern,electricity,solar,CSP_storage,2100,0.487771305248752
Africa_Western,electricity,solar,CSP_storage,2100,0.493423453481255
Australia_NZ,electricity,solar,CSP_storage,2100,0.481893253369818
Brazil,electricity,solar,CSP_storage,2100,0.555748843875073
Canada,electricity,solar,CSP_storage,2100,0.598881693968625
Central America and Caribbean,electricity,solar,CSP_storage,2100,0.523932163751151
Central Asia,electricity,solar,CSP_storage,2100,0.534730779363758
China,electricity,solar,CSP_storage,2100,0.503152242562433
India,electricity,solar,CSP_storage,2100,0.531168953279745
Indonesia,electricity,solar,CSP_storage,2100,0.583299228536159
Japan,electricity,solar,CSP_storage,2100,0.634107542683657
Mexico,electricity,solar,CSP_storage,2100,0.502943549997605
Middle East,electricity,solar,CSP_storage,2100,0.48813904238993
Pakistan,electricity,solar,CSP_storage,2100,0.517051928677241
Russia,electricity,solar,CSP_storage,2100,0.625458669979537
South Africa,electricity,solar,CSP_storage,2100,0.471167551091183
South America_Northern,electricity,solar,CSP_storage,2100,0.530587890806533
South America_Southern,electricity,solar,CSP_storage,2100,0.491142534298336
South Asia,electricity,solar,CSP_storage,2100,0.52511359435969
South Korea,electricity,solar,CSP_storage,2100,0.589213181696283
Southeast Asia,electricity,solar,CSP_storage,2100,0.53002062324114
Taiwan,electricity,solar,CSP_storage,2100,0.651339283245279
Argentina,electricity,solar,CSP_storage,2100,0.486884856848872
Colombia,electricity,solar,CSP_storage,2100,0.574062612102241
Austria,electricity,solar,CSP_storage,2100,0.25025
Belgium,electricity,solar,CSP_storage,2100,0.25025
Bulgaria,electricity,solar,CSP_storage,2100,0.616384154901447
Croatia,electricity,solar,CSP_storage,2100,0.516641008670509
Cyprus,electricity,solar,CSP_storage,2100,0.492692857443994
Czech Republic,electricity,solar,CSP_storage,2100,0.25025
Denmark,electricity,solar,CSP_storage,2100,0.25025
Estonia,electricity,solar,CSP_storage,2100,0.25025
Finland,electricity,solar,CSP_storage,2100,0.25025
France,electricity,solar,CSP_storage,2100,0.555213489274871
Germany,electricity,solar,CSP_storage,2100,0.25025
Greece,electricity,solar,CSP_storage,2100,0.495254189656401
Hungary,electricity,solar,CSP_storage,2100,0.25025
Ireland,electricity,solar,CSP_storage,2100,0.25025
Italy,electricity,solar,CSP_storage,2100,0.538238493028135
Latvia,electricity,solar,CSP_storage,2100,0.25025
Lithuania,electricity,solar,CSP_storage,2100,0.25025
Luxembourg,electricity,solar,CSP_storage,2100,0.25025
Malta,electricity,solar,CSP_storage,2100,0.492730656855584
Netherlands,electricity,solar,CSP_storage,2100,0.25025
Poland,electricity,solar,CSP_storage,2100,0.25025
Portugal,electricity,solar,CSP_storage,2100,0.549396396586715
Romania,electricity,solar,CSP_storage,2100,0.612264362383144
Slovakia,electricity,solar,CSP_storage,2100,0.25025
Slovenia,electricity,solar,CSP_storage,2100,0.25025
Spain,electricity,solar,CSP_storage,2100,0.511946963722364
Sweden,electricity,solar,CSP_storage,2100,0.25025
Albania,electricity,solar,CSP_storage,2100,0.51151325685674
Belarus,electricity,solar,CSP_storage,2100,0.25025
Bosnia and Herzegovina,electricity,solar,CSP_storage,2100,0.25025
Iceland,electricity,solar,CSP_storage,2100,0.25025
Macedonia,electricity,solar,CSP_storage,2100,0.25025
Moldova,electricity,solar,CSP_storage,2100,0.25025
Norway,electricity,solar,CSP_storage,2100,0.25025
Serbia and Montenegro,electricity,solar,CSP_storage,2100,0.25025
Switzerland,electricity,solar,CSP_storage,2100,0.25025
Turkey,electricity,solar,CSP_storage,2100,0.530487918542216
UK,electricity,solar,CSP_storage,2100,0.501296632965847
Ukraine,electricity,solar,CSP_storage,2100,0.580465572806087
USA,electricity,wind,wind_offshore,1975,0.4
USA,electricity,wind,wind_offshore,1990,0.4
USA,electricity,wind,wind_offshore,2005,0.4
USA,electricity,wind,wind_offshore,2010,0.4
USA,electricity,wind,wind_offshore,2015,0.4
USA,electricity,wind,wind_offshore,2020,0.4
USA,electricity,wind,wind_offshore,2025,0.4
USA,electricity,wind,wind_offshore,2030,0.4
USA,electricity,wind,wind_offshore,2035,0.4
USA,electricity,wind,wind_offshore,2040,0.4
USA,electricity,wind,wind_offshore,2045,0.4
USA,electricity,wind,wind_offshore,2050,0.4
USA,electricity,wind,wind_offshore,2055,0.4
USA,electricity,wind,wind_offshore,2060,0.4
USA,electricity,wind,wind_offshore,2065,0.4
USA,electricity,wind,wind_offshore,2070,0.4
USA,electricity,wind,wind_offshore,2075,0.4
USA,electricity,wind,wind_offshore,2080,0.4
USA,electricity,wind,wind_offshore,2085,0.4
USA,electricity,wind,wind_offshore,2090,0.4
USA,electricity,wind,wind_offshore,2095,0.4
USA,electricity,wind,wind_offshore,2100,0.4
Africa_Eastern,electricity,wind,wind_offshore,1975,0.48
Africa_Eastern,electricity,wind,wind_offshore,1990,0.48
Africa_Eastern,electricity,wind,wind_offshore,2005,0.48
Africa_Eastern,electricity,wind,wind_offshore,2010,0.48
Africa_Eastern,electricity,wind,wind_offshore,2015,0.48
Africa_Eastern,electricity,wind,wind_offshore,2020,0.48
Africa_Eastern,electricity,wind,wind_offshore,2025,0.48
Africa_Eastern,electricity,wind,wind_offshore,2030,0.48
Africa_Eastern,electricity,wind,wind_offshore,2035,0.48
Africa_Eastern,electricity,wind,wind_offshore,2040,0.48
Africa_Eastern,electricity,wind,wind_offshore,2045,0.48
Africa_Eastern,electricity,wind,wind_offshore,2050,0.48
Africa_Eastern,electricity,wind,wind_offshore,2055,0.48
Africa_Eastern,electricity,wind,wind_offshore,2060,0.48
Africa_Eastern,electricity,wind,wind_offshore,2065,0.48
Africa_Eastern,electricity,wind,wind_offshore,2070,0.48
Africa_Eastern,electricity,wind,wind_offshore,2075,0.48
Africa_Eastern,electricity,wind,wind_offshore,2080,0.48
Africa_Eastern,electricity,wind,wind_offshore,2085,0.48
Africa_Eastern,electricity,wind,wind_offshore,2090,0.48
Africa_Eastern,electricity,wind,wind_offshore,2095,0.48
Africa_Eastern,electricity,wind,wind_offshore,2100,0.48
Africa_Northern,electricity,wind,wind_offshore,1975,0.48
Africa_Northern,electricity,wind,wind_offshore,1990,0.48
Africa_Northern,electricity,wind,wind_offshore,2005,0.48
Africa_Northern,electricity,wind,wind_offshore,2010,0.48
Africa_Northern,electricity,wind,wind_offshore,2015,0.48
Africa_Northern,electricity,wind,wind_offshore,2020,0.48
Africa_Northern,electricity,wind,wind_offshore,2025,0.48
Africa_Northern,electricity,wind,wind_offshore,2030,0.48
Africa_Northern,electricity,wind,wind_offshore,2035,0.48
Africa_Northern,electricity,wind,wind_offshore,2040,0.48
Africa_Northern,electricity,wind,wind_offshore,2045,0.48
Africa_Northern,electricity,wind,wind_offshore,2050,0.48
Africa_Northern,electricity,wind,wind_offshore,2055,0.48
Africa_Northern,electricity,wind,wind_offshore,2060,0.48
Africa_Northern,electricity,wind,wind_offshore,2065,0.48
Africa_Northern,electricity,wind,wind_offshore,2070,0.48
Africa_Northern,electricity,wind,wind_offshore,2075,0.48
Africa_Northern,electricity,wind,wind_offshore,2080,0.48
Africa_Northern,electricity,wind,wind_offshore,2085,0.48
Africa_Northern,electricity,wind,wind_offshore,2090,0.48
Africa_Northern,electricity,wind,wind_offshore,2095,0.48
Africa_Northern,electricity,wind,wind_offshore,2100,0.48
Africa_Southern,electricity,wind,wind_offshore,1975,0.48
Africa_Southern,electricity,wind,wind_offshore,1990,0.48
Africa_Southern,electricity,wind,wind_offshore,2005,0.48
Africa_Southern,electricity,wind,wind_offshore,2010,0.48
Africa_Southern,electricity,wind,wind_offshore,2015,0.48
Africa_Southern,electricity,wind,wind_offshore,2020,0.48
Africa_Southern,electricity,wind,wind_offshore,2025,0.48
Africa_Southern,electricity,wind,wind_offshore,2030,0.48
Africa_Southern,electricity,wind,wind_offshore,2035,0.48
Africa_Southern,electricity,wind,wind_offshore,2040,0.48
Africa_Southern,electricity,wind,wind_offshore,2045,0.48
Africa_Southern,electricity,wind,wind_offshore,2050,0.48
Africa_Southern,electricity,wind,wind_offshore,2055,0.48
Africa_Southern,electricity,wind,wind_offshore,2060,0.48
Africa_Southern,electricity,wind,wind_offshore,2065,0.48
Africa_Southern,electricity,wind,wind_offshore,2070,0.48
Africa_Southern,electricity,wind,wind_offshore,2075,0.48
Africa_Southern,electricity,wind,wind_offshore,2080,0.48
Africa_Southern,electricity,wind,wind_offshore,2085,0.48
Africa_Southern,electricity,wind,wind_offshore,2090,0.48
Africa_Southern,electricity,wind,wind_offshore,2095,0.48
Africa_Southern,electricity,wind,wind_offshore,2100,0.48
Africa_Western,electricity,wind,wind_offshore,1975,0.48
Africa_Western,electricity,wind,wind_offshore,1990,0.48
Africa_Western,electricity,wind,wind_offshore,2005,0.48
Africa_Western,electricity,wind,wind_offshore,2010,0.48
Africa_Western,electricity,wind,wind_offshore,2015,0.48
Africa_Western,electricity,wind,wind_offshore,2020,0.48
Africa_Western,electricity,wind,wind_offshore,2025,0.48
Africa_Western,electricity,wind,wind_offshore,2030,0.48
Africa_Western,electricity,wind,wind_offshore,2035,0.48
Africa_Western,electricity,wind,wind_offshore,2040,0.48
Africa_Western,electricity,wind,wind_offshore,2045,0.48
Africa_Western,electricity,wind,wind_offshore,2050,0.48
Africa_Western,electricity,wind,wind_offshore,2055,0.48
Africa_Western,electricity,wind,wind_offshore,2060,0.48
Africa_Western,electricity,wind,wind_offshore,2065,0.48
Africa_Western,electricity,wind,wind_offshore,2070,0.48
Africa_Western,electricity,wind,wind_offshore,2075,0.48
Africa_Western,electricity,wind,wind_offshore,2080,0.48
Africa_Western,electricity,wind,wind_offshore,2085,0.48
Africa_Western,electricity,wind,wind_offshore,2090,0.48
Africa_Western,electricity,wind,wind_offshore,2095,0.48
Africa_Western,electricity,wind,wind_offshore,2100,0.48
Australia_NZ,electricity,wind,wind_offshore,1975,0.48
Australia_NZ,electricity,wind,wind_offshore,1990,0.48
Australia_NZ,electricity,wind,wind_offshore,2005,0.48
Australia_NZ,electricity,wind,wind_offshore,2010,0.48
Australia_NZ,electricity,wind,wind_offshore,2015,0.48
Australia_NZ,electricity,wind,wind_offshore,2020,0.48
Australia_NZ,electricity,wind,wind_offshore,2025,0.48
Australia_NZ,electricity,wind,wind_offshore,2030,0.48
Australia_NZ,electricity,wind,wind_offshore,2035,0.48
Australia_NZ,electricity,wind,wind_offshore,2040,0.48
Australia_NZ,electricity,wind,wind_offshore,2045,0.48
Australia_NZ,electricity,wind,wind_offshore,2050,0.48
Australia_NZ,electricity,wind,wind_offshore,2055,0.48
Australia_NZ,electricity,wind,wind_offshore,2060,0.48
Australia_NZ,electricity,wind,wind_offshore,2065,0.48
Australia_NZ,electricity,wind,wind_offshore,2070,0.48
Australia_NZ,electricity,wind,wind_offshore,2075,0.48
Australia_NZ,electricity,wind,wind_offshore,2080,0.48
Australia_NZ,electricity,wind,wind_offshore,2085,0.48
Australia_NZ,electricity,wind,wind_offshore,2090,0.48
Australia_NZ,electricity,wind,wind_offshore,2095,0.48
Australia_NZ,electricity,wind,wind_offshore,2100,0.48
Brazil,electricity,wind,wind_offshore,1975,0.36
Brazil,electricity,wind,wind_offshore,1990,0.36
Brazil,electricity,wind,wind_offshore,2005,0.36
Brazil,electricity,wind,wind_offshore,2010,0.36
Brazil,electricity,wind,wind_offshore,2015,0.36
Brazil,electricity,wind,wind_offshore,2020,0.36
Brazil,electricity,wind,wind_offshore,2025,0.36
Brazil,electricity,wind,wind_offshore,2030,0.36
Brazil,electricity,wind,wind_offshore,2035,0.36
Brazil,electricity,wind,wind_offshore,2040,0.36
Brazil,electricity,wind,wind_offshore,2045,0.36
Brazil,electricity,wind,wind_offshore,2050,0.36
Brazil,electricity,wind,wind_offshore,2055,0.36
Brazil,electricity,wind,wind_offshore,2060,0.36
Brazil,electricity,wind,wind_offshore,2065,0.36
Brazil,electricity,wind,wind_offshore,2070,0.36
Brazil,electricity,wind,wind_offshore,2075,0.36
Brazil,electricity,wind,wind_offshore,2080,0.36
Brazil,electricity,wind,wind_offshore,2085,0.36
Brazil,electricity,wind,wind_offshore,2090,0.36
Brazil,electricity,wind,wind_offshore,2095,0.36
Brazil,electricity,wind,wind_offshore,2100,0.36
Canada,electricity,wind,wind_offshore,1975,0.48
Canada,electricity,wind,wind_offshore,1990,0.48
Canada,electricity,wind,wind_offshore,2005,0.48
Canada,electricity,wind,wind_offshore,2010,0.48
Canada,electricity,wind,wind_offshore,2015,0.48
Canada,electricity,wind,wind_offshore,2020,0.48
Canada,electricity,wind,wind_offshore,2025,0.48
Canada,electricity,wind,wind_offshore,2030,0.48
Canada,electricity,wind,wind_offshore,2035,0.48
Canada,electricity,wind,wind_offshore,2040,0.48
Canada,electricity,wind,wind_offshore,2045,0.48
Canada,electricity,wind,wind_offshore,2050,0.48
Canada,electricity,wind,wind_offshore,2055,0.48
Canada,electricity,wind,wind_offshore,2060,0.48
Canada,electricity,wind,wind_offshore,2065,0.48
Canada,electricity,wind,wind_offshore,2070,0.48
Canada,electricity,wind,wind_offshore,2075,0.48
Canada,electricity,wind,wind_offshore,2080,0.48
Canada,electricity,wind,wind_offshore,2085,0.48
Canada,electricity,wind,wind_offshore,2090,0.48
Canada,electricity,wind,wind_offshore,2095,0.48
Canada,electricity,wind,wind_offshore,2100,0.48
Central America and Caribbean,electricity,wind,wind_offshore,1975,0.44
Central America and Caribbean,electricity,wind,wind_offshore,1990,0.44
Central America and Caribbean,electricity,wind,wind_offshore,2005,0.44
Central America and Caribbean,electricity,wind,wind_offshore,2010,0.44
Central America and Caribbean,electricity,wind,wind_offshore,2015,0.44
Central America and Caribbean,electricity,wind,wind_offshore,2020,0.44
Central America and Caribbean,electricity,wind,wind_offshore,2025,0.44
Central America and Caribbean,electricity,wind,wind_offshore,2030,0.44
Central America and Caribbean,electricity,wind,wind_offshore,2035,0.44
Central America and Caribbean,electricity,wind,wind_offshore,2040,0.44
Central America and Caribbean,electricity,wind,wind_offshore,2045,0.44
Central America and Caribbean,electricity,wind,wind_offshore,2050,0.44
Central America and Caribbean,electricity,wind,wind_offshore,2055,0.44
Central America and Caribbean,electricity,wind,wind_offshore,2060,0.44
Central America and Caribbean,electricity,wind,wind_offshore,2065,0.44
Central America and Caribbean,electricity,wind,wind_offshore,2070,0.44
Central America and Caribbean,electricity,wind,wind_offshore,2075,0.44
Central America and Caribbean,electricity,wind,wind_offshore,2080,0.44
Central America and Caribbean,electricity,wind,wind_offshore,2085,0.44
Central America and Caribbean,electricity,wind,wind_offshore,2090,0.44
Central America and Caribbean,electricity,wind,wind_offshore,2095,0.44
Central America and Caribbean,electricity,wind,wind_offshore,2100,0.44
Central Asia,electricity,wind,wind_offshore,1975,0.09
Central Asia,electricity,wind,wind_offshore,1990,0.09
Central Asia,electricity,wind,wind_offshore,2005,0.09
Central Asia,electricity,wind,wind_offshore,2010,0.09
Central Asia,electricity,wind,wind_offshore,2015,0.09
Central Asia,electricity,wind,wind_offshore,2020,0.09
Central Asia,electricity,wind,wind_offshore,2025,0.09
Central Asia,electricity,wind,wind_offshore,2030,0.09
Central Asia,electricity,wind,wind_offshore,2035,0.09
Central Asia,electricity,wind,wind_offshore,2040,0.09
Central Asia,electricity,wind,wind_offshore,2045,0.09
Central Asia,electricity,wind,wind_offshore,2050,0.09
Central Asia,electricity,wind,wind_offshore,2055,0.09
Central Asia,electricity,wind,wind_offshore,2060,0.09
Central Asia,electricity,wind,wind_offshore,2065,0.09
Central Asia,electricity,wind,wind_offshore,2070,0.09
Central Asia,electricity,wind,wind_offshore,2075,0.09
Central Asia,electricity,wind,wind_offshore,2080,0.09
Central Asia,electricity,wind,wind_offshore,2085,0.09
Central Asia,electricity,wind,wind_offshore,2090,0.09
Central Asia,electricity,wind,wind_offshore,2095,0.09
Central Asia,electricity,wind,wind_offshore,2100,0.09
China,electricity,wind,wind_offshore,1975,0.4
China,electricity,wind,wind_offshore,1990,0.4
China,electricity,wind,wind_offshore,2005,0.4
China,electricity,wind,wind_offshore,2010,0.4
China,electricity,wind,wind_offshore,2015,0.4
China,electricity,wind,wind_offshore,2020,0.4
China,electricity,wind,wind_offshore,2025,0.4
China,electricity,wind,wind_offshore,2030,0.4
China,electricity,wind,wind_offshore,2035,0.4
China,electricity,wind,wind_offshore,2040,0.4
China,electricity,wind,wind_offshore,2045,0.4
China,electricity,wind,wind_offshore,2050,0.4
China,electricity,wind,wind_offshore,2055,0.4
China,electricity,wind,wind_offshore,2060,0.4
China,electricity,wind,wind_offshore,2065,0.4
China,electricity,wind,wind_offshore,2070,0.4
China,electricity,wind,wind_offshore,2075,0.4
China,electricity,wind,wind_offshore,2080,0.4
China,electricity,wind,wind_offshore,2085,0.4
China,electricity,wind,wind_offshore,2090,0.4
China,electricity,wind,wind_offshore,2095,0.4
China,electricity,wind,wind_offshore,2100,0.4
India,electricity,wind,wind_offshore,1975,0.36
India,electricity,wind,wind_offshore,1990,0.36
India,electricity,wind,wind_offshore,2005,0.36
India,electricity,wind,wind_offshore,2010,0.36
India,electricity,wind,wind_offshore,2015,0.36
India,electricity,wind,wind_offshore,2020,0.36
India,electricity,wind,wind_offshore,2025,0.36
India,electricity,wind,wind_offshore,2030,0.36
India,electricity,wind,wind_offshore,2035,0.36
India,electricity,wind,wind_offshore,2040,0.36
India,electricity,wind,wind_offshore,2045,0.36
India,electricity,wind,wind_offshore,2050,0.36
India,electricity,wind,wind_offshore,2055,0.36
India,electricity,wind,wind_offshore,2060,0.36
India,electricity,wind,wind_offshore,2065,0.36
India,electricity,wind,wind_offshore,2070,0.36
India,electricity,wind,wind_offshore,2075,0.36
India,electricity,wind,wind_offshore,2080,0.36
India,electricity,wind,wind_offshore,2085,0.36
India,electricity,wind,wind_offshore,2090,0.36
India,electricity,wind,wind_offshore,2095,0.36
India,electricity,wind,wind_offshore,2100,0.36
Indonesia,electricity,wind,wind_offshore,1975,0.32
Indonesia,electricity,wind,wind_offshore,1990,0.32
Indonesia,electricity,wind,wind_offshore,2005,0.32
Indonesia,electricity,wind,wind_offshore,2010,0.32
Indonesia,electricity,wind,wind_offshore,2015,0.32
Indonesia,electricity,wind,wind_offshore,2020,0.32
Indonesia,electricity,wind,wind_offshore,2025,0.32
Indonesia,electricity,wind,wind_offshore,2030,0.32
Indonesia,electricity,wind,wind_offshore,2035,0.32
Indonesia,electricity,wind,wind_offshore,2040,0.32
Indonesia,electricity,wind,wind_offshore,2045,0.32
Indonesia,electricity,wind,wind_offshore,2050,0.32
Indonesia,electricity,wind,wind_offshore,2055,0.32
Indonesia,electricity,wind,wind_offshore,2060,0.32
Indonesia,electricity,wind,wind_offshore,2065,0.32
Indonesia,electricity,wind,wind_offshore,2070,0.32
Indonesia,electricity,wind,wind_offshore,2075,0.32
Indonesia,electricity,wind,wind_offshore,2080,0.32
Indonesia,electricity,wind,wind_offshore,2085,0.32
Indonesia,electricity,wind,wind_offshore,2090,0.32
Indonesia,electricity,wind,wind_offshore,2095,0.32
Indonesia,electricity,wind,wind_offshore,2100,0.32
Japan,electricity,wind,wind_offshore,1975,0.36
Japan,electricity,wind,wind_offshore,1990,0.36
Japan,electricity,wind,wind_offshore,2005,0.36
Japan,electricity,wind,wind_offshore,2010,0.36
Japan,electricity,wind,wind_offshore,2015,0.36
Japan,electricity,wind,wind_offshore,2020,0.36
Japan,electricity,wind,wind_offshore,2025,0.36
Japan,electricity,wind,wind_offshore,2030,0.36
Japan,electricity,wind,wind_offshore,2035,0.36
Japan,electricity,wind,wind_offshore,2040,0.36
Japan,electricity,wind,wind_offshore,2045,0.36
Japan,electricity,wind,wind_offshore,2050,0.36
Japan,electricity,wind,wind_offshore,2055,0.36
Japan,electricity,wind,wind_offshore,2060,0.36
Japan,electricity,wind,wind_offshore,2065,0.36
Japan,electricity,wind,wind_offshore,2070,0.36
Japan,electricity,wind,wind_offshore,2075,0.36
Japan,electricity,wind,wind_offshore,2080,0.36
Japan,electricity,wind,wind_offshore,2085,0.36
Japan,electricity,wind,wind_offshore,2090,0.36
Japan,electricity,wind,wind_offshore,2095,0.36
Japan,electricity,wind,wind_offshore,2100,0.36
Mexico,electricity,wind,wind_offshore,1975,0.48
Mexico,electricity,wind,wind_offshore,1990,0.48
Mexico,electricity,wind,wind_offshore,2005,0.48
Mexico,electricity,wind,wind_offshore,2010,0.48
Mexico,electricity,wind,wind_offshore,2015,0.48
Mexico,electricity,wind,wind_offshore,2020,0.48
Mexico,electricity,wind,wind_offshore,2025,0.48
Mexico,electricity,wind,wind_offshore,2030,0.48
Mexico,electricity,wind,wind_offshore,2035,0.48
Mexico,electricity,wind,wind_offshore,2040,0.48
Mexico,electricity,wind,wind_offshore,2045,0.48
Mexico,electricity,wind,wind_offshore,2050,0.48
Mexico,electricity,wind,wind_offshore,2055,0.48
Mexico,electricity,wind,wind_offshore,2060,0.48
Mexico,electricity,wind,wind_offshore,2065,0.48
Mexico,electricity,wind,wind_offshore,2070,0.48
Mexico,electricity,wind,wind_offshore,2075,0.48
Mexico,electricity,wind,wind_offshore,2080,0.48
Mexico,electricity,wind,wind_offshore,2085,0.48
Mexico,electricity,wind,wind_offshore,2090,0.48
Mexico,electricity,wind,wind_offshore,2095,0.48
Mexico,electricity,wind,wind_offshore,2100,0.48
Middle East,electricity,wind,wind_offshore,1975,0.4
Middle East,electricity,wind,wind_offshore,1990,0.4
Middle East,electricity,wind,wind_offshore,2005,0.4
Middle East,electricity,wind,wind_offshore,2010,0.4
Middle East,electricity,wind,wind_offshore,2015,0.4
Middle East,electricity,wind,wind_offshore,2020,0.4
Middle East,electricity,wind,wind_offshore,2025,0.4
Middle East,electricity,wind,wind_offshore,2030,0.4
Middle East,electricity,wind,wind_offshore,2035,0.4
Middle East,electricity,wind,wind_offshore,2040,0.4
Middle East,electricity,wind,wind_offshore,2045,0.4
Middle East,electricity,wind,wind_offshore,2050,0.4
Middle East,electricity,wind,wind_offshore,2055,0.4
Middle East,electricity,wind,wind_offshore,2060,0.4
Middle East,electricity,wind,wind_offshore,2065,0.4
Middle East,electricity,wind,wind_offshore,2070,0.4
Middle East,electricity,wind,wind_offshore,2075,0.4
Middle East,electricity,wind,wind_offshore,2080,0.4
Middle East,electricity,wind,wind_offshore,2085,0.4
Middle East,electricity,wind,wind_offshore,2090,0.4
Middle East,electricity,wind,wind_offshore,2095,0.4
Middle East,electricity,wind,wind_offshore,2100,0.4
Pakistan,electricity,wind,wind_offshore,1975,0.28
Pakistan,electricity,wind,wind_offshore,1990,0.28
Pakistan,electricity,wind,wind_offshore,2005,0.28
Pakistan,electricity,wind,wind_offshore,2010,0.28
Pakistan,electricity,wind,wind_offshore,2015,0.28
Pakistan,electricity,wind,wind_offshore,2020,0.28
Pakistan,electricity,wind,wind_offshore,2025,0.28
Pakistan,electricity,wind,wind_offshore,2030,0.28
Pakistan,electricity,wind,wind_offshore,2035,0.28
Pakistan,electricity,wind,wind_offshore,2040,0.28
Pakistan,electricity,wind,wind_offshore,2045,0.28
Pakistan,electricity,wind,wind_offshore,2050,0.28
Pakistan,electricity,wind,wind_offshore,2055,0.28
Pakistan,electricity,wind,wind_offshore,2060,0.28
Pakistan,electricity,wind,wind_offshore,2065,0.28
Pakistan,electricity,wind,wind_offshore,2070,0.28
Pakistan,electricity,wind,wind_offshore,2075,0.28
Pakistan,electricity,wind,wind_offshore,2080,0.28
Pakistan,electricity,wind,wind_offshore,2085,0.28
Pakistan,electricity,wind,wind_offshore,2090,0.28
Pakistan,electricity,wind,wind_offshore,2095,0.28
Pakistan,electricity,wind,wind_offshore,2100,0.28
Russia,electricity,wind,wind_offshore,1975,0.44
Russia,electricity,wind,wind_offshore,1990,0.44
Russia,electricity,wind,wind_offshore,2005,0.44
Russia,electricity,wind,wind_offshore,2010,0.44
Russia,electricity,wind,wind_offshore,2015,0.44
Russia,electricity,wind,wind_offshore,2020,0.44
Russia,electricity,wind,wind_offshore,2025,0.44
Russia,electricity,wind,wind_offshore,2030,0.44
Russia,electricity,wind,wind_offshore,2035,0.44
Russia,electricity,wind,wind_offshore,2040,0.44
Russia,electricity,wind,wind_offshore,2045,0.44
Russia,electricity,wind,wind_offshore,2050,0.44
Russia,electricity,wind,wind_offshore,2055,0.44
Russia,electricity,wind,wind_offshore,2060,0.44
Russia,electricity,wind,wind_offshore,2065,0.44
Russia,electricity,wind,wind_offshore,2070,0.44
Russia,electricity,wind,wind_offshore,2075,0.44
Russia,electricity,wind,wind_offshore,2080,0.44
Russia,electricity,wind,wind_offshore,2085,0.44
Russia,electricity,wind,wind_offshore,2090,0.44
Russia,electricity,wind,wind_offshore,2095,0.44
Russia,electricity,wind,wind_offshore,2100,0.44
South Africa,electricity,wind,wind_offshore,1975,0.36
South Africa,electricity,wind,wind_offshore,1990,0.36
South Africa,electricity,wind,wind_offshore,2005,0.36
South Africa,electricity,wind,wind_offshore,2010,0.36
South Africa,electricity,wind,wind_offshore,2015,0.36
South Africa,electricity,wind,wind_offshore,2020,0.36
South Africa,electricity,wind,wind_offshore,2025,0.36
South Africa,electricity,wind,wind_offshore,2030,0.36
South Africa,electricity,wind,wind_offshore,2035,0.36
South Africa,electricity,wind,wind_offshore,2040,0.36
South Africa,electricity,wind,wind_offshore,2045,0.36
South Africa,electricity,wind,wind_offshore,2050,0.36
South Africa,electricity,wind,wind_offshore,2055,0.36
South Africa,electricity,wind,wind_offshore,2060,0.36
South Africa,electricity,wind,wind_offshore,2065,0.36
South Africa,electricity,wind,wind_offshore,2070,0.36
South Africa,electricity,wind,wind_offshore,2075,0.36
South Africa,electricity,wind,wind_offshore,2080,0.36
South Africa,electricity,wind,wind_offshore,2085,0.36
South Africa,electricity,wind,wind_offshore,2090,0.36
South Africa,electricity,wind,wind_offshore,2095,0.36
South Africa,electricity,wind,wind_offshore,2100,0.36
South America_Northern,electricity,wind,wind_offshore,1975,0.44
South America_Northern,electricity,wind,wind_offshore,1990,0.44
South America_Northern,electricity,wind,wind_offshore,2005,0.44
South America_Northern,electricity,wind,wind_offshore,2010,0.44
South America_Northern,electricity,wind,wind_offshore,2015,0.44
South America_Northern,electricity,wind,wind_offshore,2020,0.44
South America_Northern,electricity,wind,wind_offshore,2025,0.44
South America_Northern,electricity,wind,wind_offshore,2030,0.44
South America_Northern,electricity,wind,wind_offshore,2035,0.44
South America_Northern,electricity,wind,wind_offshore,2040,0.44
South America_Northern,electricity,wind,wind_offshore,2045,0.44
South America_Northern,electricity,wind,wind_offshore,2050,0.44
South America_Northern,electricity,wind,wind_offshore,2055,0.44
South America_Northern,electricity,wind,wind_offshore,2060,0.44
South America_Northern,electricity,wind,wind_offshore,2065,0.44
South America_Northern,electricity,wind,wind_offshore,2070,0.44
South America_Northern,electricity,wind,wind_offshore,2075,0.44
South America_Northern,electricity,wind,wind_offshore,2080,0.44
South America_Northern,electricity,wind,wind_offshore,2085,0.44
South America_Northern,electricity,wind,wind_offshore,2090,0.44
South America_Northern,electricity,wind,wind_offshore,2095,0.44
South America_Northern,electricity,wind,wind_offshore,2100,0.44
South America_Southern,electricity,wind,wind_offshore,1975,0.48
South America_Southern,electricity,wind,wind_offshore,1990,0.48
South America_Southern,electricity,wind,wind_offshore,2005,0.48
South America_Southern,electricity,wind,wind_offshore,2010,0.48
South America_Southern,electricity,wind,wind_offshore,2015,0.48
South America_Southern,electricity,wind,wind_offshore,2020,0.48
South America_Southern,electricity,wind,wind_offshore,2025,0.48
South America_Southern,electricity,wind,wind_offshore,2030,0.48
South America_Southern,electricity,wind,wind_offshore,2035,0.48
South America_Southern,electricity,wind,wind_offshore,2040,0.48
South America_Southern,electricity,wind,wind_offshore,2045,0.48
South America_Southern,electricity,wind,wind_offshore,2050,0.48
South America_Southern,electricity,wind,wind_offshore,2055,0.48
South America_Southern,electricity,wind,wind_offshore,2060,0.48
South America_Southern,electricity,wind,wind_offshore,2065,0.48
South America_Southern,electricity,wind,wind_offshore,2070,0.48
South America_Southern,electricity,wind,wind_offshore,2075,0.48
South America_Southern,electricity,wind,wind_offshore,2080,0.48
South America_Southern,electricity,wind,wind_offshore,2085,0.48
South America_Southern,electricity,wind,wind_offshore,2090,0.48
South America_Southern,electricity,wind,wind_offshore,2095,0.48
South America_Southern,electricity,wind,wind_offshore,2100,0.48
South Asia,electricity,wind,wind_offshore,1975,0.36
South Asia,electricity,wind,wind_offshore,1990,0.36
South Asia,electricity,wind,wind_offshore,2005,0.36
South Asia,electricity,wind,wind_offshore,2010,0.36
South Asia,electricity,wind,wind_offshore,2015,0.36
South Asia,electricity,wind,wind_offshore,2020,0.36
South Asia,electricity,wind,wind_offshore,2025,0.36
South Asia,electricity,wind,wind_offshore,2030,0.36
South Asia,electricity,wind,wind_offshore,2035,0.36
South Asia,electricity,wind,wind_offshore,2040,0.36
South Asia,electricity,wind,wind_offshore,2045,0.36
South Asia,electricity,wind,wind_offshore,2050,0.36
South Asia,electricity,wind,wind_offshore,2055,0.36
South Asia,electricity,wind,wind_offshore,2060,0.36
South Asia,electricity,wind,wind_offshore,2065,0.36
South Asia,electricity,wind,wind_offshore,2070,0.36
South Asia,electricity,wind,wind_offshore,2075,0.36
South Asia,electricity,wind,wind_offshore,2080,0.36
South Asia,electricity,wind,wind_offshore,2085,0.36
South Asia,electricity,wind,wind_offshore,2090,0.36
South Asia,electricity,wind,wind_offshore,2095,0.36
South Asia,electricity,wind,wind_offshore,2100,0.36
South Korea,electricity,wind,wind_offshore,1975,0.32
South Korea,electricity,wind,wind_offshore,1990,0.32
South Korea,electricity,wind,wind_offshore,2005,0.32
South Korea,electricity,wind,wind_offshore,2010,0.32
South Korea,electricity,wind,wind_offshore,2015,0.32
South Korea,electricity,wind,wind_offshore,2020,0.32
South Korea,electricity,wind,wind_offshore,2025,0.32
South Korea,electricity,wind,wind_offshore,2030,0.32
South Korea,electricity,wind,wind_offshore,2035,0.32
South Korea,electricity,wind,wind_offshore,2040,0.32
South Korea,electricity,wind,wind_offshore,2045,0.32
South Korea,electricity,wind,wind_offshore,2050,0.32
South Korea,electricity,wind,wind_offshore,2055,0.32
South Korea,electricity,wind,wind_offshore,2060,0.32
South Korea,electricity,wind,wind_offshore,2065,0.32
South Korea,electricity,wind,wind_offshore,2070,0.32
South Korea,electricity,wind,wind_offshore,2075,0.32
South Korea,electricity,wind,wind_offshore,2080,0.32
South Korea,electricity,wind,wind_offshore,2085,0.32
South Korea,electricity,wind,wind_offshore,2090,0.32
South Korea,electricity,wind,wind_offshore,2095,0.32
South Korea,electricity,wind,wind_offshore,2100,0.32
Southeast Asia,electricity,wind,wind_offshore,1975,0.44
Southeast Asia,electricity,wind,wind_offshore,1990,0.44
Southeast Asia,electricity,wind,wind_offshore,2005,0.44
Southeast Asia,electricity,wind,wind_offshore,2010,0.44
Southeast Asia,electricity,wind,wind_offshore,2015,0.44
Southeast Asia,electricity,wind,wind_offshore,2020,0.44
Southeast Asia,electricity,wind,wind_offshore,2025,0.44
Southeast Asia,electricity,wind,wind_offshore,2030,0.44
Southeast Asia,electricity,wind,wind_offshore,2035,0.44
Southeast Asia,electricity,wind,wind_offshore,2040,0.44
Southeast Asia,electricity,wind,wind_offshore,2045,0.44
Southeast Asia,electricity,wind,wind_offshore,2050,0.44
Southeast Asia,electricity,wind,wind_offshore,2055,0.44
Southeast Asia,electricity,wind,wind_offshore,2060,0.44
Southeast Asia,electricity,wind,wind_offshore,2065,0.44
Southeast Asia,electricity,wind,wind_offshore,2070,0.44
Southeast Asia,electricity,wind,wind_offshore,2075,0.44
Southeast Asia,electricity,wind,wind_offshore,2080,0.44
Southeast Asia,electricity,wind,wind_offshore,2085,0.44
Southeast Asia,electricity,wind,wind_offshore,2090,0.44
Southeast Asia,electricity,wind,wind_offshore,2095,0.44
Southeast Asia,electricity,wind,wind_offshore,2100,0.44
Taiwan,electricity,wind,wind_offshore,1975,0.4
Taiwan,electricity,wind,wind_offshore,1990,0.4
Taiwan,electricity,wind,wind_offshore,2005,0.4
Taiwan,electricity,wind,wind_offshore,2010,0.4
Taiwan,electricity,wind,wind_offshore,2015,0.4
Taiwan,electricity,wind,wind_offshore,2020,0.4
Taiwan,electricity,wind,wind_offshore,2025,0.4
Taiwan,electricity,wind,wind_offshore,2030,0.4
Taiwan,electricity,wind,wind_offshore,2035,0.4
Taiwan,electricity,wind,wind_offshore,2040,0.4
Taiwan,electricity,wind,wind_offshore,2045,0.4
Taiwan,electricity,wind,wind_offshore,2050,0.4
Taiwan,electricity,wind,wind_offshore,2055,0.4
Taiwan,electricity,wind,wind_offshore,2060,0.4
Taiwan,electricity,wind,wind_offshore,2065,0.4
Taiwan,electricity,wind,wind_offshore,2070,0.4
Taiwan,electricity,wind,wind_offshore,2075,0.4
Taiwan,electricity,wind,wind_offshore,2080,0.4
Taiwan,electricity,wind,wind_offshore,2085,0.4
Taiwan,electricity,wind,wind_offshore,2090,0.4
Taiwan,electricity,wind,wind_offshore,2095,0.4
Taiwan,electricity,wind,wind_offshore,2100,0.4
Argentina,electricity,wind,wind_offshore,1975,0.48
Argentina,electricity,wind,wind_offshore,1990,0.48
Argentina,electricity,wind,wind_offshore,2005,0.48
Argentina,electricity,wind,wind_offshore,2010,0.48
Argentina,electricity,wind,wind_offshore,2015,0.48
Argentina,electricity,wind,wind_offshore,2020,0.48
Argentina,electricity,wind,wind_offshore,2025,0.48
Argentina,electricity,wind,wind_offshore,2030,0.48
Argentina,electricity,wind,wind_offshore,2035,0.48
Argentina,electricity,wind,wind_offshore,2040,0.48
Argentina,electricity,wind,wind_offshore,2045,0.48
Argentina,electricity,wind,wind_offshore,2050,0.48
Argentina,electricity,wind,wind_offshore,2055,0.48
Argentina,electricity,wind,wind_offshore,2060,0.48
Argentina,electricity,wind,wind_offshore,2065,0.48
Argentina,electricity,wind,wind_offshore,2070,0.48
Argentina,electricity,wind,wind_offshore,2075,0.48
Argentina,electricity,wind,wind_offshore,2080,0.48
Argentina,electricity,wind,wind_offshore,2085,0.48
Argentina,electricity,wind,wind_offshore,2090,0.48
Argentina,electricity,wind,wind_offshore,2095,0.48
Argentina,electricity,wind,wind_offshore,2100,0.48
Colombia,electricity,wind,wind_offshore,1975,0.48
Colombia,electricity,wind,wind_offshore,1990,0.48
Colombia,electricity,wind,wind_offshore,2005,0.48
Colombia,electricity,wind,wind_offshore,2010,0.48
Colombia,electricity,wind,wind_offshore,2015,0.48
Colombia,electricity,wind,wind_offshore,2020,0.48
Colombia,electricity,wind,wind_offshore,2025,0.48
Colombia,electricity,wind,wind_offshore,2030,0.48
Colombia,electricity,wind,wind_offshore,2035,0.48
Colombia,electricity,wind,wind_offshore,2040,0.48
Colombia,electricity,wind,wind_offshore,2045,0.48
Colombia,electricity,wind,wind_offshore,2050,0.48
Colombia,electricity,wind,wind_offshore,2055,0.48
Colombia,electricity,wind,wind_offshore,2060,0.48
Colombia,electricity,wind,wind_offshore,2065,0.48
Colombia,electricity,wind,wind_offshore,2070,0.48
Colombia,electricity,wind,wind_offshore,2075,0.48
Colombia,electricity,wind,wind_offshore,2080,0.48
Colombia,electricity,wind,wind_offshore,2085,0.48
Colombia,electricity,wind,wind_offshore,2090,0.48
Colombia,electricity,wind,wind_offshore,2095,0.48
Colombia,electricity,wind,wind_offshore,2100,0.48
Belgium,electricity,wind,wind_offshore,1975,0.36
Belgium,electricity,wind,wind_offshore,1990,0.36
Belgium,electricity,wind,wind_offshore,2005,0.36
Belgium,electricity,wind,wind_offshore,2010,0.36
Belgium,electricity,wind,wind_offshore,2015,0.36
Belgium,electricity,wind,wind_offshore,2020,0.36
Belgium,electricity,wind,wind_offshore,2025,0.36
Belgium,electricity,wind,wind_offshore,2030,0.36
Belgium,electricity,wind,wind_offshore,2035,0.36
Belgium,electricity,wind,wind_offshore,2040,0.36
Belgium,electricity,wind,wind_offshore,2045,0.36
Belgium,electricity,wind,wind_offshore,2050,0.36
Belgium,electricity,wind,wind_offshore,2055,0.36
Belgium,electricity,wind,wind_offshore,2060,0.36
Belgium,electricity,wind,wind_offshore,2065,0.36
Belgium,electricity,wind,wind_offshore,2070,0.36
Belgium,electricity,wind,wind_offshore,2075,0.36
Belgium,electricity,wind,wind_offshore,2080,0.36
Belgium,electricity,wind,wind_offshore,2085,0.36
Belgium,electricity,wind,wind_offshore,2090,0.36
Belgium,electricity,wind,wind_offshore,2095,0.36
Belgium,electricity,wind,wind_offshore,2100,0.36
Bulgaria,electricity,wind,wind_offshore,1975,0.24
Bulgaria,electricity,wind,wind_offshore,1990,0.24
Bulgaria,electricity,wind,wind_offshore,2005,0.24
Bulgaria,electricity,wind,wind_offshore,2010,0.24
Bulgaria,electricity,wind,wind_offshore,2015,0.24
Bulgaria,electricity,wind,wind_offshore,2020,0.24
Bulgaria,electricity,wind,wind_offshore,2025,0.24
Bulgaria,electricity,wind,wind_offshore,2030,0.24
Bulgaria,electricity,wind,wind_offshore,2035,0.24
Bulgaria,electricity,wind,wind_offshore,2040,0.24
Bulgaria,electricity,wind,wind_offshore,2045,0.24
Bulgaria,electricity,wind,wind_offshore,2050,0.24
Bulgaria,electricity,wind,wind_offshore,2055,0.24
Bulgaria,electricity,wind,wind_offshore,2060,0.24
Bulgaria,electricity,wind,wind_offshore,2065,0.24
Bulgaria,electricity,wind,wind_offshore,2070,0.24
Bulgaria,electricity,wind,wind_offshore,2075,0.24
Bulgaria,electricity,wind,wind_offshore,2080,0.24
Bulgaria,electricity,wind,wind_offshore,2085,0.24
Bulgaria,electricity,wind,wind_offshore,2090,0.24
Bulgaria,electricity,wind,wind_offshore,2095,0.24
Bulgaria,electricity,wind,wind_offshore,2100,0.24
Croatia,electricity,wind,wind_offshore,1975,0.24
Croatia,electricity,wind,wind_offshore,1990,0.24
Croatia,electricity,wind,wind_offshore,2005,0.24
Croatia,electricity,wind,wind_offshore,2010,0.24
Croatia,electricity,wind,wind_offshore,2015,0.24
Croatia,electricity,wind,wind_offshore,2020,0.24
Croatia,electricity,wind,wind_offshore,2025,0.24
Croatia,electricity,wind,wind_offshore,2030,0.24
Croatia,electricity,wind,wind_offshore,2035,0.24
Croatia,electricity,wind,wind_offshore,2040,0.24
Croatia,electricity,wind,wind_offshore,2045,0.24
Croatia,electricity,wind,wind_offshore,2050,0.24
Croatia,electricity,wind,wind_offshore,2055,0.24
Croatia,electricity,wind,wind_offshore,2060,0.24
Croatia,electricity,wind,wind_offshore,2065,0.24
Croatia,electricity,wind,wind_offshore,2070,0.24
Croatia,electricity,wind,wind_offshore,2075,0.24
Croatia,electricity,wind,wind_offshore,2080,0.24
Croatia,electricity,wind,wind_offshore,2085,0.24
Croatia,electricity,wind,wind_offshore,2090,0.24
Croatia,electricity,wind,wind_offshore,2095,0.24
Croatia,electricity,wind,wind_offshore,2100,0.24
Cyprus,electricity,wind,wind_offshore,1975,0.2
Cyprus,electricity,wind,wind_offshore,1990,0.2
Cyprus,electricity,wind,wind_offshore,2005,0.2
Cyprus,electricity,wind,wind_offshore,2010,0.2
Cyprus,electricity,wind,wind_offshore,2015,0.2
Cyprus,electricity,wind,wind_offshore,2020,0.2
Cyprus,electricity,wind,wind_offshore,2025,0.2
Cyprus,electricity,wind,wind_offshore,2030,0.2
Cyprus,electricity,wind,wind_offshore,2035,0.2
Cyprus,electricity,wind,wind_offshore,2040,0.2
Cyprus,electricity,wind,wind_offshore,2045,0.2
Cyprus,electricity,wind,wind_offshore,2050,0.2
Cyprus,electricity,wind,wind_offshore,2055,0.2
Cyprus,electricity,wind,wind_offshore,2060,0.2
Cyprus,electricity,wind,wind_offshore,2065,0.2
Cyprus,electricity,wind,wind_offshore,2070,0.2
Cyprus,electricity,wind,wind_offshore,2075,0.2
Cyprus,electricity,wind,wind_offshore,2080,0.2
Cyprus,electricity,wind,wind_offshore,2085,0.2
Cyprus,electricity,wind,wind_offshore,2090,0.2
Cyprus,electricity,wind,wind_offshore,2095,0.2
Cyprus,electricity,wind,wind_offshore,2100,0.2
Denmark,electricity,wind,wind_offshore,1975,0.4
Denmark,electricity,wind,wind_offshore,1990,0.4
Denmark,electricity,wind,wind_offshore,2005,0.4
Denmark,electricity,wind,wind_offshore,2010,0.4
Denmark,electricity,wind,wind_offshore,2015,0.4
Denmark,electricity,wind,wind_offshore,2020,0.4
Denmark,electricity,wind,wind_offshore,2025,0.4
Denmark,electricity,wind,wind_offshore,2030,0.4
Denmark,electricity,wind,wind_offshore,2035,0.4
Denmark,electricity,wind,wind_offshore,2040,0.4
Denmark,electricity,wind,wind_offshore,2045,0.4
Denmark,electricity,wind,wind_offshore,2050,0.4
Denmark,electricity,wind,wind_offshore,2055,0.4
Denmark,electricity,wind,wind_offshore,2060,0.4
Denmark,electricity,wind,wind_offshore,2065,0.4
Denmark,electricity,wind,wind_offshore,2070,0.4
Denmark,electricity,wind,wind_offshore,2075,0.4
Denmark,electricity,wind,wind_offshore,2080,0.4
Denmark,electricity,wind,wind_offshore,2085,0.4
Denmark,electricity,wind,wind_offshore,2090,0.4
Denmark,electricity,wind,wind_offshore,2095,0.4
Denmark,electricity,wind,wind_offshore,2100,0.4
Estonia,electricity,wind,wind_offshore,1975,0.36
Estonia,electricity,wind,wind_offshore,1990,0.36
Estonia,electricity,wind,wind_offshore,2005,0.36
Estonia,electricity,wind,wind_offshore,2010,0.36
Estonia,electricity,wind,wind_offshore,2015,0.36
Estonia,electricity,wind,wind_offshore,2020,0.36
Estonia,electricity,wind,wind_offshore,2025,0.36
Estonia,electricity,wind,wind_offshore,2030,0.36
Estonia,electricity,wind,wind_offshore,2035,0.36
Estonia,electricity,wind,wind_offshore,2040,0.36
Estonia,electricity,wind,wind_offshore,2045,0.36
Estonia,electricity,wind,wind_offshore,2050,0.36
Estonia,electricity,wind,wind_offshore,2055,0.36
Estonia,electricity,wind,wind_offshore,2060,0.36
Estonia,electricity,wind,wind_offshore,2065,0.36
Estonia,electricity,wind,wind_offshore,2070,0.36
Estonia,electricity,wind,wind_offshore,2075,0.36
Estonia,electricity,wind,wind_offshore,2080,0.36
Estonia,electricity,wind,wind_offshore,2085,0.36
Estonia,electricity,wind,wind_offshore,2090,0.36
Estonia,electricity,wind,wind_offshore,2095,0.36
Estonia,electricity,wind,wind_offshore,2100,0.36
Finland,electricity,wind,wind_offshore,1975,0.36
Finland,electricity,wind,wind_offshore,1990,0.36
Finland,electricity,wind,wind_offshore,2005,0.36
Finland,electricity,wind,wind_offshore,2010,0.36
Finland,electricity,wind,wind_offshore,2015,0.36
Finland,electricity,wind,wind_offshore,2020,0.36
Finland,electricity,wind,wind_offshore,2025,0.36
Finland,electricity,wind,wind_offshore,2030,0.36
Finland,electricity,wind,wind_offshore,2035,0.36
Finland,electricity,wind,wind_offshore,2040,0.36
Finland,electricity,wind,wind_offshore,2045,0.36
Finland,electricity,wind,wind_offshore,2050,0.36
Finland,electricity,wind,wind_offshore,2055,0.36
Finland,electricity,wind,wind_offshore,2060,0.36
Finland,electricity,wind,wind_offshore,2065,0.36
Finland,electricity,wind,wind_offshore,2070,0.36
Finland,electricity,wind,wind_offshore,2075,0.36
Finland,electricity,wind,wind_offshore,2080,0.36
Finland,electricity,wind,wind_offshore,2085,0.36
Finland,electricity,wind,wind_offshore,2090,0.36
Finland,electricity,wind,wind_offshore,2095,0.36
Finland,electricity,wind,wind_offshore,2100,0.36
France,electricity,wind,wind_offshore,1975,0.36
France,electricity,wind,wind_offshore,1990,0.36
France,electricity,wind,wind_offshore,2005,0.36
France,electricity,wind,wind_offshore,2010,0.36
France,electricity,wind,wind_offshore,2015,0.36
France,electricity,wind,wind_offshore,2020,0.36
France,electricity,wind,wind_offshore,2025,0.36
France,electricity,wind,wind_offshore,2030,0.36
France,electricity,wind,wind_offshore,2035,0.36
France,electricity,wind,wind_offshore,2040,0.36
France,electricity,wind,wind_offshore,2045,0.36
France,electricity,wind,wind_offshore,2050,0.36
France,electricity,wind,wind_offshore,2055,0.36
France,electricity,wind,wind_offshore,2060,0.36
France,electricity,wind,wind_offshore,2065,0.36
France,electricity,wind,wind_offshore,2070,0.36
France,electricity,wind,wind_offshore,2075,0.36
France,electricity,wind,wind_offshore,2080,0.36
France,electricity,wind,wind_offshore,2085,0.36
France,electricity,wind,wind_offshore,2090,0.36
France,electricity,wind,wind_offshore,2095,0.36
France,electricity,wind,wind_offshore,2100,0.36
Germany,electricity,wind,wind_offshore,1975,0.4
Germany,electricity,wind,wind_offshore,1990,0.4
Germany,electricity,wind,wind_offshore,2005,0.4
Germany,electricity,wind,wind_offshore,2010,0.4
Germany,electricity,wind,wind_offshore,2015,0.4
Germany,electricity,wind,wind_offshore,2020,0.4
Germany,electricity,wind,wind_offshore,2025,0.4
Germany,electricity,wind,wind_offshore,2030,0.4
Germany,electricity,wind,wind_offshore,2035,0.4
Germany,electricity,wind,wind_offshore,2040,0.4
Germany,electricity,wind,wind_offshore,2045,0.4
Germany,electricity,wind,wind_offshore,2050,0.4
Germany,electricity,wind,wind_offshore,2055,0.4
Germany,electricity,wind,wind_offshore,2060,0.4
Germany,electricity,wind,wind_offshore,2065,0.4
Germany,electricity,wind,wind_offshore,2070,0.4
Germany,electricity,wind,wind_offshore,2075,0.4
Germany,electricity,wind,wind_offshore,2080,0.4
Germany,electricity,wind,wind_offshore,2085,0.4
Germany,electricity,wind,wind_offshore,2090,0.4
Germany,electricity,wind,wind_offshore,2095,0.4
Germany,electricity,wind,wind_offshore,2100,0.4
Greece,electricity,wind,wind_offshore,1975,0.32
Greece,electricity,wind,wind_offshore,1990,0.32
Greece,electricity,wind,wind_offshore,2005,0.32
Greece,electricity,wind,wind_offshore,2010,0.32
Greece,electricity,wind,wind_offshore,2015,0.32
Greece,electricity,wind,wind_offshore,2020,0.32
Greece,electricity,wind,wind_offshore,2025,0.32
Greece,electricity,wind,wind_offshore,2030,0.32
Greece,electricity,wind,wind_offshore,2035,0.32
Greece,electricity,wind,wind_offshore,2040,0.32
Greece,electricity,wind,wind_offshore,2045,0.32
Greece,electricity,wind,wind_offshore,2050,0.32
Greece,electricity,wind,wind_offshore,2055,0.32
Greece,electricity,wind,wind_offshore,2060,0.32
Greece,electricity,wind,wind_offshore,2065,0.32
Greece,electricity,wind,wind_offshore,2070,0.32
Greece,electricity,wind,wind_offshore,2075,0.32
Greece,electricity,wind,wind_offshore,2080,0.32
Greece,electricity,wind,wind_offshore,2085,0.32
Greece,electricity,wind,wind_offshore,2090,0.32
Greece,electricity,wind,wind_offshore,2095,0.32
Greece,electricity,wind,wind_offshore,2100,0.32
Ireland,electricity,wind,wind_offshore,1975,0.44
Ireland,electricity,wind,wind_offshore,1990,0.44
Ireland,electricity,wind,wind_offshore,2005,0.44
Ireland,electricity,wind,wind_offshore,2010,0.44
Ireland,electricity,wind,wind_offshore,2015,0.44
Ireland,electricity,wind,wind_offshore,2020,0.44
Ireland,electricity,wind,wind_offshore,2025,0.44
Ireland,electricity,wind,wind_offshore,2030,0.44
Ireland,electricity,wind,wind_offshore,2035,0.44
Ireland,electricity,wind,wind_offshore,2040,0.44
Ireland,electricity,wind,wind_offshore,2045,0.44
Ireland,electricity,wind,wind_offshore,2050,0.44
Ireland,electricity,wind,wind_offshore,2055,0.44
Ireland,electricity,wind,wind_offshore,2060,0.44
Ireland,electricity,wind,wind_offshore,2065,0.44
Ireland,electricity,wind,wind_offshore,2070,0.44
Ireland,electricity,wind,wind_offshore,2075,0.44
Ireland,electricity,wind,wind_offshore,2080,0.44
Ireland,electricity,wind,wind_offshore,2085,0.44
Ireland,electricity,wind,wind_offshore,2090,0.44
Ireland,electricity,wind,wind_offshore,2095,0.44
Ireland,electricity,wind,wind_offshore,2100,0.44
Italy,electricity,wind,wind_offshore,1975,0.24
Italy,electricity,wind,wind_offshore,1990,0.24
Italy,electricity,wind,wind_offshore,2005,0.24
Italy,electricity,wind,wind_offshore,2010,0.24
Italy,electricity,wind,wind_offshore,2015,0.24
Italy,electricity,wind,wind_offshore,2020,0.24
Italy,electricity,wind,wind_offshore,2025,0.24
Italy,electricity,wind,wind_offshore,2030,0.24
Italy,electricity,wind,wind_offshore,2035,0.24
Italy,electricity,wind,wind_offshore,2040,0.24
Italy,electricity,wind,wind_offshore,2045,0.24
Italy,electricity,wind,wind_offshore,2050,0.24
Italy,electricity,wind,wind_offshore,2055,0.24
Italy,electricity,wind,wind_offshore,2060,0.24
Italy,electricity,wind,wind_offshore,2065,0.24
Italy,electricity,wind,wind_offshore,2070,0.24
Italy,electricity,wind,wind_offshore,2075,0.24
Italy,electricity,wind,wind_offshore,2080,0.24
Italy,electricity,wind,wind_offshore,2085,0.24
Italy,electricity,wind,wind_offshore,2090,0.24
Italy,electricity,wind,wind_offshore,2095,0.24
Italy,electricity,wind,wind_offshore,2100,0.24
Latvia,electricity,wind,wind_offshore,1975,0.36
Latvia,electricity,wind,wind_offshore,1990,0.36
Latvia,electricity,wind,wind_offshore,2005,0.36
Latvia,electricity,wind,wind_offshore,2010,0.36
Latvia,electricity,wind,wind_offshore,2015,0.36
Latvia,electricity,wind,wind_offshore,2020,0.36
Latvia,electricity,wind,wind_offshore,2025,0.36
Latvia,electricity,wind,wind_offshore,2030,0.36
Latvia,electricity,wind,wind_offshore,2035,0.36
Latvia,electricity,wind,wind_offshore,2040,0.36
Latvia,electricity,wind,wind_offshore,2045,0.36
Latvia,electricity,wind,wind_offshore,2050,0.36
Latvia,electricity,wind,wind_offshore,2055,0.36
Latvia,electricity,wind,wind_offshore,2060,0.36
Latvia,electricity,wind,wind_offshore,2065,0.36
Latvia,electricity,wind,wind_offshore,2070,0.36
Latvia,electricity,wind,wind_offshore,2075,0.36
Latvia,electricity,wind,wind_offshore,2080,0.36
Latvia,electricity,wind,wind_offshore,2085,0.36
Latvia,electricity,wind,wind_offshore,2090,0.36
Latvia,electricity,wind,wind_offshore,2095,0.36
Latvia,electricity,wind,wind_offshore,2100,0.36
Lithuania,electricity,wind,wind_offshore,1975,0.36
Lithuania,electricity,wind,wind_offshore,1990,0.36
Lithuania,electricity,wind,wind_offshore,2005,0.36
Lithuania,electricity,wind,wind_offshore,2010,0.36
Lithuania,electricity,wind,wind_offshore,2015,0.36
Lithuania,electricity,wind,wind_offshore,2020,0.36
Lithuania,electricity,wind,wind_offshore,2025,0.36
Lithuania,electricity,wind,wind_offshore,2030,0.36
Lithuania,electricity,wind,wind_offshore,2035,0.36
Lithuania,electricity,wind,wind_offshore,2040,0.36
Lithuania,electricity,wind,wind_offshore,2045,0.36
Lithuania,electricity,wind,wind_offshore,2050,0.36
Lithuania,electricity,wind,wind_offshore,2055,0.36
Lithuania,electricity,wind,wind_offshore,2060,0.36
Lithuania,electricity,wind,wind_offshore,2065,0.36
Lithuania,electricity,wind,wind_offshore,2070,0.36
Lithuania,electricity,wind,wind_offshore,2075,0.36
Lithuania,electricity,wind,wind_offshore,2080,0.36
Lithuania,electricity,wind,wind_offshore,2085,0.36
Lithuania,electricity,wind,wind_offshore,2090,0.36
Lithuania,electricity,wind,wind_offshore,2095,0.36
Lithuania,electricity,wind,wind_offshore,2100,0.36
Malta,electricity,wind,wind_offshore,1975,0.24
Malta,electricity,wind,wind_offshore,1990,0.24
Malta,electricity,wind,wind_offshore,2005,0.24
Malta,electricity,wind,wind_offshore,2010,0.24
Malta,electricity,wind,wind_offshore,2015,0.24
Malta,electricity,wind,wind_offshore,2020,0.24
Malta,electricity,wind,wind_offshore,2025,0.24
Malta,electricity,wind,wind_offshore,2030,0.24
Malta,electricity,wind,wind_offshore,2035,0.24
Malta,electricity,wind,wind_offshore,2040,0.24
Malta,electricity,wind,wind_offshore,2045,0.24
Malta,electricity,wind,wind_offshore,2050,0.24
Malta,electricity,wind,wind_offshore,2055,0.24
Malta,electricity,wind,wind_offshore,2060,0.24
Malta,electricity,wind,wind_offshore,2065,0.24
Malta,electricity,wind,wind_offshore,2070,0.24
Malta,electricity,wind,wind_offshore,2075,0.24
Malta,electricity,wind,wind_offshore,2080,0.24
Malta,electricity,wind,wind_offshore,2085,0.24
Malta,electricity,wind,wind_offshore,2090,0.24
Malta,electricity,wind,wind_offshore,2095,0.24
Malta,electricity,wind,wind_offshore,2100,0.24
Netherlands,electricity,wind,wind_offshore,1975,0.4
Netherlands,electricity,wind,wind_offshore,1990,0.4
Netherlands,electricity,wind,wind_offshore,2005,0.4
Netherlands,electricity,wind,wind_offshore,2010,0.4
Netherlands,electricity,wind,wind_offshore,2015,0.4
Netherlands,electricity,wind,wind_offshore,2020,0.4
Netherlands,electricity,wind,wind_offshore,2025,0.4
Netherlands,electricity,wind,wind_offshore,2030,0.4
Netherlands,electricity,wind,wind_offshore,2035,0.4
Netherlands,electricity,wind,wind_offshore,2040,0.4
Netherlands,electricity,wind,wind_offshore,2045,0.4
Netherlands,electricity,wind,wind_offshore,2050,0.4
Netherlands,electricity,wind,wind_offshore,2055,0.4
Netherlands,electricity,wind,wind_offshore,2060,0.4
Netherlands,electricity,wind,wind_offshore,2065,0.4
Netherlands,electricity,wind,wind_offshore,2070,0.4
Netherlands,electricity,wind,wind_offshore,2075,0.4
Netherlands,electricity,wind,wind_offshore,2080,0.4
Netherlands,electricity,wind,wind_offshore,2085,0.4
Netherlands,electricity,wind,wind_offshore,2090,0.4
Netherlands,electricity,wind,wind_offshore,2095,0.4
Netherlands,electricity,wind,wind_offshore,2100,0.4
Poland,electricity,wind,wind_offshore,1975,0.36
Poland,electricity,wind,wind_offshore,1990,0.36
Poland,electricity,wind,wind_offshore,2005,0.36
Poland,electricity,wind,wind_offshore,2010,0.36
Poland,electricity,wind,wind_offshore,2015,0.36
Poland,electricity,wind,wind_offshore,2020,0.36
Poland,electricity,wind,wind_offshore,2025,0.36
Poland,electricity,wind,wind_offshore,2030,0.36
Poland,electricity,wind,wind_offshore,2035,0.36
Poland,electricity,wind,wind_offshore,2040,0.36
Poland,electricity,wind,wind_offshore,2045,0.36
Poland,electricity,wind,wind_offshore,2050,0.36
Poland,electricity,wind,wind_offshore,2055,0.36
Poland,electricity,wind,wind_offshore,2060,0.36
Poland,electricity,wind,wind_offshore,2065,0.36
Poland,electricity,wind,wind_offshore,2070,0.36
Poland,electricity,wind,wind_offshore,2075,0.36
Poland,electricity,wind,wind_offshore,2080,0.36
Poland,electricity,wind,wind_offshore,2085,0.36
Poland,electricity,wind,wind_offshore,2090,0.36
Poland,electricity,wind,wind_offshore,2095,0.36
Poland,electricity,wind,wind_offshore,2100,0.36
Portugal,electricity,wind,wind_offshore,1975,0.32
Portugal,electricity,wind,wind_offshore,1990,0.32
Portugal,electricity,wind,wind_offshore,2005,0.32
Portugal,electricity,wind,wind_offshore,2010,0.32
Portugal,electricity,wind,wind_offshore,2015,0.32
Portugal,electricity,wind,wind_offshore,2020,0.32
Portugal,electricity,wind,wind_offshore,2025,0.32
Portugal,electricity,wind,wind_offshore,2030,0.32
Portugal,electricity,wind,wind_offshore,2035,0.32
Portugal,electricity,wind,wind_offshore,2040,0.32
Portugal,electricity,wind,wind_offshore,2045,0.32
Portugal,electricity,wind,wind_offshore,2050,0.32
Portugal,electricity,wind,wind_offshore,2055,0.32
Portugal,electricity,wind,wind_offshore,2060,0.32
Portugal,electricity,wind,wind_offshore,2065,0.32
Portugal,electricity,wind,wind_offshore,2070,0.32
Portugal,electricity,wind,wind_offshore,2075,0.32
Portugal,electricity,wind,wind_offshore,2080,0.32
Portugal,electricity,wind,wind_offshore,2085,0.32
Portugal,electricity,wind,wind_offshore,2090,0.32
Portugal,electricity,wind,wind_offshore,2095,0.32
Portugal,electricity,wind,wind_offshore,2100,0.32
Romania,electricity,wind,wind_offshore,1975,0.28
Romania,electricity,wind,wind_offshore,1990,0.28
Romania,electricity,wind,wind_offshore,2005,0.28
Romania,electricity,wind,wind_offshore,2010,0.28
Romania,electricity,wind,wind_offshore,2015,0.28
Romania,electricity,wind,wind_offshore,2020,0.28
Romania,electricity,wind,wind_offshore,2025,0.28
Romania,electricity,wind,wind_offshore,2030,0.28
Romania,electricity,wind,wind_offshore,2035,0.28
Romania,electricity,wind,wind_offshore,2040,0.28
Romania,electricity,wind,wind_offshore,2045,0.28
Romania,electricity,wind,wind_offshore,2050,0.28
Romania,electricity,wind,wind_offshore,2055,0.28
Romania,electricity,wind,wind_offshore,2060,0.28
Romania,electricity,wind,wind_offshore,2065,0.28
Romania,electricity,wind,wind_offshore,2070,0.28
Romania,electricity,wind,wind_offshore,2075,0.28
Romania,electricity,wind,wind_offshore,2080,0.28
Romania,electricity,wind,wind_offshore,2085,0.28
Romania,electricity,wind,wind_offshore,2090,0.28
Romania,electricity,wind,wind_offshore,2095,0.28
Romania,electricity,wind,wind_offshore,2100,0.28
Spain,electricity,wind,wind_offshore,1975,0.36
Spain,electricity,wind,wind_offshore,1990,0.36
Spain,electricity,wind,wind_offshore,2005,0.36
Spain,electricity,wind,wind_offshore,2010,0.36
Spain,electricity,wind,wind_offshore,2015,0.36
Spain,electricity,wind,wind_offshore,2020,0.36
Spain,electricity,wind,wind_offshore,2025,0.36
Spain,electricity,wind,wind_offshore,2030,0.36
Spain,electricity,wind,wind_offshore,2035,0.36
Spain,electricity,wind,wind_offshore,2040,0.36
Spain,electricity,wind,wind_offshore,2045,0.36
Spain,electricity,wind,wind_offshore,2050,0.36
Spain,electricity,wind,wind_offshore,2055,0.36
Spain,electricity,wind,wind_offshore,2060,0.36
Spain,electricity,wind,wind_offshore,2065,0.36
Spain,electricity,wind,wind_offshore,2070,0.36
Spain,electricity,wind,wind_offshore,2075,0.36
Spain,electricity,wind,wind_offshore,2080,0.36
Spain,electricity,wind,wind_offshore,2085,0.36
Spain,electricity,wind,wind_offshore,2090,0.36
Spain,electricity,wind,wind_offshore,2095,0.36
Spain,electricity,wind,wind_offshore,2100,0.36
Sweden,electricity,wind,wind_offshore,1975,0.36
Sweden,electricity,wind,wind_offshore,1990,0.36
Sweden,electricity,wind,wind_offshore,2005,0.36
Sweden,electricity,wind,wind_offshore,2010,0.36
Sweden,electricity,wind,wind_offshore,2015,0.36
Sweden,electricity,wind,wind_offshore,2020,0.36
Sweden,electricity,wind,wind_offshore,2025,0.36
Sweden,electricity,wind,wind_offshore,2030,0.36
Sweden,electricity,wind,wind_offshore,2035,0.36
Sweden,electricity,wind,wind_offshore,2040,0.36
Sweden,electricity,wind,wind_offshore,2045,0.36
Sweden,electricity,wind,wind_offshore,2050,0.36
Sweden,electricity,wind,wind_offshore,2055,0.36
Sweden,electricity,wind,wind_offshore,2060,0.36
Sweden,electricity,wind,wind_offshore,2065,0.36
Sweden,electricity,wind,wind_offshore,2070,0.36
Sweden,electricity,wind,wind_offshore,2075,0.36
Sweden,electricity,wind,wind_offshore,2080,0.36
Sweden,electricity,wind,wind_offshore,2085,0.36
Sweden,electricity,wind,wind_offshore,2090,0.36
Sweden,electricity,wind,wind_offshore,2095,0.36
Sweden,electricity,wind,wind_offshore,2100,0.36
Albania,electricity,wind,wind_offshore,1975,0.24
Albania,electricity,wind,wind_offshore,1990,0.24
Albania,electricity,wind,wind_offshore,2005,0.24
Albania,electricity,wind,wind_offshore,2010,0.24
Albania,electricity,wind,wind_offshore,2015,0.24
Albania,electricity,wind,wind_offshore,2020,0.24
Albania,electricity,wind,wind_offshore,2025,0.24
Albania,electricity,wind,wind_offshore,2030,0.24
Albania,electricity,wind,wind_offshore,2035,0.24
Albania,electricity,wind,wind_offshore,2040,0.24
Albania,electricity,wind,wind_offshore,2045,0.24
Albania,electricity,wind,wind_offshore,2050,0.24
Albania,electricity,wind,wind_offshore,2055,0.24
Albania,electricity,wind,wind_offshore,2060,0.24
Albania,electricity,wind,wind_offshore,2065,0.24
Albania,electricity,wind,wind_offshore,2070,0.24
Albania,electricity,wind,wind_offshore,2075,0.24
Albania,electricity,wind,wind_offshore,2080,0.24
Albania,electricity,wind,wind_offshore,2085,0.24
Albania,electricity,wind,wind_offshore,2090,0.24
Albania,electricity,wind,wind_offshore,2095,0.24
Albania,electricity,wind,wind_offshore,2100,0.24
Iceland,electricity,wind,wind_offshore,1975,0.48
Iceland,electricity,wind,wind_offshore,1990,0.48
Iceland,electricity,wind,wind_offshore,2005,0.48
Iceland,electricity,wind,wind_offshore,2010,0.48
Iceland,electricity,wind,wind_offshore,2015,0.48
Iceland,electricity,wind,wind_offshore,2020,0.48
Iceland,electricity,wind,wind_offshore,2025,0.48
Iceland,electricity,wind,wind_offshore,2030,0.48
Iceland,electricity,wind,wind_offshore,2035,0.48
Iceland,electricity,wind,wind_offshore,2040,0.48
Iceland,electricity,wind,wind_offshore,2045,0.48
Iceland,electricity,wind,wind_offshore,2050,0.48
Iceland,electricity,wind,wind_offshore,2055,0.48
Iceland,electricity,wind,wind_offshore,2060,0.48
Iceland,electricity,wind,wind_offshore,2065,0.48
Iceland,electricity,wind,wind_offshore,2070,0.48
Iceland,electricity,wind,wind_offshore,2075,0.48
Iceland,electricity,wind,wind_offshore,2080,0.48
Iceland,electricity,wind,wind_offshore,2085,0.48
Iceland,electricity,wind,wind_offshore,2090,0.48
Iceland,electricity,wind,wind_offshore,2095,0.48
Iceland,electricity,wind,wind_offshore,2100,0.48
Norway,electricity,wind,wind_offshore,1975,0.4
Norway,electricity,wind,wind_offshore,1990,0.4
Norway,electricity,wind,wind_offshore,2005,0.4
Norway,electricity,wind,wind_offshore,2010,0.4
Norway,electricity,wind,wind_offshore,2015,0.4
Norway,electricity,wind,wind_offshore,2020,0.4
Norway,electricity,wind,wind_offshore,2025,0.4
Norway,electricity,wind,wind_offshore,2030,0.4
Norway,electricity,wind,wind_offshore,2035,0.4
Norway,electricity,wind,wind_offshore,2040,0.4
Norway,electricity,wind,wind_offshore,2045,0.4
Norway,electricity,wind,wind_offshore,2050,0.4
Norway,electricity,wind,wind_offshore,2055,0.4
Norway,electricity,wind,wind_offshore,2060,0.4
Norway,electricity,wind,wind_offshore,2065,0.4
Norway,electricity,wind,wind_offshore,2070,0.4
Norway,electricity,wind,wind_offshore,2075,0.4
Norway,electricity,wind,wind_offshore,2080,0.4
Norway,electricity,wind,wind_offshore,2085,0.4
Norway,electricity,wind,wind_offshore,2090,0.4
Norway,electricity,wind,wind_offshore,2095,0.4
Norway,electricity,wind,wind_offshore,2100,0.4
Serbia and Montenegro,electricity,wind,wind_offshore,1975,0.24
Serbia and Montenegro,electricity,wind,wind_offshore,1990,0.24
Serbia and Montenegro,electricity,wind,wind_offshore,2005,0.24
Serbia and Montenegro,electricity,wind,wind_offshore,2010,0.24
Serbia and Montenegro,electricity,wind,wind_offshore,2015,0.24
Serbia and Montenegro,electricity,wind,wind_offshore,2020,0.24
Serbia and Montenegro,electricity,wind,wind_offshore,2025,0.24
Serbia and Montenegro,electricity,wind,wind_offshore,2030,0.24
Serbia and Montenegro,electricity,wind,wind_offshore,2035,0.24
Serbia and Montenegro,electricity,wind,wind_offshore,2040,0.24
Serbia and Montenegro,electricity,wind,wind_offshore,2045,0.24
Serbia and Montenegro,electricity,wind,wind_offshore,2050,0.24
Serbia and Montenegro,electricity,wind,wind_offshore,2055,0.24
Serbia and Montenegro,electricity,wind,wind_offshore,2060,0.24
Serbia and Montenegro,electricity,wind,wind_offshore,2065,0.24
Serbia and Montenegro,electricity,wind,wind_offshore,2070,0.24
Serbia and Montenegro,electricity,wind,wind_offshore,2075,0.24
Serbia and Montenegro,electricity,wind,wind_offshore,2080,0.24
Serbia and Montenegro,electricity,wind,wind_offshore,2085,0.24
Serbia and Montenegro,electricity,wind,wind_offshore,2090,0.24
Serbia and Montenegro,electricity,wind,wind_offshore,2095,0.24
Serbia and Montenegro,electricity,wind,wind_offshore,2100,0.24
Turkey,electricity,wind,wind_offshore,1975,0.32
Turkey,electricity,wind,wind_offshore,1990,0.32
Turkey,electricity,wind,wind_offshore,2005,0.32
Turkey,electricity,wind,wind_offshore,2010,0.32
Turkey,electricity,wind,wind_offshore,2015,0.32
Turkey,electricity,wind,wind_offshore,2020,0.32
Turkey,electricity,wind,wind_offshore,2025,0.32
Turkey,electricity,wind,wind_offshore,2030,0.32
Turkey,electricity,wind,wind_offshore,2035,0.32
Turkey,electricity,wind,wind_offshore,2040,0.32
Turkey,electricity,wind,wind_offshore,2045,0.32
Turkey,electricity,wind,wind_offshore,2050,0.32
Turkey,electricity,wind,wind_offshore,2055,0.32
Turkey,electricity,wind,wind_offshore,2060,0.32
Turkey,electricity,wind,wind_offshore,2065,0.32
Turkey,electricity,wind,wind_offshore,2070,0.32
Turkey,electricity,wind,wind_offshore,2075,0.32
Turkey,electricity,wind,wind_offshore,2080,0.32
Turkey,electricity,wind,wind_offshore,2085,0.32
Turkey,electricity,wind,wind_offshore,2090,0.32
Turkey,electricity,wind,wind_offshore,2095,0.32
Turkey,electricity,wind,wind_offshore,2100,0.32
UK,electricity,wind,wind_offshore,1975,0.44
UK,electricity,wind,wind_offshore,1990,0.44
UK,electricity,wind,wind_offshore,2005,0.44
UK,electricity,wind,wind_offshore,2010,0.44
UK,electricity,wind,wind_offshore,2015,0.44
UK,electricity,wind,wind_offshore,2020,0.44
UK,electricity,wind,wind_offshore,2025,0.44
UK,electricity,wind,wind_offshore,2030,0.44
UK,electricity,wind,wind_offshore,2035,0.44
UK,electricity,wind,wind_offshore,2040,0.44
UK,electricity,wind,wind_offshore,2045,0.44
UK,electricity,wind,wind_offshore,2050,0.44
UK,electricity,wind,wind_offshore,2055,0.44
UK,electricity,wind,wind_offshore,2060,0.44
UK,electricity,wind,wind_offshore,2065,0.44
UK,electricity,wind,wind_offshore,2070,0.44
UK,electricity,wind,wind_offshore,2075,0.44
UK,electricity,wind,wind_offshore,2080,0.44
UK,electricity,wind,wind_offshore,2085,0.44
UK,electricity,wind,wind_offshore,2090,0.44
UK,electricity,wind,wind_offshore,2095,0.44
UK,electricity,wind,wind_offshore,2100,0.44
Ukraine,electricity,wind,wind_offshore,1975,0.28
Ukraine,electricity,wind,wind_offshore,1990,0.28
Ukraine,electricity,wind,wind_offshore,2005,0.28
Ukraine,electricity,wind,wind_offshore,2010,0.28
Ukraine,electricity,wind,wind_offshore,2015,0.28
Ukraine,electricity,wind,wind_offshore,2020,0.28
Ukraine,electricity,wind,wind_offshore,2025,0.28
Ukraine,electricity,wind,wind_offshore,2030,0.28
Ukraine,electricity,wind,wind_offshore,2035,0.28
Ukraine,electricity,wind,wind_offshore,2040,0.28
Ukraine,electricity,wind,wind_offshore,2045,0.28
Ukraine,electricity,wind,wind_offshore,2050,0.28
Ukraine,electricity,wind,wind_offshore,2055,0.28
Ukraine,electricity,wind,wind_offshore,2060,0.28
Ukraine,electricity,wind,wind_offshore,2065,0.28
Ukraine,electricity,wind,wind_offshore,2070,0.28
Ukraine,electricity,wind,wind_offshore,2075,0.28
Ukraine,electricity,wind,wind_offshore,2080,0.28
Ukraine,electricity,wind,wind_offshore,2085,0.28
Ukraine,electricity,wind,wind_offshore,2090,0.28
Ukraine,electricity,wind,wind_offshore,2095,0.28
Ukraine,electricity,wind,wind_offshore,2100,0.28
