# Average annual utilization of renewable technologies, calculated using regional solar irradiance data and wind resource curves to adjust default assumptions
region,supplysector,subsector,stub.technology,year,capacity.factor
USA,electricity,wind,wind_storage,1975,0.37
USA,electricity,wind,wind_storage,1990,0.37
USA,electricity,wind,wind_storage,2005,0.37
USA,electricity,wind,wind_storage,2010,0.37
USA,electricity,wind,wind_storage,2015,0.37
USA,electricity,wind,wind_storage,2021,0.37
USA,electricity,wind,wind_storage,2025,0.37
USA,electricity,wind,wind_storage,2030,0.37
USA,electricity,wind,wind_storage,2035,0.37
USA,electricity,wind,wind_storage,2040,0.37
USA,electricity,wind,wind_storage,2045,0.37
USA,electricity,wind,wind_storage,2050,0.37
USA,electricity,wind,wind_storage,2055,0.37
USA,electricity,wind,wind_storage,2060,0.37
USA,electricity,wind,wind_storage,2065,0.37
USA,electricity,wind,wind_storage,2070,0.37
USA,electricity,wind,wind_storage,2075,0.37
USA,electricity,wind,wind_storage,2080,0.37
USA,electricity,wind,wind_storage,2085,0.37
USA,electricity,wind,wind_storage,2090,0.37
USA,electricity,wind,wind_storage,2095,0.37
USA,electricity,wind,wind_storage,2100,0.37
Africa_Eastern,electricity,wind,wind_storage,1975,0.34
Africa_Eastern,electricity,wind,wind_storage,1990,0.34
Africa_Eastern,electricity,wind,wind_storage,2005,0.34
Africa_Eastern,electricity,wind,wind_storage,2010,0.34
Africa_Eastern,electricity,wind,wind_storage,2015,0.34
Africa_Eastern,electricity,wind,wind_storage,2021,0.34
Africa_Eastern,electricity,wind,wind_storage,2025,0.34
Africa_Eastern,electricity,wind,wind_storage,2030,0.34
Africa_Eastern,electricity,wind,wind_storage,2035,0.34
Africa_Eastern,electricity,wind,wind_storage,2040,0.34
Africa_Eastern,electricity,wind,wind_storage,2045,0.34
Africa_Eastern,electricity,wind,wind_storage,2050,0.34
Africa_Eastern,electricity,wind,wind_storage,2055,0.34
Africa_Eastern,electricity,wind,wind_storage,2060,0.34
Africa_Eastern,electricity,wind,wind_storage,2065,0.34
Africa_Eastern,electricity,wind,wind_storage,2070,0.34
Africa_Eastern,electricity,wind,wind_storage,2075,0.34
Africa_Eastern,electricity,wind,wind_storage,2080,0.34
Africa_Eastern,electricity,wind,wind_storage,2085,0.34
Africa_Eastern,electricity,wind,wind_storage,2090,0.34
Africa_Eastern,electricity,wind,wind_storage,2095,0.34
Africa_Eastern,electricity,wind,wind_storage,2100,0.34
Africa_Northern,electricity,wind,wind_storage,1975,0.37
Africa_Northern,electricity,wind,wind_storage,1990,0.37
Africa_Northern,electricity,wind,wind_storage,2005,0.37
Africa_Northern,electricity,wind,wind_storage,2010,0.37
Africa_Northern,electricity,wind,wind_storage,2015,0.37
Africa_Northern,electricity,wind,wind_storage,2021,0.37
Africa_Northern,electricity,wind,wind_storage,2025,0.37
Africa_Northern,electricity,wind,wind_storage,2030,0.37
Africa_Northern,electricity,wind,wind_storage,2035,0.37
Africa_Northern,electricity,wind,wind_storage,2040,0.37
Africa_Northern,electricity,wind,wind_storage,2045,0.37
Africa_Northern,electricity,wind,wind_storage,2050,0.37
Africa_Northern,electricity,wind,wind_storage,2055,0.37
Africa_Northern,electricity,wind,wind_storage,2060,0.37
Africa_Northern,electricity,wind,wind_storage,2065,0.37
Africa_Northern,electricity,wind,wind_storage,2070,0.37
Africa_Northern,electricity,wind,wind_storage,2075,0.37
Africa_Northern,electricity,wind,wind_storage,2080,0.37
Africa_Northern,electricity,wind,wind_storage,2085,0.37
Africa_Northern,electricity,wind,wind_storage,2090,0.37
Africa_Northern,electricity,wind,wind_storage,2095,0.37
Africa_Northern,electricity,wind,wind_storage,2100,0.37
Africa_Southern,electricity,wind,wind_storage,1975,0.28
Africa_Southern,electricity,wind,wind_storage,1990,0.28
Africa_Southern,electricity,wind,wind_storage,2005,0.28
Africa_Southern,electricity,wind,wind_storage,2010,0.28
Africa_Southern,electricity,wind,wind_storage,2015,0.28
Africa_Southern,electricity,wind,wind_storage,2021,0.28
Africa_Southern,electricity,wind,wind_storage,2025,0.28
Africa_Southern,electricity,wind,wind_storage,2030,0.28
Africa_Southern,electricity,wind,wind_storage,2035,0.28
Africa_Southern,electricity,wind,wind_storage,2040,0.28
Africa_Southern,electricity,wind,wind_storage,2045,0.28
Africa_Southern,electricity,wind,wind_storage,2050,0.28
Africa_Southern,electricity,wind,wind_storage,2055,0.28
Africa_Southern,electricity,wind,wind_storage,2060,0.28
Africa_Southern,electricity,wind,wind_storage,2065,0.28
Africa_Southern,electricity,wind,wind_storage,2070,0.28
Africa_Southern,electricity,wind,wind_storage,2075,0.28
Africa_Southern,electricity,wind,wind_storage,2080,0.28
Africa_Southern,electricity,wind,wind_storage,2085,0.28
Africa_Southern,electricity,wind,wind_storage,2090,0.28
Africa_Southern,electricity,wind,wind_storage,2095,0.28
Africa_Southern,electricity,wind,wind_storage,2100,0.28
Africa_Western,electricity,wind,wind_storage,1975,0.34
Africa_Western,electricity,wind,wind_storage,1990,0.34
Africa_Western,electricity,wind,wind_storage,2005,0.34
Africa_Western,electricity,wind,wind_storage,2010,0.34
Africa_Western,electricity,wind,wind_storage,2015,0.34
Africa_Western,electricity,wind,wind_storage,2021,0.34
Africa_Western,electricity,wind,wind_storage,2025,0.34
Africa_Western,electricity,wind,wind_storage,2030,0.34
Africa_Western,electricity,wind,wind_storage,2035,0.34
Africa_Western,electricity,wind,wind_storage,2040,0.34
Africa_Western,electricity,wind,wind_storage,2045,0.34
Africa_Western,electricity,wind,wind_storage,2050,0.34
Africa_Western,electricity,wind,wind_storage,2055,0.34
Africa_Western,electricity,wind,wind_storage,2060,0.34
Africa_Western,electricity,wind,wind_storage,2065,0.34
Africa_Western,electricity,wind,wind_storage,2070,0.34
Africa_Western,electricity,wind,wind_storage,2075,0.34
Africa_Western,electricity,wind,wind_storage,2080,0.34
Africa_Western,electricity,wind,wind_storage,2085,0.34
Africa_Western,electricity,wind,wind_storage,2090,0.34
Africa_Western,electricity,wind,wind_storage,2095,0.34
Africa_Western,electricity,wind,wind_storage,2100,0.34
Australia_NZ,electricity,wind,wind_storage,1975,0.37
Australia_NZ,electricity,wind,wind_storage,1990,0.37
Australia_NZ,electricity,wind,wind_storage,2005,0.37
Australia_NZ,electricity,wind,wind_storage,2010,0.37
Australia_NZ,electricity,wind,wind_storage,2015,0.37
Australia_NZ,electricity,wind,wind_storage,2021,0.37
Australia_NZ,electricity,wind,wind_storage,2025,0.37
Australia_NZ,electricity,wind,wind_storage,2030,0.37
Australia_NZ,electricity,wind,wind_storage,2035,0.37
Australia_NZ,electricity,wind,wind_storage,2040,0.37
Australia_NZ,electricity,wind,wind_storage,2045,0.37
Australia_NZ,electricity,wind,wind_storage,2050,0.37
Australia_NZ,electricity,wind,wind_storage,2055,0.37
Australia_NZ,electricity,wind,wind_storage,2060,0.37
Australia_NZ,electricity,wind,wind_storage,2065,0.37
Australia_NZ,electricity,wind,wind_storage,2070,0.37
Australia_NZ,electricity,wind,wind_storage,2075,0.37
Australia_NZ,electricity,wind,wind_storage,2080,0.37
Australia_NZ,electricity,wind,wind_storage,2085,0.37
Australia_NZ,electricity,wind,wind_storage,2090,0.37
Australia_NZ,electricity,wind,wind_storage,2095,0.37
Australia_NZ,electricity,wind,wind_storage,2100,0.37
Brazil,electricity,wind,wind_storage,1975,0.34
Brazil,electricity,wind,wind_storage,1990,0.34
Brazil,electricity,wind,wind_storage,2005,0.34
Brazil,electricity,wind,wind_storage,2010,0.34
Brazil,electricity,wind,wind_storage,2015,0.34
Brazil,electricity,wind,wind_storage,2021,0.34
Brazil,electricity,wind,wind_storage,2025,0.34
Brazil,electricity,wind,wind_storage,2030,0.34
Brazil,electricity,wind,wind_storage,2035,0.34
Brazil,electricity,wind,wind_storage,2040,0.34
Brazil,electricity,wind,wind_storage,2045,0.34
Brazil,electricity,wind,wind_storage,2050,0.34
Brazil,electricity,wind,wind_storage,2055,0.34
Brazil,electricity,wind,wind_storage,2060,0.34
Brazil,electricity,wind,wind_storage,2065,0.34
Brazil,electricity,wind,wind_storage,2070,0.34
Brazil,electricity,wind,wind_storage,2075,0.34
Brazil,electricity,wind,wind_storage,2080,0.34
Brazil,electricity,wind,wind_storage,2085,0.34
Brazil,electricity,wind,wind_storage,2090,0.34
Brazil,electricity,wind,wind_storage,2095,0.34
Brazil,electricity,wind,wind_storage,2100,0.34
Canada,electricity,wind,wind_storage,1975,0.37
Canada,electricity,wind,wind_storage,1990,0.37
Canada,electricity,wind,wind_storage,2005,0.37
Canada,electricity,wind,wind_storage,2010,0.37
Canada,electricity,wind,wind_storage,2015,0.37
Canada,electricity,wind,wind_storage,2021,0.37
Canada,electricity,wind,wind_storage,2025,0.37
Canada,electricity,wind,wind_storage,2030,0.37
Canada,electricity,wind,wind_storage,2035,0.37
Canada,electricity,wind,wind_storage,2040,0.37
Canada,electricity,wind,wind_storage,2045,0.37
Canada,electricity,wind,wind_storage,2050,0.37
Canada,electricity,wind,wind_storage,2055,0.37
Canada,electricity,wind,wind_storage,2060,0.37
Canada,electricity,wind,wind_storage,2065,0.37
Canada,electricity,wind,wind_storage,2070,0.37
Canada,electricity,wind,wind_storage,2075,0.37
Canada,electricity,wind,wind_storage,2080,0.37
Canada,electricity,wind,wind_storage,2085,0.37
Canada,electricity,wind,wind_storage,2090,0.37
Canada,electricity,wind,wind_storage,2095,0.37
Canada,electricity,wind,wind_storage,2100,0.37
Central America and Caribbean,electricity,wind,wind_storage,1975,0.37
Central America and Caribbean,electricity,wind,wind_storage,1990,0.37
Central America and Caribbean,electricity,wind,wind_storage,2005,0.37
Central America and Caribbean,electricity,wind,wind_storage,2010,0.37
Central America and Caribbean,electricity,wind,wind_storage,2015,0.37
Central America and Caribbean,electricity,wind,wind_storage,2021,0.37
Central America and Caribbean,electricity,wind,wind_storage,2025,0.37
Central America and Caribbean,electricity,wind,wind_storage,2030,0.37
Central America and Caribbean,electricity,wind,wind_storage,2035,0.37
Central America and Caribbean,electricity,wind,wind_storage,2040,0.37
Central America and Caribbean,electricity,wind,wind_storage,2045,0.37
Central America and Caribbean,electricity,wind,wind_storage,2050,0.37
Central America and Caribbean,electricity,wind,wind_storage,2055,0.37
Central America and Caribbean,electricity,wind,wind_storage,2060,0.37
Central America and Caribbean,electricity,wind,wind_storage,2065,0.37
Central America and Caribbean,electricity,wind,wind_storage,2070,0.37
Central America and Caribbean,electricity,wind,wind_storage,2075,0.37
Central America and Caribbean,electricity,wind,wind_storage,2080,0.37
Central America and Caribbean,electricity,wind,wind_storage,2085,0.37
Central America and Caribbean,electricity,wind,wind_storage,2090,0.37
Central America and Caribbean,electricity,wind,wind_storage,2095,0.37
Central America and Caribbean,electricity,wind,wind_storage,2100,0.37
Central Asia,electricity,wind,wind_storage,1975,0.35
Central Asia,electricity,wind,wind_storage,1990,0.35
Central Asia,electricity,wind,wind_storage,2005,0.35
Central Asia,electricity,wind,wind_storage,2010,0.35
Central Asia,electricity,wind,wind_storage,2015,0.35
Central Asia,electricity,wind,wind_storage,2021,0.35
Central Asia,electricity,wind,wind_storage,2025,0.35
Central Asia,electricity,wind,wind_storage,2030,0.35
Central Asia,electricity,wind,wind_storage,2035,0.35
Central Asia,electricity,wind,wind_storage,2040,0.35
Central Asia,electricity,wind,wind_storage,2045,0.35
Central Asia,electricity,wind,wind_storage,2050,0.35
Central Asia,electricity,wind,wind_storage,2055,0.35
Central Asia,electricity,wind,wind_storage,2060,0.35
Central Asia,electricity,wind,wind_storage,2065,0.35
Central Asia,electricity,wind,wind_storage,2070,0.35
Central Asia,electricity,wind,wind_storage,2075,0.35
Central Asia,electricity,wind,wind_storage,2080,0.35
Central Asia,electricity,wind,wind_storage,2085,0.35
Central Asia,electricity,wind,wind_storage,2090,0.35
Central Asia,electricity,wind,wind_storage,2095,0.35
Central Asia,electricity,wind,wind_storage,2100,0.35
China,electricity,wind,wind_storage,1975,0.37
China,electricity,wind,wind_storage,1990,0.37
China,electricity,wind,wind_storage,2005,0.37
China,electricity,wind,wind_storage,2010,0.37
China,electricity,wind,wind_storage,2015,0.37
China,electricity,wind,wind_storage,2021,0.37
China,electricity,wind,wind_storage,2025,0.37
China,electricity,wind,wind_storage,2030,0.37
China,electricity,wind,wind_storage,2035,0.37
China,electricity,wind,wind_storage,2040,0.37
China,electricity,wind,wind_storage,2045,0.37
China,electricity,wind,wind_storage,2050,0.37
China,electricity,wind,wind_storage,2055,0.37
China,electricity,wind,wind_storage,2060,0.37
China,electricity,wind,wind_storage,2065,0.37
China,electricity,wind,wind_storage,2070,0.37
China,electricity,wind,wind_storage,2075,0.37
China,electricity,wind,wind_storage,2080,0.37
China,electricity,wind,wind_storage,2085,0.37
China,electricity,wind,wind_storage,2090,0.37
China,electricity,wind,wind_storage,2095,0.37
China,electricity,wind,wind_storage,2100,0.37
EU-12,electricity,wind,wind_storage,1975,0.36
EU-12,electricity,wind,wind_storage,1990,0.36
EU-12,electricity,wind,wind_storage,2005,0.36
EU-12,electricity,wind,wind_storage,2010,0.36
EU-12,electricity,wind,wind_storage,2015,0.36
EU-12,electricity,wind,wind_storage,2021,0.36
EU-12,electricity,wind,wind_storage,2025,0.36
EU-12,electricity,wind,wind_storage,2030,0.36
EU-12,electricity,wind,wind_storage,2035,0.36
EU-12,electricity,wind,wind_storage,2040,0.36
EU-12,electricity,wind,wind_storage,2045,0.36
EU-12,electricity,wind,wind_storage,2050,0.36
EU-12,electricity,wind,wind_storage,2055,0.36
EU-12,electricity,wind,wind_storage,2060,0.36
EU-12,electricity,wind,wind_storage,2065,0.36
EU-12,electricity,wind,wind_storage,2070,0.36
EU-12,electricity,wind,wind_storage,2075,0.36
EU-12,electricity,wind,wind_storage,2080,0.36
EU-12,electricity,wind,wind_storage,2085,0.36
EU-12,electricity,wind,wind_storage,2090,0.36
EU-12,electricity,wind,wind_storage,2095,0.36
EU-12,electricity,wind,wind_storage,2100,0.36
EU-15,electricity,wind,wind_storage,1975,0.37
EU-15,electricity,wind,wind_storage,1990,0.37
EU-15,electricity,wind,wind_storage,2005,0.37
EU-15,electricity,wind,wind_storage,2010,0.37
EU-15,electricity,wind,wind_storage,2015,0.37
EU-15,electricity,wind,wind_storage,2021,0.37
EU-15,electricity,wind,wind_storage,2025,0.37
EU-15,electricity,wind,wind_storage,2030,0.37
EU-15,electricity,wind,wind_storage,2035,0.37
EU-15,electricity,wind,wind_storage,2040,0.37
EU-15,electricity,wind,wind_storage,2045,0.37
EU-15,electricity,wind,wind_storage,2050,0.37
EU-15,electricity,wind,wind_storage,2055,0.37
EU-15,electricity,wind,wind_storage,2060,0.37
EU-15,electricity,wind,wind_storage,2065,0.37
EU-15,electricity,wind,wind_storage,2070,0.37
EU-15,electricity,wind,wind_storage,2075,0.37
EU-15,electricity,wind,wind_storage,2080,0.37
EU-15,electricity,wind,wind_storage,2085,0.37
EU-15,electricity,wind,wind_storage,2090,0.37
EU-15,electricity,wind,wind_storage,2095,0.37
EU-15,electricity,wind,wind_storage,2100,0.37
Ukraine,electricity,wind,wind_storage,1975,0.34
Ukraine,electricity,wind,wind_storage,1990,0.34
Ukraine,electricity,wind,wind_storage,2005,0.34
Ukraine,electricity,wind,wind_storage,2010,0.34
Ukraine,electricity,wind,wind_storage,2015,0.34
Ukraine,electricity,wind,wind_storage,2021,0.34
Ukraine,electricity,wind,wind_storage,2025,0.34
Ukraine,electricity,wind,wind_storage,2030,0.34
Ukraine,electricity,wind,wind_storage,2035,0.34
Ukraine,electricity,wind,wind_storage,2040,0.34
Ukraine,electricity,wind,wind_storage,2045,0.34
Ukraine,electricity,wind,wind_storage,2050,0.34
Ukraine,electricity,wind,wind_storage,2055,0.34
Ukraine,electricity,wind,wind_storage,2060,0.34
Ukraine,electricity,wind,wind_storage,2065,0.34
Ukraine,electricity,wind,wind_storage,2070,0.34
Ukraine,electricity,wind,wind_storage,2075,0.34
Ukraine,electricity,wind,wind_storage,2080,0.34
Ukraine,electricity,wind,wind_storage,2085,0.34
Ukraine,electricity,wind,wind_storage,2090,0.34
Ukraine,electricity,wind,wind_storage,2095,0.34
Ukraine,electricity,wind,wind_storage,2100,0.34
Europe_Non_EU,electricity,wind,wind_storage,1975,0.36
Europe_Non_EU,electricity,wind,wind_storage,1990,0.36
Europe_Non_EU,electricity,wind,wind_storage,2005,0.36
Europe_Non_EU,electricity,wind,wind_storage,2010,0.36
Europe_Non_EU,electricity,wind,wind_storage,2015,0.36
Europe_Non_EU,electricity,wind,wind_storage,2021,0.36
Europe_Non_EU,electricity,wind,wind_storage,2025,0.36
Europe_Non_EU,electricity,wind,wind_storage,2030,0.36
Europe_Non_EU,electricity,wind,wind_storage,2035,0.36
Europe_Non_EU,electricity,wind,wind_storage,2040,0.36
Europe_Non_EU,electricity,wind,wind_storage,2045,0.36
Europe_Non_EU,electricity,wind,wind_storage,2050,0.36
Europe_Non_EU,electricity,wind,wind_storage,2055,0.36
Europe_Non_EU,electricity,wind,wind_storage,2060,0.36
Europe_Non_EU,electricity,wind,wind_storage,2065,0.36
Europe_Non_EU,electricity,wind,wind_storage,2070,0.36
Europe_Non_EU,electricity,wind,wind_storage,2075,0.36
Europe_Non_EU,electricity,wind,wind_storage,2080,0.36
Europe_Non_EU,electricity,wind,wind_storage,2085,0.36
Europe_Non_EU,electricity,wind,wind_storage,2090,0.36
Europe_Non_EU,electricity,wind,wind_storage,2095,0.36
Europe_Non_EU,electricity,wind,wind_storage,2100,0.36
European Free Trade Association,electricity,wind,wind_storage,1975,0.37
European Free Trade Association,electricity,wind,wind_storage,1990,0.37
European Free Trade Association,electricity,wind,wind_storage,2005,0.37
European Free Trade Association,electricity,wind,wind_storage,2010,0.37
European Free Trade Association,electricity,wind,wind_storage,2015,0.37
European Free Trade Association,electricity,wind,wind_storage,2021,0.37
European Free Trade Association,electricity,wind,wind_storage,2025,0.37
European Free Trade Association,electricity,wind,wind_storage,2030,0.37
European Free Trade Association,electricity,wind,wind_storage,2035,0.37
European Free Trade Association,electricity,wind,wind_storage,2040,0.37
European Free Trade Association,electricity,wind,wind_storage,2045,0.37
European Free Trade Association,electricity,wind,wind_storage,2050,0.37
European Free Trade Association,electricity,wind,wind_storage,2055,0.37
European Free Trade Association,electricity,wind,wind_storage,2060,0.37
European Free Trade Association,electricity,wind,wind_storage,2065,0.37
European Free Trade Association,electricity,wind,wind_storage,2070,0.37
European Free Trade Association,electricity,wind,wind_storage,2075,0.37
European Free Trade Association,electricity,wind,wind_storage,2080,0.37
European Free Trade Association,electricity,wind,wind_storage,2085,0.37
European Free Trade Association,electricity,wind,wind_storage,2090,0.37
European Free Trade Association,electricity,wind,wind_storage,2095,0.37
European Free Trade Association,electricity,wind,wind_storage,2100,0.37
India,electricity,wind,wind_storage,1975,0.35
India,electricity,wind,wind_storage,1990,0.35
India,electricity,wind,wind_storage,2005,0.35
India,electricity,wind,wind_storage,2010,0.35
India,electricity,wind,wind_storage,2015,0.35
India,electricity,wind,wind_storage,2021,0.35
India,electricity,wind,wind_storage,2025,0.35
India,electricity,wind,wind_storage,2030,0.35
India,electricity,wind,wind_storage,2035,0.35
India,electricity,wind,wind_storage,2040,0.35
India,electricity,wind,wind_storage,2045,0.35
India,electricity,wind,wind_storage,2050,0.35
India,electricity,wind,wind_storage,2055,0.35
India,electricity,wind,wind_storage,2060,0.35
India,electricity,wind,wind_storage,2065,0.35
India,electricity,wind,wind_storage,2070,0.35
India,electricity,wind,wind_storage,2075,0.35
India,electricity,wind,wind_storage,2080,0.35
India,electricity,wind,wind_storage,2085,0.35
India,electricity,wind,wind_storage,2090,0.35
India,electricity,wind,wind_storage,2095,0.35
India,electricity,wind,wind_storage,2100,0.35
Indonesia,electricity,wind,wind_storage,1975,0.34
Indonesia,electricity,wind,wind_storage,1990,0.34
Indonesia,electricity,wind,wind_storage,2005,0.34
Indonesia,electricity,wind,wind_storage,2010,0.34
Indonesia,electricity,wind,wind_storage,2015,0.34
Indonesia,electricity,wind,wind_storage,2021,0.34
Indonesia,electricity,wind,wind_storage,2025,0.34
Indonesia,electricity,wind,wind_storage,2030,0.34
Indonesia,electricity,wind,wind_storage,2035,0.34
Indonesia,electricity,wind,wind_storage,2040,0.34
Indonesia,electricity,wind,wind_storage,2045,0.34
Indonesia,electricity,wind,wind_storage,2050,0.34
Indonesia,electricity,wind,wind_storage,2055,0.34
Indonesia,electricity,wind,wind_storage,2060,0.34
Indonesia,electricity,wind,wind_storage,2065,0.34
Indonesia,electricity,wind,wind_storage,2070,0.34
Indonesia,electricity,wind,wind_storage,2075,0.34
Indonesia,electricity,wind,wind_storage,2080,0.34
Indonesia,electricity,wind,wind_storage,2085,0.34
Indonesia,electricity,wind,wind_storage,2090,0.34
Indonesia,electricity,wind,wind_storage,2095,0.34
Indonesia,electricity,wind,wind_storage,2100,0.34
Japan,electricity,wind,wind_storage,1975,0.37
Japan,electricity,wind,wind_storage,1990,0.37
Japan,electricity,wind,wind_storage,2005,0.37
Japan,electricity,wind,wind_storage,2010,0.37
Japan,electricity,wind,wind_storage,2015,0.37
Japan,electricity,wind,wind_storage,2021,0.37
Japan,electricity,wind,wind_storage,2025,0.37
Japan,electricity,wind,wind_storage,2030,0.37
Japan,electricity,wind,wind_storage,2035,0.37
Japan,electricity,wind,wind_storage,2040,0.37
Japan,electricity,wind,wind_storage,2045,0.37
Japan,electricity,wind,wind_storage,2050,0.37
Japan,electricity,wind,wind_storage,2055,0.37
Japan,electricity,wind,wind_storage,2060,0.37
Japan,electricity,wind,wind_storage,2065,0.37
Japan,electricity,wind,wind_storage,2070,0.37
Japan,electricity,wind,wind_storage,2075,0.37
Japan,electricity,wind,wind_storage,2080,0.37
Japan,electricity,wind,wind_storage,2085,0.37
Japan,electricity,wind,wind_storage,2090,0.37
Japan,electricity,wind,wind_storage,2095,0.37
Japan,electricity,wind,wind_storage,2100,0.37
Mexico,electricity,wind,wind_storage,1975,0.37
Mexico,electricity,wind,wind_storage,1990,0.37
Mexico,electricity,wind,wind_storage,2005,0.37
Mexico,electricity,wind,wind_storage,2010,0.37
Mexico,electricity,wind,wind_storage,2015,0.37
Mexico,electricity,wind,wind_storage,2021,0.37
Mexico,electricity,wind,wind_storage,2025,0.37
Mexico,electricity,wind,wind_storage,2030,0.37
Mexico,electricity,wind,wind_storage,2035,0.37
Mexico,electricity,wind,wind_storage,2040,0.37
Mexico,electricity,wind,wind_storage,2045,0.37
Mexico,electricity,wind,wind_storage,2050,0.37
Mexico,electricity,wind,wind_storage,2055,0.37
Mexico,electricity,wind,wind_storage,2060,0.37
Mexico,electricity,wind,wind_storage,2065,0.37
Mexico,electricity,wind,wind_storage,2070,0.37
Mexico,electricity,wind,wind_storage,2075,0.37
Mexico,electricity,wind,wind_storage,2080,0.37
Mexico,electricity,wind,wind_storage,2085,0.37
Mexico,electricity,wind,wind_storage,2090,0.37
Mexico,electricity,wind,wind_storage,2095,0.37
Mexico,electricity,wind,wind_storage,2100,0.37
Middle East,electricity,wind,wind_storage,1975,0.35
Middle East,electricity,wind,wind_storage,1990,0.35
Middle East,electricity,wind,wind_storage,2005,0.35
Middle East,electricity,wind,wind_storage,2010,0.35
Middle East,electricity,wind,wind_storage,2015,0.35
Middle East,electricity,wind,wind_storage,2021,0.35
Middle East,electricity,wind,wind_storage,2025,0.35
Middle East,electricity,wind,wind_storage,2030,0.35
Middle East,electricity,wind,wind_storage,2035,0.35
Middle East,electricity,wind,wind_storage,2040,0.35
Middle East,electricity,wind,wind_storage,2045,0.35
Middle East,electricity,wind,wind_storage,2050,0.35
Middle East,electricity,wind,wind_storage,2055,0.35
Middle East,electricity,wind,wind_storage,2060,0.35
Middle East,electricity,wind,wind_storage,2065,0.35
Middle East,electricity,wind,wind_storage,2070,0.35
Middle East,electricity,wind,wind_storage,2075,0.35
Middle East,electricity,wind,wind_storage,2080,0.35
Middle East,electricity,wind,wind_storage,2085,0.35
Middle East,electricity,wind,wind_storage,2090,0.35
Middle East,electricity,wind,wind_storage,2095,0.35
Middle East,electricity,wind,wind_storage,2100,0.35
Pakistan,electricity,wind,wind_storage,1975,0.35
Pakistan,electricity,wind,wind_storage,1990,0.35
Pakistan,electricity,wind,wind_storage,2005,0.35
Pakistan,electricity,wind,wind_storage,2010,0.35
Pakistan,electricity,wind,wind_storage,2015,0.35
Pakistan,electricity,wind,wind_storage,2021,0.35
Pakistan,electricity,wind,wind_storage,2025,0.35
Pakistan,electricity,wind,wind_storage,2030,0.35
Pakistan,electricity,wind,wind_storage,2035,0.35
Pakistan,electricity,wind,wind_storage,2040,0.35
Pakistan,electricity,wind,wind_storage,2045,0.35
Pakistan,electricity,wind,wind_storage,2050,0.35
Pakistan,electricity,wind,wind_storage,2055,0.35
Pakistan,electricity,wind,wind_storage,2060,0.35
Pakistan,electricity,wind,wind_storage,2065,0.35
Pakistan,electricity,wind,wind_storage,2070,0.35
Pakistan,electricity,wind,wind_storage,2075,0.35
Pakistan,electricity,wind,wind_storage,2080,0.35
Pakistan,electricity,wind,wind_storage,2085,0.35
Pakistan,electricity,wind,wind_storage,2090,0.35
Pakistan,electricity,wind,wind_storage,2095,0.35
Pakistan,electricity,wind,wind_storage,2100,0.35
Russia,electricity,wind,wind_storage,1975,0.37
Russia,electricity,wind,wind_storage,1990,0.37
Russia,electricity,wind,wind_storage,2005,0.37
Russia,electricity,wind,wind_storage,2010,0.37
Russia,electricity,wind,wind_storage,2015,0.37
Russia,electricity,wind,wind_storage,2021,0.37
Russia,electricity,wind,wind_storage,2025,0.37
Russia,electricity,wind,wind_storage,2030,0.37
Russia,electricity,wind,wind_storage,2035,0.37
Russia,electricity,wind,wind_storage,2040,0.37
Russia,electricity,wind,wind_storage,2045,0.37
Russia,electricity,wind,wind_storage,2050,0.37
Russia,electricity,wind,wind_storage,2055,0.37
Russia,electricity,wind,wind_storage,2060,0.37
Russia,electricity,wind,wind_storage,2065,0.37
Russia,electricity,wind,wind_storage,2070,0.37
Russia,electricity,wind,wind_storage,2075,0.37
Russia,electricity,wind,wind_storage,2080,0.37
Russia,electricity,wind,wind_storage,2085,0.37
Russia,electricity,wind,wind_storage,2090,0.37
Russia,electricity,wind,wind_storage,2095,0.37
Russia,electricity,wind,wind_storage,2100,0.37
South Africa,electricity,wind,wind_storage,1975,0.36
South Africa,electricity,wind,wind_storage,1990,0.36
South Africa,electricity,wind,wind_storage,2005,0.36
South Africa,electricity,wind,wind_storage,2010,0.36
South Africa,electricity,wind,wind_storage,2015,0.36
South Africa,electricity,wind,wind_storage,2021,0.36
South Africa,electricity,wind,wind_storage,2025,0.36
South Africa,electricity,wind,wind_storage,2030,0.36
South Africa,electricity,wind,wind_storage,2035,0.36
South Africa,electricity,wind,wind_storage,2040,0.36
South Africa,electricity,wind,wind_storage,2045,0.36
South Africa,electricity,wind,wind_storage,2050,0.36
South Africa,electricity,wind,wind_storage,2055,0.36
South Africa,electricity,wind,wind_storage,2060,0.36
South Africa,electricity,wind,wind_storage,2065,0.36
South Africa,electricity,wind,wind_storage,2070,0.36
South Africa,electricity,wind,wind_storage,2075,0.36
South Africa,electricity,wind,wind_storage,2080,0.36
South Africa,electricity,wind,wind_storage,2085,0.36
South Africa,electricity,wind,wind_storage,2090,0.36
South Africa,electricity,wind,wind_storage,2095,0.36
South Africa,electricity,wind,wind_storage,2100,0.36
South America_Northern,electricity,wind,wind_storage,1975,0.35
South America_Northern,electricity,wind,wind_storage,1990,0.35
South America_Northern,electricity,wind,wind_storage,2005,0.35
South America_Northern,electricity,wind,wind_storage,2010,0.35
South America_Northern,electricity,wind,wind_storage,2015,0.35
South America_Northern,electricity,wind,wind_storage,2021,0.35
South America_Northern,electricity,wind,wind_storage,2025,0.35
South America_Northern,electricity,wind,wind_storage,2030,0.35
South America_Northern,electricity,wind,wind_storage,2035,0.35
South America_Northern,electricity,wind,wind_storage,2040,0.35
South America_Northern,electricity,wind,wind_storage,2045,0.35
South America_Northern,electricity,wind,wind_storage,2050,0.35
South America_Northern,electricity,wind,wind_storage,2055,0.35
South America_Northern,electricity,wind,wind_storage,2060,0.35
South America_Northern,electricity,wind,wind_storage,2065,0.35
South America_Northern,electricity,wind,wind_storage,2070,0.35
South America_Northern,electricity,wind,wind_storage,2075,0.35
South America_Northern,electricity,wind,wind_storage,2080,0.35
South America_Northern,electricity,wind,wind_storage,2085,0.35
South America_Northern,electricity,wind,wind_storage,2090,0.35
South America_Northern,electricity,wind,wind_storage,2095,0.35
South America_Northern,electricity,wind,wind_storage,2100,0.35
South America_Southern,electricity,wind,wind_storage,1975,0.36
South America_Southern,electricity,wind,wind_storage,1990,0.36
South America_Southern,electricity,wind,wind_storage,2005,0.36
South America_Southern,electricity,wind,wind_storage,2010,0.36
South America_Southern,electricity,wind,wind_storage,2015,0.36
South America_Southern,electricity,wind,wind_storage,2021,0.36
South America_Southern,electricity,wind,wind_storage,2025,0.36
South America_Southern,electricity,wind,wind_storage,2030,0.36
South America_Southern,electricity,wind,wind_storage,2035,0.36
South America_Southern,electricity,wind,wind_storage,2040,0.36
South America_Southern,electricity,wind,wind_storage,2045,0.36
South America_Southern,electricity,wind,wind_storage,2050,0.36
South America_Southern,electricity,wind,wind_storage,2055,0.36
South America_Southern,electricity,wind,wind_storage,2060,0.36
South America_Southern,electricity,wind,wind_storage,2065,0.36
South America_Southern,electricity,wind,wind_storage,2070,0.36
South America_Southern,electricity,wind,wind_storage,2075,0.36
South America_Southern,electricity,wind,wind_storage,2080,0.36
South America_Southern,electricity,wind,wind_storage,2085,0.36
South America_Southern,electricity,wind,wind_storage,2090,0.36
South America_Southern,electricity,wind,wind_storage,2095,0.36
South America_Southern,electricity,wind,wind_storage,2100,0.36
South Asia,electricity,wind,wind_storage,1975,0.35
South Asia,electricity,wind,wind_storage,1990,0.35
South Asia,electricity,wind,wind_storage,2005,0.35
South Asia,electricity,wind,wind_storage,2010,0.35
South Asia,electricity,wind,wind_storage,2015,0.35
South Asia,electricity,wind,wind_storage,2021,0.35
South Asia,electricity,wind,wind_storage,2025,0.35
South Asia,electricity,wind,wind_storage,2030,0.35
South Asia,electricity,wind,wind_storage,2035,0.35
South Asia,electricity,wind,wind_storage,2040,0.35
South Asia,electricity,wind,wind_storage,2045,0.35
South Asia,electricity,wind,wind_storage,2050,0.35
South Asia,electricity,wind,wind_storage,2055,0.35
South Asia,electricity,wind,wind_storage,2060,0.35
South Asia,electricity,wind,wind_storage,2065,0.35
South Asia,electricity,wind,wind_storage,2070,0.35
South Asia,electricity,wind,wind_storage,2075,0.35
South Asia,electricity,wind,wind_storage,2080,0.35
South Asia,electricity,wind,wind_storage,2085,0.35
South Asia,electricity,wind,wind_storage,2090,0.35
South Asia,electricity,wind,wind_storage,2095,0.35
South Asia,electricity,wind,wind_storage,2100,0.35
South Korea,electricity,wind,wind_storage,1975,0.29
South Korea,electricity,wind,wind_storage,1990,0.29
South Korea,electricity,wind,wind_storage,2005,0.29
South Korea,electricity,wind,wind_storage,2010,0.29
South Korea,electricity,wind,wind_storage,2015,0.29
South Korea,electricity,wind,wind_storage,2021,0.29
South Korea,electricity,wind,wind_storage,2025,0.29
South Korea,electricity,wind,wind_storage,2030,0.29
South Korea,electricity,wind,wind_storage,2035,0.29
South Korea,electricity,wind,wind_storage,2040,0.29
South Korea,electricity,wind,wind_storage,2045,0.29
South Korea,electricity,wind,wind_storage,2050,0.29
South Korea,electricity,wind,wind_storage,2055,0.29
South Korea,electricity,wind,wind_storage,2060,0.29
South Korea,electricity,wind,wind_storage,2065,0.29
South Korea,electricity,wind,wind_storage,2070,0.29
South Korea,electricity,wind,wind_storage,2075,0.29
South Korea,electricity,wind,wind_storage,2080,0.29
South Korea,electricity,wind,wind_storage,2085,0.29
South Korea,electricity,wind,wind_storage,2090,0.29
South Korea,electricity,wind,wind_storage,2095,0.29
South Korea,electricity,wind,wind_storage,2100,0.29
Southeast Asia,electricity,wind,wind_storage,1975,0.35
Southeast Asia,electricity,wind,wind_storage,1990,0.35
Southeast Asia,electricity,wind,wind_storage,2005,0.35
Southeast Asia,electricity,wind,wind_storage,2010,0.35
Southeast Asia,electricity,wind,wind_storage,2015,0.35
Southeast Asia,electricity,wind,wind_storage,2021,0.35
Southeast Asia,electricity,wind,wind_storage,2025,0.35
Southeast Asia,electricity,wind,wind_storage,2030,0.35
Southeast Asia,electricity,wind,wind_storage,2035,0.35
Southeast Asia,electricity,wind,wind_storage,2040,0.35
Southeast Asia,electricity,wind,wind_storage,2045,0.35
Southeast Asia,electricity,wind,wind_storage,2050,0.35
Southeast Asia,electricity,wind,wind_storage,2055,0.35
Southeast Asia,electricity,wind,wind_storage,2060,0.35
Southeast Asia,electricity,wind,wind_storage,2065,0.35
Southeast Asia,electricity,wind,wind_storage,2070,0.35
Southeast Asia,electricity,wind,wind_storage,2075,0.35
Southeast Asia,electricity,wind,wind_storage,2080,0.35
Southeast Asia,electricity,wind,wind_storage,2085,0.35
Southeast Asia,electricity,wind,wind_storage,2090,0.35
Southeast Asia,electricity,wind,wind_storage,2095,0.35
Southeast Asia,electricity,wind,wind_storage,2100,0.35
Taiwan,electricity,wind,wind_storage,1975,0.31
Taiwan,electricity,wind,wind_storage,1990,0.31
Taiwan,electricity,wind,wind_storage,2005,0.31
Taiwan,electricity,wind,wind_storage,2010,0.31
Taiwan,electricity,wind,wind_storage,2015,0.31
Taiwan,electricity,wind,wind_storage,2021,0.31
Taiwan,electricity,wind,wind_storage,2025,0.31
Taiwan,electricity,wind,wind_storage,2030,0.31
Taiwan,electricity,wind,wind_storage,2035,0.31
Taiwan,electricity,wind,wind_storage,2040,0.31
Taiwan,electricity,wind,wind_storage,2045,0.31
Taiwan,electricity,wind,wind_storage,2050,0.31
Taiwan,electricity,wind,wind_storage,2055,0.31
Taiwan,electricity,wind,wind_storage,2060,0.31
Taiwan,electricity,wind,wind_storage,2065,0.31
Taiwan,electricity,wind,wind_storage,2070,0.31
Taiwan,electricity,wind,wind_storage,2075,0.31
Taiwan,electricity,wind,wind_storage,2080,0.31
Taiwan,electricity,wind,wind_storage,2085,0.31
Taiwan,electricity,wind,wind_storage,2090,0.31
Taiwan,electricity,wind,wind_storage,2095,0.31
Taiwan,electricity,wind,wind_storage,2100,0.31
Argentina,electricity,wind,wind_storage,1975,0.36
Argentina,electricity,wind,wind_storage,1990,0.36
Argentina,electricity,wind,wind_storage,2005,0.36
Argentina,electricity,wind,wind_storage,2010,0.36
Argentina,electricity,wind,wind_storage,2015,0.36
Argentina,electricity,wind,wind_storage,2021,0.36
Argentina,electricity,wind,wind_storage,2025,0.36
Argentina,electricity,wind,wind_storage,2030,0.36
Argentina,electricity,wind,wind_storage,2035,0.36
Argentina,electricity,wind,wind_storage,2040,0.36
Argentina,electricity,wind,wind_storage,2045,0.36
Argentina,electricity,wind,wind_storage,2050,0.36
Argentina,electricity,wind,wind_storage,2055,0.36
Argentina,electricity,wind,wind_storage,2060,0.36
Argentina,electricity,wind,wind_storage,2065,0.36
Argentina,electricity,wind,wind_storage,2070,0.36
Argentina,electricity,wind,wind_storage,2075,0.36
Argentina,electricity,wind,wind_storage,2080,0.36
Argentina,electricity,wind,wind_storage,2085,0.36
Argentina,electricity,wind,wind_storage,2090,0.36
Argentina,electricity,wind,wind_storage,2095,0.36
Argentina,electricity,wind,wind_storage,2100,0.36
Colombia,electricity,wind,wind_storage,1975,0.32
Colombia,electricity,wind,wind_storage,1990,0.32
Colombia,electricity,wind,wind_storage,2005,0.32
Colombia,electricity,wind,wind_storage,2010,0.32
Colombia,electricity,wind,wind_storage,2015,0.32
Colombia,electricity,wind,wind_storage,2021,0.32
Colombia,electricity,wind,wind_storage,2025,0.32
Colombia,electricity,wind,wind_storage,2030,0.32
Colombia,electricity,wind,wind_storage,2035,0.32
Colombia,electricity,wind,wind_storage,2040,0.32
Colombia,electricity,wind,wind_storage,2045,0.32
Colombia,electricity,wind,wind_storage,2050,0.32
Colombia,electricity,wind,wind_storage,2055,0.32
Colombia,electricity,wind,wind_storage,2060,0.32
Colombia,electricity,wind,wind_storage,2065,0.32
Colombia,electricity,wind,wind_storage,2070,0.32
Colombia,electricity,wind,wind_storage,2075,0.32
Colombia,electricity,wind,wind_storage,2080,0.32
Colombia,electricity,wind,wind_storage,2085,0.32
Colombia,electricity,wind,wind_storage,2090,0.32
Colombia,electricity,wind,wind_storage,2095,0.32
Colombia,electricity,wind,wind_storage,2100,0.32
USA,electricity,wind,wind,1975,0.37
USA,electricity,wind,wind,1990,0.37
USA,electricity,wind,wind,2005,0.37
USA,electricity,wind,wind,2010,0.37
USA,electricity,wind,wind,2015,0.37
USA,electricity,wind,wind,2021,0.37
USA,electricity,wind,wind,2025,0.37
USA,electricity,wind,wind,2030,0.37
USA,electricity,wind,wind,2035,0.37
USA,electricity,wind,wind,2040,0.37
USA,electricity,wind,wind,2045,0.37
USA,electricity,wind,wind,2050,0.37
USA,electricity,wind,wind,2055,0.37
USA,electricity,wind,wind,2060,0.37
USA,electricity,wind,wind,2065,0.37
USA,electricity,wind,wind,2070,0.37
USA,electricity,wind,wind,2075,0.37
USA,electricity,wind,wind,2080,0.37
USA,electricity,wind,wind,2085,0.37
USA,electricity,wind,wind,2090,0.37
USA,electricity,wind,wind,2095,0.37
USA,electricity,wind,wind,2100,0.37
Africa_Eastern,electricity,wind,wind,1975,0.34
Africa_Eastern,electricity,wind,wind,1990,0.34
Africa_Eastern,electricity,wind,wind,2005,0.34
Africa_Eastern,electricity,wind,wind,2010,0.34
Africa_Eastern,electricity,wind,wind,2015,0.34
Africa_Eastern,electricity,wind,wind,2021,0.34
Africa_Eastern,electricity,wind,wind,2025,0.34
Africa_Eastern,electricity,wind,wind,2030,0.34
Africa_Eastern,electricity,wind,wind,2035,0.34
Africa_Eastern,electricity,wind,wind,2040,0.34
Africa_Eastern,electricity,wind,wind,2045,0.34
Africa_Eastern,electricity,wind,wind,2050,0.34
Africa_Eastern,electricity,wind,wind,2055,0.34
Africa_Eastern,electricity,wind,wind,2060,0.34
Africa_Eastern,electricity,wind,wind,2065,0.34
Africa_Eastern,electricity,wind,wind,2070,0.34
Africa_Eastern,electricity,wind,wind,2075,0.34
Africa_Eastern,electricity,wind,wind,2080,0.34
Africa_Eastern,electricity,wind,wind,2085,0.34
Africa_Eastern,electricity,wind,wind,2090,0.34
Africa_Eastern,electricity,wind,wind,2095,0.34
Africa_Eastern,electricity,wind,wind,2100,0.34
Africa_Northern,electricity,wind,wind,1975,0.37
Africa_Northern,electricity,wind,wind,1990,0.37
Africa_Northern,electricity,wind,wind,2005,0.37
Africa_Northern,electricity,wind,wind,2010,0.37
Africa_Northern,electricity,wind,wind,2015,0.37
Africa_Northern,electricity,wind,wind,2021,0.37
Africa_Northern,electricity,wind,wind,2025,0.37
Africa_Northern,electricity,wind,wind,2030,0.37
Africa_Northern,electricity,wind,wind,2035,0.37
Africa_Northern,electricity,wind,wind,2040,0.37
Africa_Northern,electricity,wind,wind,2045,0.37
Africa_Northern,electricity,wind,wind,2050,0.37
Africa_Northern,electricity,wind,wind,2055,0.37
Africa_Northern,electricity,wind,wind,2060,0.37
Africa_Northern,electricity,wind,wind,2065,0.37
Africa_Northern,electricity,wind,wind,2070,0.37
Africa_Northern,electricity,wind,wind,2075,0.37
Africa_Northern,electricity,wind,wind,2080,0.37
Africa_Northern,electricity,wind,wind,2085,0.37
Africa_Northern,electricity,wind,wind,2090,0.37
Africa_Northern,electricity,wind,wind,2095,0.37
Africa_Northern,electricity,wind,wind,2100,0.37
Africa_Southern,electricity,wind,wind,1975,0.28
Africa_Southern,electricity,wind,wind,1990,0.28
Africa_Southern,electricity,wind,wind,2005,0.28
Africa_Southern,electricity,wind,wind,2010,0.28
Africa_Southern,electricity,wind,wind,2015,0.28
Africa_Southern,electricity,wind,wind,2021,0.28
Africa_Southern,electricity,wind,wind,2025,0.28
Africa_Southern,electricity,wind,wind,2030,0.28
Africa_Southern,electricity,wind,wind,2035,0.28
Africa_Southern,electricity,wind,wind,2040,0.28
Africa_Southern,electricity,wind,wind,2045,0.28
Africa_Southern,electricity,wind,wind,2050,0.28
Africa_Southern,electricity,wind,wind,2055,0.28
Africa_Southern,electricity,wind,wind,2060,0.28
Africa_Southern,electricity,wind,wind,2065,0.28
Africa_Southern,electricity,wind,wind,2070,0.28
Africa_Southern,electricity,wind,wind,2075,0.28
Africa_Southern,electricity,wind,wind,2080,0.28
Africa_Southern,electricity,wind,wind,2085,0.28
Africa_Southern,electricity,wind,wind,2090,0.28
Africa_Southern,electricity,wind,wind,2095,0.28
Africa_Southern,electricity,wind,wind,2100,0.28
Africa_Western,electricity,wind,wind,1975,0.34
Africa_Western,electricity,wind,wind,1990,0.34
Africa_Western,electricity,wind,wind,2005,0.34
Africa_Western,electricity,wind,wind,2010,0.34
Africa_Western,electricity,wind,wind,2015,0.34
Africa_Western,electricity,wind,wind,2021,0.34
Africa_Western,electricity,wind,wind,2025,0.34
Africa_Western,electricity,wind,wind,2030,0.34
Africa_Western,electricity,wind,wind,2035,0.34
Africa_Western,electricity,wind,wind,2040,0.34
Africa_Western,electricity,wind,wind,2045,0.34
Africa_Western,electricity,wind,wind,2050,0.34
Africa_Western,electricity,wind,wind,2055,0.34
Africa_Western,electricity,wind,wind,2060,0.34
Africa_Western,electricity,wind,wind,2065,0.34
Africa_Western,electricity,wind,wind,2070,0.34
Africa_Western,electricity,wind,wind,2075,0.34
Africa_Western,electricity,wind,wind,2080,0.34
Africa_Western,electricity,wind,wind,2085,0.34
Africa_Western,electricity,wind,wind,2090,0.34
Africa_Western,electricity,wind,wind,2095,0.34
Africa_Western,electricity,wind,wind,2100,0.34
Australia_NZ,electricity,wind,wind,1975,0.37
Australia_NZ,electricity,wind,wind,1990,0.37
Australia_NZ,electricity,wind,wind,2005,0.37
Australia_NZ,electricity,wind,wind,2010,0.37
Australia_NZ,electricity,wind,wind,2015,0.37
Australia_NZ,electricity,wind,wind,2021,0.37
Australia_NZ,electricity,wind,wind,2025,0.37
Australia_NZ,electricity,wind,wind,2030,0.37
Australia_NZ,electricity,wind,wind,2035,0.37
Australia_NZ,electricity,wind,wind,2040,0.37
Australia_NZ,electricity,wind,wind,2045,0.37
Australia_NZ,electricity,wind,wind,2050,0.37
Australia_NZ,electricity,wind,wind,2055,0.37
Australia_NZ,electricity,wind,wind,2060,0.37
Australia_NZ,electricity,wind,wind,2065,0.37
Australia_NZ,electricity,wind,wind,2070,0.37
Australia_NZ,electricity,wind,wind,2075,0.37
Australia_NZ,electricity,wind,wind,2080,0.37
Australia_NZ,electricity,wind,wind,2085,0.37
Australia_NZ,electricity,wind,wind,2090,0.37
Australia_NZ,electricity,wind,wind,2095,0.37
Australia_NZ,electricity,wind,wind,2100,0.37
Brazil,electricity,wind,wind,1975,0.34
Brazil,electricity,wind,wind,1990,0.34
Brazil,electricity,wind,wind,2005,0.34
Brazil,electricity,wind,wind,2010,0.34
Brazil,electricity,wind,wind,2015,0.34
Brazil,electricity,wind,wind,2021,0.34
Brazil,electricity,wind,wind,2025,0.34
Brazil,electricity,wind,wind,2030,0.34
Brazil,electricity,wind,wind,2035,0.34
Brazil,electricity,wind,wind,2040,0.34
Brazil,electricity,wind,wind,2045,0.34
Brazil,electricity,wind,wind,2050,0.34
Brazil,electricity,wind,wind,2055,0.34
Brazil,electricity,wind,wind,2060,0.34
Brazil,electricity,wind,wind,2065,0.34
Brazil,electricity,wind,wind,2070,0.34
Brazil,electricity,wind,wind,2075,0.34
Brazil,electricity,wind,wind,2080,0.34
Brazil,electricity,wind,wind,2085,0.34
Brazil,electricity,wind,wind,2090,0.34
Brazil,electricity,wind,wind,2095,0.34
Brazil,electricity,wind,wind,2100,0.34
Canada,electricity,wind,wind,1975,0.37
Canada,electricity,wind,wind,1990,0.37
Canada,electricity,wind,wind,2005,0.37
Canada,electricity,wind,wind,2010,0.37
Canada,electricity,wind,wind,2015,0.37
Canada,electricity,wind,wind,2021,0.37
Canada,electricity,wind,wind,2025,0.37
Canada,electricity,wind,wind,2030,0.37
Canada,electricity,wind,wind,2035,0.37
Canada,electricity,wind,wind,2040,0.37
Canada,electricity,wind,wind,2045,0.37
Canada,electricity,wind,wind,2050,0.37
Canada,electricity,wind,wind,2055,0.37
Canada,electricity,wind,wind,2060,0.37
Canada,electricity,wind,wind,2065,0.37
Canada,electricity,wind,wind,2070,0.37
Canada,electricity,wind,wind,2075,0.37
Canada,electricity,wind,wind,2080,0.37
Canada,electricity,wind,wind,2085,0.37
Canada,electricity,wind,wind,2090,0.37
Canada,electricity,wind,wind,2095,0.37
Canada,electricity,wind,wind,2100,0.37
Central America and Caribbean,electricity,wind,wind,1975,0.37
Central America and Caribbean,electricity,wind,wind,1990,0.37
Central America and Caribbean,electricity,wind,wind,2005,0.37
Central America and Caribbean,electricity,wind,wind,2010,0.37
Central America and Caribbean,electricity,wind,wind,2015,0.37
Central America and Caribbean,electricity,wind,wind,2021,0.37
Central America and Caribbean,electricity,wind,wind,2025,0.37
Central America and Caribbean,electricity,wind,wind,2030,0.37
Central America and Caribbean,electricity,wind,wind,2035,0.37
Central America and Caribbean,electricity,wind,wind,2040,0.37
Central America and Caribbean,electricity,wind,wind,2045,0.37
Central America and Caribbean,electricity,wind,wind,2050,0.37
Central America and Caribbean,electricity,wind,wind,2055,0.37
Central America and Caribbean,electricity,wind,wind,2060,0.37
Central America and Caribbean,electricity,wind,wind,2065,0.37
Central America and Caribbean,electricity,wind,wind,2070,0.37
Central America and Caribbean,electricity,wind,wind,2075,0.37
Central America and Caribbean,electricity,wind,wind,2080,0.37
Central America and Caribbean,electricity,wind,wind,2085,0.37
Central America and Caribbean,electricity,wind,wind,2090,0.37
Central America and Caribbean,electricity,wind,wind,2095,0.37
Central America and Caribbean,electricity,wind,wind,2100,0.37
Central Asia,electricity,wind,wind,1975,0.35
Central Asia,electricity,wind,wind,1990,0.35
Central Asia,electricity,wind,wind,2005,0.35
Central Asia,electricity,wind,wind,2010,0.35
Central Asia,electricity,wind,wind,2015,0.35
Central Asia,electricity,wind,wind,2021,0.35
Central Asia,electricity,wind,wind,2025,0.35
Central Asia,electricity,wind,wind,2030,0.35
Central Asia,electricity,wind,wind,2035,0.35
Central Asia,electricity,wind,wind,2040,0.35
Central Asia,electricity,wind,wind,2045,0.35
Central Asia,electricity,wind,wind,2050,0.35
Central Asia,electricity,wind,wind,2055,0.35
Central Asia,electricity,wind,wind,2060,0.35
Central Asia,electricity,wind,wind,2065,0.35
Central Asia,electricity,wind,wind,2070,0.35
Central Asia,electricity,wind,wind,2075,0.35
Central Asia,electricity,wind,wind,2080,0.35
Central Asia,electricity,wind,wind,2085,0.35
Central Asia,electricity,wind,wind,2090,0.35
Central Asia,electricity,wind,wind,2095,0.35
Central Asia,electricity,wind,wind,2100,0.35
China,electricity,wind,wind,1975,0.37
China,electricity,wind,wind,1990,0.37
China,electricity,wind,wind,2005,0.37
China,electricity,wind,wind,2010,0.37
China,electricity,wind,wind,2015,0.37
China,electricity,wind,wind,2021,0.37
China,electricity,wind,wind,2025,0.37
China,electricity,wind,wind,2030,0.37
China,electricity,wind,wind,2035,0.37
China,electricity,wind,wind,2040,0.37
China,electricity,wind,wind,2045,0.37
China,electricity,wind,wind,2050,0.37
China,electricity,wind,wind,2055,0.37
China,electricity,wind,wind,2060,0.37
China,electricity,wind,wind,2065,0.37
China,electricity,wind,wind,2070,0.37
China,electricity,wind,wind,2075,0.37
China,electricity,wind,wind,2080,0.37
China,electricity,wind,wind,2085,0.37
China,electricity,wind,wind,2090,0.37
China,electricity,wind,wind,2095,0.37
China,electricity,wind,wind,2100,0.37
EU-12,electricity,wind,wind,1975,0.36
EU-12,electricity,wind,wind,1990,0.36
EU-12,electricity,wind,wind,2005,0.36
EU-12,electricity,wind,wind,2010,0.36
EU-12,electricity,wind,wind,2015,0.36
EU-12,electricity,wind,wind,2021,0.36
EU-12,electricity,wind,wind,2025,0.36
EU-12,electricity,wind,wind,2030,0.36
EU-12,electricity,wind,wind,2035,0.36
EU-12,electricity,wind,wind,2040,0.36
EU-12,electricity,wind,wind,2045,0.36
EU-12,electricity,wind,wind,2050,0.36
EU-12,electricity,wind,wind,2055,0.36
EU-12,electricity,wind,wind,2060,0.36
EU-12,electricity,wind,wind,2065,0.36
EU-12,electricity,wind,wind,2070,0.36
EU-12,electricity,wind,wind,2075,0.36
EU-12,electricity,wind,wind,2080,0.36
EU-12,electricity,wind,wind,2085,0.36
EU-12,electricity,wind,wind,2090,0.36
EU-12,electricity,wind,wind,2095,0.36
EU-12,electricity,wind,wind,2100,0.36
EU-15,electricity,wind,wind,1975,0.37
EU-15,electricity,wind,wind,1990,0.37
EU-15,electricity,wind,wind,2005,0.37
EU-15,electricity,wind,wind,2010,0.37
EU-15,electricity,wind,wind,2015,0.37
EU-15,electricity,wind,wind,2021,0.37
EU-15,electricity,wind,wind,2025,0.37
EU-15,electricity,wind,wind,2030,0.37
EU-15,electricity,wind,wind,2035,0.37
EU-15,electricity,wind,wind,2040,0.37
EU-15,electricity,wind,wind,2045,0.37
EU-15,electricity,wind,wind,2050,0.37
EU-15,electricity,wind,wind,2055,0.37
EU-15,electricity,wind,wind,2060,0.37
EU-15,electricity,wind,wind,2065,0.37
EU-15,electricity,wind,wind,2070,0.37
EU-15,electricity,wind,wind,2075,0.37
EU-15,electricity,wind,wind,2080,0.37
EU-15,electricity,wind,wind,2085,0.37
EU-15,electricity,wind,wind,2090,0.37
EU-15,electricity,wind,wind,2095,0.37
EU-15,electricity,wind,wind,2100,0.37
Ukraine,electricity,wind,wind,1975,0.34
Ukraine,electricity,wind,wind,1990,0.34
Ukraine,electricity,wind,wind,2005,0.34
Ukraine,electricity,wind,wind,2010,0.34
Ukraine,electricity,wind,wind,2015,0.34
Ukraine,electricity,wind,wind,2021,0.34
Ukraine,electricity,wind,wind,2025,0.34
Ukraine,electricity,wind,wind,2030,0.34
Ukraine,electricity,wind,wind,2035,0.34
Ukraine,electricity,wind,wind,2040,0.34
Ukraine,electricity,wind,wind,2045,0.34
Ukraine,electricity,wind,wind,2050,0.34
Ukraine,electricity,wind,wind,2055,0.34
Ukraine,electricity,wind,wind,2060,0.34
Ukraine,electricity,wind,wind,2065,0.34
Ukraine,electricity,wind,wind,2070,0.34
Ukraine,electricity,wind,wind,2075,0.34
Ukraine,electricity,wind,wind,2080,0.34
Ukraine,electricity,wind,wind,2085,0.34
Ukraine,electricity,wind,wind,2090,0.34
Ukraine,electricity,wind,wind,2095,0.34
Ukraine,electricity,wind,wind,2100,0.34
Europe_Non_EU,electricity,wind,wind,1975,0.36
Europe_Non_EU,electricity,wind,wind,1990,0.36
Europe_Non_EU,electricity,wind,wind,2005,0.36
Europe_Non_EU,electricity,wind,wind,2010,0.36
Europe_Non_EU,electricity,wind,wind,2015,0.36
Europe_Non_EU,electricity,wind,wind,2021,0.36
Europe_Non_EU,electricity,wind,wind,2025,0.36
Europe_Non_EU,electricity,wind,wind,2030,0.36
Europe_Non_EU,electricity,wind,wind,2035,0.36
Europe_Non_EU,electricity,wind,wind,2040,0.36
Europe_Non_EU,electricity,wind,wind,2045,0.36
Europe_Non_EU,electricity,wind,wind,2050,0.36
Europe_Non_EU,electricity,wind,wind,2055,0.36
Europe_Non_EU,electricity,wind,wind,2060,0.36
Europe_Non_EU,electricity,wind,wind,2065,0.36
Europe_Non_EU,electricity,wind,wind,2070,0.36
Europe_Non_EU,electricity,wind,wind,2075,0.36
Europe_Non_EU,electricity,wind,wind,2080,0.36
Europe_Non_EU,electricity,wind,wind,2085,0.36
Europe_Non_EU,electricity,wind,wind,2090,0.36
Europe_Non_EU,electricity,wind,wind,2095,0.36
Europe_Non_EU,electricity,wind,wind,2100,0.36
European Free Trade Association,electricity,wind,wind,1975,0.37
European Free Trade Association,electricity,wind,wind,1990,0.37
European Free Trade Association,electricity,wind,wind,2005,0.37
European Free Trade Association,electricity,wind,wind,2010,0.37
European Free Trade Association,electricity,wind,wind,2015,0.37
European Free Trade Association,electricity,wind,wind,2021,0.37
European Free Trade Association,electricity,wind,wind,2025,0.37
European Free Trade Association,electricity,wind,wind,2030,0.37
European Free Trade Association,electricity,wind,wind,2035,0.37
European Free Trade Association,electricity,wind,wind,2040,0.37
European Free Trade Association,electricity,wind,wind,2045,0.37
European Free Trade Association,electricity,wind,wind,2050,0.37
European Free Trade Association,electricity,wind,wind,2055,0.37
European Free Trade Association,electricity,wind,wind,2060,0.37
European Free Trade Association,electricity,wind,wind,2065,0.37
European Free Trade Association,electricity,wind,wind,2070,0.37
European Free Trade Association,electricity,wind,wind,2075,0.37
European Free Trade Association,electricity,wind,wind,2080,0.37
European Free Trade Association,electricity,wind,wind,2085,0.37
European Free Trade Association,electricity,wind,wind,2090,0.37
European Free Trade Association,electricity,wind,wind,2095,0.37
European Free Trade Association,electricity,wind,wind,2100,0.37
India,electricity,wind,wind,1975,0.35
India,electricity,wind,wind,1990,0.35
India,electricity,wind,wind,2005,0.35
India,electricity,wind,wind,2010,0.35
India,electricity,wind,wind,2015,0.35
India,electricity,wind,wind,2021,0.35
India,electricity,wind,wind,2025,0.35
India,electricity,wind,wind,2030,0.35
India,electricity,wind,wind,2035,0.35
India,electricity,wind,wind,2040,0.35
India,electricity,wind,wind,2045,0.35
India,electricity,wind,wind,2050,0.35
India,electricity,wind,wind,2055,0.35
India,electricity,wind,wind,2060,0.35
India,electricity,wind,wind,2065,0.35
India,electricity,wind,wind,2070,0.35
India,electricity,wind,wind,2075,0.35
India,electricity,wind,wind,2080,0.35
India,electricity,wind,wind,2085,0.35
India,electricity,wind,wind,2090,0.35
India,electricity,wind,wind,2095,0.35
India,electricity,wind,wind,2100,0.35
Indonesia,electricity,wind,wind,1975,0.34
Indonesia,electricity,wind,wind,1990,0.34
Indonesia,electricity,wind,wind,2005,0.34
Indonesia,electricity,wind,wind,2010,0.34
Indonesia,electricity,wind,wind,2015,0.34
Indonesia,electricity,wind,wind,2021,0.34
Indonesia,electricity,wind,wind,2025,0.34
Indonesia,electricity,wind,wind,2030,0.34
Indonesia,electricity,wind,wind,2035,0.34
Indonesia,electricity,wind,wind,2040,0.34
Indonesia,electricity,wind,wind,2045,0.34
Indonesia,electricity,wind,wind,2050,0.34
Indonesia,electricity,wind,wind,2055,0.34
Indonesia,electricity,wind,wind,2060,0.34
Indonesia,electricity,wind,wind,2065,0.34
Indonesia,electricity,wind,wind,2070,0.34
Indonesia,electricity,wind,wind,2075,0.34
Indonesia,electricity,wind,wind,2080,0.34
Indonesia,electricity,wind,wind,2085,0.34
Indonesia,electricity,wind,wind,2090,0.34
Indonesia,electricity,wind,wind,2095,0.34
Indonesia,electricity,wind,wind,2100,0.34
Japan,electricity,wind,wind,1975,0.37
Japan,electricity,wind,wind,1990,0.37
Japan,electricity,wind,wind,2005,0.37
Japan,electricity,wind,wind,2010,0.37
Japan,electricity,wind,wind,2015,0.37
Japan,electricity,wind,wind,2021,0.37
Japan,electricity,wind,wind,2025,0.37
Japan,electricity,wind,wind,2030,0.37
Japan,electricity,wind,wind,2035,0.37
Japan,electricity,wind,wind,2040,0.37
Japan,electricity,wind,wind,2045,0.37
Japan,electricity,wind,wind,2050,0.37
Japan,electricity,wind,wind,2055,0.37
Japan,electricity,wind,wind,2060,0.37
Japan,electricity,wind,wind,2065,0.37
Japan,electricity,wind,wind,2070,0.37
Japan,electricity,wind,wind,2075,0.37
Japan,electricity,wind,wind,2080,0.37
Japan,electricity,wind,wind,2085,0.37
Japan,electricity,wind,wind,2090,0.37
Japan,electricity,wind,wind,2095,0.37
Japan,electricity,wind,wind,2100,0.37
Mexico,electricity,wind,wind,1975,0.37
Mexico,electricity,wind,wind,1990,0.37
Mexico,electricity,wind,wind,2005,0.37
Mexico,electricity,wind,wind,2010,0.37
Mexico,electricity,wind,wind,2015,0.37
Mexico,electricity,wind,wind,2021,0.37
Mexico,electricity,wind,wind,2025,0.37
Mexico,electricity,wind,wind,2030,0.37
Mexico,electricity,wind,wind,2035,0.37
Mexico,electricity,wind,wind,2040,0.37
Mexico,electricity,wind,wind,2045,0.37
Mexico,electricity,wind,wind,2050,0.37
Mexico,electricity,wind,wind,2055,0.37
Mexico,electricity,wind,wind,2060,0.37
Mexico,electricity,wind,wind,2065,0.37
Mexico,electricity,wind,wind,2070,0.37
Mexico,electricity,wind,wind,2075,0.37
Mexico,electricity,wind,wind,2080,0.37
Mexico,electricity,wind,wind,2085,0.37
Mexico,electricity,wind,wind,2090,0.37
Mexico,electricity,wind,wind,2095,0.37
Mexico,electricity,wind,wind,2100,0.37
Middle East,electricity,wind,wind,1975,0.35
Middle East,electricity,wind,wind,1990,0.35
Middle East,electricity,wind,wind,2005,0.35
Middle East,electricity,wind,wind,2010,0.35
Middle East,electricity,wind,wind,2015,0.35
Middle East,electricity,wind,wind,2021,0.35
Middle East,electricity,wind,wind,2025,0.35
Middle East,electricity,wind,wind,2030,0.35
Middle East,electricity,wind,wind,2035,0.35
Middle East,electricity,wind,wind,2040,0.35
Middle East,electricity,wind,wind,2045,0.35
Middle East,electricity,wind,wind,2050,0.35
Middle East,electricity,wind,wind,2055,0.35
Middle East,electricity,wind,wind,2060,0.35
Middle East,electricity,wind,wind,2065,0.35
Middle East,electricity,wind,wind,2070,0.35
Middle East,electricity,wind,wind,2075,0.35
Middle East,electricity,wind,wind,2080,0.35
Middle East,electricity,wind,wind,2085,0.35
Middle East,electricity,wind,wind,2090,0.35
Middle East,electricity,wind,wind,2095,0.35
Middle East,electricity,wind,wind,2100,0.35
Pakistan,electricity,wind,wind,1975,0.35
Pakistan,electricity,wind,wind,1990,0.35
Pakistan,electricity,wind,wind,2005,0.35
Pakistan,electricity,wind,wind,2010,0.35
Pakistan,electricity,wind,wind,2015,0.35
Pakistan,electricity,wind,wind,2021,0.35
Pakistan,electricity,wind,wind,2025,0.35
Pakistan,electricity,wind,wind,2030,0.35
Pakistan,electricity,wind,wind,2035,0.35
Pakistan,electricity,wind,wind,2040,0.35
Pakistan,electricity,wind,wind,2045,0.35
Pakistan,electricity,wind,wind,2050,0.35
Pakistan,electricity,wind,wind,2055,0.35
Pakistan,electricity,wind,wind,2060,0.35
Pakistan,electricity,wind,wind,2065,0.35
Pakistan,electricity,wind,wind,2070,0.35
Pakistan,electricity,wind,wind,2075,0.35
Pakistan,electricity,wind,wind,2080,0.35
Pakistan,electricity,wind,wind,2085,0.35
Pakistan,electricity,wind,wind,2090,0.35
Pakistan,electricity,wind,wind,2095,0.35
Pakistan,electricity,wind,wind,2100,0.35
Russia,electricity,wind,wind,1975,0.37
Russia,electricity,wind,wind,1990,0.37
Russia,electricity,wind,wind,2005,0.37
Russia,electricity,wind,wind,2010,0.37
Russia,electricity,wind,wind,2015,0.37
Russia,electricity,wind,wind,2021,0.37
Russia,electricity,wind,wind,2025,0.37
Russia,electricity,wind,wind,2030,0.37
Russia,electricity,wind,wind,2035,0.37
Russia,electricity,wind,wind,2040,0.37
Russia,electricity,wind,wind,2045,0.37
Russia,electricity,wind,wind,2050,0.37
Russia,electricity,wind,wind,2055,0.37
Russia,electricity,wind,wind,2060,0.37
Russia,electricity,wind,wind,2065,0.37
Russia,electricity,wind,wind,2070,0.37
Russia,electricity,wind,wind,2075,0.37
Russia,electricity,wind,wind,2080,0.37
Russia,electricity,wind,wind,2085,0.37
Russia,electricity,wind,wind,2090,0.37
Russia,electricity,wind,wind,2095,0.37
Russia,electricity,wind,wind,2100,0.37
South Africa,electricity,wind,wind,1975,0.36
South Africa,electricity,wind,wind,1990,0.36
South Africa,electricity,wind,wind,2005,0.36
South Africa,electricity,wind,wind,2010,0.36
South Africa,electricity,wind,wind,2015,0.36
South Africa,electricity,wind,wind,2021,0.36
South Africa,electricity,wind,wind,2025,0.36
South Africa,electricity,wind,wind,2030,0.36
South Africa,electricity,wind,wind,2035,0.36
South Africa,electricity,wind,wind,2040,0.36
South Africa,electricity,wind,wind,2045,0.36
South Africa,electricity,wind,wind,2050,0.36
South Africa,electricity,wind,wind,2055,0.36
South Africa,electricity,wind,wind,2060,0.36
South Africa,electricity,wind,wind,2065,0.36
South Africa,electricity,wind,wind,2070,0.36
South Africa,electricity,wind,wind,2075,0.36
South Africa,electricity,wind,wind,2080,0.36
South Africa,electricity,wind,wind,2085,0.36
South Africa,electricity,wind,wind,2090,0.36
South Africa,electricity,wind,wind,2095,0.36
South Africa,electricity,wind,wind,2100,0.36
South America_Northern,electricity,wind,wind,1975,0.35
South America_Northern,electricity,wind,wind,1990,0.35
South America_Northern,electricity,wind,wind,2005,0.35
South America_Northern,electricity,wind,wind,2010,0.35
South America_Northern,electricity,wind,wind,2015,0.35
South America_Northern,electricity,wind,wind,2021,0.35
South America_Northern,electricity,wind,wind,2025,0.35
South America_Northern,electricity,wind,wind,2030,0.35
South America_Northern,electricity,wind,wind,2035,0.35
South America_Northern,electricity,wind,wind,2040,0.35
South America_Northern,electricity,wind,wind,2045,0.35
South America_Northern,electricity,wind,wind,2050,0.35
South America_Northern,electricity,wind,wind,2055,0.35
South America_Northern,electricity,wind,wind,2060,0.35
South America_Northern,electricity,wind,wind,2065,0.35
South America_Northern,electricity,wind,wind,2070,0.35
South America_Northern,electricity,wind,wind,2075,0.35
South America_Northern,electricity,wind,wind,2080,0.35
South America_Northern,electricity,wind,wind,2085,0.35
South America_Northern,electricity,wind,wind,2090,0.35
South America_Northern,electricity,wind,wind,2095,0.35
South America_Northern,electricity,wind,wind,2100,0.35
South America_Southern,electricity,wind,wind,1975,0.36
South America_Southern,electricity,wind,wind,1990,0.36
South America_Southern,electricity,wind,wind,2005,0.36
South America_Southern,electricity,wind,wind,2010,0.36
South America_Southern,electricity,wind,wind,2015,0.36
South America_Southern,electricity,wind,wind,2021,0.36
South America_Southern,electricity,wind,wind,2025,0.36
South America_Southern,electricity,wind,wind,2030,0.36
South America_Southern,electricity,wind,wind,2035,0.36
South America_Southern,electricity,wind,wind,2040,0.36
South America_Southern,electricity,wind,wind,2045,0.36
South America_Southern,electricity,wind,wind,2050,0.36
South America_Southern,electricity,wind,wind,2055,0.36
South America_Southern,electricity,wind,wind,2060,0.36
South America_Southern,electricity,wind,wind,2065,0.36
South America_Southern,electricity,wind,wind,2070,0.36
South America_Southern,electricity,wind,wind,2075,0.36
South America_Southern,electricity,wind,wind,2080,0.36
South America_Southern,electricity,wind,wind,2085,0.36
South America_Southern,electricity,wind,wind,2090,0.36
South America_Southern,electricity,wind,wind,2095,0.36
South America_Southern,electricity,wind,wind,2100,0.36
South Asia,electricity,wind,wind,1975,0.35
South Asia,electricity,wind,wind,1990,0.35
South Asia,electricity,wind,wind,2005,0.35
South Asia,electricity,wind,wind,2010,0.35
South Asia,electricity,wind,wind,2015,0.35
South Asia,electricity,wind,wind,2021,0.35
South Asia,electricity,wind,wind,2025,0.35
South Asia,electricity,wind,wind,2030,0.35
South Asia,electricity,wind,wind,2035,0.35
South Asia,electricity,wind,wind,2040,0.35
South Asia,electricity,wind,wind,2045,0.35
South Asia,electricity,wind,wind,2050,0.35
South Asia,electricity,wind,wind,2055,0.35
South Asia,electricity,wind,wind,2060,0.35
South Asia,electricity,wind,wind,2065,0.35
South Asia,electricity,wind,wind,2070,0.35
South Asia,electricity,wind,wind,2075,0.35
South Asia,electricity,wind,wind,2080,0.35
South Asia,electricity,wind,wind,2085,0.35
South Asia,electricity,wind,wind,2090,0.35
South Asia,electricity,wind,wind,2095,0.35
South Asia,electricity,wind,wind,2100,0.35
South Korea,electricity,wind,wind,1975,0.29
South Korea,electricity,wind,wind,1990,0.29
South Korea,electricity,wind,wind,2005,0.29
South Korea,electricity,wind,wind,2010,0.29
South Korea,electricity,wind,wind,2015,0.29
South Korea,electricity,wind,wind,2021,0.29
South Korea,electricity,wind,wind,2025,0.29
South Korea,electricity,wind,wind,2030,0.29
South Korea,electricity,wind,wind,2035,0.29
South Korea,electricity,wind,wind,2040,0.29
South Korea,electricity,wind,wind,2045,0.29
South Korea,electricity,wind,wind,2050,0.29
South Korea,electricity,wind,wind,2055,0.29
South Korea,electricity,wind,wind,2060,0.29
South Korea,electricity,wind,wind,2065,0.29
South Korea,electricity,wind,wind,2070,0.29
South Korea,electricity,wind,wind,2075,0.29
South Korea,electricity,wind,wind,2080,0.29
South Korea,electricity,wind,wind,2085,0.29
South Korea,electricity,wind,wind,2090,0.29
South Korea,electricity,wind,wind,2095,0.29
South Korea,electricity,wind,wind,2100,0.29
Southeast Asia,electricity,wind,wind,1975,0.35
Southeast Asia,electricity,wind,wind,1990,0.35
Southeast Asia,electricity,wind,wind,2005,0.35
Southeast Asia,electricity,wind,wind,2010,0.35
Southeast Asia,electricity,wind,wind,2015,0.35
Southeast Asia,electricity,wind,wind,2021,0.35
Southeast Asia,electricity,wind,wind,2025,0.35
Southeast Asia,electricity,wind,wind,2030,0.35
Southeast Asia,electricity,wind,wind,2035,0.35
Southeast Asia,electricity,wind,wind,2040,0.35
Southeast Asia,electricity,wind,wind,2045,0.35
Southeast Asia,electricity,wind,wind,2050,0.35
Southeast Asia,electricity,wind,wind,2055,0.35
Southeast Asia,electricity,wind,wind,2060,0.35
Southeast Asia,electricity,wind,wind,2065,0.35
Southeast Asia,electricity,wind,wind,2070,0.35
Southeast Asia,electricity,wind,wind,2075,0.35
Southeast Asia,electricity,wind,wind,2080,0.35
Southeast Asia,electricity,wind,wind,2085,0.35
Southeast Asia,electricity,wind,wind,2090,0.35
Southeast Asia,electricity,wind,wind,2095,0.35
Southeast Asia,electricity,wind,wind,2100,0.35
Taiwan,electricity,wind,wind,1975,0.31
Taiwan,electricity,wind,wind,1990,0.31
Taiwan,electricity,wind,wind,2005,0.31
Taiwan,electricity,wind,wind,2010,0.31
Taiwan,electricity,wind,wind,2015,0.31
Taiwan,electricity,wind,wind,2021,0.31
Taiwan,electricity,wind,wind,2025,0.31
Taiwan,electricity,wind,wind,2030,0.31
Taiwan,electricity,wind,wind,2035,0.31
Taiwan,electricity,wind,wind,2040,0.31
Taiwan,electricity,wind,wind,2045,0.31
Taiwan,electricity,wind,wind,2050,0.31
Taiwan,electricity,wind,wind,2055,0.31
Taiwan,electricity,wind,wind,2060,0.31
Taiwan,electricity,wind,wind,2065,0.31
Taiwan,electricity,wind,wind,2070,0.31
Taiwan,electricity,wind,wind,2075,0.31
Taiwan,electricity,wind,wind,2080,0.31
Taiwan,electricity,wind,wind,2085,0.31
Taiwan,electricity,wind,wind,2090,0.31
Taiwan,electricity,wind,wind,2095,0.31
Taiwan,electricity,wind,wind,2100,0.31
Argentina,electricity,wind,wind,1975,0.36
Argentina,electricity,wind,wind,1990,0.36
Argentina,electricity,wind,wind,2005,0.36
Argentina,electricity,wind,wind,2010,0.36
Argentina,electricity,wind,wind,2015,0.36
Argentina,electricity,wind,wind,2021,0.36
Argentina,electricity,wind,wind,2025,0.36
Argentina,electricity,wind,wind,2030,0.36
Argentina,electricity,wind,wind,2035,0.36
Argentina,electricity,wind,wind,2040,0.36
Argentina,electricity,wind,wind,2045,0.36
Argentina,electricity,wind,wind,2050,0.36
Argentina,electricity,wind,wind,2055,0.36
Argentina,electricity,wind,wind,2060,0.36
Argentina,electricity,wind,wind,2065,0.36
Argentina,electricity,wind,wind,2070,0.36
Argentina,electricity,wind,wind,2075,0.36
Argentina,electricity,wind,wind,2080,0.36
Argentina,electricity,wind,wind,2085,0.36
Argentina,electricity,wind,wind,2090,0.36
Argentina,electricity,wind,wind,2095,0.36
Argentina,electricity,wind,wind,2100,0.36
Colombia,electricity,wind,wind,1975,0.32
Colombia,electricity,wind,wind,1990,0.32
Colombia,electricity,wind,wind,2005,0.32
Colombia,electricity,wind,wind,2010,0.32
Colombia,electricity,wind,wind,2015,0.32
Colombia,electricity,wind,wind,2021,0.32
Colombia,electricity,wind,wind,2025,0.32
Colombia,electricity,wind,wind,2030,0.32
Colombia,electricity,wind,wind,2035,0.32
Colombia,electricity,wind,wind,2040,0.32
Colombia,electricity,wind,wind,2045,0.32
Colombia,electricity,wind,wind,2050,0.32
Colombia,electricity,wind,wind,2055,0.32
Colombia,electricity,wind,wind,2060,0.32
Colombia,electricity,wind,wind,2065,0.32
Colombia,electricity,wind,wind,2070,0.32
Colombia,electricity,wind,wind,2075,0.32
Colombia,electricity,wind,wind,2080,0.32
Colombia,electricity,wind,wind,2085,0.32
Colombia,electricity,wind,wind,2090,0.32
Colombia,electricity,wind,wind,2095,0.32
Colombia,electricity,wind,wind,2100,0.32
USA,elect_td_bld,rooftop_pv,rooftop_pv,1975,0.170000237384502
Africa_Eastern,elect_td_bld,rooftop_pv,rooftop_pv,1975,0.240008956466482
Africa_Northern,elect_td_bld,rooftop_pv,rooftop_pv,1975,0.238169122810797
Africa_Southern,elect_td_bld,rooftop_pv,rooftop_pv,1975,0.234210230758457
Africa_Western,elect_td_bld,rooftop_pv,rooftop_pv,1975,0.232534914799674
Australia_NZ,elect_td_bld,rooftop_pv,rooftop_pv,1975,0.231643404469772
Brazil,elect_td_bld,rooftop_pv,rooftop_pv,1975,0.209707320001716
Canada,elect_td_bld,rooftop_pv,rooftop_pv,1975,0.110313623628536
Central America and Caribbean,elect_td_bld,rooftop_pv,rooftop_pv,1975,0.213632345441722
Central Asia,elect_td_bld,rooftop_pv,rooftop_pv,1975,0.182474340754093
China,elect_td_bld,rooftop_pv,rooftop_pv,1975,0.203902275010568
EU-12,elect_td_bld,rooftop_pv,rooftop_pv,1975,0.140691633896619
EU-15,elect_td_bld,rooftop_pv,rooftop_pv,1975,0.155704588556115
Ukraine,elect_td_bld,rooftop_pv,rooftop_pv,1975,0.141811436234389
Europe_Non_EU,elect_td_bld,rooftop_pv,rooftop_pv,1975,0.182721969261787
European Free Trade Association,elect_td_bld,rooftop_pv,rooftop_pv,1975,0.0934198892076427
India,elect_td_bld,rooftop_pv,rooftop_pv,1975,0.210256611036008
Indonesia,elect_td_bld,rooftop_pv,rooftop_pv,1975,0.19699988976121
Japan,elect_td_bld,rooftop_pv,rooftop_pv,1975,0.160753750764185
Mexico,elect_td_bld,rooftop_pv,rooftop_pv,1975,0.228167610634176
Middle East,elect_td_bld,rooftop_pv,rooftop_pv,1975,0.232663088287853
Pakistan,elect_td_bld,rooftop_pv,rooftop_pv,1975,0.220675739474765
Russia,elect_td_bld,rooftop_pv,rooftop_pv,1975,0.110683898976316
South Africa,elect_td_bld,rooftop_pv,rooftop_pv,1975,0.234724479560114
South America_Northern,elect_td_bld,rooftop_pv,rooftop_pv,1975,0.206617429184494
South America_Southern,elect_td_bld,rooftop_pv,rooftop_pv,1975,0.204560384759227
South Asia,elect_td_bld,rooftop_pv,rooftop_pv,1975,0.216567807103143
South Korea,elect_td_bld,rooftop_pv,rooftop_pv,1975,0.177842888977991
Southeast Asia,elect_td_bld,rooftop_pv,rooftop_pv,1975,0.202069562379055
Taiwan,elect_td_bld,rooftop_pv,rooftop_pv,1975,0.169964676565435
Argentina,elect_td_bld,rooftop_pv,rooftop_pv,1975,0.197924141989948
Colombia,elect_td_bld,rooftop_pv,rooftop_pv,1975,0.18601404795527
USA,elect_td_bld,rooftop_pv,rooftop_pv,1990,0.170000237384502
Africa_Eastern,elect_td_bld,rooftop_pv,rooftop_pv,1990,0.240008956466482
Africa_Northern,elect_td_bld,rooftop_pv,rooftop_pv,1990,0.238169122810797
Africa_Southern,elect_td_bld,rooftop_pv,rooftop_pv,1990,0.234210230758457
Africa_Western,elect_td_bld,rooftop_pv,rooftop_pv,1990,0.232534914799674
Australia_NZ,elect_td_bld,rooftop_pv,rooftop_pv,1990,0.231643404469772
Brazil,elect_td_bld,rooftop_pv,rooftop_pv,1990,0.209707320001716
Canada,elect_td_bld,rooftop_pv,rooftop_pv,1990,0.110313623628536
Central America and Caribbean,elect_td_bld,rooftop_pv,rooftop_pv,1990,0.213632345441722
Central Asia,elect_td_bld,rooftop_pv,rooftop_pv,1990,0.182474340754093
China,elect_td_bld,rooftop_pv,rooftop_pv,1990,0.203902275010568
EU-12,elect_td_bld,rooftop_pv,rooftop_pv,1990,0.140691633896619
EU-15,elect_td_bld,rooftop_pv,rooftop_pv,1990,0.155704588556115
Ukraine,elect_td_bld,rooftop_pv,rooftop_pv,1990,0.141811436234389
Europe_Non_EU,elect_td_bld,rooftop_pv,rooftop_pv,1990,0.182721969261787
European Free Trade Association,elect_td_bld,rooftop_pv,rooftop_pv,1990,0.0934198892076427
India,elect_td_bld,rooftop_pv,rooftop_pv,1990,0.210256611036008
Indonesia,elect_td_bld,rooftop_pv,rooftop_pv,1990,0.19699988976121
Japan,elect_td_bld,rooftop_pv,rooftop_pv,1990,0.160753750764185
Mexico,elect_td_bld,rooftop_pv,rooftop_pv,1990,0.228167610634176
Middle East,elect_td_bld,rooftop_pv,rooftop_pv,1990,0.232663088287853
Pakistan,elect_td_bld,rooftop_pv,rooftop_pv,1990,0.220675739474765
Russia,elect_td_bld,rooftop_pv,rooftop_pv,1990,0.110683898976316
South Africa,elect_td_bld,rooftop_pv,rooftop_pv,1990,0.234724479560114
South America_Northern,elect_td_bld,rooftop_pv,rooftop_pv,1990,0.206617429184494
South America_Southern,elect_td_bld,rooftop_pv,rooftop_pv,1990,0.204560384759227
South Asia,elect_td_bld,rooftop_pv,rooftop_pv,1990,0.216567807103143
South Korea,elect_td_bld,rooftop_pv,rooftop_pv,1990,0.177842888977991
Southeast Asia,elect_td_bld,rooftop_pv,rooftop_pv,1990,0.202069562379055
Taiwan,elect_td_bld,rooftop_pv,rooftop_pv,1990,0.169964676565435
Argentina,elect_td_bld,rooftop_pv,rooftop_pv,1990,0.197924141989948
Colombia,elect_td_bld,rooftop_pv,rooftop_pv,1990,0.18601404795527
USA,elect_td_bld,rooftop_pv,rooftop_pv,2005,0.170000237384502
Africa_Eastern,elect_td_bld,rooftop_pv,rooftop_pv,2005,0.240008956466482
Africa_Northern,elect_td_bld,rooftop_pv,rooftop_pv,2005,0.238169122810797
Africa_Southern,elect_td_bld,rooftop_pv,rooftop_pv,2005,0.234210230758457
Africa_Western,elect_td_bld,rooftop_pv,rooftop_pv,2005,0.232534914799674
Australia_NZ,elect_td_bld,rooftop_pv,rooftop_pv,2005,0.231643404469772
Brazil,elect_td_bld,rooftop_pv,rooftop_pv,2005,0.209707320001716
Canada,elect_td_bld,rooftop_pv,rooftop_pv,2005,0.110313623628536
Central America and Caribbean,elect_td_bld,rooftop_pv,rooftop_pv,2005,0.213632345441722
Central Asia,elect_td_bld,rooftop_pv,rooftop_pv,2005,0.182474340754093
China,elect_td_bld,rooftop_pv,rooftop_pv,2005,0.203902275010568
EU-12,elect_td_bld,rooftop_pv,rooftop_pv,2005,0.140691633896619
EU-15,elect_td_bld,rooftop_pv,rooftop_pv,2005,0.155704588556115
Ukraine,elect_td_bld,rooftop_pv,rooftop_pv,2005,0.141811436234389
Europe_Non_EU,elect_td_bld,rooftop_pv,rooftop_pv,2005,0.182721969261787
European Free Trade Association,elect_td_bld,rooftop_pv,rooftop_pv,2005,0.0934198892076427
India,elect_td_bld,rooftop_pv,rooftop_pv,2005,0.210256611036008
Indonesia,elect_td_bld,rooftop_pv,rooftop_pv,2005,0.19699988976121
Japan,elect_td_bld,rooftop_pv,rooftop_pv,2005,0.160753750764185
Mexico,elect_td_bld,rooftop_pv,rooftop_pv,2005,0.228167610634176
Middle East,elect_td_bld,rooftop_pv,rooftop_pv,2005,0.232663088287853
Pakistan,elect_td_bld,rooftop_pv,rooftop_pv,2005,0.220675739474765
Russia,elect_td_bld,rooftop_pv,rooftop_pv,2005,0.110683898976316
South Africa,elect_td_bld,rooftop_pv,rooftop_pv,2005,0.234724479560114
South America_Northern,elect_td_bld,rooftop_pv,rooftop_pv,2005,0.206617429184494
South America_Southern,elect_td_bld,rooftop_pv,rooftop_pv,2005,0.204560384759227
South Asia,elect_td_bld,rooftop_pv,rooftop_pv,2005,0.216567807103143
South Korea,elect_td_bld,rooftop_pv,rooftop_pv,2005,0.177842888977991
Southeast Asia,elect_td_bld,rooftop_pv,rooftop_pv,2005,0.202069562379055
Taiwan,elect_td_bld,rooftop_pv,rooftop_pv,2005,0.169964676565435
Argentina,elect_td_bld,rooftop_pv,rooftop_pv,2005,0.197924141989948
Colombia,elect_td_bld,rooftop_pv,rooftop_pv,2005,0.18601404795527
USA,elect_td_bld,rooftop_pv,rooftop_pv,2010,0.170000237384502
Africa_Eastern,elect_td_bld,rooftop_pv,rooftop_pv,2010,0.240008956466482
Africa_Northern,elect_td_bld,rooftop_pv,rooftop_pv,2010,0.238169122810797
Africa_Southern,elect_td_bld,rooftop_pv,rooftop_pv,2010,0.234210230758457
Africa_Western,elect_td_bld,rooftop_pv,rooftop_pv,2010,0.232534914799674
Australia_NZ,elect_td_bld,rooftop_pv,rooftop_pv,2010,0.231643404469772
Brazil,elect_td_bld,rooftop_pv,rooftop_pv,2010,0.209707320001716
Canada,elect_td_bld,rooftop_pv,rooftop_pv,2010,0.110313623628536
Central America and Caribbean,elect_td_bld,rooftop_pv,rooftop_pv,2010,0.213632345441722
Central Asia,elect_td_bld,rooftop_pv,rooftop_pv,2010,0.182474340754093
China,elect_td_bld,rooftop_pv,rooftop_pv,2010,0.203902275010568
EU-12,elect_td_bld,rooftop_pv,rooftop_pv,2010,0.140691633896619
EU-15,elect_td_bld,rooftop_pv,rooftop_pv,2010,0.155704588556115
Ukraine,elect_td_bld,rooftop_pv,rooftop_pv,2010,0.141811436234389
Europe_Non_EU,elect_td_bld,rooftop_pv,rooftop_pv,2010,0.182721969261787
European Free Trade Association,elect_td_bld,rooftop_pv,rooftop_pv,2010,0.0934198892076427
India,elect_td_bld,rooftop_pv,rooftop_pv,2010,0.210256611036008
Indonesia,elect_td_bld,rooftop_pv,rooftop_pv,2010,0.19699988976121
Japan,elect_td_bld,rooftop_pv,rooftop_pv,2010,0.160753750764185
Mexico,elect_td_bld,rooftop_pv,rooftop_pv,2010,0.228167610634176
Middle East,elect_td_bld,rooftop_pv,rooftop_pv,2010,0.232663088287853
Pakistan,elect_td_bld,rooftop_pv,rooftop_pv,2010,0.220675739474765
Russia,elect_td_bld,rooftop_pv,rooftop_pv,2010,0.110683898976316
South Africa,elect_td_bld,rooftop_pv,rooftop_pv,2010,0.234724479560114
South America_Northern,elect_td_bld,rooftop_pv,rooftop_pv,2010,0.206617429184494
South America_Southern,elect_td_bld,rooftop_pv,rooftop_pv,2010,0.204560384759227
South Asia,elect_td_bld,rooftop_pv,rooftop_pv,2010,0.216567807103143
South Korea,elect_td_bld,rooftop_pv,rooftop_pv,2010,0.177842888977991
Southeast Asia,elect_td_bld,rooftop_pv,rooftop_pv,2010,0.202069562379055
Taiwan,elect_td_bld,rooftop_pv,rooftop_pv,2010,0.169964676565435
Argentina,elect_td_bld,rooftop_pv,rooftop_pv,2010,0.197924141989948
Colombia,elect_td_bld,rooftop_pv,rooftop_pv,2010,0.18601404795527
USA,elect_td_bld,rooftop_pv,rooftop_pv,2015,0.170000237384502
Africa_Eastern,elect_td_bld,rooftop_pv,rooftop_pv,2015,0.240008956466482
Africa_Northern,elect_td_bld,rooftop_pv,rooftop_pv,2015,0.238169122810797
Africa_Southern,elect_td_bld,rooftop_pv,rooftop_pv,2015,0.234210230758457
Africa_Western,elect_td_bld,rooftop_pv,rooftop_pv,2015,0.232534914799674
Australia_NZ,elect_td_bld,rooftop_pv,rooftop_pv,2015,0.231643404469772
Brazil,elect_td_bld,rooftop_pv,rooftop_pv,2015,0.209707320001716
Canada,elect_td_bld,rooftop_pv,rooftop_pv,2015,0.110313623628536
Central America and Caribbean,elect_td_bld,rooftop_pv,rooftop_pv,2015,0.213632345441722
Central Asia,elect_td_bld,rooftop_pv,rooftop_pv,2015,0.182474340754093
China,elect_td_bld,rooftop_pv,rooftop_pv,2015,0.203902275010568
EU-12,elect_td_bld,rooftop_pv,rooftop_pv,2015,0.140691633896619
EU-15,elect_td_bld,rooftop_pv,rooftop_pv,2015,0.155704588556115
Ukraine,elect_td_bld,rooftop_pv,rooftop_pv,2015,0.141811436234389
Europe_Non_EU,elect_td_bld,rooftop_pv,rooftop_pv,2015,0.182721969261787
European Free Trade Association,elect_td_bld,rooftop_pv,rooftop_pv,2015,0.0934198892076427
India,elect_td_bld,rooftop_pv,rooftop_pv,2015,0.210256611036008
Indonesia,elect_td_bld,rooftop_pv,rooftop_pv,2015,0.19699988976121
Japan,elect_td_bld,rooftop_pv,rooftop_pv,2015,0.160753750764185
Mexico,elect_td_bld,rooftop_pv,rooftop_pv,2015,0.228167610634176
Middle East,elect_td_bld,rooftop_pv,rooftop_pv,2015,0.232663088287853
Pakistan,elect_td_bld,rooftop_pv,rooftop_pv,2015,0.220675739474765
Russia,elect_td_bld,rooftop_pv,rooftop_pv,2015,0.110683898976316
South Africa,elect_td_bld,rooftop_pv,rooftop_pv,2015,0.234724479560114
South America_Northern,elect_td_bld,rooftop_pv,rooftop_pv,2015,0.206617429184494
South America_Southern,elect_td_bld,rooftop_pv,rooftop_pv,2015,0.204560384759227
South Asia,elect_td_bld,rooftop_pv,rooftop_pv,2015,0.216567807103143
South Korea,elect_td_bld,rooftop_pv,rooftop_pv,2015,0.177842888977991
Southeast Asia,elect_td_bld,rooftop_pv,rooftop_pv,2015,0.202069562379055
Taiwan,elect_td_bld,rooftop_pv,rooftop_pv,2015,0.169964676565435
Argentina,elect_td_bld,rooftop_pv,rooftop_pv,2015,0.197924141989948
Colombia,elect_td_bld,rooftop_pv,rooftop_pv,2015,0.18601404795527
USA,elect_td_bld,rooftop_pv,rooftop_pv,2021,0.170000237384502
Africa_Eastern,elect_td_bld,rooftop_pv,rooftop_pv,2021,0.240008956466482
Africa_Northern,elect_td_bld,rooftop_pv,rooftop_pv,2021,0.238169122810797
Africa_Southern,elect_td_bld,rooftop_pv,rooftop_pv,2021,0.234210230758457
Africa_Western,elect_td_bld,rooftop_pv,rooftop_pv,2021,0.232534914799674
Australia_NZ,elect_td_bld,rooftop_pv,rooftop_pv,2021,0.231643404469772
Brazil,elect_td_bld,rooftop_pv,rooftop_pv,2021,0.209707320001716
Canada,elect_td_bld,rooftop_pv,rooftop_pv,2021,0.110313623628536
Central America and Caribbean,elect_td_bld,rooftop_pv,rooftop_pv,2021,0.213632345441722
Central Asia,elect_td_bld,rooftop_pv,rooftop_pv,2021,0.182474340754093
China,elect_td_bld,rooftop_pv,rooftop_pv,2021,0.203902275010568
EU-12,elect_td_bld,rooftop_pv,rooftop_pv,2021,0.140691633896619
EU-15,elect_td_bld,rooftop_pv,rooftop_pv,2021,0.155704588556115
Ukraine,elect_td_bld,rooftop_pv,rooftop_pv,2021,0.141811436234389
Europe_Non_EU,elect_td_bld,rooftop_pv,rooftop_pv,2021,0.182721969261787
European Free Trade Association,elect_td_bld,rooftop_pv,rooftop_pv,2021,0.0934198892076427
India,elect_td_bld,rooftop_pv,rooftop_pv,2021,0.210256611036008
Indonesia,elect_td_bld,rooftop_pv,rooftop_pv,2021,0.19699988976121
Japan,elect_td_bld,rooftop_pv,rooftop_pv,2021,0.160753750764185
Mexico,elect_td_bld,rooftop_pv,rooftop_pv,2021,0.228167610634176
Middle East,elect_td_bld,rooftop_pv,rooftop_pv,2021,0.232663088287853
Pakistan,elect_td_bld,rooftop_pv,rooftop_pv,2021,0.220675739474765
Russia,elect_td_bld,rooftop_pv,rooftop_pv,2021,0.110683898976316
South Africa,elect_td_bld,rooftop_pv,rooftop_pv,2021,0.234724479560114
South America_Northern,elect_td_bld,rooftop_pv,rooftop_pv,2021,0.206617429184494
South America_Southern,elect_td_bld,rooftop_pv,rooftop_pv,2021,0.204560384759227
South Asia,elect_td_bld,rooftop_pv,rooftop_pv,2021,0.216567807103143
South Korea,elect_td_bld,rooftop_pv,rooftop_pv,2021,0.177842888977991
Southeast Asia,elect_td_bld,rooftop_pv,rooftop_pv,2021,0.202069562379055
Taiwan,elect_td_bld,rooftop_pv,rooftop_pv,2021,0.169964676565435
Argentina,elect_td_bld,rooftop_pv,rooftop_pv,2021,0.197924141989948
Colombia,elect_td_bld,rooftop_pv,rooftop_pv,2021,0.18601404795527
USA,elect_td_bld,rooftop_pv,rooftop_pv,2025,0.170000237384502
Africa_Eastern,elect_td_bld,rooftop_pv,rooftop_pv,2025,0.240008956466482
Africa_Northern,elect_td_bld,rooftop_pv,rooftop_pv,2025,0.238169122810797
Africa_Southern,elect_td_bld,rooftop_pv,rooftop_pv,2025,0.234210230758457
Africa_Western,elect_td_bld,rooftop_pv,rooftop_pv,2025,0.232534914799674
Australia_NZ,elect_td_bld,rooftop_pv,rooftop_pv,2025,0.231643404469772
Brazil,elect_td_bld,rooftop_pv,rooftop_pv,2025,0.209707320001716
Canada,elect_td_bld,rooftop_pv,rooftop_pv,2025,0.110313623628536
Central America and Caribbean,elect_td_bld,rooftop_pv,rooftop_pv,2025,0.213632345441722
Central Asia,elect_td_bld,rooftop_pv,rooftop_pv,2025,0.182474340754093
China,elect_td_bld,rooftop_pv,rooftop_pv,2025,0.203902275010568
EU-12,elect_td_bld,rooftop_pv,rooftop_pv,2025,0.140691633896619
EU-15,elect_td_bld,rooftop_pv,rooftop_pv,2025,0.155704588556115
Ukraine,elect_td_bld,rooftop_pv,rooftop_pv,2025,0.141811436234389
Europe_Non_EU,elect_td_bld,rooftop_pv,rooftop_pv,2025,0.182721969261787
European Free Trade Association,elect_td_bld,rooftop_pv,rooftop_pv,2025,0.0934198892076427
India,elect_td_bld,rooftop_pv,rooftop_pv,2025,0.210256611036008
Indonesia,elect_td_bld,rooftop_pv,rooftop_pv,2025,0.19699988976121
Japan,elect_td_bld,rooftop_pv,rooftop_pv,2025,0.160753750764185
Mexico,elect_td_bld,rooftop_pv,rooftop_pv,2025,0.228167610634176
Middle East,elect_td_bld,rooftop_pv,rooftop_pv,2025,0.232663088287853
Pakistan,elect_td_bld,rooftop_pv,rooftop_pv,2025,0.220675739474765
Russia,elect_td_bld,rooftop_pv,rooftop_pv,2025,0.110683898976316
South Africa,elect_td_bld,rooftop_pv,rooftop_pv,2025,0.234724479560114
South America_Northern,elect_td_bld,rooftop_pv,rooftop_pv,2025,0.206617429184494
South America_Southern,elect_td_bld,rooftop_pv,rooftop_pv,2025,0.204560384759227
South Asia,elect_td_bld,rooftop_pv,rooftop_pv,2025,0.216567807103143
South Korea,elect_td_bld,rooftop_pv,rooftop_pv,2025,0.177842888977991
Southeast Asia,elect_td_bld,rooftop_pv,rooftop_pv,2025,0.202069562379055
Taiwan,elect_td_bld,rooftop_pv,rooftop_pv,2025,0.169964676565435
Argentina,elect_td_bld,rooftop_pv,rooftop_pv,2025,0.197924141989948
Colombia,elect_td_bld,rooftop_pv,rooftop_pv,2025,0.18601404795527
USA,elect_td_bld,rooftop_pv,rooftop_pv,2030,0.170000237384502
Africa_Eastern,elect_td_bld,rooftop_pv,rooftop_pv,2030,0.240008956466482
Africa_Northern,elect_td_bld,rooftop_pv,rooftop_pv,2030,0.238169122810797
Africa_Southern,elect_td_bld,rooftop_pv,rooftop_pv,2030,0.234210230758457
Africa_Western,elect_td_bld,rooftop_pv,rooftop_pv,2030,0.232534914799674
Australia_NZ,elect_td_bld,rooftop_pv,rooftop_pv,2030,0.231643404469772
Brazil,elect_td_bld,rooftop_pv,rooftop_pv,2030,0.209707320001716
Canada,elect_td_bld,rooftop_pv,rooftop_pv,2030,0.110313623628536
Central America and Caribbean,elect_td_bld,rooftop_pv,rooftop_pv,2030,0.213632345441722
Central Asia,elect_td_bld,rooftop_pv,rooftop_pv,2030,0.182474340754093
China,elect_td_bld,rooftop_pv,rooftop_pv,2030,0.203902275010568
EU-12,elect_td_bld,rooftop_pv,rooftop_pv,2030,0.140691633896619
EU-15,elect_td_bld,rooftop_pv,rooftop_pv,2030,0.155704588556115
Ukraine,elect_td_bld,rooftop_pv,rooftop_pv,2030,0.141811436234389
Europe_Non_EU,elect_td_bld,rooftop_pv,rooftop_pv,2030,0.182721969261787
European Free Trade Association,elect_td_bld,rooftop_pv,rooftop_pv,2030,0.0934198892076427
India,elect_td_bld,rooftop_pv,rooftop_pv,2030,0.210256611036008
Indonesia,elect_td_bld,rooftop_pv,rooftop_pv,2030,0.19699988976121
Japan,elect_td_bld,rooftop_pv,rooftop_pv,2030,0.160753750764185
Mexico,elect_td_bld,rooftop_pv,rooftop_pv,2030,0.228167610634176
Middle East,elect_td_bld,rooftop_pv,rooftop_pv,2030,0.232663088287853
Pakistan,elect_td_bld,rooftop_pv,rooftop_pv,2030,0.220675739474765
Russia,elect_td_bld,rooftop_pv,rooftop_pv,2030,0.110683898976316
South Africa,elect_td_bld,rooftop_pv,rooftop_pv,2030,0.234724479560114
South America_Northern,elect_td_bld,rooftop_pv,rooftop_pv,2030,0.206617429184494
South America_Southern,elect_td_bld,rooftop_pv,rooftop_pv,2030,0.204560384759227
South Asia,elect_td_bld,rooftop_pv,rooftop_pv,2030,0.216567807103143
South Korea,elect_td_bld,rooftop_pv,rooftop_pv,2030,0.177842888977991
Southeast Asia,elect_td_bld,rooftop_pv,rooftop_pv,2030,0.202069562379055
Taiwan,elect_td_bld,rooftop_pv,rooftop_pv,2030,0.169964676565435
Argentina,elect_td_bld,rooftop_pv,rooftop_pv,2030,0.197924141989948
Colombia,elect_td_bld,rooftop_pv,rooftop_pv,2030,0.18601404795527
USA,elect_td_bld,rooftop_pv,rooftop_pv,2035,0.170000237384502
Africa_Eastern,elect_td_bld,rooftop_pv,rooftop_pv,2035,0.240008956466482
Africa_Northern,elect_td_bld,rooftop_pv,rooftop_pv,2035,0.238169122810797
Africa_Southern,elect_td_bld,rooftop_pv,rooftop_pv,2035,0.234210230758457
Africa_Western,elect_td_bld,rooftop_pv,rooftop_pv,2035,0.232534914799674
Australia_NZ,elect_td_bld,rooftop_pv,rooftop_pv,2035,0.231643404469772
Brazil,elect_td_bld,rooftop_pv,rooftop_pv,2035,0.209707320001716
Canada,elect_td_bld,rooftop_pv,rooftop_pv,2035,0.110313623628536
Central America and Caribbean,elect_td_bld,rooftop_pv,rooftop_pv,2035,0.213632345441722
Central Asia,elect_td_bld,rooftop_pv,rooftop_pv,2035,0.182474340754093
China,elect_td_bld,rooftop_pv,rooftop_pv,2035,0.203902275010568
EU-12,elect_td_bld,rooftop_pv,rooftop_pv,2035,0.140691633896619
EU-15,elect_td_bld,rooftop_pv,rooftop_pv,2035,0.155704588556115
Ukraine,elect_td_bld,rooftop_pv,rooftop_pv,2035,0.141811436234389
Europe_Non_EU,elect_td_bld,rooftop_pv,rooftop_pv,2035,0.182721969261787
European Free Trade Association,elect_td_bld,rooftop_pv,rooftop_pv,2035,0.0934198892076427
India,elect_td_bld,rooftop_pv,rooftop_pv,2035,0.210256611036008
Indonesia,elect_td_bld,rooftop_pv,rooftop_pv,2035,0.19699988976121
Japan,elect_td_bld,rooftop_pv,rooftop_pv,2035,0.160753750764185
Mexico,elect_td_bld,rooftop_pv,rooftop_pv,2035,0.228167610634176
Middle East,elect_td_bld,rooftop_pv,rooftop_pv,2035,0.232663088287853
Pakistan,elect_td_bld,rooftop_pv,rooftop_pv,2035,0.220675739474765
Russia,elect_td_bld,rooftop_pv,rooftop_pv,2035,0.110683898976316
South Africa,elect_td_bld,rooftop_pv,rooftop_pv,2035,0.234724479560114
South America_Northern,elect_td_bld,rooftop_pv,rooftop_pv,2035,0.206617429184494
South America_Southern,elect_td_bld,rooftop_pv,rooftop_pv,2035,0.204560384759227
South Asia,elect_td_bld,rooftop_pv,rooftop_pv,2035,0.216567807103143
South Korea,elect_td_bld,rooftop_pv,rooftop_pv,2035,0.177842888977991
Southeast Asia,elect_td_bld,rooftop_pv,rooftop_pv,2035,0.202069562379055
Taiwan,elect_td_bld,rooftop_pv,rooftop_pv,2035,0.169964676565435
Argentina,elect_td_bld,rooftop_pv,rooftop_pv,2035,0.197924141989948
Colombia,elect_td_bld,rooftop_pv,rooftop_pv,2035,0.18601404795527
USA,elect_td_bld,rooftop_pv,rooftop_pv,2040,0.170000237384502
Africa_Eastern,elect_td_bld,rooftop_pv,rooftop_pv,2040,0.240008956466482
Africa_Northern,elect_td_bld,rooftop_pv,rooftop_pv,2040,0.238169122810797
Africa_Southern,elect_td_bld,rooftop_pv,rooftop_pv,2040,0.234210230758457
Africa_Western,elect_td_bld,rooftop_pv,rooftop_pv,2040,0.232534914799674
Australia_NZ,elect_td_bld,rooftop_pv,rooftop_pv,2040,0.231643404469772
Brazil,elect_td_bld,rooftop_pv,rooftop_pv,2040,0.209707320001716
Canada,elect_td_bld,rooftop_pv,rooftop_pv,2040,0.110313623628536
Central America and Caribbean,elect_td_bld,rooftop_pv,rooftop_pv,2040,0.213632345441722
Central Asia,elect_td_bld,rooftop_pv,rooftop_pv,2040,0.182474340754093
China,elect_td_bld,rooftop_pv,rooftop_pv,2040,0.203902275010568
EU-12,elect_td_bld,rooftop_pv,rooftop_pv,2040,0.140691633896619
EU-15,elect_td_bld,rooftop_pv,rooftop_pv,2040,0.155704588556115
Ukraine,elect_td_bld,rooftop_pv,rooftop_pv,2040,0.141811436234389
Europe_Non_EU,elect_td_bld,rooftop_pv,rooftop_pv,2040,0.182721969261787
European Free Trade Association,elect_td_bld,rooftop_pv,rooftop_pv,2040,0.0934198892076427
India,elect_td_bld,rooftop_pv,rooftop_pv,2040,0.210256611036008
Indonesia,elect_td_bld,rooftop_pv,rooftop_pv,2040,0.19699988976121
Japan,elect_td_bld,rooftop_pv,rooftop_pv,2040,0.160753750764185
Mexico,elect_td_bld,rooftop_pv,rooftop_pv,2040,0.228167610634176
Middle East,elect_td_bld,rooftop_pv,rooftop_pv,2040,0.232663088287853
Pakistan,elect_td_bld,rooftop_pv,rooftop_pv,2040,0.220675739474765
Russia,elect_td_bld,rooftop_pv,rooftop_pv,2040,0.110683898976316
South Africa,elect_td_bld,rooftop_pv,rooftop_pv,2040,0.234724479560114
South America_Northern,elect_td_bld,rooftop_pv,rooftop_pv,2040,0.206617429184494
South America_Southern,elect_td_bld,rooftop_pv,rooftop_pv,2040,0.204560384759227
South Asia,elect_td_bld,rooftop_pv,rooftop_pv,2040,0.216567807103143
South Korea,elect_td_bld,rooftop_pv,rooftop_pv,2040,0.177842888977991
Southeast Asia,elect_td_bld,rooftop_pv,rooftop_pv,2040,0.202069562379055
Taiwan,elect_td_bld,rooftop_pv,rooftop_pv,2040,0.169964676565435
Argentina,elect_td_bld,rooftop_pv,rooftop_pv,2040,0.197924141989948
Colombia,elect_td_bld,rooftop_pv,rooftop_pv,2040,0.18601404795527
USA,elect_td_bld,rooftop_pv,rooftop_pv,2045,0.170000237384502
Africa_Eastern,elect_td_bld,rooftop_pv,rooftop_pv,2045,0.240008956466482
Africa_Northern,elect_td_bld,rooftop_pv,rooftop_pv,2045,0.238169122810797
Africa_Southern,elect_td_bld,rooftop_pv,rooftop_pv,2045,0.234210230758457
Africa_Western,elect_td_bld,rooftop_pv,rooftop_pv,2045,0.232534914799674
Australia_NZ,elect_td_bld,rooftop_pv,rooftop_pv,2045,0.231643404469772
Brazil,elect_td_bld,rooftop_pv,rooftop_pv,2045,0.209707320001716
Canada,elect_td_bld,rooftop_pv,rooftop_pv,2045,0.110313623628536
Central America and Caribbean,elect_td_bld,rooftop_pv,rooftop_pv,2045,0.213632345441722
Central Asia,elect_td_bld,rooftop_pv,rooftop_pv,2045,0.182474340754093
China,elect_td_bld,rooftop_pv,rooftop_pv,2045,0.203902275010568
EU-12,elect_td_bld,rooftop_pv,rooftop_pv,2045,0.140691633896619
EU-15,elect_td_bld,rooftop_pv,rooftop_pv,2045,0.155704588556115
Ukraine,elect_td_bld,rooftop_pv,rooftop_pv,2045,0.141811436234389
Europe_Non_EU,elect_td_bld,rooftop_pv,rooftop_pv,2045,0.182721969261787
European Free Trade Association,elect_td_bld,rooftop_pv,rooftop_pv,2045,0.0934198892076427
India,elect_td_bld,rooftop_pv,rooftop_pv,2045,0.210256611036008
Indonesia,elect_td_bld,rooftop_pv,rooftop_pv,2045,0.19699988976121
Japan,elect_td_bld,rooftop_pv,rooftop_pv,2045,0.160753750764185
Mexico,elect_td_bld,rooftop_pv,rooftop_pv,2045,0.228167610634176
Middle East,elect_td_bld,rooftop_pv,rooftop_pv,2045,0.232663088287853
Pakistan,elect_td_bld,rooftop_pv,rooftop_pv,2045,0.220675739474765
Russia,elect_td_bld,rooftop_pv,rooftop_pv,2045,0.110683898976316
South Africa,elect_td_bld,rooftop_pv,rooftop_pv,2045,0.234724479560114
South America_Northern,elect_td_bld,rooftop_pv,rooftop_pv,2045,0.206617429184494
South America_Southern,elect_td_bld,rooftop_pv,rooftop_pv,2045,0.204560384759227
South Asia,elect_td_bld,rooftop_pv,rooftop_pv,2045,0.216567807103143
South Korea,elect_td_bld,rooftop_pv,rooftop_pv,2045,0.177842888977991
Southeast Asia,elect_td_bld,rooftop_pv,rooftop_pv,2045,0.202069562379055
Taiwan,elect_td_bld,rooftop_pv,rooftop_pv,2045,0.169964676565435
Argentina,elect_td_bld,rooftop_pv,rooftop_pv,2045,0.197924141989948
Colombia,elect_td_bld,rooftop_pv,rooftop_pv,2045,0.18601404795527
USA,elect_td_bld,rooftop_pv,rooftop_pv,2050,0.170000237384502
Africa_Eastern,elect_td_bld,rooftop_pv,rooftop_pv,2050,0.240008956466482
Africa_Northern,elect_td_bld,rooftop_pv,rooftop_pv,2050,0.238169122810797
Africa_Southern,elect_td_bld,rooftop_pv,rooftop_pv,2050,0.234210230758457
Africa_Western,elect_td_bld,rooftop_pv,rooftop_pv,2050,0.232534914799674
Australia_NZ,elect_td_bld,rooftop_pv,rooftop_pv,2050,0.231643404469772
Brazil,elect_td_bld,rooftop_pv,rooftop_pv,2050,0.209707320001716
Canada,elect_td_bld,rooftop_pv,rooftop_pv,2050,0.110313623628536
Central America and Caribbean,elect_td_bld,rooftop_pv,rooftop_pv,2050,0.213632345441722
Central Asia,elect_td_bld,rooftop_pv,rooftop_pv,2050,0.182474340754093
China,elect_td_bld,rooftop_pv,rooftop_pv,2050,0.203902275010568
EU-12,elect_td_bld,rooftop_pv,rooftop_pv,2050,0.140691633896619
EU-15,elect_td_bld,rooftop_pv,rooftop_pv,2050,0.155704588556115
Ukraine,elect_td_bld,rooftop_pv,rooftop_pv,2050,0.141811436234389
Europe_Non_EU,elect_td_bld,rooftop_pv,rooftop_pv,2050,0.182721969261787
European Free Trade Association,elect_td_bld,rooftop_pv,rooftop_pv,2050,0.0934198892076427
India,elect_td_bld,rooftop_pv,rooftop_pv,2050,0.210256611036008
Indonesia,elect_td_bld,rooftop_pv,rooftop_pv,2050,0.19699988976121
Japan,elect_td_bld,rooftop_pv,rooftop_pv,2050,0.160753750764185
Mexico,elect_td_bld,rooftop_pv,rooftop_pv,2050,0.228167610634176
Middle East,elect_td_bld,rooftop_pv,rooftop_pv,2050,0.232663088287853
Pakistan,elect_td_bld,rooftop_pv,rooftop_pv,2050,0.220675739474765
Russia,elect_td_bld,rooftop_pv,rooftop_pv,2050,0.110683898976316
South Africa,elect_td_bld,rooftop_pv,rooftop_pv,2050,0.234724479560114
South America_Northern,elect_td_bld,rooftop_pv,rooftop_pv,2050,0.206617429184494
South America_Southern,elect_td_bld,rooftop_pv,rooftop_pv,2050,0.204560384759227
South Asia,elect_td_bld,rooftop_pv,rooftop_pv,2050,0.216567807103143
South Korea,elect_td_bld,rooftop_pv,rooftop_pv,2050,0.177842888977991
Southeast Asia,elect_td_bld,rooftop_pv,rooftop_pv,2050,0.202069562379055
Taiwan,elect_td_bld,rooftop_pv,rooftop_pv,2050,0.169964676565435
Argentina,elect_td_bld,rooftop_pv,rooftop_pv,2050,0.197924141989948
Colombia,elect_td_bld,rooftop_pv,rooftop_pv,2050,0.18601404795527
USA,elect_td_bld,rooftop_pv,rooftop_pv,2055,0.170000237384502
Africa_Eastern,elect_td_bld,rooftop_pv,rooftop_pv,2055,0.240008956466482
Africa_Northern,elect_td_bld,rooftop_pv,rooftop_pv,2055,0.238169122810797
Africa_Southern,elect_td_bld,rooftop_pv,rooftop_pv,2055,0.234210230758457
Africa_Western,elect_td_bld,rooftop_pv,rooftop_pv,2055,0.232534914799674
Australia_NZ,elect_td_bld,rooftop_pv,rooftop_pv,2055,0.231643404469772
Brazil,elect_td_bld,rooftop_pv,rooftop_pv,2055,0.209707320001716
Canada,elect_td_bld,rooftop_pv,rooftop_pv,2055,0.110313623628536
Central America and Caribbean,elect_td_bld,rooftop_pv,rooftop_pv,2055,0.213632345441722
Central Asia,elect_td_bld,rooftop_pv,rooftop_pv,2055,0.182474340754093
China,elect_td_bld,rooftop_pv,rooftop_pv,2055,0.203902275010568
EU-12,elect_td_bld,rooftop_pv,rooftop_pv,2055,0.140691633896619
EU-15,elect_td_bld,rooftop_pv,rooftop_pv,2055,0.155704588556115
Ukraine,elect_td_bld,rooftop_pv,rooftop_pv,2055,0.141811436234389
Europe_Non_EU,elect_td_bld,rooftop_pv,rooftop_pv,2055,0.182721969261787
European Free Trade Association,elect_td_bld,rooftop_pv,rooftop_pv,2055,0.0934198892076427
India,elect_td_bld,rooftop_pv,rooftop_pv,2055,0.210256611036008
Indonesia,elect_td_bld,rooftop_pv,rooftop_pv,2055,0.19699988976121
Japan,elect_td_bld,rooftop_pv,rooftop_pv,2055,0.160753750764185
Mexico,elect_td_bld,rooftop_pv,rooftop_pv,2055,0.228167610634176
Middle East,elect_td_bld,rooftop_pv,rooftop_pv,2055,0.232663088287853
Pakistan,elect_td_bld,rooftop_pv,rooftop_pv,2055,0.220675739474765
Russia,elect_td_bld,rooftop_pv,rooftop_pv,2055,0.110683898976316
South Africa,elect_td_bld,rooftop_pv,rooftop_pv,2055,0.234724479560114
South America_Northern,elect_td_bld,rooftop_pv,rooftop_pv,2055,0.206617429184494
South America_Southern,elect_td_bld,rooftop_pv,rooftop_pv,2055,0.204560384759227
South Asia,elect_td_bld,rooftop_pv,rooftop_pv,2055,0.216567807103143
South Korea,elect_td_bld,rooftop_pv,rooftop_pv,2055,0.177842888977991
Southeast Asia,elect_td_bld,rooftop_pv,rooftop_pv,2055,0.202069562379055
Taiwan,elect_td_bld,rooftop_pv,rooftop_pv,2055,0.169964676565435
Argentina,elect_td_bld,rooftop_pv,rooftop_pv,2055,0.197924141989948
Colombia,elect_td_bld,rooftop_pv,rooftop_pv,2055,0.18601404795527
USA,elect_td_bld,rooftop_pv,rooftop_pv,2060,0.170000237384502
Africa_Eastern,elect_td_bld,rooftop_pv,rooftop_pv,2060,0.240008956466482
Africa_Northern,elect_td_bld,rooftop_pv,rooftop_pv,2060,0.238169122810797
Africa_Southern,elect_td_bld,rooftop_pv,rooftop_pv,2060,0.234210230758457
Africa_Western,elect_td_bld,rooftop_pv,rooftop_pv,2060,0.232534914799674
Australia_NZ,elect_td_bld,rooftop_pv,rooftop_pv,2060,0.231643404469772
Brazil,elect_td_bld,rooftop_pv,rooftop_pv,2060,0.209707320001716
Canada,elect_td_bld,rooftop_pv,rooftop_pv,2060,0.110313623628536
Central America and Caribbean,elect_td_bld,rooftop_pv,rooftop_pv,2060,0.213632345441722
Central Asia,elect_td_bld,rooftop_pv,rooftop_pv,2060,0.182474340754093
China,elect_td_bld,rooftop_pv,rooftop_pv,2060,0.203902275010568
EU-12,elect_td_bld,rooftop_pv,rooftop_pv,2060,0.140691633896619
EU-15,elect_td_bld,rooftop_pv,rooftop_pv,2060,0.155704588556115
Ukraine,elect_td_bld,rooftop_pv,rooftop_pv,2060,0.141811436234389
Europe_Non_EU,elect_td_bld,rooftop_pv,rooftop_pv,2060,0.182721969261787
European Free Trade Association,elect_td_bld,rooftop_pv,rooftop_pv,2060,0.0934198892076427
India,elect_td_bld,rooftop_pv,rooftop_pv,2060,0.210256611036008
Indonesia,elect_td_bld,rooftop_pv,rooftop_pv,2060,0.19699988976121
Japan,elect_td_bld,rooftop_pv,rooftop_pv,2060,0.160753750764185
Mexico,elect_td_bld,rooftop_pv,rooftop_pv,2060,0.228167610634176
Middle East,elect_td_bld,rooftop_pv,rooftop_pv,2060,0.232663088287853
Pakistan,elect_td_bld,rooftop_pv,rooftop_pv,2060,0.220675739474765
Russia,elect_td_bld,rooftop_pv,rooftop_pv,2060,0.110683898976316
South Africa,elect_td_bld,rooftop_pv,rooftop_pv,2060,0.234724479560114
South America_Northern,elect_td_bld,rooftop_pv,rooftop_pv,2060,0.206617429184494
South America_Southern,elect_td_bld,rooftop_pv,rooftop_pv,2060,0.204560384759227
South Asia,elect_td_bld,rooftop_pv,rooftop_pv,2060,0.216567807103143
South Korea,elect_td_bld,rooftop_pv,rooftop_pv,2060,0.177842888977991
Southeast Asia,elect_td_bld,rooftop_pv,rooftop_pv,2060,0.202069562379055
Taiwan,elect_td_bld,rooftop_pv,rooftop_pv,2060,0.169964676565435
Argentina,elect_td_bld,rooftop_pv,rooftop_pv,2060,0.197924141989948
Colombia,elect_td_bld,rooftop_pv,rooftop_pv,2060,0.18601404795527
USA,elect_td_bld,rooftop_pv,rooftop_pv,2065,0.170000237384502
Africa_Eastern,elect_td_bld,rooftop_pv,rooftop_pv,2065,0.240008956466482
Africa_Northern,elect_td_bld,rooftop_pv,rooftop_pv,2065,0.238169122810797
Africa_Southern,elect_td_bld,rooftop_pv,rooftop_pv,2065,0.234210230758457
Africa_Western,elect_td_bld,rooftop_pv,rooftop_pv,2065,0.232534914799674
Australia_NZ,elect_td_bld,rooftop_pv,rooftop_pv,2065,0.231643404469772
Brazil,elect_td_bld,rooftop_pv,rooftop_pv,2065,0.209707320001716
Canada,elect_td_bld,rooftop_pv,rooftop_pv,2065,0.110313623628536
Central America and Caribbean,elect_td_bld,rooftop_pv,rooftop_pv,2065,0.213632345441722
Central Asia,elect_td_bld,rooftop_pv,rooftop_pv,2065,0.182474340754093
China,elect_td_bld,rooftop_pv,rooftop_pv,2065,0.203902275010568
EU-12,elect_td_bld,rooftop_pv,rooftop_pv,2065,0.140691633896619
EU-15,elect_td_bld,rooftop_pv,rooftop_pv,2065,0.155704588556115
Ukraine,elect_td_bld,rooftop_pv,rooftop_pv,2065,0.141811436234389
Europe_Non_EU,elect_td_bld,rooftop_pv,rooftop_pv,2065,0.182721969261787
European Free Trade Association,elect_td_bld,rooftop_pv,rooftop_pv,2065,0.0934198892076427
India,elect_td_bld,rooftop_pv,rooftop_pv,2065,0.210256611036008
Indonesia,elect_td_bld,rooftop_pv,rooftop_pv,2065,0.19699988976121
Japan,elect_td_bld,rooftop_pv,rooftop_pv,2065,0.160753750764185
Mexico,elect_td_bld,rooftop_pv,rooftop_pv,2065,0.228167610634176
Middle East,elect_td_bld,rooftop_pv,rooftop_pv,2065,0.232663088287853
Pakistan,elect_td_bld,rooftop_pv,rooftop_pv,2065,0.220675739474765
Russia,elect_td_bld,rooftop_pv,rooftop_pv,2065,0.110683898976316
South Africa,elect_td_bld,rooftop_pv,rooftop_pv,2065,0.234724479560114
South America_Northern,elect_td_bld,rooftop_pv,rooftop_pv,2065,0.206617429184494
South America_Southern,elect_td_bld,rooftop_pv,rooftop_pv,2065,0.204560384759227
South Asia,elect_td_bld,rooftop_pv,rooftop_pv,2065,0.216567807103143
South Korea,elect_td_bld,rooftop_pv,rooftop_pv,2065,0.177842888977991
Southeast Asia,elect_td_bld,rooftop_pv,rooftop_pv,2065,0.202069562379055
Taiwan,elect_td_bld,rooftop_pv,rooftop_pv,2065,0.169964676565435
Argentina,elect_td_bld,rooftop_pv,rooftop_pv,2065,0.197924141989948
Colombia,elect_td_bld,rooftop_pv,rooftop_pv,2065,0.18601404795527
USA,elect_td_bld,rooftop_pv,rooftop_pv,2070,0.170000237384502
Africa_Eastern,elect_td_bld,rooftop_pv,rooftop_pv,2070,0.240008956466482
Africa_Northern,elect_td_bld,rooftop_pv,rooftop_pv,2070,0.238169122810797
Africa_Southern,elect_td_bld,rooftop_pv,rooftop_pv,2070,0.234210230758457
Africa_Western,elect_td_bld,rooftop_pv,rooftop_pv,2070,0.232534914799674
Australia_NZ,elect_td_bld,rooftop_pv,rooftop_pv,2070,0.231643404469772
Brazil,elect_td_bld,rooftop_pv,rooftop_pv,2070,0.209707320001716
Canada,elect_td_bld,rooftop_pv,rooftop_pv,2070,0.110313623628536
Central America and Caribbean,elect_td_bld,rooftop_pv,rooftop_pv,2070,0.213632345441722
Central Asia,elect_td_bld,rooftop_pv,rooftop_pv,2070,0.182474340754093
China,elect_td_bld,rooftop_pv,rooftop_pv,2070,0.203902275010568
EU-12,elect_td_bld,rooftop_pv,rooftop_pv,2070,0.140691633896619
EU-15,elect_td_bld,rooftop_pv,rooftop_pv,2070,0.155704588556115
Ukraine,elect_td_bld,rooftop_pv,rooftop_pv,2070,0.141811436234389
Europe_Non_EU,elect_td_bld,rooftop_pv,rooftop_pv,2070,0.182721969261787
European Free Trade Association,elect_td_bld,rooftop_pv,rooftop_pv,2070,0.0934198892076427
India,elect_td_bld,rooftop_pv,rooftop_pv,2070,0.210256611036008
Indonesia,elect_td_bld,rooftop_pv,rooftop_pv,2070,0.19699988976121
Japan,elect_td_bld,rooftop_pv,rooftop_pv,2070,0.160753750764185
Mexico,elect_td_bld,rooftop_pv,rooftop_pv,2070,0.228167610634176
Middle East,elect_td_bld,rooftop_pv,rooftop_pv,2070,0.232663088287853
Pakistan,elect_td_bld,rooftop_pv,rooftop_pv,2070,0.220675739474765
Russia,elect_td_bld,rooftop_pv,rooftop_pv,2070,0.110683898976316
South Africa,elect_td_bld,rooftop_pv,rooftop_pv,2070,0.234724479560114
South America_Northern,elect_td_bld,rooftop_pv,rooftop_pv,2070,0.206617429184494
South America_Southern,elect_td_bld,rooftop_pv,rooftop_pv,2070,0.204560384759227
South Asia,elect_td_bld,rooftop_pv,rooftop_pv,2070,0.216567807103143
South Korea,elect_td_bld,rooftop_pv,rooftop_pv,2070,0.177842888977991
Southeast Asia,elect_td_bld,rooftop_pv,rooftop_pv,2070,0.202069562379055
Taiwan,elect_td_bld,rooftop_pv,rooftop_pv,2070,0.169964676565435
Argentina,elect_td_bld,rooftop_pv,rooftop_pv,2070,0.197924141989948
Colombia,elect_td_bld,rooftop_pv,rooftop_pv,2070,0.18601404795527
USA,elect_td_bld,rooftop_pv,rooftop_pv,2075,0.170000237384502
Africa_Eastern,elect_td_bld,rooftop_pv,rooftop_pv,2075,0.240008956466482
Africa_Northern,elect_td_bld,rooftop_pv,rooftop_pv,2075,0.238169122810797
Africa_Southern,elect_td_bld,rooftop_pv,rooftop_pv,2075,0.234210230758457
Africa_Western,elect_td_bld,rooftop_pv,rooftop_pv,2075,0.232534914799674
Australia_NZ,elect_td_bld,rooftop_pv,rooftop_pv,2075,0.231643404469772
Brazil,elect_td_bld,rooftop_pv,rooftop_pv,2075,0.209707320001716
Canada,elect_td_bld,rooftop_pv,rooftop_pv,2075,0.110313623628536
Central America and Caribbean,elect_td_bld,rooftop_pv,rooftop_pv,2075,0.213632345441722
Central Asia,elect_td_bld,rooftop_pv,rooftop_pv,2075,0.182474340754093
China,elect_td_bld,rooftop_pv,rooftop_pv,2075,0.203902275010568
EU-12,elect_td_bld,rooftop_pv,rooftop_pv,2075,0.140691633896619
EU-15,elect_td_bld,rooftop_pv,rooftop_pv,2075,0.155704588556115
Ukraine,elect_td_bld,rooftop_pv,rooftop_pv,2075,0.141811436234389
Europe_Non_EU,elect_td_bld,rooftop_pv,rooftop_pv,2075,0.182721969261787
European Free Trade Association,elect_td_bld,rooftop_pv,rooftop_pv,2075,0.0934198892076427
India,elect_td_bld,rooftop_pv,rooftop_pv,2075,0.210256611036008
Indonesia,elect_td_bld,rooftop_pv,rooftop_pv,2075,0.19699988976121
Japan,elect_td_bld,rooftop_pv,rooftop_pv,2075,0.160753750764185
Mexico,elect_td_bld,rooftop_pv,rooftop_pv,2075,0.228167610634176
Middle East,elect_td_bld,rooftop_pv,rooftop_pv,2075,0.232663088287853
Pakistan,elect_td_bld,rooftop_pv,rooftop_pv,2075,0.220675739474765
Russia,elect_td_bld,rooftop_pv,rooftop_pv,2075,0.110683898976316
South Africa,elect_td_bld,rooftop_pv,rooftop_pv,2075,0.234724479560114
South America_Northern,elect_td_bld,rooftop_pv,rooftop_pv,2075,0.206617429184494
South America_Southern,elect_td_bld,rooftop_pv,rooftop_pv,2075,0.204560384759227
South Asia,elect_td_bld,rooftop_pv,rooftop_pv,2075,0.216567807103143
South Korea,elect_td_bld,rooftop_pv,rooftop_pv,2075,0.177842888977991
Southeast Asia,elect_td_bld,rooftop_pv,rooftop_pv,2075,0.202069562379055
Taiwan,elect_td_bld,rooftop_pv,rooftop_pv,2075,0.169964676565435
Argentina,elect_td_bld,rooftop_pv,rooftop_pv,2075,0.197924141989948
Colombia,elect_td_bld,rooftop_pv,rooftop_pv,2075,0.18601404795527
USA,elect_td_bld,rooftop_pv,rooftop_pv,2080,0.170000237384502
Africa_Eastern,elect_td_bld,rooftop_pv,rooftop_pv,2080,0.240008956466482
Africa_Northern,elect_td_bld,rooftop_pv,rooftop_pv,2080,0.238169122810797
Africa_Southern,elect_td_bld,rooftop_pv,rooftop_pv,2080,0.234210230758457
Africa_Western,elect_td_bld,rooftop_pv,rooftop_pv,2080,0.232534914799674
Australia_NZ,elect_td_bld,rooftop_pv,rooftop_pv,2080,0.231643404469772
Brazil,elect_td_bld,rooftop_pv,rooftop_pv,2080,0.209707320001716
Canada,elect_td_bld,rooftop_pv,rooftop_pv,2080,0.110313623628536
Central America and Caribbean,elect_td_bld,rooftop_pv,rooftop_pv,2080,0.213632345441722
Central Asia,elect_td_bld,rooftop_pv,rooftop_pv,2080,0.182474340754093
China,elect_td_bld,rooftop_pv,rooftop_pv,2080,0.203902275010568
EU-12,elect_td_bld,rooftop_pv,rooftop_pv,2080,0.140691633896619
EU-15,elect_td_bld,rooftop_pv,rooftop_pv,2080,0.155704588556115
Ukraine,elect_td_bld,rooftop_pv,rooftop_pv,2080,0.141811436234389
Europe_Non_EU,elect_td_bld,rooftop_pv,rooftop_pv,2080,0.182721969261787
European Free Trade Association,elect_td_bld,rooftop_pv,rooftop_pv,2080,0.0934198892076427
India,elect_td_bld,rooftop_pv,rooftop_pv,2080,0.210256611036008
Indonesia,elect_td_bld,rooftop_pv,rooftop_pv,2080,0.19699988976121
Japan,elect_td_bld,rooftop_pv,rooftop_pv,2080,0.160753750764185
Mexico,elect_td_bld,rooftop_pv,rooftop_pv,2080,0.228167610634176
Middle East,elect_td_bld,rooftop_pv,rooftop_pv,2080,0.232663088287853
Pakistan,elect_td_bld,rooftop_pv,rooftop_pv,2080,0.220675739474765
Russia,elect_td_bld,rooftop_pv,rooftop_pv,2080,0.110683898976316
South Africa,elect_td_bld,rooftop_pv,rooftop_pv,2080,0.234724479560114
South America_Northern,elect_td_bld,rooftop_pv,rooftop_pv,2080,0.206617429184494
South America_Southern,elect_td_bld,rooftop_pv,rooftop_pv,2080,0.204560384759227
South Asia,elect_td_bld,rooftop_pv,rooftop_pv,2080,0.216567807103143
South Korea,elect_td_bld,rooftop_pv,rooftop_pv,2080,0.177842888977991
Southeast Asia,elect_td_bld,rooftop_pv,rooftop_pv,2080,0.202069562379055
Taiwan,elect_td_bld,rooftop_pv,rooftop_pv,2080,0.169964676565435
Argentina,elect_td_bld,rooftop_pv,rooftop_pv,2080,0.197924141989948
Colombia,elect_td_bld,rooftop_pv,rooftop_pv,2080,0.18601404795527
USA,elect_td_bld,rooftop_pv,rooftop_pv,2085,0.170000237384502
Africa_Eastern,elect_td_bld,rooftop_pv,rooftop_pv,2085,0.240008956466482
Africa_Northern,elect_td_bld,rooftop_pv,rooftop_pv,2085,0.238169122810797
Africa_Southern,elect_td_bld,rooftop_pv,rooftop_pv,2085,0.234210230758457
Africa_Western,elect_td_bld,rooftop_pv,rooftop_pv,2085,0.232534914799674
Australia_NZ,elect_td_bld,rooftop_pv,rooftop_pv,2085,0.231643404469772
Brazil,elect_td_bld,rooftop_pv,rooftop_pv,2085,0.209707320001716
Canada,elect_td_bld,rooftop_pv,rooftop_pv,2085,0.110313623628536
Central America and Caribbean,elect_td_bld,rooftop_pv,rooftop_pv,2085,0.213632345441722
Central Asia,elect_td_bld,rooftop_pv,rooftop_pv,2085,0.182474340754093
China,elect_td_bld,rooftop_pv,rooftop_pv,2085,0.203902275010568
EU-12,elect_td_bld,rooftop_pv,rooftop_pv,2085,0.140691633896619
EU-15,elect_td_bld,rooftop_pv,rooftop_pv,2085,0.155704588556115
Ukraine,elect_td_bld,rooftop_pv,rooftop_pv,2085,0.141811436234389
Europe_Non_EU,elect_td_bld,rooftop_pv,rooftop_pv,2085,0.182721969261787
European Free Trade Association,elect_td_bld,rooftop_pv,rooftop_pv,2085,0.0934198892076427
India,elect_td_bld,rooftop_pv,rooftop_pv,2085,0.210256611036008
Indonesia,elect_td_bld,rooftop_pv,rooftop_pv,2085,0.19699988976121
Japan,elect_td_bld,rooftop_pv,rooftop_pv,2085,0.160753750764185
Mexico,elect_td_bld,rooftop_pv,rooftop_pv,2085,0.228167610634176
Middle East,elect_td_bld,rooftop_pv,rooftop_pv,2085,0.232663088287853
Pakistan,elect_td_bld,rooftop_pv,rooftop_pv,2085,0.220675739474765
Russia,elect_td_bld,rooftop_pv,rooftop_pv,2085,0.110683898976316
South Africa,elect_td_bld,rooftop_pv,rooftop_pv,2085,0.234724479560114
South America_Northern,elect_td_bld,rooftop_pv,rooftop_pv,2085,0.206617429184494
South America_Southern,elect_td_bld,rooftop_pv,rooftop_pv,2085,0.204560384759227
South Asia,elect_td_bld,rooftop_pv,rooftop_pv,2085,0.216567807103143
South Korea,elect_td_bld,rooftop_pv,rooftop_pv,2085,0.177842888977991
Southeast Asia,elect_td_bld,rooftop_pv,rooftop_pv,2085,0.202069562379055
Taiwan,elect_td_bld,rooftop_pv,rooftop_pv,2085,0.169964676565435
Argentina,elect_td_bld,rooftop_pv,rooftop_pv,2085,0.197924141989948
Colombia,elect_td_bld,rooftop_pv,rooftop_pv,2085,0.18601404795527
USA,elect_td_bld,rooftop_pv,rooftop_pv,2090,0.170000237384502
Africa_Eastern,elect_td_bld,rooftop_pv,rooftop_pv,2090,0.240008956466482
Africa_Northern,elect_td_bld,rooftop_pv,rooftop_pv,2090,0.238169122810797
Africa_Southern,elect_td_bld,rooftop_pv,rooftop_pv,2090,0.234210230758457
Africa_Western,elect_td_bld,rooftop_pv,rooftop_pv,2090,0.232534914799674
Australia_NZ,elect_td_bld,rooftop_pv,rooftop_pv,2090,0.231643404469772
Brazil,elect_td_bld,rooftop_pv,rooftop_pv,2090,0.209707320001716
Canada,elect_td_bld,rooftop_pv,rooftop_pv,2090,0.110313623628536
Central America and Caribbean,elect_td_bld,rooftop_pv,rooftop_pv,2090,0.213632345441722
Central Asia,elect_td_bld,rooftop_pv,rooftop_pv,2090,0.182474340754093
China,elect_td_bld,rooftop_pv,rooftop_pv,2090,0.203902275010568
EU-12,elect_td_bld,rooftop_pv,rooftop_pv,2090,0.140691633896619
EU-15,elect_td_bld,rooftop_pv,rooftop_pv,2090,0.155704588556115
Ukraine,elect_td_bld,rooftop_pv,rooftop_pv,2090,0.141811436234389
Europe_Non_EU,elect_td_bld,rooftop_pv,rooftop_pv,2090,0.182721969261787
European Free Trade Association,elect_td_bld,rooftop_pv,rooftop_pv,2090,0.0934198892076427
India,elect_td_bld,rooftop_pv,rooftop_pv,2090,0.210256611036008
Indonesia,elect_td_bld,rooftop_pv,rooftop_pv,2090,0.19699988976121
Japan,elect_td_bld,rooftop_pv,rooftop_pv,2090,0.160753750764185
Mexico,elect_td_bld,rooftop_pv,rooftop_pv,2090,0.228167610634176
Middle East,elect_td_bld,rooftop_pv,rooftop_pv,2090,0.232663088287853
Pakistan,elect_td_bld,rooftop_pv,rooftop_pv,2090,0.220675739474765
Russia,elect_td_bld,rooftop_pv,rooftop_pv,2090,0.110683898976316
South Africa,elect_td_bld,rooftop_pv,rooftop_pv,2090,0.234724479560114
South America_Northern,elect_td_bld,rooftop_pv,rooftop_pv,2090,0.206617429184494
South America_Southern,elect_td_bld,rooftop_pv,rooftop_pv,2090,0.204560384759227
South Asia,elect_td_bld,rooftop_pv,rooftop_pv,2090,0.216567807103143
South Korea,elect_td_bld,rooftop_pv,rooftop_pv,2090,0.177842888977991
Southeast Asia,elect_td_bld,rooftop_pv,rooftop_pv,2090,0.202069562379055
Taiwan,elect_td_bld,rooftop_pv,rooftop_pv,2090,0.169964676565435
Argentina,elect_td_bld,rooftop_pv,rooftop_pv,2090,0.197924141989948
Colombia,elect_td_bld,rooftop_pv,rooftop_pv,2090,0.18601404795527
USA,elect_td_bld,rooftop_pv,rooftop_pv,2095,0.170000237384502
Africa_Eastern,elect_td_bld,rooftop_pv,rooftop_pv,2095,0.240008956466482
Africa_Northern,elect_td_bld,rooftop_pv,rooftop_pv,2095,0.238169122810797
Africa_Southern,elect_td_bld,rooftop_pv,rooftop_pv,2095,0.234210230758457
Africa_Western,elect_td_bld,rooftop_pv,rooftop_pv,2095,0.232534914799674
Australia_NZ,elect_td_bld,rooftop_pv,rooftop_pv,2095,0.231643404469772
Brazil,elect_td_bld,rooftop_pv,rooftop_pv,2095,0.209707320001716
Canada,elect_td_bld,rooftop_pv,rooftop_pv,2095,0.110313623628536
Central America and Caribbean,elect_td_bld,rooftop_pv,rooftop_pv,2095,0.213632345441722
Central Asia,elect_td_bld,rooftop_pv,rooftop_pv,2095,0.182474340754093
China,elect_td_bld,rooftop_pv,rooftop_pv,2095,0.203902275010568
EU-12,elect_td_bld,rooftop_pv,rooftop_pv,2095,0.140691633896619
EU-15,elect_td_bld,rooftop_pv,rooftop_pv,2095,0.155704588556115
Ukraine,elect_td_bld,rooftop_pv,rooftop_pv,2095,0.141811436234389
Europe_Non_EU,elect_td_bld,rooftop_pv,rooftop_pv,2095,0.182721969261787
European Free Trade Association,elect_td_bld,rooftop_pv,rooftop_pv,2095,0.0934198892076427
India,elect_td_bld,rooftop_pv,rooftop_pv,2095,0.210256611036008
Indonesia,elect_td_bld,rooftop_pv,rooftop_pv,2095,0.19699988976121
Japan,elect_td_bld,rooftop_pv,rooftop_pv,2095,0.160753750764185
Mexico,elect_td_bld,rooftop_pv,rooftop_pv,2095,0.228167610634176
Middle East,elect_td_bld,rooftop_pv,rooftop_pv,2095,0.232663088287853
Pakistan,elect_td_bld,rooftop_pv,rooftop_pv,2095,0.220675739474765
Russia,elect_td_bld,rooftop_pv,rooftop_pv,2095,0.110683898976316
South Africa,elect_td_bld,rooftop_pv,rooftop_pv,2095,0.234724479560114
South America_Northern,elect_td_bld,rooftop_pv,rooftop_pv,2095,0.206617429184494
South America_Southern,elect_td_bld,rooftop_pv,rooftop_pv,2095,0.204560384759227
South Asia,elect_td_bld,rooftop_pv,rooftop_pv,2095,0.216567807103143
South Korea,elect_td_bld,rooftop_pv,rooftop_pv,2095,0.177842888977991
Southeast Asia,elect_td_bld,rooftop_pv,rooftop_pv,2095,0.202069562379055
Taiwan,elect_td_bld,rooftop_pv,rooftop_pv,2095,0.169964676565435
Argentina,elect_td_bld,rooftop_pv,rooftop_pv,2095,0.197924141989948
Colombia,elect_td_bld,rooftop_pv,rooftop_pv,2095,0.18601404795527
USA,elect_td_bld,rooftop_pv,rooftop_pv,2100,0.170000237384502
Africa_Eastern,elect_td_bld,rooftop_pv,rooftop_pv,2100,0.240008956466482
Africa_Northern,elect_td_bld,rooftop_pv,rooftop_pv,2100,0.238169122810797
Africa_Southern,elect_td_bld,rooftop_pv,rooftop_pv,2100,0.234210230758457
Africa_Western,elect_td_bld,rooftop_pv,rooftop_pv,2100,0.232534914799674
Australia_NZ,elect_td_bld,rooftop_pv,rooftop_pv,2100,0.231643404469772
Brazil,elect_td_bld,rooftop_pv,rooftop_pv,2100,0.209707320001716
Canada,elect_td_bld,rooftop_pv,rooftop_pv,2100,0.110313623628536
Central America and Caribbean,elect_td_bld,rooftop_pv,rooftop_pv,2100,0.213632345441722
Central Asia,elect_td_bld,rooftop_pv,rooftop_pv,2100,0.182474340754093
China,elect_td_bld,rooftop_pv,rooftop_pv,2100,0.203902275010568
EU-12,elect_td_bld,rooftop_pv,rooftop_pv,2100,0.140691633896619
EU-15,elect_td_bld,rooftop_pv,rooftop_pv,2100,0.155704588556115
Ukraine,elect_td_bld,rooftop_pv,rooftop_pv,2100,0.141811436234389
Europe_Non_EU,elect_td_bld,rooftop_pv,rooftop_pv,2100,0.182721969261787
European Free Trade Association,elect_td_bld,rooftop_pv,rooftop_pv,2100,0.0934198892076427
India,elect_td_bld,rooftop_pv,rooftop_pv,2100,0.210256611036008
Indonesia,elect_td_bld,rooftop_pv,rooftop_pv,2100,0.19699988976121
Japan,elect_td_bld,rooftop_pv,rooftop_pv,2100,0.160753750764185
Mexico,elect_td_bld,rooftop_pv,rooftop_pv,2100,0.228167610634176
Middle East,elect_td_bld,rooftop_pv,rooftop_pv,2100,0.232663088287853
Pakistan,elect_td_bld,rooftop_pv,rooftop_pv,2100,0.220675739474765
Russia,elect_td_bld,rooftop_pv,rooftop_pv,2100,0.110683898976316
South Africa,elect_td_bld,rooftop_pv,rooftop_pv,2100,0.234724479560114
South America_Northern,elect_td_bld,rooftop_pv,rooftop_pv,2100,0.206617429184494
South America_Southern,elect_td_bld,rooftop_pv,rooftop_pv,2100,0.204560384759227
South Asia,elect_td_bld,rooftop_pv,rooftop_pv,2100,0.216567807103143
South Korea,elect_td_bld,rooftop_pv,rooftop_pv,2100,0.177842888977991
Southeast Asia,elect_td_bld,rooftop_pv,rooftop_pv,2100,0.202069562379055
Taiwan,elect_td_bld,rooftop_pv,rooftop_pv,2100,0.169964676565435
Argentina,elect_td_bld,rooftop_pv,rooftop_pv,2100,0.197924141989948
Colombia,elect_td_bld,rooftop_pv,rooftop_pv,2100,0.18601404795527
USA,electricity,solar,PV,1975,0.203200283744299
Africa_Eastern,electricity,solar,PV,1975,0.286881293846995
Africa_Northern,electricity,solar,PV,1975,0.284682151500906
Africa_Southern,electricity,solar,PV,1975,0.279950111118344
Africa_Western,electricity,solar,PV,1975,0.27794761580761
Australia_NZ,electricity,solar,PV,1975,0.276881998754457
Brazil,electricity,solar,PV,1975,0.250661926025581
Canada,electricity,solar,PV,1975,0.13185722541952
Central America and Caribbean,electricity,solar,PV,1975,0.255353485845634
Central Asia,electricity,solar,PV,1975,0.218110506124893
China,electricity,solar,PV,1975,0.243723189894985
EU-12,electricity,solar,PV,1975,0.168167882398782
EU-15,electricity,solar,PV,1975,0.18611277879178
Ukraine,electricity,solar,PV,1975,0.169506375546046
Europe_Non_EU,electricity,solar,PV,1975,0.2184064950235
European Free Trade Association,electricity,solar,PV,1975,0.111664244041135
India,electricity,solar,PV,1975,0.251318490367747
Indonesia,electricity,solar,PV,1975,0.235472809408693
Japan,electricity,solar,PV,1975,0.192148012678132
Mexico,electricity,solar,PV,1975,0.272727402828615
Middle East,electricity,solar,PV,1975,0.278100820824069
Pakistan,electricity,solar,PV,1975,0.263772413301602
Russia,electricity,solar,PV,1975,0.132299813364631
South Africa,electricity,solar,PV,1975,0.280564789685971
South America_Northern,electricity,solar,PV,1975,0.246968597707584
South America_Southern,electricity,solar,PV,1975,0.244509824606323
South Asia,electricity,solar,PV,1975,0.25886222590211
South Korea,electricity,solar,PV,1975,0.212574559060752
Southeast Asia,electricity,solar,PV,1975,0.241532559267199
Taiwan,electricity,solar,PV,1975,0.20315777810645
Argentina,electricity,solar,PV,1975,0.236577562660926
Colombia,electricity,solar,PV,1975,0.222341497320652
USA,electricity,solar,PV_storage,1975,0.203200283744299
Africa_Eastern,electricity,solar,PV_storage,1975,0.286881293846995
Africa_Northern,electricity,solar,PV_storage,1975,0.284682151500906
Africa_Southern,electricity,solar,PV_storage,1975,0.279950111118344
Africa_Western,electricity,solar,PV_storage,1975,0.27794761580761
Australia_NZ,electricity,solar,PV_storage,1975,0.276881998754457
Brazil,electricity,solar,PV_storage,1975,0.250661926025581
Canada,electricity,solar,PV_storage,1975,0.13185722541952
Central America and Caribbean,electricity,solar,PV_storage,1975,0.255353485845634
Central Asia,electricity,solar,PV_storage,1975,0.218110506124893
China,electricity,solar,PV_storage,1975,0.243723189894985
EU-12,electricity,solar,PV_storage,1975,0.168167882398782
EU-15,electricity,solar,PV_storage,1975,0.18611277879178
Ukraine,electricity,solar,PV_storage,1975,0.169506375546046
Europe_Non_EU,electricity,solar,PV_storage,1975,0.2184064950235
European Free Trade Association,electricity,solar,PV_storage,1975,0.111664244041135
India,electricity,solar,PV_storage,1975,0.251318490367747
Indonesia,electricity,solar,PV_storage,1975,0.235472809408693
Japan,electricity,solar,PV_storage,1975,0.192148012678132
Mexico,electricity,solar,PV_storage,1975,0.272727402828615
Middle East,electricity,solar,PV_storage,1975,0.278100820824069
Pakistan,electricity,solar,PV_storage,1975,0.263772413301602
Russia,electricity,solar,PV_storage,1975,0.132299813364631
South Africa,electricity,solar,PV_storage,1975,0.280564789685971
South America_Northern,electricity,solar,PV_storage,1975,0.246968597707584
South America_Southern,electricity,solar,PV_storage,1975,0.244509824606323
South Asia,electricity,solar,PV_storage,1975,0.25886222590211
South Korea,electricity,solar,PV_storage,1975,0.212574559060752
Southeast Asia,electricity,solar,PV_storage,1975,0.241532559267199
Taiwan,electricity,solar,PV_storage,1975,0.20315777810645
Argentina,electricity,solar,PV_storage,1975,0.236577562660926
Colombia,electricity,solar,PV_storage,1975,0.222341497320652
USA,electricity,solar,PV,1990,0.215200300500852
Africa_Eastern,electricity,solar,PV,1990,0.303823102538747
Africa_Northern,electricity,solar,PV,1990,0.301494089581668
Africa_Southern,electricity,solar,PV,1990,0.296482597995412
Africa_Western,electricity,solar,PV,1990,0.294361845087587
Australia_NZ,electricity,solar,PV,1990,0.2932332978935
Brazil,electricity,solar,PV,1990,0.265464795672761
Canada,electricity,solar,PV,1990,0.139644069440358
Central America and Caribbean,electricity,solar,PV,1990,0.270433416112109
Central Asia,electricity,solar,PV,1990,0.230991047825182
China,electricity,solar,PV,1990,0.258116291660437
EU-12,electricity,solar,PV,1990,0.17809905655619
EU-15,electricity,solar,PV,1990,0.197103690925152
Ukraine,electricity,solar,PV,1990,0.179516594574356
Europe_Non_EU,electricity,solar,PV,1990,0.231304516383156
European Free Trade Association,electricity,solar,PV,1990,0.118258589161675
India,electricity,solar,PV,1990,0.2661601334997
Indonesia,electricity,solar,PV,1990,0.249378683980072
Japan,electricity,solar,PV,1990,0.203495336261486
Mexico,electricity,solar,PV,1990,0.288833351814557
Middle East,electricity,solar,PV,1990,0.294524097644388
Pakistan,electricity,solar,PV,1990,0.27934952432335
Russia,electricity,solar,PV,1990,0.140112794468842
South Africa,electricity,solar,PV,1990,0.29713357647845
South America_Northern,electricity,solar,PV,1990,0.261553357414724
South America_Southern,electricity,solar,PV,1990,0.258949381177562
South Asia,electricity,solar,PV,1990,0.274149365227037
South Korea,electricity,solar,PV,1990,0.225128174753316
Southeast Asia,electricity,solar,PV,1990,0.255796293082191
Taiwan,electricity,solar,PV,1990,0.215155284687539
Argentina,electricity,solar,PV,1990,0.250548678566098
Colombia,electricity,solar,PV,1990,0.23547190070573
USA,electricity,solar,PV_storage,1990,0.215200300500852
Africa_Eastern,electricity,solar,PV_storage,1990,0.303823102538747
Africa_Northern,electricity,solar,PV_storage,1990,0.301494089581668
Africa_Southern,electricity,solar,PV_storage,1990,0.296482597995412
Africa_Western,electricity,solar,PV_storage,1990,0.294361845087587
Australia_NZ,electricity,solar,PV_storage,1990,0.2932332978935
Brazil,electricity,solar,PV_storage,1990,0.265464795672761
Canada,electricity,solar,PV_storage,1990,0.139644069440358
Central America and Caribbean,electricity,solar,PV_storage,1990,0.270433416112109
Central Asia,electricity,solar,PV_storage,1990,0.230991047825182
China,electricity,solar,PV_storage,1990,0.258116291660437
EU-12,electricity,solar,PV_storage,1990,0.17809905655619
EU-15,electricity,solar,PV_storage,1990,0.197103690925152
Ukraine,electricity,solar,PV_storage,1990,0.179516594574356
Europe_Non_EU,electricity,solar,PV_storage,1990,0.231304516383156
European Free Trade Association,electricity,solar,PV_storage,1990,0.118258589161675
India,electricity,solar,PV_storage,1990,0.2661601334997
Indonesia,electricity,solar,PV_storage,1990,0.249378683980072
Japan,electricity,solar,PV_storage,1990,0.203495336261486
Mexico,electricity,solar,PV_storage,1990,0.288833351814557
Middle East,electricity,solar,PV_storage,1990,0.294524097644388
Pakistan,electricity,solar,PV_storage,1990,0.27934952432335
Russia,electricity,solar,PV_storage,1990,0.140112794468842
South Africa,electricity,solar,PV_storage,1990,0.29713357647845
South America_Northern,electricity,solar,PV_storage,1990,0.261553357414724
South America_Southern,electricity,solar,PV_storage,1990,0.258949381177562
South Asia,electricity,solar,PV_storage,1990,0.274149365227037
South Korea,electricity,solar,PV_storage,1990,0.225128174753316
Southeast Asia,electricity,solar,PV_storage,1990,0.255796293082191
Taiwan,electricity,solar,PV_storage,1990,0.215155284687539
Argentina,electricity,solar,PV_storage,1990,0.250548678566098
Colombia,electricity,solar,PV_storage,1990,0.23547190070573
USA,electricity,solar,PV,2005,0.227200317257405
Africa_Eastern,electricity,solar,PV,2005,0.320764911230499
Africa_Northern,electricity,solar,PV,2005,0.31830602766243
Africa_Southern,electricity,solar,PV,2005,0.313015084872479
Africa_Western,electricity,solar,PV,2005,0.310776074367564
Australia_NZ,electricity,solar,PV,2005,0.309584597032543
Brazil,electricity,solar,PV,2005,0.280267665319941
Canada,electricity,solar,PV,2005,0.147430913461196
Central America and Caribbean,electricity,solar,PV,2005,0.285513346378583
Central Asia,electricity,solar,PV,2005,0.243871589525471
China,electricity,solar,PV,2005,0.272509393425889
EU-12,electricity,solar,PV,2005,0.188030230713599
EU-15,electricity,solar,PV,2005,0.208094603058525
Ukraine,electricity,solar,PV,2005,0.189526813602666
Europe_Non_EU,electricity,solar,PV,2005,0.244202537742812
European Free Trade Association,electricity,solar,PV,2005,0.124852934282214
India,electricity,solar,PV,2005,0.281001776631654
Indonesia,electricity,solar,PV,2005,0.263284558551452
Japan,electricity,solar,PV,2005,0.21484265984484
Mexico,electricity,solar,PV,2005,0.304939300800499
Middle East,electricity,solar,PV,2005,0.310947374464707
Pakistan,electricity,solar,PV,2005,0.294926635345098
Russia,electricity,solar,PV,2005,0.147925775573052
South Africa,electricity,solar,PV,2005,0.313702363270928
South America_Northern,electricity,solar,PV,2005,0.276138117121865
South America_Southern,electricity,solar,PV,2005,0.273388937748802
South Asia,electricity,solar,PV,2005,0.289436504551965
South Korea,electricity,solar,PV,2005,0.23768179044588
Southeast Asia,electricity,solar,PV,2005,0.270060026897184
Taiwan,electricity,solar,PV,2005,0.227152791268629
Argentina,electricity,solar,PV,2005,0.264519794471271
Colombia,electricity,solar,PV,2005,0.248602304090808
USA,electricity,solar,PV_storage,2005,0.227200317257405
Africa_Eastern,electricity,solar,PV_storage,2005,0.320764911230499
Africa_Northern,electricity,solar,PV_storage,2005,0.31830602766243
Africa_Southern,electricity,solar,PV_storage,2005,0.313015084872479
Africa_Western,electricity,solar,PV_storage,2005,0.310776074367564
Australia_NZ,electricity,solar,PV_storage,2005,0.309584597032543
Brazil,electricity,solar,PV_storage,2005,0.280267665319941
Canada,electricity,solar,PV_storage,2005,0.147430913461196
Central America and Caribbean,electricity,solar,PV_storage,2005,0.285513346378583
Central Asia,electricity,solar,PV_storage,2005,0.243871589525471
China,electricity,solar,PV_storage,2005,0.272509393425889
EU-12,electricity,solar,PV_storage,2005,0.188030230713599
EU-15,electricity,solar,PV_storage,2005,0.208094603058525
Ukraine,electricity,solar,PV_storage,2005,0.189526813602666
Europe_Non_EU,electricity,solar,PV_storage,2005,0.244202537742812
European Free Trade Association,electricity,solar,PV_storage,2005,0.124852934282214
India,electricity,solar,PV_storage,2005,0.281001776631654
Indonesia,electricity,solar,PV_storage,2005,0.263284558551452
Japan,electricity,solar,PV_storage,2005,0.21484265984484
Mexico,electricity,solar,PV_storage,2005,0.304939300800499
Middle East,electricity,solar,PV_storage,2005,0.310947374464707
Pakistan,electricity,solar,PV_storage,2005,0.294926635345098
Russia,electricity,solar,PV_storage,2005,0.147925775573052
South Africa,electricity,solar,PV_storage,2005,0.313702363270928
South America_Northern,electricity,solar,PV_storage,2005,0.276138117121865
South America_Southern,electricity,solar,PV_storage,2005,0.273388937748802
South Asia,electricity,solar,PV_storage,2005,0.289436504551965
South Korea,electricity,solar,PV_storage,2005,0.23768179044588
Southeast Asia,electricity,solar,PV_storage,2005,0.270060026897184
Taiwan,electricity,solar,PV_storage,2005,0.227152791268629
Argentina,electricity,solar,PV_storage,2005,0.264519794471271
Colombia,electricity,solar,PV_storage,2005,0.248602304090808
USA,electricity,solar,PV,2010,0.231200322842922
Africa_Eastern,electricity,solar,PV,2010,0.326412180794416
Africa_Northern,electricity,solar,PV,2010,0.323910007022684
Africa_Southern,electricity,solar,PV,2010,0.318525913831502
Africa_Western,electricity,solar,PV,2010,0.316247484127556
Australia_NZ,electricity,solar,PV,2010,0.31503503007889
Brazil,electricity,solar,PV,2010,0.285201955202334
Canada,electricity,solar,PV,2010,0.150026528134808
Central America and Caribbean,electricity,solar,PV,2010,0.290539989800742
Central Asia,electricity,solar,PV,2010,0.248165103425567
China,electricity,solar,PV,2010,0.277307094014373
EU-12,electricity,solar,PV,2010,0.191340622099401
EU-15,electricity,solar,PV,2010,0.211758240436316
Ukraine,electricity,solar,PV,2010,0.192863553278769
Europe_Non_EU,electricity,solar,PV,2010,0.24850187819603
European Free Trade Association,electricity,solar,PV,2010,0.127051049322394
India,electricity,solar,PV,2010,0.285948991008971
Indonesia,electricity,solar,PV,2010,0.267919850075245
Japan,electricity,solar,PV,2010,0.218625101039291
Mexico,electricity,solar,PV,2010,0.31030795046248
Middle East,electricity,solar,PV,2010,0.316421800071481
Pakistan,electricity,solar,PV,2010,0.300119005685681
Russia,electricity,solar,PV,2010,0.150530102607789
South Africa,electricity,solar,PV,2010,0.319225292201754
South America_Northern,electricity,solar,PV,2010,0.280999703690912
South America_Southern,electricity,solar,PV,2010,0.278202123272548
South Asia,electricity,solar,PV,2010,0.294532217660274
South Korea,electricity,solar,PV,2010,0.241866329010068
Southeast Asia,electricity,solar,PV,2010,0.274814604835514
Taiwan,electricity,solar,PV,2010,0.231151960128992
Argentina,electricity,solar,PV,2010,0.269176833106329
Colombia,electricity,solar,PV,2010,0.252979105219167
USA,electricity,solar,PV_storage,2010,0.231200322842922
Africa_Eastern,electricity,solar,PV_storage,2010,0.326412180794416
Africa_Northern,electricity,solar,PV_storage,2010,0.323910007022684
Africa_Southern,electricity,solar,PV_storage,2010,0.318525913831502
Africa_Western,electricity,solar,PV_storage,2010,0.316247484127556
Australia_NZ,electricity,solar,PV_storage,2010,0.31503503007889
Brazil,electricity,solar,PV_storage,2010,0.285201955202334
Canada,electricity,solar,PV_storage,2010,0.150026528134808
Central America and Caribbean,electricity,solar,PV_storage,2010,0.290539989800742
Central Asia,electricity,solar,PV_storage,2010,0.248165103425567
China,electricity,solar,PV_storage,2010,0.277307094014373
EU-12,electricity,solar,PV_storage,2010,0.191340622099401
EU-15,electricity,solar,PV_storage,2010,0.211758240436316
Ukraine,electricity,solar,PV_storage,2010,0.192863553278769
Europe_Non_EU,electricity,solar,PV_storage,2010,0.24850187819603
European Free Trade Association,electricity,solar,PV_storage,2010,0.127051049322394
India,electricity,solar,PV_storage,2010,0.285948991008971
Indonesia,electricity,solar,PV_storage,2010,0.267919850075245
Japan,electricity,solar,PV_storage,2010,0.218625101039291
Mexico,electricity,solar,PV_storage,2010,0.31030795046248
Middle East,electricity,solar,PV_storage,2010,0.316421800071481
Pakistan,electricity,solar,PV_storage,2010,0.300119005685681
Russia,electricity,solar,PV_storage,2010,0.150530102607789
South Africa,electricity,solar,PV_storage,2010,0.319225292201754
South America_Northern,electricity,solar,PV_storage,2010,0.280999703690912
South America_Southern,electricity,solar,PV_storage,2010,0.278202123272548
South Asia,electricity,solar,PV_storage,2010,0.294532217660274
South Korea,electricity,solar,PV_storage,2010,0.241866329010068
Southeast Asia,electricity,solar,PV_storage,2010,0.274814604835514
Taiwan,electricity,solar,PV_storage,2010,0.231151960128992
Argentina,electricity,solar,PV_storage,2010,0.269176833106329
Colombia,electricity,solar,PV_storage,2010,0.252979105219167
USA,electricity,solar,PV,2015,0.23520032842844
Africa_Eastern,electricity,solar,PV,2015,0.332059450358333
Africa_Northern,electricity,solar,PV,2015,0.329513986382938
Africa_Southern,electricity,solar,PV,2015,0.324036742790524
Africa_Western,electricity,solar,PV,2015,0.321718893887549
Australia_NZ,electricity,solar,PV,2015,0.320485463125238
Brazil,electricity,solar,PV,2015,0.290136245084728
Canada,electricity,solar,PV,2015,0.152622142808421
Central America and Caribbean,electricity,solar,PV,2015,0.2955666332229
Central Asia,electricity,solar,PV,2015,0.252458617325663
China,electricity,solar,PV,2015,0.282104794602857
EU-12,electricity,solar,PV,2015,0.194651013485204
EU-15,electricity,solar,PV,2015,0.215421877814107
Ukraine,electricity,solar,PV,2015,0.196200292954872
Europe_Non_EU,electricity,solar,PV,2015,0.252801218649249
European Free Trade Association,electricity,solar,PV,2015,0.129249164362574
India,electricity,solar,PV,2015,0.290896205386289
Indonesia,electricity,solar,PV,2015,0.272555141599038
Japan,electricity,solar,PV,2015,0.222407542233743
Mexico,electricity,solar,PV,2015,0.31567660012446
Middle East,electricity,solar,PV,2015,0.321896225678254
Pakistan,electricity,solar,PV,2015,0.305311376026264
Russia,electricity,solar,PV,2015,0.153134429642526
South Africa,electricity,solar,PV,2015,0.324748221132581
South America_Northern,electricity,solar,PV,2015,0.285861290259959
South America_Southern,electricity,solar,PV,2015,0.283015308796295
South Asia,electricity,solar,PV,2015,0.299627930768584
South Korea,electricity,solar,PV,2015,0.246050867574256
Southeast Asia,electricity,solar,PV,2015,0.279569182773845
Taiwan,electricity,solar,PV,2015,0.235151128989355
Argentina,electricity,solar,PV,2015,0.273833871741386
Colombia,electricity,solar,PV,2015,0.257355906347526
USA,electricity,solar,PV_storage,2015,0.23520032842844
Africa_Eastern,electricity,solar,PV_storage,2015,0.332059450358333
Africa_Northern,electricity,solar,PV_storage,2015,0.329513986382938
Africa_Southern,electricity,solar,PV_storage,2015,0.324036742790524
Africa_Western,electricity,solar,PV_storage,2015,0.321718893887549
Australia_NZ,electricity,solar,PV_storage,2015,0.320485463125238
Brazil,electricity,solar,PV_storage,2015,0.290136245084728
Canada,electricity,solar,PV_storage,2015,0.152622142808421
Central America and Caribbean,electricity,solar,PV_storage,2015,0.2955666332229
Central Asia,electricity,solar,PV_storage,2015,0.252458617325663
China,electricity,solar,PV_storage,2015,0.282104794602857
EU-12,electricity,solar,PV_storage,2015,0.194651013485204
EU-15,electricity,solar,PV_storage,2015,0.215421877814107
Ukraine,electricity,solar,PV_storage,2015,0.196200292954872
Europe_Non_EU,electricity,solar,PV_storage,2015,0.252801218649249
European Free Trade Association,electricity,solar,PV_storage,2015,0.129249164362574
India,electricity,solar,PV_storage,2015,0.290896205386289
Indonesia,electricity,solar,PV_storage,2015,0.272555141599038
Japan,electricity,solar,PV_storage,2015,0.222407542233743
Mexico,electricity,solar,PV_storage,2015,0.31567660012446
Middle East,electricity,solar,PV_storage,2015,0.321896225678254
Pakistan,electricity,solar,PV_storage,2015,0.305311376026264
Russia,electricity,solar,PV_storage,2015,0.153134429642526
South Africa,electricity,solar,PV_storage,2015,0.324748221132581
South America_Northern,electricity,solar,PV_storage,2015,0.285861290259959
South America_Southern,electricity,solar,PV_storage,2015,0.283015308796295
South Asia,electricity,solar,PV_storage,2015,0.299627930768584
South Korea,electricity,solar,PV_storage,2015,0.246050867574256
Southeast Asia,electricity,solar,PV_storage,2015,0.279569182773845
Taiwan,electricity,solar,PV_storage,2015,0.235151128989355
Argentina,electricity,solar,PV_storage,2015,0.273833871741386
Colombia,electricity,solar,PV_storage,2015,0.257355906347526
USA,electricity,solar,PV,2021,0.240000335131061
Africa_Eastern,electricity,solar,PV,2021,0.338836173835034
Africa_Northern,electricity,solar,PV,2021,0.336238761615243
Africa_Southern,electricity,solar,PV,2021,0.330649737541351
Africa_Western,electricity,solar,PV,2021,0.328284585599539
Australia_NZ,electricity,solar,PV,2021,0.327025982780855
Brazil,electricity,solar,PV,2021,0.2960573929436
Canada,electricity,solar,PV,2021,0.155736880416756
Central America and Caribbean,electricity,solar,PV,2021,0.30159860532949
Central Asia,electricity,solar,PV,2021,0.257610834005779
China,electricity,solar,PV,2021,0.287862035309037
EU-12,electricity,solar,PV,2021,0.198623483148167
EU-15,electricity,solar,PV,2021,0.219818242667456
Ukraine,electricity,solar,PV,2021,0.200204380566196
Europe_Non_EU,electricity,solar,PV,2021,0.257960427193111
European Free Trade Association,electricity,solar,PV,2021,0.13188690241079
India,electricity,solar,PV,2021,0.296832862639071
Indonesia,electricity,solar,PV,2021,0.27811749142759
Japan,electricity,solar,PV,2021,0.226946471667085
Mexico,electricity,solar,PV,2021,0.322118979718837
Middle East,electricity,solar,PV,2021,0.328465536406381
Pakistan,electricity,solar,PV,2021,0.311542220434963
Russia,electricity,solar,PV,2021,0.15625962208421
South Africa,electricity,solar,PV,2021,0.331375735849572
South America_Northern,electricity,solar,PV,2021,0.291695194142815
South America_Southern,electricity,solar,PV,2021,0.288791131424791
South Asia,electricity,solar,PV,2021,0.305742786498555
South Korea,electricity,solar,PV,2021,0.251072313851282
Southeast Asia,electricity,solar,PV,2021,0.285274676299842
Taiwan,electricity,solar,PV,2021,0.239950131621791
Argentina,electricity,solar,PV,2021,0.279422318103455
Colombia,electricity,solar,PV,2021,0.262608067701558
USA,electricity,solar,PV_storage,2021,0.240000335131061
Africa_Eastern,electricity,solar,PV_storage,2021,0.338836173835034
Africa_Northern,electricity,solar,PV_storage,2021,0.336238761615243
Africa_Southern,electricity,solar,PV_storage,2021,0.330649737541351
Africa_Western,electricity,solar,PV_storage,2021,0.328284585599539
Australia_NZ,electricity,solar,PV_storage,2021,0.327025982780855
Brazil,electricity,solar,PV_storage,2021,0.2960573929436
Canada,electricity,solar,PV_storage,2021,0.155736880416756
Central America and Caribbean,electricity,solar,PV_storage,2021,0.30159860532949
Central Asia,electricity,solar,PV_storage,2021,0.257610834005779
China,electricity,solar,PV_storage,2021,0.287862035309037
EU-12,electricity,solar,PV_storage,2021,0.198623483148167
EU-15,electricity,solar,PV_storage,2021,0.219818242667456
Ukraine,electricity,solar,PV_storage,2021,0.200204380566196
Europe_Non_EU,electricity,solar,PV_storage,2021,0.257960427193111
European Free Trade Association,electricity,solar,PV_storage,2021,0.13188690241079
India,electricity,solar,PV_storage,2021,0.296832862639071
Indonesia,electricity,solar,PV_storage,2021,0.27811749142759
Japan,electricity,solar,PV_storage,2021,0.226946471667085
Mexico,electricity,solar,PV_storage,2021,0.322118979718837
Middle East,electricity,solar,PV_storage,2021,0.328465536406381
Pakistan,electricity,solar,PV_storage,2021,0.311542220434963
Russia,electricity,solar,PV_storage,2021,0.15625962208421
South Africa,electricity,solar,PV_storage,2021,0.331375735849572
South America_Northern,electricity,solar,PV_storage,2021,0.291695194142815
South America_Southern,electricity,solar,PV_storage,2021,0.288791131424791
South Asia,electricity,solar,PV_storage,2021,0.305742786498555
South Korea,electricity,solar,PV_storage,2021,0.251072313851282
Southeast Asia,electricity,solar,PV_storage,2021,0.285274676299842
Taiwan,electricity,solar,PV_storage,2021,0.239950131621791
Argentina,electricity,solar,PV_storage,2021,0.279422318103455
Colombia,electricity,solar,PV_storage,2021,0.262608067701558
USA,electricity,solar,PV,2025,0.270000377022444
Africa_Eastern,electricity,solar,PV,2025,0.381190695564413
Africa_Northern,electricity,solar,PV,2025,0.378268606817149
Africa_Southern,electricity,solar,PV,2025,0.37198095473402
Africa_Western,electricity,solar,PV,2025,0.369320158799482
Australia_NZ,electricity,solar,PV,2025,0.367904230628462
Brazil,electricity,solar,PV,2025,0.33306456706155
Canada,electricity,solar,PV,2025,0.175203990468851
Central America and Caribbean,electricity,solar,PV,2025,0.339298430995676
Central Asia,electricity,solar,PV,2025,0.289812188256501
China,electricity,solar,PV,2025,0.323844789722667
EU-12,electricity,solar,PV,2025,0.223451418541688
EU-15,electricity,solar,PV,2025,0.247295523000888
Ukraine,electricity,solar,PV,2025,0.225229928136971
Europe_Non_EU,electricity,solar,PV,2025,0.29020548059225
European Free Trade Association,electricity,solar,PV,2025,0.148372765212138
India,electricity,solar,PV,2025,0.333936970468955
Indonesia,electricity,solar,PV,2025,0.312882177856039
Japan,electricity,solar,PV,2025,0.25531478062547
Mexico,electricity,solar,PV,2025,0.362383852183692
Middle East,electricity,solar,PV,2025,0.369523728457179
Pakistan,electricity,solar,PV,2025,0.350484997989333
Russia,electricity,solar,PV,2025,0.175792074844737
South Africa,electricity,solar,PV,2025,0.372797702830769
South America_Northern,electricity,solar,PV,2025,0.328157093410667
South America_Southern,electricity,solar,PV,2025,0.324890022852889
South Asia,electricity,solar,PV,2025,0.343960634810874
South Korea,electricity,solar,PV,2025,0.282456353082692
Southeast Asia,electricity,solar,PV,2025,0.320934010837322
Taiwan,electricity,solar,PV,2025,0.269943898074515
Argentina,electricity,solar,PV,2025,0.314350107866387
Colombia,electricity,solar,PV,2025,0.295434076164252
USA,electricity,solar,PV_storage,2025,0.270000377022444
Africa_Eastern,electricity,solar,PV_storage,2025,0.381190695564413
Africa_Northern,electricity,solar,PV_storage,2025,0.378268606817149
Africa_Southern,electricity,solar,PV_storage,2025,0.37198095473402
Africa_Western,electricity,solar,PV_storage,2025,0.369320158799482
Australia_NZ,electricity,solar,PV_storage,2025,0.367904230628462
Brazil,electricity,solar,PV_storage,2025,0.33306456706155
Canada,electricity,solar,PV_storage,2025,0.175203990468851
Central America and Caribbean,electricity,solar,PV_storage,2025,0.339298430995676
Central Asia,electricity,solar,PV_storage,2025,0.289812188256501
China,electricity,solar,PV_storage,2025,0.323844789722667
EU-12,electricity,solar,PV_storage,2025,0.223451418541688
EU-15,electricity,solar,PV_storage,2025,0.247295523000888
Ukraine,electricity,solar,PV_storage,2025,0.225229928136971
Europe_Non_EU,electricity,solar,PV_storage,2025,0.29020548059225
European Free Trade Association,electricity,solar,PV_storage,2025,0.148372765212138
India,electricity,solar,PV_storage,2025,0.333936970468955
Indonesia,electricity,solar,PV_storage,2025,0.312882177856039
Japan,electricity,solar,PV_storage,2025,0.25531478062547
Mexico,electricity,solar,PV_storage,2025,0.362383852183692
Middle East,electricity,solar,PV_storage,2025,0.369523728457179
Pakistan,electricity,solar,PV_storage,2025,0.350484997989333
Russia,electricity,solar,PV_storage,2025,0.175792074844737
South Africa,electricity,solar,PV_storage,2025,0.372797702830769
South America_Northern,electricity,solar,PV_storage,2025,0.328157093410667
South America_Southern,electricity,solar,PV_storage,2025,0.324890022852889
South Asia,electricity,solar,PV_storage,2025,0.343960634810874
South Korea,electricity,solar,PV_storage,2025,0.282456353082692
Southeast Asia,electricity,solar,PV_storage,2025,0.320934010837322
Taiwan,electricity,solar,PV_storage,2025,0.269943898074515
Argentina,electricity,solar,PV_storage,2025,0.314350107866387
Colombia,electricity,solar,PV_storage,2025,0.295434076164252
USA,electricity,solar,PV,2030,0.276000385400721
Africa_Eastern,electricity,solar,PV,2030,0.389661599910289
Africa_Northern,electricity,solar,PV,2030,0.38667457585753
Africa_Southern,electricity,solar,PV,2030,0.380247198172554
Africa_Western,electricity,solar,PV,2030,0.37752727343947
Australia_NZ,electricity,solar,PV,2030,0.376079880197983
Brazil,electricity,solar,PV,2030,0.34046600188514
Canada,electricity,solar,PV,2030,0.179097412479269
Central America and Caribbean,electricity,solar,PV,2030,0.346838396128913
Central Asia,electricity,solar,PV,2030,0.296252459106646
China,electricity,solar,PV,2030,0.331041340605393
EU-12,electricity,solar,PV,2030,0.228417005620393
EU-15,electricity,solar,PV,2030,0.252790979067575
Ukraine,electricity,solar,PV,2030,0.230235037651126
Europe_Non_EU,electricity,solar,PV,2030,0.296654491272077
European Free Trade Association,electricity,solar,PV,2030,0.151669937772408
India,electricity,solar,PV,2030,0.341357792034931
Indonesia,electricity,solar,PV,2030,0.319835115141729
Japan,electricity,solar,PV,2030,0.260988442417147
Mexico,electricity,solar,PV,2030,0.370436826676663
Middle East,electricity,solar,PV,2030,0.377735366867338
Pakistan,electricity,solar,PV,2030,0.358273553500207
Russia,electricity,solar,PV,2030,0.179698565396842
South Africa,electricity,solar,PV,2030,0.381082096227008
South America_Northern,electricity,solar,PV,2030,0.335449473264238
South America_Southern,electricity,solar,PV,2030,0.332109801138509
South Asia,electricity,solar,PV,2030,0.351604204473338
South Korea,electricity,solar,PV,2030,0.288733160928974
Southeast Asia,electricity,solar,PV,2030,0.328065877744818
Taiwan,electricity,solar,PV,2030,0.27594265136506
Argentina,electricity,solar,PV,2030,0.321335665818974
Colombia,electricity,solar,PV,2030,0.301999277856791
USA,electricity,solar,PV_storage,2030,0.276000385400721
Africa_Eastern,electricity,solar,PV_storage,2030,0.389661599910289
Africa_Northern,electricity,solar,PV_storage,2030,0.38667457585753
Africa_Southern,electricity,solar,PV_storage,2030,0.380247198172554
Africa_Western,electricity,solar,PV_storage,2030,0.37752727343947
Australia_NZ,electricity,solar,PV_storage,2030,0.376079880197983
Brazil,electricity,solar,PV_storage,2030,0.34046600188514
Canada,electricity,solar,PV_storage,2030,0.179097412479269
Central America and Caribbean,electricity,solar,PV_storage,2030,0.346838396128913
Central Asia,electricity,solar,PV_storage,2030,0.296252459106646
China,electricity,solar,PV_storage,2030,0.331041340605393
EU-12,electricity,solar,PV_storage,2030,0.228417005620393
EU-15,electricity,solar,PV_storage,2030,0.252790979067575
Ukraine,electricity,solar,PV_storage,2030,0.230235037651126
Europe_Non_EU,electricity,solar,PV_storage,2030,0.296654491272077
European Free Trade Association,electricity,solar,PV_storage,2030,0.151669937772408
India,electricity,solar,PV_storage,2030,0.341357792034931
Indonesia,electricity,solar,PV_storage,2030,0.319835115141729
Japan,electricity,solar,PV_storage,2030,0.260988442417147
Mexico,electricity,solar,PV_storage,2030,0.370436826676663
Middle East,electricity,solar,PV_storage,2030,0.377735366867338
Pakistan,electricity,solar,PV_storage,2030,0.358273553500207
Russia,electricity,solar,PV_storage,2030,0.179698565396842
South Africa,electricity,solar,PV_storage,2030,0.381082096227008
South America_Northern,electricity,solar,PV_storage,2030,0.335449473264238
South America_Southern,electricity,solar,PV_storage,2030,0.332109801138509
South Asia,electricity,solar,PV_storage,2030,0.351604204473338
South Korea,electricity,solar,PV_storage,2030,0.288733160928974
Southeast Asia,electricity,solar,PV_storage,2030,0.328065877744818
Taiwan,electricity,solar,PV_storage,2030,0.27594265136506
Argentina,electricity,solar,PV_storage,2030,0.321335665818974
Colombia,electricity,solar,PV_storage,2030,0.301999277856791
USA,electricity,solar,PV,2035,0.282000393778997
Africa_Eastern,electricity,solar,PV,2035,0.398132504256165
Africa_Northern,electricity,solar,PV,2035,0.395080544897911
Africa_Southern,electricity,solar,PV,2035,0.388513441611088
Africa_Western,electricity,solar,PV,2035,0.385734388079459
Australia_NZ,electricity,solar,PV,2035,0.384255529767505
Brazil,electricity,solar,PV,2035,0.34786743670873
Canada,electricity,solar,PV,2035,0.182990834489688
Central America and Caribbean,electricity,solar,PV,2035,0.35437836126215
Central Asia,electricity,solar,PV,2035,0.30269272995679
China,electricity,solar,PV,2035,0.338237891488119
EU-12,electricity,solar,PV,2035,0.233382592699097
EU-15,electricity,solar,PV,2035,0.258286435134261
Ukraine,electricity,solar,PV,2035,0.235240147165281
Europe_Non_EU,electricity,solar,PV,2035,0.303103501951905
European Free Trade Association,electricity,solar,PV,2035,0.154967110332678
India,electricity,solar,PV,2035,0.348778613600908
Indonesia,electricity,solar,PV,2035,0.326788052427418
Japan,electricity,solar,PV,2035,0.266662104208824
Mexico,electricity,solar,PV,2035,0.378489801169634
Middle East,electricity,solar,PV,2035,0.385947005277498
Pakistan,electricity,solar,PV,2035,0.366062109011082
Russia,electricity,solar,PV,2035,0.183605055948947
South Africa,electricity,solar,PV,2035,0.389366489623247
South America_Northern,electricity,solar,PV,2035,0.342741853117808
South America_Southern,electricity,solar,PV,2035,0.339329579424129
South Asia,electricity,solar,PV,2035,0.359247774135802
South Korea,electricity,solar,PV,2035,0.295009968775256
Southeast Asia,electricity,solar,PV,2035,0.335197744652314
Taiwan,electricity,solar,PV,2035,0.281941404655604
Argentina,electricity,solar,PV,2035,0.32832122377156
Colombia,electricity,solar,PV,2035,0.30856447954933
USA,electricity,solar,PV_storage,2035,0.282000393778997
Africa_Eastern,electricity,solar,PV_storage,2035,0.398132504256165
Africa_Northern,electricity,solar,PV_storage,2035,0.395080544897911
Africa_Southern,electricity,solar,PV_storage,2035,0.388513441611088
Africa_Western,electricity,solar,PV_storage,2035,0.385734388079459
Australia_NZ,electricity,solar,PV_storage,2035,0.384255529767505
Brazil,electricity,solar,PV_storage,2035,0.34786743670873
Canada,electricity,solar,PV_storage,2035,0.182990834489688
Central America and Caribbean,electricity,solar,PV_storage,2035,0.35437836126215
Central Asia,electricity,solar,PV_storage,2035,0.30269272995679
China,electricity,solar,PV_storage,2035,0.338237891488119
EU-12,electricity,solar,PV_storage,2035,0.233382592699097
EU-15,electricity,solar,PV_storage,2035,0.258286435134261
Ukraine,electricity,solar,PV_storage,2035,0.235240147165281
Europe_Non_EU,electricity,solar,PV_storage,2035,0.303103501951905
European Free Trade Association,electricity,solar,PV_storage,2035,0.154967110332678
India,electricity,solar,PV_storage,2035,0.348778613600908
Indonesia,electricity,solar,PV_storage,2035,0.326788052427418
Japan,electricity,solar,PV_storage,2035,0.266662104208824
Mexico,electricity,solar,PV_storage,2035,0.378489801169634
Middle East,electricity,solar,PV_storage,2035,0.385947005277498
Pakistan,electricity,solar,PV_storage,2035,0.366062109011082
Russia,electricity,solar,PV_storage,2035,0.183605055948947
South Africa,electricity,solar,PV_storage,2035,0.389366489623247
South America_Northern,electricity,solar,PV_storage,2035,0.342741853117808
South America_Southern,electricity,solar,PV_storage,2035,0.339329579424129
South Asia,electricity,solar,PV_storage,2035,0.359247774135802
South Korea,electricity,solar,PV_storage,2035,0.295009968775256
Southeast Asia,electricity,solar,PV_storage,2035,0.335197744652314
Taiwan,electricity,solar,PV_storage,2035,0.281941404655604
Argentina,electricity,solar,PV_storage,2035,0.32832122377156
Colombia,electricity,solar,PV_storage,2035,0.30856447954933
USA,electricity,solar,PV,2040,0.288000402157274
Africa_Eastern,electricity,solar,PV,2040,0.406603408602041
Africa_Northern,electricity,solar,PV,2040,0.403486513938292
Africa_Southern,electricity,solar,PV,2040,0.396779685049621
Africa_Western,electricity,solar,PV,2040,0.393941502719447
Australia_NZ,electricity,solar,PV,2040,0.392431179337026
Brazil,electricity,solar,PV,2040,0.35526887153232
Canada,electricity,solar,PV,2040,0.186884256500107
Central America and Caribbean,electricity,solar,PV,2040,0.361918326395387
Central Asia,electricity,solar,PV,2040,0.309133000806935
China,electricity,solar,PV,2040,0.345434442370845
EU-12,electricity,solar,PV,2040,0.238348179777801
EU-15,electricity,solar,PV,2040,0.263781891200947
Ukraine,electricity,solar,PV,2040,0.240245256679435
Europe_Non_EU,electricity,solar,PV,2040,0.309552512631733
European Free Trade Association,electricity,solar,PV,2040,0.158264282892948
India,electricity,solar,PV,2040,0.356199435166885
Indonesia,electricity,solar,PV,2040,0.333740989713108
Japan,electricity,solar,PV,2040,0.272335766000501
Mexico,electricity,solar,PV,2040,0.386542775662604
Middle East,electricity,solar,PV,2040,0.394158643687657
Pakistan,electricity,solar,PV,2040,0.373850664521956
Russia,electricity,solar,PV,2040,0.187511546501052
South Africa,electricity,solar,PV,2040,0.397650883019486
South America_Northern,electricity,solar,PV,2040,0.350034232971378
South America_Southern,electricity,solar,PV,2040,0.346549357709749
South Asia,electricity,solar,PV,2040,0.366891343798266
South Korea,electricity,solar,PV,2040,0.301286776621538
Southeast Asia,electricity,solar,PV,2040,0.34232961155981
Taiwan,electricity,solar,PV,2040,0.287940157946149
Argentina,electricity,solar,PV,2040,0.335306781724146
Colombia,electricity,solar,PV,2040,0.315129681241869
USA,electricity,solar,PV_storage,2040,0.288000402157274
Africa_Eastern,electricity,solar,PV_storage,2040,0.406603408602041
Africa_Northern,electricity,solar,PV_storage,2040,0.403486513938292
Africa_Southern,electricity,solar,PV_storage,2040,0.396779685049621
Africa_Western,electricity,solar,PV_storage,2040,0.393941502719447
Australia_NZ,electricity,solar,PV_storage,2040,0.392431179337026
Brazil,electricity,solar,PV_storage,2040,0.35526887153232
Canada,electricity,solar,PV_storage,2040,0.186884256500107
Central America and Caribbean,electricity,solar,PV_storage,2040,0.361918326395387
Central Asia,electricity,solar,PV_storage,2040,0.309133000806935
China,electricity,solar,PV_storage,2040,0.345434442370845
EU-12,electricity,solar,PV_storage,2040,0.238348179777801
EU-15,electricity,solar,PV_storage,2040,0.263781891200947
Ukraine,electricity,solar,PV_storage,2040,0.240245256679435
Europe_Non_EU,electricity,solar,PV_storage,2040,0.309552512631733
European Free Trade Association,electricity,solar,PV_storage,2040,0.158264282892948
India,electricity,solar,PV_storage,2040,0.356199435166885
Indonesia,electricity,solar,PV_storage,2040,0.333740989713108
Japan,electricity,solar,PV_storage,2040,0.272335766000501
Mexico,electricity,solar,PV_storage,2040,0.386542775662604
Middle East,electricity,solar,PV_storage,2040,0.394158643687657
Pakistan,electricity,solar,PV_storage,2040,0.373850664521956
Russia,electricity,solar,PV_storage,2040,0.187511546501052
South Africa,electricity,solar,PV_storage,2040,0.397650883019486
South America_Northern,electricity,solar,PV_storage,2040,0.350034232971378
South America_Southern,electricity,solar,PV_storage,2040,0.346549357709749
South Asia,electricity,solar,PV_storage,2040,0.366891343798266
South Korea,electricity,solar,PV_storage,2040,0.301286776621538
Southeast Asia,electricity,solar,PV_storage,2040,0.34232961155981
Taiwan,electricity,solar,PV_storage,2040,0.287940157946149
Argentina,electricity,solar,PV_storage,2040,0.335306781724146
Colombia,electricity,solar,PV_storage,2040,0.315129681241869
USA,electricity,solar,PV,2045,0.29400041053555
Africa_Eastern,electricity,solar,PV,2045,0.415074312947916
Africa_Northern,electricity,solar,PV,2045,0.411892482978673
Africa_Southern,electricity,solar,PV,2045,0.405045928488155
Africa_Western,electricity,solar,PV,2045,0.402148617359436
Australia_NZ,electricity,solar,PV,2045,0.400606828906547
Brazil,electricity,solar,PV,2045,0.36267030635591
Canada,electricity,solar,PV,2045,0.190777678510526
Central America and Caribbean,electricity,solar,PV,2045,0.369458291528625
Central Asia,electricity,solar,PV,2045,0.315573271657079
China,electricity,solar,PV,2045,0.352630993253571
EU-12,electricity,solar,PV,2045,0.243313766856505
EU-15,electricity,solar,PV,2045,0.269277347267634
Ukraine,electricity,solar,PV,2045,0.24525036619359
Europe_Non_EU,electricity,solar,PV,2045,0.316001523311561
European Free Trade Association,electricity,solar,PV,2045,0.161561455453217
India,electricity,solar,PV,2045,0.363620256732862
Indonesia,electricity,solar,PV,2045,0.340693926998798
Japan,electricity,solar,PV,2045,0.278009427792178
Mexico,electricity,solar,PV,2045,0.394595750155575
Middle East,electricity,solar,PV,2045,0.402370282097817
Pakistan,electricity,solar,PV,2045,0.38163922003283
Russia,electricity,solar,PV,2045,0.191418037053158
South Africa,electricity,solar,PV,2045,0.405935276415726
South America_Northern,electricity,solar,PV,2045,0.357326612824949
South America_Southern,electricity,solar,PV,2045,0.353769135995369
South Asia,electricity,solar,PV,2045,0.374534913460729
South Korea,electricity,solar,PV,2045,0.30756358446782
Southeast Asia,electricity,solar,PV,2045,0.349461478467306
Taiwan,electricity,solar,PV,2045,0.293938911236694
Argentina,electricity,solar,PV,2045,0.342292339676733
Colombia,electricity,solar,PV,2045,0.321694882934408
USA,electricity,solar,PV_storage,2045,0.29400041053555
Africa_Eastern,electricity,solar,PV_storage,2045,0.415074312947916
Africa_Northern,electricity,solar,PV_storage,2045,0.411892482978673
Africa_Southern,electricity,solar,PV_storage,2045,0.405045928488155
Africa_Western,electricity,solar,PV_storage,2045,0.402148617359436
Australia_NZ,electricity,solar,PV_storage,2045,0.400606828906547
Brazil,electricity,solar,PV_storage,2045,0.36267030635591
Canada,electricity,solar,PV_storage,2045,0.190777678510526
Central America and Caribbean,electricity,solar,PV_storage,2045,0.369458291528625
Central Asia,electricity,solar,PV_storage,2045,0.315573271657079
China,electricity,solar,PV_storage,2045,0.352630993253571
EU-12,electricity,solar,PV_storage,2045,0.243313766856505
EU-15,electricity,solar,PV_storage,2045,0.269277347267634
Ukraine,electricity,solar,PV_storage,2045,0.24525036619359
Europe_Non_EU,electricity,solar,PV_storage,2045,0.316001523311561
European Free Trade Association,electricity,solar,PV_storage,2045,0.161561455453217
India,electricity,solar,PV_storage,2045,0.363620256732862
Indonesia,electricity,solar,PV_storage,2045,0.340693926998798
Japan,electricity,solar,PV_storage,2045,0.278009427792178
Mexico,electricity,solar,PV_storage,2045,0.394595750155575
Middle East,electricity,solar,PV_storage,2045,0.402370282097817
Pakistan,electricity,solar,PV_storage,2045,0.38163922003283
Russia,electricity,solar,PV_storage,2045,0.191418037053158
South Africa,electricity,solar,PV_storage,2045,0.405935276415726
South America_Northern,electricity,solar,PV_storage,2045,0.357326612824949
South America_Southern,electricity,solar,PV_storage,2045,0.353769135995369
South Asia,electricity,solar,PV_storage,2045,0.374534913460729
South Korea,electricity,solar,PV_storage,2045,0.30756358446782
Southeast Asia,electricity,solar,PV_storage,2045,0.349461478467306
Taiwan,electricity,solar,PV_storage,2045,0.293938911236694
Argentina,electricity,solar,PV_storage,2045,0.342292339676733
Colombia,electricity,solar,PV_storage,2045,0.321694882934408
USA,electricity,solar,PV,2050,0.300000418913827
Africa_Eastern,electricity,solar,PV,2050,0.423545217293792
Africa_Northern,electricity,solar,PV,2050,0.420298452019054
Africa_Southern,electricity,solar,PV,2050,0.413312171926689
Africa_Western,electricity,solar,PV,2050,0.410355731999424
Australia_NZ,electricity,solar,PV,2050,0.408782478476069
Brazil,electricity,solar,PV,2050,0.3700717411795
Canada,electricity,solar,PV,2050,0.194671100520945
Central America and Caribbean,electricity,solar,PV,2050,0.376998256661862
Central Asia,electricity,solar,PV,2050,0.322013542507224
China,electricity,solar,PV,2050,0.359827544136297
EU-12,electricity,solar,PV,2050,0.248279353935209
EU-15,electricity,solar,PV,2050,0.27477280333432
Ukraine,electricity,solar,PV,2050,0.250255475707745
Europe_Non_EU,electricity,solar,PV,2050,0.322450533991388
European Free Trade Association,electricity,solar,PV,2050,0.164858628013487
India,electricity,solar,PV,2050,0.371041078298838
Indonesia,electricity,solar,PV,2050,0.347646864284487
Japan,electricity,solar,PV,2050,0.283683089583856
Mexico,electricity,solar,PV,2050,0.402648724648546
Middle East,electricity,solar,PV,2050,0.410581920507976
Pakistan,electricity,solar,PV,2050,0.389427775543704
Russia,electricity,solar,PV,2050,0.195324527605263
South Africa,electricity,solar,PV,2050,0.414219669811965
South America_Northern,electricity,solar,PV,2050,0.364618992678519
South America_Southern,electricity,solar,PV,2050,0.360988914280988
South Asia,electricity,solar,PV,2050,0.382178483123193
South Korea,electricity,solar,PV,2050,0.313840392314102
Southeast Asia,electricity,solar,PV,2050,0.356593345374802
Taiwan,electricity,solar,PV,2050,0.299937664527239
Argentina,electricity,solar,PV,2050,0.349277897629319
Colombia,electricity,solar,PV,2050,0.328260084626947
USA,electricity,solar,PV_storage,2050,0.300000418913827
Africa_Eastern,electricity,solar,PV_storage,2050,0.423545217293792
Africa_Northern,electricity,solar,PV_storage,2050,0.420298452019054
Africa_Southern,electricity,solar,PV_storage,2050,0.413312171926689
Africa_Western,electricity,solar,PV_storage,2050,0.410355731999424
Australia_NZ,electricity,solar,PV_storage,2050,0.408782478476069
Brazil,electricity,solar,PV_storage,2050,0.3700717411795
Canada,electricity,solar,PV_storage,2050,0.194671100520945
Central America and Caribbean,electricity,solar,PV_storage,2050,0.376998256661862
Central Asia,electricity,solar,PV_storage,2050,0.322013542507224
China,electricity,solar,PV_storage,2050,0.359827544136297
EU-12,electricity,solar,PV_storage,2050,0.248279353935209
EU-15,electricity,solar,PV_storage,2050,0.27477280333432
Ukraine,electricity,solar,PV_storage,2050,0.250255475707745
Europe_Non_EU,electricity,solar,PV_storage,2050,0.322450533991388
European Free Trade Association,electricity,solar,PV_storage,2050,0.164858628013487
India,electricity,solar,PV_storage,2050,0.371041078298838
Indonesia,electricity,solar,PV_storage,2050,0.347646864284487
Japan,electricity,solar,PV_storage,2050,0.283683089583856
Mexico,electricity,solar,PV_storage,2050,0.402648724648546
Middle East,electricity,solar,PV_storage,2050,0.410581920507976
Pakistan,electricity,solar,PV_storage,2050,0.389427775543704
Russia,electricity,solar,PV_storage,2050,0.195324527605263
South Africa,electricity,solar,PV_storage,2050,0.414219669811965
South America_Northern,electricity,solar,PV_storage,2050,0.364618992678519
South America_Southern,electricity,solar,PV_storage,2050,0.360988914280988
South Asia,electricity,solar,PV_storage,2050,0.382178483123193
South Korea,electricity,solar,PV_storage,2050,0.313840392314102
Southeast Asia,electricity,solar,PV_storage,2050,0.356593345374802
Taiwan,electricity,solar,PV_storage,2050,0.299937664527239
Argentina,electricity,solar,PV_storage,2050,0.349277897629319
Colombia,electricity,solar,PV_storage,2050,0.328260084626947
USA,electricity,solar,PV,2055,0.300000418913827
Africa_Eastern,electricity,solar,PV,2055,0.423545217293792
Africa_Northern,electricity,solar,PV,2055,0.420298452019054
Africa_Southern,electricity,solar,PV,2055,0.413312171926689
Africa_Western,electricity,solar,PV,2055,0.410355731999424
Australia_NZ,electricity,solar,PV,2055,0.408782478476069
Brazil,electricity,solar,PV,2055,0.3700717411795
Canada,electricity,solar,PV,2055,0.194671100520945
Central America and Caribbean,electricity,solar,PV,2055,0.376998256661862
Central Asia,electricity,solar,PV,2055,0.322013542507224
China,electricity,solar,PV,2055,0.359827544136297
EU-12,electricity,solar,PV,2055,0.248279353935209
EU-15,electricity,solar,PV,2055,0.27477280333432
Ukraine,electricity,solar,PV,2055,0.250255475707745
Europe_Non_EU,electricity,solar,PV,2055,0.322450533991388
European Free Trade Association,electricity,solar,PV,2055,0.164858628013487
India,electricity,solar,PV,2055,0.371041078298838
Indonesia,electricity,solar,PV,2055,0.347646864284487
Japan,electricity,solar,PV,2055,0.283683089583856
Mexico,electricity,solar,PV,2055,0.402648724648546
Middle East,electricity,solar,PV,2055,0.410581920507976
Pakistan,electricity,solar,PV,2055,0.389427775543704
Russia,electricity,solar,PV,2055,0.195324527605263
South Africa,electricity,solar,PV,2055,0.414219669811965
South America_Northern,electricity,solar,PV,2055,0.364618992678519
South America_Southern,electricity,solar,PV,2055,0.360988914280988
South Asia,electricity,solar,PV,2055,0.382178483123193
South Korea,electricity,solar,PV,2055,0.313840392314102
Southeast Asia,electricity,solar,PV,2055,0.356593345374802
Taiwan,electricity,solar,PV,2055,0.299937664527239
Argentina,electricity,solar,PV,2055,0.349277897629319
Colombia,electricity,solar,PV,2055,0.328260084626947
USA,electricity,solar,PV_storage,2055,0.300000418913827
Africa_Eastern,electricity,solar,PV_storage,2055,0.423545217293792
Africa_Northern,electricity,solar,PV_storage,2055,0.420298452019054
Africa_Southern,electricity,solar,PV_storage,2055,0.413312171926689
Africa_Western,electricity,solar,PV_storage,2055,0.410355731999424
Australia_NZ,electricity,solar,PV_storage,2055,0.408782478476069
Brazil,electricity,solar,PV_storage,2055,0.3700717411795
Canada,electricity,solar,PV_storage,2055,0.194671100520945
Central America and Caribbean,electricity,solar,PV_storage,2055,0.376998256661862
Central Asia,electricity,solar,PV_storage,2055,0.322013542507224
China,electricity,solar,PV_storage,2055,0.359827544136297
EU-12,electricity,solar,PV_storage,2055,0.248279353935209
EU-15,electricity,solar,PV_storage,2055,0.27477280333432
Ukraine,electricity,solar,PV_storage,2055,0.250255475707745
Europe_Non_EU,electricity,solar,PV_storage,2055,0.322450533991388
European Free Trade Association,electricity,solar,PV_storage,2055,0.164858628013487
India,electricity,solar,PV_storage,2055,0.371041078298838
Indonesia,electricity,solar,PV_storage,2055,0.347646864284487
Japan,electricity,solar,PV_storage,2055,0.283683089583856
Mexico,electricity,solar,PV_storage,2055,0.402648724648546
Middle East,electricity,solar,PV_storage,2055,0.410581920507976
Pakistan,electricity,solar,PV_storage,2055,0.389427775543704
Russia,electricity,solar,PV_storage,2055,0.195324527605263
South Africa,electricity,solar,PV_storage,2055,0.414219669811965
South America_Northern,electricity,solar,PV_storage,2055,0.364618992678519
South America_Southern,electricity,solar,PV_storage,2055,0.360988914280988
South Asia,electricity,solar,PV_storage,2055,0.382178483123193
South Korea,electricity,solar,PV_storage,2055,0.313840392314102
Southeast Asia,electricity,solar,PV_storage,2055,0.356593345374802
Taiwan,electricity,solar,PV_storage,2055,0.299937664527239
Argentina,electricity,solar,PV_storage,2055,0.349277897629319
Colombia,electricity,solar,PV_storage,2055,0.328260084626947
USA,electricity,solar,PV,2060,0.300000418913827
Africa_Eastern,electricity,solar,PV,2060,0.423545217293792
Africa_Northern,electricity,solar,PV,2060,0.420298452019054
Africa_Southern,electricity,solar,PV,2060,0.413312171926689
Africa_Western,electricity,solar,PV,2060,0.410355731999424
Australia_NZ,electricity,solar,PV,2060,0.408782478476069
Brazil,electricity,solar,PV,2060,0.3700717411795
Canada,electricity,solar,PV,2060,0.194671100520945
Central America and Caribbean,electricity,solar,PV,2060,0.376998256661862
Central Asia,electricity,solar,PV,2060,0.322013542507224
China,electricity,solar,PV,2060,0.359827544136297
EU-12,electricity,solar,PV,2060,0.248279353935209
EU-15,electricity,solar,PV,2060,0.27477280333432
Ukraine,electricity,solar,PV,2060,0.250255475707745
Europe_Non_EU,electricity,solar,PV,2060,0.322450533991388
European Free Trade Association,electricity,solar,PV,2060,0.164858628013487
India,electricity,solar,PV,2060,0.371041078298838
Indonesia,electricity,solar,PV,2060,0.347646864284487
Japan,electricity,solar,PV,2060,0.283683089583856
Mexico,electricity,solar,PV,2060,0.402648724648546
Middle East,electricity,solar,PV,2060,0.410581920507976
Pakistan,electricity,solar,PV,2060,0.389427775543704
Russia,electricity,solar,PV,2060,0.195324527605263
South Africa,electricity,solar,PV,2060,0.414219669811965
South America_Northern,electricity,solar,PV,2060,0.364618992678519
South America_Southern,electricity,solar,PV,2060,0.360988914280988
South Asia,electricity,solar,PV,2060,0.382178483123193
South Korea,electricity,solar,PV,2060,0.313840392314102
Southeast Asia,electricity,solar,PV,2060,0.356593345374802
Taiwan,electricity,solar,PV,2060,0.299937664527239
Argentina,electricity,solar,PV,2060,0.349277897629319
Colombia,electricity,solar,PV,2060,0.328260084626947
USA,electricity,solar,PV_storage,2060,0.300000418913827
Africa_Eastern,electricity,solar,PV_storage,2060,0.423545217293792
Africa_Northern,electricity,solar,PV_storage,2060,0.420298452019054
Africa_Southern,electricity,solar,PV_storage,2060,0.413312171926689
Africa_Western,electricity,solar,PV_storage,2060,0.410355731999424
Australia_NZ,electricity,solar,PV_storage,2060,0.408782478476069
Brazil,electricity,solar,PV_storage,2060,0.3700717411795
Canada,electricity,solar,PV_storage,2060,0.194671100520945
Central America and Caribbean,electricity,solar,PV_storage,2060,0.376998256661862
Central Asia,electricity,solar,PV_storage,2060,0.322013542507224
China,electricity,solar,PV_storage,2060,0.359827544136297
EU-12,electricity,solar,PV_storage,2060,0.248279353935209
EU-15,electricity,solar,PV_storage,2060,0.27477280333432
Ukraine,electricity,solar,PV_storage,2060,0.250255475707745
Europe_Non_EU,electricity,solar,PV_storage,2060,0.322450533991388
European Free Trade Association,electricity,solar,PV_storage,2060,0.164858628013487
India,electricity,solar,PV_storage,2060,0.371041078298838
Indonesia,electricity,solar,PV_storage,2060,0.347646864284487
Japan,electricity,solar,PV_storage,2060,0.283683089583856
Mexico,electricity,solar,PV_storage,2060,0.402648724648546
Middle East,electricity,solar,PV_storage,2060,0.410581920507976
Pakistan,electricity,solar,PV_storage,2060,0.389427775543704
Russia,electricity,solar,PV_storage,2060,0.195324527605263
South Africa,electricity,solar,PV_storage,2060,0.414219669811965
South America_Northern,electricity,solar,PV_storage,2060,0.364618992678519
South America_Southern,electricity,solar,PV_storage,2060,0.360988914280988
South Asia,electricity,solar,PV_storage,2060,0.382178483123193
South Korea,electricity,solar,PV_storage,2060,0.313840392314102
Southeast Asia,electricity,solar,PV_storage,2060,0.356593345374802
Taiwan,electricity,solar,PV_storage,2060,0.299937664527239
Argentina,electricity,solar,PV_storage,2060,0.349277897629319
Colombia,electricity,solar,PV_storage,2060,0.328260084626947
USA,electricity,solar,PV,2065,0.300000418913827
Africa_Eastern,electricity,solar,PV,2065,0.423545217293792
Africa_Northern,electricity,solar,PV,2065,0.420298452019054
Africa_Southern,electricity,solar,PV,2065,0.413312171926689
Africa_Western,electricity,solar,PV,2065,0.410355731999424
Australia_NZ,electricity,solar,PV,2065,0.408782478476069
Brazil,electricity,solar,PV,2065,0.3700717411795
Canada,electricity,solar,PV,2065,0.194671100520945
Central America and Caribbean,electricity,solar,PV,2065,0.376998256661862
Central Asia,electricity,solar,PV,2065,0.322013542507224
China,electricity,solar,PV,2065,0.359827544136297
EU-12,electricity,solar,PV,2065,0.248279353935209
EU-15,electricity,solar,PV,2065,0.27477280333432
Ukraine,electricity,solar,PV,2065,0.250255475707745
Europe_Non_EU,electricity,solar,PV,2065,0.322450533991388
European Free Trade Association,electricity,solar,PV,2065,0.164858628013487
India,electricity,solar,PV,2065,0.371041078298838
Indonesia,electricity,solar,PV,2065,0.347646864284487
Japan,electricity,solar,PV,2065,0.283683089583856
Mexico,electricity,solar,PV,2065,0.402648724648546
Middle East,electricity,solar,PV,2065,0.410581920507976
Pakistan,electricity,solar,PV,2065,0.389427775543704
Russia,electricity,solar,PV,2065,0.195324527605263
South Africa,electricity,solar,PV,2065,0.414219669811965
South America_Northern,electricity,solar,PV,2065,0.364618992678519
South America_Southern,electricity,solar,PV,2065,0.360988914280988
South Asia,electricity,solar,PV,2065,0.382178483123193
South Korea,electricity,solar,PV,2065,0.313840392314102
Southeast Asia,electricity,solar,PV,2065,0.356593345374802
Taiwan,electricity,solar,PV,2065,0.299937664527239
Argentina,electricity,solar,PV,2065,0.349277897629319
Colombia,electricity,solar,PV,2065,0.328260084626947
USA,electricity,solar,PV_storage,2065,0.300000418913827
Africa_Eastern,electricity,solar,PV_storage,2065,0.423545217293792
Africa_Northern,electricity,solar,PV_storage,2065,0.420298452019054
Africa_Southern,electricity,solar,PV_storage,2065,0.413312171926689
Africa_Western,electricity,solar,PV_storage,2065,0.410355731999424
Australia_NZ,electricity,solar,PV_storage,2065,0.408782478476069
Brazil,electricity,solar,PV_storage,2065,0.3700717411795
Canada,electricity,solar,PV_storage,2065,0.194671100520945
Central America and Caribbean,electricity,solar,PV_storage,2065,0.376998256661862
Central Asia,electricity,solar,PV_storage,2065,0.322013542507224
China,electricity,solar,PV_storage,2065,0.359827544136297
EU-12,electricity,solar,PV_storage,2065,0.248279353935209
EU-15,electricity,solar,PV_storage,2065,0.27477280333432
Ukraine,electricity,solar,PV_storage,2065,0.250255475707745
Europe_Non_EU,electricity,solar,PV_storage,2065,0.322450533991388
European Free Trade Association,electricity,solar,PV_storage,2065,0.164858628013487
India,electricity,solar,PV_storage,2065,0.371041078298838
Indonesia,electricity,solar,PV_storage,2065,0.347646864284487
Japan,electricity,solar,PV_storage,2065,0.283683089583856
Mexico,electricity,solar,PV_storage,2065,0.402648724648546
Middle East,electricity,solar,PV_storage,2065,0.410581920507976
Pakistan,electricity,solar,PV_storage,2065,0.389427775543704
Russia,electricity,solar,PV_storage,2065,0.195324527605263
South Africa,electricity,solar,PV_storage,2065,0.414219669811965
South America_Northern,electricity,solar,PV_storage,2065,0.364618992678519
South America_Southern,electricity,solar,PV_storage,2065,0.360988914280988
South Asia,electricity,solar,PV_storage,2065,0.382178483123193
South Korea,electricity,solar,PV_storage,2065,0.313840392314102
Southeast Asia,electricity,solar,PV_storage,2065,0.356593345374802
Taiwan,electricity,solar,PV_storage,2065,0.299937664527239
Argentina,electricity,solar,PV_storage,2065,0.349277897629319
Colombia,electricity,solar,PV_storage,2065,0.328260084626947
USA,electricity,solar,PV,2070,0.300000418913827
Africa_Eastern,electricity,solar,PV,2070,0.423545217293792
Africa_Northern,electricity,solar,PV,2070,0.420298452019054
Africa_Southern,electricity,solar,PV,2070,0.413312171926689
Africa_Western,electricity,solar,PV,2070,0.410355731999424
Australia_NZ,electricity,solar,PV,2070,0.408782478476069
Brazil,electricity,solar,PV,2070,0.3700717411795
Canada,electricity,solar,PV,2070,0.194671100520945
Central America and Caribbean,electricity,solar,PV,2070,0.376998256661862
Central Asia,electricity,solar,PV,2070,0.322013542507224
China,electricity,solar,PV,2070,0.359827544136297
EU-12,electricity,solar,PV,2070,0.248279353935209
EU-15,electricity,solar,PV,2070,0.27477280333432
Ukraine,electricity,solar,PV,2070,0.250255475707745
Europe_Non_EU,electricity,solar,PV,2070,0.322450533991388
European Free Trade Association,electricity,solar,PV,2070,0.164858628013487
India,electricity,solar,PV,2070,0.371041078298838
Indonesia,electricity,solar,PV,2070,0.347646864284487
Japan,electricity,solar,PV,2070,0.283683089583856
Mexico,electricity,solar,PV,2070,0.402648724648546
Middle East,electricity,solar,PV,2070,0.410581920507976
Pakistan,electricity,solar,PV,2070,0.389427775543704
Russia,electricity,solar,PV,2070,0.195324527605263
South Africa,electricity,solar,PV,2070,0.414219669811965
South America_Northern,electricity,solar,PV,2070,0.364618992678519
South America_Southern,electricity,solar,PV,2070,0.360988914280988
South Asia,electricity,solar,PV,2070,0.382178483123193
South Korea,electricity,solar,PV,2070,0.313840392314102
Southeast Asia,electricity,solar,PV,2070,0.356593345374802
Taiwan,electricity,solar,PV,2070,0.299937664527239
Argentina,electricity,solar,PV,2070,0.349277897629319
Colombia,electricity,solar,PV,2070,0.328260084626947
USA,electricity,solar,PV_storage,2070,0.300000418913827
Africa_Eastern,electricity,solar,PV_storage,2070,0.423545217293792
Africa_Northern,electricity,solar,PV_storage,2070,0.420298452019054
Africa_Southern,electricity,solar,PV_storage,2070,0.413312171926689
Africa_Western,electricity,solar,PV_storage,2070,0.410355731999424
Australia_NZ,electricity,solar,PV_storage,2070,0.408782478476069
Brazil,electricity,solar,PV_storage,2070,0.3700717411795
Canada,electricity,solar,PV_storage,2070,0.194671100520945
Central America and Caribbean,electricity,solar,PV_storage,2070,0.376998256661862
Central Asia,electricity,solar,PV_storage,2070,0.322013542507224
China,electricity,solar,PV_storage,2070,0.359827544136297
EU-12,electricity,solar,PV_storage,2070,0.248279353935209
EU-15,electricity,solar,PV_storage,2070,0.27477280333432
Ukraine,electricity,solar,PV_storage,2070,0.250255475707745
Europe_Non_EU,electricity,solar,PV_storage,2070,0.322450533991388
European Free Trade Association,electricity,solar,PV_storage,2070,0.164858628013487
India,electricity,solar,PV_storage,2070,0.371041078298838
Indonesia,electricity,solar,PV_storage,2070,0.347646864284487
Japan,electricity,solar,PV_storage,2070,0.283683089583856
Mexico,electricity,solar,PV_storage,2070,0.402648724648546
Middle East,electricity,solar,PV_storage,2070,0.410581920507976
Pakistan,electricity,solar,PV_storage,2070,0.389427775543704
Russia,electricity,solar,PV_storage,2070,0.195324527605263
South Africa,electricity,solar,PV_storage,2070,0.414219669811965
South America_Northern,electricity,solar,PV_storage,2070,0.364618992678519
South America_Southern,electricity,solar,PV_storage,2070,0.360988914280988
South Asia,electricity,solar,PV_storage,2070,0.382178483123193
South Korea,electricity,solar,PV_storage,2070,0.313840392314102
Southeast Asia,electricity,solar,PV_storage,2070,0.356593345374802
Taiwan,electricity,solar,PV_storage,2070,0.299937664527239
Argentina,electricity,solar,PV_storage,2070,0.349277897629319
Colombia,electricity,solar,PV_storage,2070,0.328260084626947
USA,electricity,solar,PV,2075,0.300000418913827
Africa_Eastern,electricity,solar,PV,2075,0.423545217293792
Africa_Northern,electricity,solar,PV,2075,0.420298452019054
Africa_Southern,electricity,solar,PV,2075,0.413312171926689
Africa_Western,electricity,solar,PV,2075,0.410355731999424
Australia_NZ,electricity,solar,PV,2075,0.408782478476069
Brazil,electricity,solar,PV,2075,0.3700717411795
Canada,electricity,solar,PV,2075,0.194671100520945
Central America and Caribbean,electricity,solar,PV,2075,0.376998256661862
Central Asia,electricity,solar,PV,2075,0.322013542507224
China,electricity,solar,PV,2075,0.359827544136297
EU-12,electricity,solar,PV,2075,0.248279353935209
EU-15,electricity,solar,PV,2075,0.27477280333432
Ukraine,electricity,solar,PV,2075,0.250255475707745
Europe_Non_EU,electricity,solar,PV,2075,0.322450533991388
European Free Trade Association,electricity,solar,PV,2075,0.164858628013487
India,electricity,solar,PV,2075,0.371041078298838
Indonesia,electricity,solar,PV,2075,0.347646864284487
Japan,electricity,solar,PV,2075,0.283683089583856
Mexico,electricity,solar,PV,2075,0.402648724648546
Middle East,electricity,solar,PV,2075,0.410581920507976
Pakistan,electricity,solar,PV,2075,0.389427775543704
Russia,electricity,solar,PV,2075,0.195324527605263
South Africa,electricity,solar,PV,2075,0.414219669811965
South America_Northern,electricity,solar,PV,2075,0.364618992678519
South America_Southern,electricity,solar,PV,2075,0.360988914280988
South Asia,electricity,solar,PV,2075,0.382178483123193
South Korea,electricity,solar,PV,2075,0.313840392314102
Southeast Asia,electricity,solar,PV,2075,0.356593345374802
Taiwan,electricity,solar,PV,2075,0.299937664527239
Argentina,electricity,solar,PV,2075,0.349277897629319
Colombia,electricity,solar,PV,2075,0.328260084626947
USA,electricity,solar,PV_storage,2075,0.300000418913827
Africa_Eastern,electricity,solar,PV_storage,2075,0.423545217293792
Africa_Northern,electricity,solar,PV_storage,2075,0.420298452019054
Africa_Southern,electricity,solar,PV_storage,2075,0.413312171926689
Africa_Western,electricity,solar,PV_storage,2075,0.410355731999424
Australia_NZ,electricity,solar,PV_storage,2075,0.408782478476069
Brazil,electricity,solar,PV_storage,2075,0.3700717411795
Canada,electricity,solar,PV_storage,2075,0.194671100520945
Central America and Caribbean,electricity,solar,PV_storage,2075,0.376998256661862
Central Asia,electricity,solar,PV_storage,2075,0.322013542507224
China,electricity,solar,PV_storage,2075,0.359827544136297
EU-12,electricity,solar,PV_storage,2075,0.248279353935209
EU-15,electricity,solar,PV_storage,2075,0.27477280333432
Ukraine,electricity,solar,PV_storage,2075,0.250255475707745
Europe_Non_EU,electricity,solar,PV_storage,2075,0.322450533991388
European Free Trade Association,electricity,solar,PV_storage,2075,0.164858628013487
India,electricity,solar,PV_storage,2075,0.371041078298838
Indonesia,electricity,solar,PV_storage,2075,0.347646864284487
Japan,electricity,solar,PV_storage,2075,0.283683089583856
Mexico,electricity,solar,PV_storage,2075,0.402648724648546
Middle East,electricity,solar,PV_storage,2075,0.410581920507976
Pakistan,electricity,solar,PV_storage,2075,0.389427775543704
Russia,electricity,solar,PV_storage,2075,0.195324527605263
South Africa,electricity,solar,PV_storage,2075,0.414219669811965
South America_Northern,electricity,solar,PV_storage,2075,0.364618992678519
South America_Southern,electricity,solar,PV_storage,2075,0.360988914280988
South Asia,electricity,solar,PV_storage,2075,0.382178483123193
South Korea,electricity,solar,PV_storage,2075,0.313840392314102
Southeast Asia,electricity,solar,PV_storage,2075,0.356593345374802
Taiwan,electricity,solar,PV_storage,2075,0.299937664527239
Argentina,electricity,solar,PV_storage,2075,0.349277897629319
Colombia,electricity,solar,PV_storage,2075,0.328260084626947
USA,electricity,solar,PV,2080,0.300000418913827
Africa_Eastern,electricity,solar,PV,2080,0.423545217293792
Africa_Northern,electricity,solar,PV,2080,0.420298452019054
Africa_Southern,electricity,solar,PV,2080,0.413312171926689
Africa_Western,electricity,solar,PV,2080,0.410355731999424
Australia_NZ,electricity,solar,PV,2080,0.408782478476069
Brazil,electricity,solar,PV,2080,0.3700717411795
Canada,electricity,solar,PV,2080,0.194671100520945
Central America and Caribbean,electricity,solar,PV,2080,0.376998256661862
Central Asia,electricity,solar,PV,2080,0.322013542507224
China,electricity,solar,PV,2080,0.359827544136297
EU-12,electricity,solar,PV,2080,0.248279353935209
EU-15,electricity,solar,PV,2080,0.27477280333432
Ukraine,electricity,solar,PV,2080,0.250255475707745
Europe_Non_EU,electricity,solar,PV,2080,0.322450533991388
European Free Trade Association,electricity,solar,PV,2080,0.164858628013487
India,electricity,solar,PV,2080,0.371041078298838
Indonesia,electricity,solar,PV,2080,0.347646864284487
Japan,electricity,solar,PV,2080,0.283683089583856
Mexico,electricity,solar,PV,2080,0.402648724648546
Middle East,electricity,solar,PV,2080,0.410581920507976
Pakistan,electricity,solar,PV,2080,0.389427775543704
Russia,electricity,solar,PV,2080,0.195324527605263
South Africa,electricity,solar,PV,2080,0.414219669811965
South America_Northern,electricity,solar,PV,2080,0.364618992678519
South America_Southern,electricity,solar,PV,2080,0.360988914280988
South Asia,electricity,solar,PV,2080,0.382178483123193
South Korea,electricity,solar,PV,2080,0.313840392314102
Southeast Asia,electricity,solar,PV,2080,0.356593345374802
Taiwan,electricity,solar,PV,2080,0.299937664527239
Argentina,electricity,solar,PV,2080,0.349277897629319
Colombia,electricity,solar,PV,2080,0.328260084626947
USA,electricity,solar,PV_storage,2080,0.300000418913827
Africa_Eastern,electricity,solar,PV_storage,2080,0.423545217293792
Africa_Northern,electricity,solar,PV_storage,2080,0.420298452019054
Africa_Southern,electricity,solar,PV_storage,2080,0.413312171926689
Africa_Western,electricity,solar,PV_storage,2080,0.410355731999424
Australia_NZ,electricity,solar,PV_storage,2080,0.408782478476069
Brazil,electricity,solar,PV_storage,2080,0.3700717411795
Canada,electricity,solar,PV_storage,2080,0.194671100520945
Central America and Caribbean,electricity,solar,PV_storage,2080,0.376998256661862
Central Asia,electricity,solar,PV_storage,2080,0.322013542507224
China,electricity,solar,PV_storage,2080,0.359827544136297
EU-12,electricity,solar,PV_storage,2080,0.248279353935209
EU-15,electricity,solar,PV_storage,2080,0.27477280333432
Ukraine,electricity,solar,PV_storage,2080,0.250255475707745
Europe_Non_EU,electricity,solar,PV_storage,2080,0.322450533991388
European Free Trade Association,electricity,solar,PV_storage,2080,0.164858628013487
India,electricity,solar,PV_storage,2080,0.371041078298838
Indonesia,electricity,solar,PV_storage,2080,0.347646864284487
Japan,electricity,solar,PV_storage,2080,0.283683089583856
Mexico,electricity,solar,PV_storage,2080,0.402648724648546
Middle East,electricity,solar,PV_storage,2080,0.410581920507976
Pakistan,electricity,solar,PV_storage,2080,0.389427775543704
Russia,electricity,solar,PV_storage,2080,0.195324527605263
South Africa,electricity,solar,PV_storage,2080,0.414219669811965
South America_Northern,electricity,solar,PV_storage,2080,0.364618992678519
South America_Southern,electricity,solar,PV_storage,2080,0.360988914280988
South Asia,electricity,solar,PV_storage,2080,0.382178483123193
South Korea,electricity,solar,PV_storage,2080,0.313840392314102
Southeast Asia,electricity,solar,PV_storage,2080,0.356593345374802
Taiwan,electricity,solar,PV_storage,2080,0.299937664527239
Argentina,electricity,solar,PV_storage,2080,0.349277897629319
Colombia,electricity,solar,PV_storage,2080,0.328260084626947
USA,electricity,solar,PV,2085,0.300000418913827
Africa_Eastern,electricity,solar,PV,2085,0.423545217293792
Africa_Northern,electricity,solar,PV,2085,0.420298452019054
Africa_Southern,electricity,solar,PV,2085,0.413312171926689
Africa_Western,electricity,solar,PV,2085,0.410355731999424
Australia_NZ,electricity,solar,PV,2085,0.408782478476069
Brazil,electricity,solar,PV,2085,0.3700717411795
Canada,electricity,solar,PV,2085,0.194671100520945
Central America and Caribbean,electricity,solar,PV,2085,0.376998256661862
Central Asia,electricity,solar,PV,2085,0.322013542507224
China,electricity,solar,PV,2085,0.359827544136297
EU-12,electricity,solar,PV,2085,0.248279353935209
EU-15,electricity,solar,PV,2085,0.27477280333432
Ukraine,electricity,solar,PV,2085,0.250255475707745
Europe_Non_EU,electricity,solar,PV,2085,0.322450533991388
European Free Trade Association,electricity,solar,PV,2085,0.164858628013487
India,electricity,solar,PV,2085,0.371041078298838
Indonesia,electricity,solar,PV,2085,0.347646864284487
Japan,electricity,solar,PV,2085,0.283683089583856
Mexico,electricity,solar,PV,2085,0.402648724648546
Middle East,electricity,solar,PV,2085,0.410581920507976
Pakistan,electricity,solar,PV,2085,0.389427775543704
Russia,electricity,solar,PV,2085,0.195324527605263
South Africa,electricity,solar,PV,2085,0.414219669811965
South America_Northern,electricity,solar,PV,2085,0.364618992678519
South America_Southern,electricity,solar,PV,2085,0.360988914280988
South Asia,electricity,solar,PV,2085,0.382178483123193
South Korea,electricity,solar,PV,2085,0.313840392314102
Southeast Asia,electricity,solar,PV,2085,0.356593345374802
Taiwan,electricity,solar,PV,2085,0.299937664527239
Argentina,electricity,solar,PV,2085,0.349277897629319
Colombia,electricity,solar,PV,2085,0.328260084626947
USA,electricity,solar,PV_storage,2085,0.300000418913827
Africa_Eastern,electricity,solar,PV_storage,2085,0.423545217293792
Africa_Northern,electricity,solar,PV_storage,2085,0.420298452019054
Africa_Southern,electricity,solar,PV_storage,2085,0.413312171926689
Africa_Western,electricity,solar,PV_storage,2085,0.410355731999424
Australia_NZ,electricity,solar,PV_storage,2085,0.408782478476069
Brazil,electricity,solar,PV_storage,2085,0.3700717411795
Canada,electricity,solar,PV_storage,2085,0.194671100520945
Central America and Caribbean,electricity,solar,PV_storage,2085,0.376998256661862
Central Asia,electricity,solar,PV_storage,2085,0.322013542507224
China,electricity,solar,PV_storage,2085,0.359827544136297
EU-12,electricity,solar,PV_storage,2085,0.248279353935209
EU-15,electricity,solar,PV_storage,2085,0.27477280333432
Ukraine,electricity,solar,PV_storage,2085,0.250255475707745
Europe_Non_EU,electricity,solar,PV_storage,2085,0.322450533991388
European Free Trade Association,electricity,solar,PV_storage,2085,0.164858628013487
India,electricity,solar,PV_storage,2085,0.371041078298838
Indonesia,electricity,solar,PV_storage,2085,0.347646864284487
Japan,electricity,solar,PV_storage,2085,0.283683089583856
Mexico,electricity,solar,PV_storage,2085,0.402648724648546
Middle East,electricity,solar,PV_storage,2085,0.410581920507976
Pakistan,electricity,solar,PV_storage,2085,0.389427775543704
Russia,electricity,solar,PV_storage,2085,0.195324527605263
South Africa,electricity,solar,PV_storage,2085,0.414219669811965
South America_Northern,electricity,solar,PV_storage,2085,0.364618992678519
South America_Southern,electricity,solar,PV_storage,2085,0.360988914280988
South Asia,electricity,solar,PV_storage,2085,0.382178483123193
South Korea,electricity,solar,PV_storage,2085,0.313840392314102
Southeast Asia,electricity,solar,PV_storage,2085,0.356593345374802
Taiwan,electricity,solar,PV_storage,2085,0.299937664527239
Argentina,electricity,solar,PV_storage,2085,0.349277897629319
Colombia,electricity,solar,PV_storage,2085,0.328260084626947
USA,electricity,solar,PV,2090,0.300000418913827
Africa_Eastern,electricity,solar,PV,2090,0.423545217293792
Africa_Northern,electricity,solar,PV,2090,0.420298452019054
Africa_Southern,electricity,solar,PV,2090,0.413312171926689
Africa_Western,electricity,solar,PV,2090,0.410355731999424
Australia_NZ,electricity,solar,PV,2090,0.408782478476069
Brazil,electricity,solar,PV,2090,0.3700717411795
Canada,electricity,solar,PV,2090,0.194671100520945
Central America and Caribbean,electricity,solar,PV,2090,0.376998256661862
Central Asia,electricity,solar,PV,2090,0.322013542507224
China,electricity,solar,PV,2090,0.359827544136297
EU-12,electricity,solar,PV,2090,0.248279353935209
EU-15,electricity,solar,PV,2090,0.27477280333432
Ukraine,electricity,solar,PV,2090,0.250255475707745
Europe_Non_EU,electricity,solar,PV,2090,0.322450533991388
European Free Trade Association,electricity,solar,PV,2090,0.164858628013487
India,electricity,solar,PV,2090,0.371041078298838
Indonesia,electricity,solar,PV,2090,0.347646864284487
Japan,electricity,solar,PV,2090,0.283683089583856
Mexico,electricity,solar,PV,2090,0.402648724648546
Middle East,electricity,solar,PV,2090,0.410581920507976
Pakistan,electricity,solar,PV,2090,0.389427775543704
Russia,electricity,solar,PV,2090,0.195324527605263
South Africa,electricity,solar,PV,2090,0.414219669811965
South America_Northern,electricity,solar,PV,2090,0.364618992678519
South America_Southern,electricity,solar,PV,2090,0.360988914280988
South Asia,electricity,solar,PV,2090,0.382178483123193
South Korea,electricity,solar,PV,2090,0.313840392314102
Southeast Asia,electricity,solar,PV,2090,0.356593345374802
Taiwan,electricity,solar,PV,2090,0.299937664527239
Argentina,electricity,solar,PV,2090,0.349277897629319
Colombia,electricity,solar,PV,2090,0.328260084626947
USA,electricity,solar,PV_storage,2090,0.300000418913827
Africa_Eastern,electricity,solar,PV_storage,2090,0.423545217293792
Africa_Northern,electricity,solar,PV_storage,2090,0.420298452019054
Africa_Southern,electricity,solar,PV_storage,2090,0.413312171926689
Africa_Western,electricity,solar,PV_storage,2090,0.410355731999424
Australia_NZ,electricity,solar,PV_storage,2090,0.408782478476069
Brazil,electricity,solar,PV_storage,2090,0.3700717411795
Canada,electricity,solar,PV_storage,2090,0.194671100520945
Central America and Caribbean,electricity,solar,PV_storage,2090,0.376998256661862
Central Asia,electricity,solar,PV_storage,2090,0.322013542507224
China,electricity,solar,PV_storage,2090,0.359827544136297
EU-12,electricity,solar,PV_storage,2090,0.248279353935209
EU-15,electricity,solar,PV_storage,2090,0.27477280333432
Ukraine,electricity,solar,PV_storage,2090,0.250255475707745
Europe_Non_EU,electricity,solar,PV_storage,2090,0.322450533991388
European Free Trade Association,electricity,solar,PV_storage,2090,0.164858628013487
India,electricity,solar,PV_storage,2090,0.371041078298838
Indonesia,electricity,solar,PV_storage,2090,0.347646864284487
Japan,electricity,solar,PV_storage,2090,0.283683089583856
Mexico,electricity,solar,PV_storage,2090,0.402648724648546
Middle East,electricity,solar,PV_storage,2090,0.410581920507976
Pakistan,electricity,solar,PV_storage,2090,0.389427775543704
Russia,electricity,solar,PV_storage,2090,0.195324527605263
South Africa,electricity,solar,PV_storage,2090,0.414219669811965
South America_Northern,electricity,solar,PV_storage,2090,0.364618992678519
South America_Southern,electricity,solar,PV_storage,2090,0.360988914280988
South Asia,electricity,solar,PV_storage,2090,0.382178483123193
South Korea,electricity,solar,PV_storage,2090,0.313840392314102
Southeast Asia,electricity,solar,PV_storage,2090,0.356593345374802
Taiwan,electricity,solar,PV_storage,2090,0.299937664527239
Argentina,electricity,solar,PV_storage,2090,0.349277897629319
Colombia,electricity,solar,PV_storage,2090,0.328260084626947
USA,electricity,solar,PV,2095,0.300000418913827
Africa_Eastern,electricity,solar,PV,2095,0.423545217293792
Africa_Northern,electricity,solar,PV,2095,0.420298452019054
Africa_Southern,electricity,solar,PV,2095,0.413312171926689
Africa_Western,electricity,solar,PV,2095,0.410355731999424
Australia_NZ,electricity,solar,PV,2095,0.408782478476069
Brazil,electricity,solar,PV,2095,0.3700717411795
Canada,electricity,solar,PV,2095,0.194671100520945
Central America and Caribbean,electricity,solar,PV,2095,0.376998256661862
Central Asia,electricity,solar,PV,2095,0.322013542507224
China,electricity,solar,PV,2095,0.359827544136297
EU-12,electricity,solar,PV,2095,0.248279353935209
EU-15,electricity,solar,PV,2095,0.27477280333432
Ukraine,electricity,solar,PV,2095,0.250255475707745
Europe_Non_EU,electricity,solar,PV,2095,0.322450533991388
European Free Trade Association,electricity,solar,PV,2095,0.164858628013487
India,electricity,solar,PV,2095,0.371041078298838
Indonesia,electricity,solar,PV,2095,0.347646864284487
Japan,electricity,solar,PV,2095,0.283683089583856
Mexico,electricity,solar,PV,2095,0.402648724648546
Middle East,electricity,solar,PV,2095,0.410581920507976
Pakistan,electricity,solar,PV,2095,0.389427775543704
Russia,electricity,solar,PV,2095,0.195324527605263
South Africa,electricity,solar,PV,2095,0.414219669811965
South America_Northern,electricity,solar,PV,2095,0.364618992678519
South America_Southern,electricity,solar,PV,2095,0.360988914280988
South Asia,electricity,solar,PV,2095,0.382178483123193
South Korea,electricity,solar,PV,2095,0.313840392314102
Southeast Asia,electricity,solar,PV,2095,0.356593345374802
Taiwan,electricity,solar,PV,2095,0.299937664527239
Argentina,electricity,solar,PV,2095,0.349277897629319
Colombia,electricity,solar,PV,2095,0.328260084626947
USA,electricity,solar,PV_storage,2095,0.300000418913827
Africa_Eastern,electricity,solar,PV_storage,2095,0.423545217293792
Africa_Northern,electricity,solar,PV_storage,2095,0.420298452019054
Africa_Southern,electricity,solar,PV_storage,2095,0.413312171926689
Africa_Western,electricity,solar,PV_storage,2095,0.410355731999424
Australia_NZ,electricity,solar,PV_storage,2095,0.408782478476069
Brazil,electricity,solar,PV_storage,2095,0.3700717411795
Canada,electricity,solar,PV_storage,2095,0.194671100520945
Central America and Caribbean,electricity,solar,PV_storage,2095,0.376998256661862
Central Asia,electricity,solar,PV_storage,2095,0.322013542507224
China,electricity,solar,PV_storage,2095,0.359827544136297
EU-12,electricity,solar,PV_storage,2095,0.248279353935209
EU-15,electricity,solar,PV_storage,2095,0.27477280333432
Ukraine,electricity,solar,PV_storage,2095,0.250255475707745
Europe_Non_EU,electricity,solar,PV_storage,2095,0.322450533991388
European Free Trade Association,electricity,solar,PV_storage,2095,0.164858628013487
India,electricity,solar,PV_storage,2095,0.371041078298838
Indonesia,electricity,solar,PV_storage,2095,0.347646864284487
Japan,electricity,solar,PV_storage,2095,0.283683089583856
Mexico,electricity,solar,PV_storage,2095,0.402648724648546
Middle East,electricity,solar,PV_storage,2095,0.410581920507976
Pakistan,electricity,solar,PV_storage,2095,0.389427775543704
Russia,electricity,solar,PV_storage,2095,0.195324527605263
South Africa,electricity,solar,PV_storage,2095,0.414219669811965
South America_Northern,electricity,solar,PV_storage,2095,0.364618992678519
South America_Southern,electricity,solar,PV_storage,2095,0.360988914280988
South Asia,electricity,solar,PV_storage,2095,0.382178483123193
South Korea,electricity,solar,PV_storage,2095,0.313840392314102
Southeast Asia,electricity,solar,PV_storage,2095,0.356593345374802
Taiwan,electricity,solar,PV_storage,2095,0.299937664527239
Argentina,electricity,solar,PV_storage,2095,0.349277897629319
Colombia,electricity,solar,PV_storage,2095,0.328260084626947
USA,electricity,solar,PV,2100,0.300000418913827
Africa_Eastern,electricity,solar,PV,2100,0.423545217293792
Africa_Northern,electricity,solar,PV,2100,0.420298452019054
Africa_Southern,electricity,solar,PV,2100,0.413312171926689
Africa_Western,electricity,solar,PV,2100,0.410355731999424
Australia_NZ,electricity,solar,PV,2100,0.408782478476069
Brazil,electricity,solar,PV,2100,0.3700717411795
Canada,electricity,solar,PV,2100,0.194671100520945
Central America and Caribbean,electricity,solar,PV,2100,0.376998256661862
Central Asia,electricity,solar,PV,2100,0.322013542507224
China,electricity,solar,PV,2100,0.359827544136297
EU-12,electricity,solar,PV,2100,0.248279353935209
EU-15,electricity,solar,PV,2100,0.27477280333432
Ukraine,electricity,solar,PV,2100,0.250255475707745
Europe_Non_EU,electricity,solar,PV,2100,0.322450533991388
European Free Trade Association,electricity,solar,PV,2100,0.164858628013487
India,electricity,solar,PV,2100,0.371041078298838
Indonesia,electricity,solar,PV,2100,0.347646864284487
Japan,electricity,solar,PV,2100,0.283683089583856
Mexico,electricity,solar,PV,2100,0.402648724648546
Middle East,electricity,solar,PV,2100,0.410581920507976
Pakistan,electricity,solar,PV,2100,0.389427775543704
Russia,electricity,solar,PV,2100,0.195324527605263
South Africa,electricity,solar,PV,2100,0.414219669811965
South America_Northern,electricity,solar,PV,2100,0.364618992678519
South America_Southern,electricity,solar,PV,2100,0.360988914280988
South Asia,electricity,solar,PV,2100,0.382178483123193
South Korea,electricity,solar,PV,2100,0.313840392314102
Southeast Asia,electricity,solar,PV,2100,0.356593345374802
Taiwan,electricity,solar,PV,2100,0.299937664527239
Argentina,electricity,solar,PV,2100,0.349277897629319
Colombia,electricity,solar,PV,2100,0.328260084626947
USA,electricity,solar,PV_storage,2100,0.300000418913827
Africa_Eastern,electricity,solar,PV_storage,2100,0.423545217293792
Africa_Northern,electricity,solar,PV_storage,2100,0.420298452019054
Africa_Southern,electricity,solar,PV_storage,2100,0.413312171926689
Africa_Western,electricity,solar,PV_storage,2100,0.410355731999424
Australia_NZ,electricity,solar,PV_storage,2100,0.408782478476069
Brazil,electricity,solar,PV_storage,2100,0.3700717411795
Canada,electricity,solar,PV_storage,2100,0.194671100520945
Central America and Caribbean,electricity,solar,PV_storage,2100,0.376998256661862
Central Asia,electricity,solar,PV_storage,2100,0.322013542507224
China,electricity,solar,PV_storage,2100,0.359827544136297
EU-12,electricity,solar,PV_storage,2100,0.248279353935209
EU-15,electricity,solar,PV_storage,2100,0.27477280333432
Ukraine,electricity,solar,PV_storage,2100,0.250255475707745
Europe_Non_EU,electricity,solar,PV_storage,2100,0.322450533991388
European Free Trade Association,electricity,solar,PV_storage,2100,0.164858628013487
India,electricity,solar,PV_storage,2100,0.371041078298838
Indonesia,electricity,solar,PV_storage,2100,0.347646864284487
Japan,electricity,solar,PV_storage,2100,0.283683089583856
Mexico,electricity,solar,PV_storage,2100,0.402648724648546
Middle East,electricity,solar,PV_storage,2100,0.410581920507976
Pakistan,electricity,solar,PV_storage,2100,0.389427775543704
Russia,electricity,solar,PV_storage,2100,0.195324527605263
South Africa,electricity,solar,PV_storage,2100,0.414219669811965
South America_Northern,electricity,solar,PV_storage,2100,0.364618992678519
South America_Southern,electricity,solar,PV_storage,2100,0.360988914280988
South Asia,electricity,solar,PV_storage,2100,0.382178483123193
South Korea,electricity,solar,PV_storage,2100,0.313840392314102
Southeast Asia,electricity,solar,PV_storage,2100,0.356593345374802
Taiwan,electricity,solar,PV_storage,2100,0.299937664527239
Argentina,electricity,solar,PV_storage,2100,0.349277897629319
Colombia,electricity,solar,PV_storage,2100,0.328260084626947
USA,electricity,solar,CSP,1975,0.250000123567131
Africa_Eastern,electricity,solar,CSP,1975,0.246298622528968
Africa_Northern,electricity,solar,CSP,1975,0.23711136375372
Africa_Southern,electricity,solar,CSP,1975,0.237479025058088
Africa_Western,electricity,solar,CSP,1975,0.243407250642143
Australia_NZ,electricity,solar,CSP,1975,0.231893253369818
Brazil,electricity,solar,CSP,1975,0.305748843875073
Canada,electricity,solar,CSP,1975,0.348881693968625
Central America and Caribbean,electricity,solar,CSP,1975,0.273711598155641
Central Asia,electricity,solar,CSP,1975,0.284725189782733
China,electricity,solar,CSP,1975,0.253152242562426
EU-12,electricity,solar,CSP,1975,0.251401430725238
EU-15,electricity,solar,CSP,1975,0.270475044849864
Ukraine,electricity,solar,CSP,1975,0.330465572806087
Europe_Non_EU,electricity,solar,CSP,1975,0.280005405610155
European Free Trade Association,electricity,solar,CSP,1975,0.00025
India,electricity,solar,CSP,1975,0.281168953279745
Indonesia,electricity,solar,CSP,1975,0.333299228536159
Japan,electricity,solar,CSP,1975,0.384107542683657
Mexico,electricity,solar,CSP,1975,0.252943549997605
Middle East,electricity,solar,CSP,1975,0.238139015188791
Pakistan,electricity,solar,CSP,1975,0.267051928677241
Russia,electricity,solar,CSP,1975,0.375458669979537
South Africa,electricity,solar,CSP,1975,0.221167551091183
South America_Northern,electricity,solar,CSP,1975,0.280587890076224
South America_Southern,electricity,solar,CSP,1975,0.240450016581028
South Asia,electricity,solar,CSP,1975,0.275112657843124
South Korea,electricity,solar,CSP,1975,0.339213181696283
Southeast Asia,electricity,solar,CSP,1975,0.279859452680639
Taiwan,electricity,solar,CSP,1975,0.401339283245279
Argentina,electricity,solar,CSP,1975,0.236884856848872
Colombia,electricity,solar,CSP,1975,0.324062612102241
USA,electricity,solar,CSP_storage,1975,0.500000123567131
Africa_Eastern,electricity,solar,CSP_storage,1975,0.496298622528968
Africa_Northern,electricity,solar,CSP_storage,1975,0.48711136375372
Africa_Southern,electricity,solar,CSP_storage,1975,0.487479025058088
Africa_Western,electricity,solar,CSP_storage,1975,0.493407250642143
Australia_NZ,electricity,solar,CSP_storage,1975,0.481893253369818
Brazil,electricity,solar,CSP_storage,1975,0.555748843875073
Canada,electricity,solar,CSP_storage,1975,0.598881693968625
Central America and Caribbean,electricity,solar,CSP_storage,1975,0.523711598155641
Central Asia,electricity,solar,CSP_storage,1975,0.534725189782733
China,electricity,solar,CSP_storage,1975,0.503152242562426
EU-12,electricity,solar,CSP_storage,1975,0.501401430725238
EU-15,electricity,solar,CSP_storage,1975,0.520475044849864
Ukraine,electricity,solar,CSP_storage,1975,0.580465572806087
Europe_Non_EU,electricity,solar,CSP_storage,1975,0.530005405610155
European Free Trade Association,electricity,solar,CSP_storage,1975,0.25025
India,electricity,solar,CSP_storage,1975,0.531168953279745
Indonesia,electricity,solar,CSP_storage,1975,0.583299228536159
Japan,electricity,solar,CSP_storage,1975,0.634107542683657
Mexico,electricity,solar,CSP_storage,1975,0.502943549997605
Middle East,electricity,solar,CSP_storage,1975,0.488139015188791
Pakistan,electricity,solar,CSP_storage,1975,0.517051928677241
Russia,electricity,solar,CSP_storage,1975,0.625458669979537
South Africa,electricity,solar,CSP_storage,1975,0.471167551091183
South America_Northern,electricity,solar,CSP_storage,1975,0.530587890076224
South America_Southern,electricity,solar,CSP_storage,1975,0.490450016581028
South Asia,electricity,solar,CSP_storage,1975,0.525112657843124
South Korea,electricity,solar,CSP_storage,1975,0.589213181696283
Southeast Asia,electricity,solar,CSP_storage,1975,0.529859452680639
Taiwan,electricity,solar,CSP_storage,1975,0.651339283245279
Argentina,electricity,solar,CSP_storage,1975,0.486884856848872
Colombia,electricity,solar,CSP_storage,1975,0.574062612102241
USA,electricity,solar,CSP,1990,0.250000123567131
Africa_Eastern,electricity,solar,CSP,1990,0.246298622528968
Africa_Northern,electricity,solar,CSP,1990,0.23711136375372
Africa_Southern,electricity,solar,CSP,1990,0.237479025058088
Africa_Western,electricity,solar,CSP,1990,0.243407250642143
Australia_NZ,electricity,solar,CSP,1990,0.231893253369818
Brazil,electricity,solar,CSP,1990,0.305748843875073
Canada,electricity,solar,CSP,1990,0.348881693968625
Central America and Caribbean,electricity,solar,CSP,1990,0.273711598155641
Central Asia,electricity,solar,CSP,1990,0.284725189782733
China,electricity,solar,CSP,1990,0.253152242562426
EU-12,electricity,solar,CSP,1990,0.251401430725238
EU-15,electricity,solar,CSP,1990,0.270475044849864
Ukraine,electricity,solar,CSP,1990,0.330465572806087
Europe_Non_EU,electricity,solar,CSP,1990,0.280005405610155
European Free Trade Association,electricity,solar,CSP,1990,0.00025
India,electricity,solar,CSP,1990,0.281168953279745
Indonesia,electricity,solar,CSP,1990,0.333299228536159
Japan,electricity,solar,CSP,1990,0.384107542683657
Mexico,electricity,solar,CSP,1990,0.252943549997605
Middle East,electricity,solar,CSP,1990,0.238139015188791
Pakistan,electricity,solar,CSP,1990,0.267051928677241
Russia,electricity,solar,CSP,1990,0.375458669979537
South Africa,electricity,solar,CSP,1990,0.221167551091183
South America_Northern,electricity,solar,CSP,1990,0.280587890076224
South America_Southern,electricity,solar,CSP,1990,0.240450016581028
South Asia,electricity,solar,CSP,1990,0.275112657843124
South Korea,electricity,solar,CSP,1990,0.339213181696283
Southeast Asia,electricity,solar,CSP,1990,0.279859452680639
Taiwan,electricity,solar,CSP,1990,0.401339283245279
Argentina,electricity,solar,CSP,1990,0.236884856848872
Colombia,electricity,solar,CSP,1990,0.324062612102241
USA,electricity,solar,CSP_storage,1990,0.500000123567131
Africa_Eastern,electricity,solar,CSP_storage,1990,0.496298622528968
Africa_Northern,electricity,solar,CSP_storage,1990,0.48711136375372
Africa_Southern,electricity,solar,CSP_storage,1990,0.487479025058088
Africa_Western,electricity,solar,CSP_storage,1990,0.493407250642143
Australia_NZ,electricity,solar,CSP_storage,1990,0.481893253369818
Brazil,electricity,solar,CSP_storage,1990,0.555748843875073
Canada,electricity,solar,CSP_storage,1990,0.598881693968625
Central America and Caribbean,electricity,solar,CSP_storage,1990,0.523711598155641
Central Asia,electricity,solar,CSP_storage,1990,0.534725189782733
China,electricity,solar,CSP_storage,1990,0.503152242562426
EU-12,electricity,solar,CSP_storage,1990,0.501401430725238
EU-15,electricity,solar,CSP_storage,1990,0.520475044849864
Ukraine,electricity,solar,CSP_storage,1990,0.580465572806087
Europe_Non_EU,electricity,solar,CSP_storage,1990,0.530005405610155
European Free Trade Association,electricity,solar,CSP_storage,1990,0.25025
India,electricity,solar,CSP_storage,1990,0.531168953279745
Indonesia,electricity,solar,CSP_storage,1990,0.583299228536159
Japan,electricity,solar,CSP_storage,1990,0.634107542683657
Mexico,electricity,solar,CSP_storage,1990,0.502943549997605
Middle East,electricity,solar,CSP_storage,1990,0.488139015188791
Pakistan,electricity,solar,CSP_storage,1990,0.517051928677241
Russia,electricity,solar,CSP_storage,1990,0.625458669979537
South Africa,electricity,solar,CSP_storage,1990,0.471167551091183
South America_Northern,electricity,solar,CSP_storage,1990,0.530587890076224
South America_Southern,electricity,solar,CSP_storage,1990,0.490450016581028
South Asia,electricity,solar,CSP_storage,1990,0.525112657843124
South Korea,electricity,solar,CSP_storage,1990,0.589213181696283
Southeast Asia,electricity,solar,CSP_storage,1990,0.529859452680639
Taiwan,electricity,solar,CSP_storage,1990,0.651339283245279
Argentina,electricity,solar,CSP_storage,1990,0.486884856848872
Colombia,electricity,solar,CSP_storage,1990,0.574062612102241
USA,electricity,solar,CSP,2005,0.250000123567131
Africa_Eastern,electricity,solar,CSP,2005,0.246298622528968
Africa_Northern,electricity,solar,CSP,2005,0.23711136375372
Africa_Southern,electricity,solar,CSP,2005,0.237479025058088
Africa_Western,electricity,solar,CSP,2005,0.243407250642143
Australia_NZ,electricity,solar,CSP,2005,0.231893253369818
Brazil,electricity,solar,CSP,2005,0.305748843875073
Canada,electricity,solar,CSP,2005,0.348881693968625
Central America and Caribbean,electricity,solar,CSP,2005,0.273711598155641
Central Asia,electricity,solar,CSP,2005,0.284725189782733
China,electricity,solar,CSP,2005,0.253152242562426
EU-12,electricity,solar,CSP,2005,0.251401430725238
EU-15,electricity,solar,CSP,2005,0.270475044849864
Ukraine,electricity,solar,CSP,2005,0.330465572806087
Europe_Non_EU,electricity,solar,CSP,2005,0.280005405610155
European Free Trade Association,electricity,solar,CSP,2005,0.00025
India,electricity,solar,CSP,2005,0.281168953279745
Indonesia,electricity,solar,CSP,2005,0.333299228536159
Japan,electricity,solar,CSP,2005,0.384107542683657
Mexico,electricity,solar,CSP,2005,0.252943549997605
Middle East,electricity,solar,CSP,2005,0.238139015188791
Pakistan,electricity,solar,CSP,2005,0.267051928677241
Russia,electricity,solar,CSP,2005,0.375458669979537
South Africa,electricity,solar,CSP,2005,0.221167551091183
South America_Northern,electricity,solar,CSP,2005,0.280587890076224
South America_Southern,electricity,solar,CSP,2005,0.240450016581028
South Asia,electricity,solar,CSP,2005,0.275112657843124
South Korea,electricity,solar,CSP,2005,0.339213181696283
Southeast Asia,electricity,solar,CSP,2005,0.279859452680639
Taiwan,electricity,solar,CSP,2005,0.401339283245279
Argentina,electricity,solar,CSP,2005,0.236884856848872
Colombia,electricity,solar,CSP,2005,0.324062612102241
USA,electricity,solar,CSP_storage,2005,0.500000123567131
Africa_Eastern,electricity,solar,CSP_storage,2005,0.496298622528968
Africa_Northern,electricity,solar,CSP_storage,2005,0.48711136375372
Africa_Southern,electricity,solar,CSP_storage,2005,0.487479025058088
Africa_Western,electricity,solar,CSP_storage,2005,0.493407250642143
Australia_NZ,electricity,solar,CSP_storage,2005,0.481893253369818
Brazil,electricity,solar,CSP_storage,2005,0.555748843875073
Canada,electricity,solar,CSP_storage,2005,0.598881693968625
Central America and Caribbean,electricity,solar,CSP_storage,2005,0.523711598155641
Central Asia,electricity,solar,CSP_storage,2005,0.534725189782733
China,electricity,solar,CSP_storage,2005,0.503152242562426
EU-12,electricity,solar,CSP_storage,2005,0.501401430725238
EU-15,electricity,solar,CSP_storage,2005,0.520475044849864
Ukraine,electricity,solar,CSP_storage,2005,0.580465572806087
Europe_Non_EU,electricity,solar,CSP_storage,2005,0.530005405610155
European Free Trade Association,electricity,solar,CSP_storage,2005,0.25025
India,electricity,solar,CSP_storage,2005,0.531168953279745
Indonesia,electricity,solar,CSP_storage,2005,0.583299228536159
Japan,electricity,solar,CSP_storage,2005,0.634107542683657
Mexico,electricity,solar,CSP_storage,2005,0.502943549997605
Middle East,electricity,solar,CSP_storage,2005,0.488139015188791
Pakistan,electricity,solar,CSP_storage,2005,0.517051928677241
Russia,electricity,solar,CSP_storage,2005,0.625458669979537
South Africa,electricity,solar,CSP_storage,2005,0.471167551091183
South America_Northern,electricity,solar,CSP_storage,2005,0.530587890076224
South America_Southern,electricity,solar,CSP_storage,2005,0.490450016581028
South Asia,electricity,solar,CSP_storage,2005,0.525112657843124
South Korea,electricity,solar,CSP_storage,2005,0.589213181696283
Southeast Asia,electricity,solar,CSP_storage,2005,0.529859452680639
Taiwan,electricity,solar,CSP_storage,2005,0.651339283245279
Argentina,electricity,solar,CSP_storage,2005,0.486884856848872
Colombia,electricity,solar,CSP_storage,2005,0.574062612102241
USA,electricity,solar,CSP,2010,0.250000123567131
Africa_Eastern,electricity,solar,CSP,2010,0.246298622528968
Africa_Northern,electricity,solar,CSP,2010,0.23711136375372
Africa_Southern,electricity,solar,CSP,2010,0.237479025058088
Africa_Western,electricity,solar,CSP,2010,0.243407250642143
Australia_NZ,electricity,solar,CSP,2010,0.231893253369818
Brazil,electricity,solar,CSP,2010,0.305748843875073
Canada,electricity,solar,CSP,2010,0.348881693968625
Central America and Caribbean,electricity,solar,CSP,2010,0.273711598155641
Central Asia,electricity,solar,CSP,2010,0.284725189782733
China,electricity,solar,CSP,2010,0.253152242562426
EU-12,electricity,solar,CSP,2010,0.251401430725238
EU-15,electricity,solar,CSP,2010,0.270475044849864
Ukraine,electricity,solar,CSP,2010,0.330465572806087
Europe_Non_EU,electricity,solar,CSP,2010,0.280005405610155
European Free Trade Association,electricity,solar,CSP,2010,0.00025
India,electricity,solar,CSP,2010,0.281168953279745
Indonesia,electricity,solar,CSP,2010,0.333299228536159
Japan,electricity,solar,CSP,2010,0.384107542683657
Mexico,electricity,solar,CSP,2010,0.252943549997605
Middle East,electricity,solar,CSP,2010,0.238139015188791
Pakistan,electricity,solar,CSP,2010,0.267051928677241
Russia,electricity,solar,CSP,2010,0.375458669979537
South Africa,electricity,solar,CSP,2010,0.221167551091183
South America_Northern,electricity,solar,CSP,2010,0.280587890076224
South America_Southern,electricity,solar,CSP,2010,0.240450016581028
South Asia,electricity,solar,CSP,2010,0.275112657843124
South Korea,electricity,solar,CSP,2010,0.339213181696283
Southeast Asia,electricity,solar,CSP,2010,0.279859452680639
Taiwan,electricity,solar,CSP,2010,0.401339283245279
Argentina,electricity,solar,CSP,2010,0.236884856848872
Colombia,electricity,solar,CSP,2010,0.324062612102241
USA,electricity,solar,CSP_storage,2010,0.500000123567131
Africa_Eastern,electricity,solar,CSP_storage,2010,0.496298622528968
Africa_Northern,electricity,solar,CSP_storage,2010,0.48711136375372
Africa_Southern,electricity,solar,CSP_storage,2010,0.487479025058088
Africa_Western,electricity,solar,CSP_storage,2010,0.493407250642143
Australia_NZ,electricity,solar,CSP_storage,2010,0.481893253369818
Brazil,electricity,solar,CSP_storage,2010,0.555748843875073
Canada,electricity,solar,CSP_storage,2010,0.598881693968625
Central America and Caribbean,electricity,solar,CSP_storage,2010,0.523711598155641
Central Asia,electricity,solar,CSP_storage,2010,0.534725189782733
China,electricity,solar,CSP_storage,2010,0.503152242562426
EU-12,electricity,solar,CSP_storage,2010,0.501401430725238
EU-15,electricity,solar,CSP_storage,2010,0.520475044849864
Ukraine,electricity,solar,CSP_storage,2010,0.580465572806087
Europe_Non_EU,electricity,solar,CSP_storage,2010,0.530005405610155
European Free Trade Association,electricity,solar,CSP_storage,2010,0.25025
India,electricity,solar,CSP_storage,2010,0.531168953279745
Indonesia,electricity,solar,CSP_storage,2010,0.583299228536159
Japan,electricity,solar,CSP_storage,2010,0.634107542683657
Mexico,electricity,solar,CSP_storage,2010,0.502943549997605
Middle East,electricity,solar,CSP_storage,2010,0.488139015188791
Pakistan,electricity,solar,CSP_storage,2010,0.517051928677241
Russia,electricity,solar,CSP_storage,2010,0.625458669979537
South Africa,electricity,solar,CSP_storage,2010,0.471167551091183
South America_Northern,electricity,solar,CSP_storage,2010,0.530587890076224
South America_Southern,electricity,solar,CSP_storage,2010,0.490450016581028
South Asia,electricity,solar,CSP_storage,2010,0.525112657843124
South Korea,electricity,solar,CSP_storage,2010,0.589213181696283
Southeast Asia,electricity,solar,CSP_storage,2010,0.529859452680639
Taiwan,electricity,solar,CSP_storage,2010,0.651339283245279
Argentina,electricity,solar,CSP_storage,2010,0.486884856848872
Colombia,electricity,solar,CSP_storage,2010,0.574062612102241
USA,electricity,solar,CSP,2015,0.250000123567131
Africa_Eastern,electricity,solar,CSP,2015,0.246298622528968
Africa_Northern,electricity,solar,CSP,2015,0.23711136375372
Africa_Southern,electricity,solar,CSP,2015,0.237479025058088
Africa_Western,electricity,solar,CSP,2015,0.243407250642143
Australia_NZ,electricity,solar,CSP,2015,0.231893253369818
Brazil,electricity,solar,CSP,2015,0.305748843875073
Canada,electricity,solar,CSP,2015,0.348881693968625
Central America and Caribbean,electricity,solar,CSP,2015,0.273711598155641
Central Asia,electricity,solar,CSP,2015,0.284725189782733
China,electricity,solar,CSP,2015,0.253152242562426
EU-12,electricity,solar,CSP,2015,0.251401430725238
EU-15,electricity,solar,CSP,2015,0.270475044849864
Ukraine,electricity,solar,CSP,2015,0.330465572806087
Europe_Non_EU,electricity,solar,CSP,2015,0.280005405610155
European Free Trade Association,electricity,solar,CSP,2015,0.00025
India,electricity,solar,CSP,2015,0.281168953279745
Indonesia,electricity,solar,CSP,2015,0.333299228536159
Japan,electricity,solar,CSP,2015,0.384107542683657
Mexico,electricity,solar,CSP,2015,0.252943549997605
Middle East,electricity,solar,CSP,2015,0.238139015188791
Pakistan,electricity,solar,CSP,2015,0.267051928677241
Russia,electricity,solar,CSP,2015,0.375458669979537
South Africa,electricity,solar,CSP,2015,0.221167551091183
South America_Northern,electricity,solar,CSP,2015,0.280587890076224
South America_Southern,electricity,solar,CSP,2015,0.240450016581028
South Asia,electricity,solar,CSP,2015,0.275112657843124
South Korea,electricity,solar,CSP,2015,0.339213181696283
Southeast Asia,electricity,solar,CSP,2015,0.279859452680639
Taiwan,electricity,solar,CSP,2015,0.401339283245279
Argentina,electricity,solar,CSP,2015,0.236884856848872
Colombia,electricity,solar,CSP,2015,0.324062612102241
USA,electricity,solar,CSP_storage,2015,0.500000123567131
Africa_Eastern,electricity,solar,CSP_storage,2015,0.496298622528968
Africa_Northern,electricity,solar,CSP_storage,2015,0.48711136375372
Africa_Southern,electricity,solar,CSP_storage,2015,0.487479025058088
Africa_Western,electricity,solar,CSP_storage,2015,0.493407250642143
Australia_NZ,electricity,solar,CSP_storage,2015,0.481893253369818
Brazil,electricity,solar,CSP_storage,2015,0.555748843875073
Canada,electricity,solar,CSP_storage,2015,0.598881693968625
Central America and Caribbean,electricity,solar,CSP_storage,2015,0.523711598155641
Central Asia,electricity,solar,CSP_storage,2015,0.534725189782733
China,electricity,solar,CSP_storage,2015,0.503152242562426
EU-12,electricity,solar,CSP_storage,2015,0.501401430725238
EU-15,electricity,solar,CSP_storage,2015,0.520475044849864
Ukraine,electricity,solar,CSP_storage,2015,0.580465572806087
Europe_Non_EU,electricity,solar,CSP_storage,2015,0.530005405610155
European Free Trade Association,electricity,solar,CSP_storage,2015,0.25025
India,electricity,solar,CSP_storage,2015,0.531168953279745
Indonesia,electricity,solar,CSP_storage,2015,0.583299228536159
Japan,electricity,solar,CSP_storage,2015,0.634107542683657
Mexico,electricity,solar,CSP_storage,2015,0.502943549997605
Middle East,electricity,solar,CSP_storage,2015,0.488139015188791
Pakistan,electricity,solar,CSP_storage,2015,0.517051928677241
Russia,electricity,solar,CSP_storage,2015,0.625458669979537
South Africa,electricity,solar,CSP_storage,2015,0.471167551091183
South America_Northern,electricity,solar,CSP_storage,2015,0.530587890076224
South America_Southern,electricity,solar,CSP_storage,2015,0.490450016581028
South Asia,electricity,solar,CSP_storage,2015,0.525112657843124
South Korea,electricity,solar,CSP_storage,2015,0.589213181696283
Southeast Asia,electricity,solar,CSP_storage,2015,0.529859452680639
Taiwan,electricity,solar,CSP_storage,2015,0.651339283245279
Argentina,electricity,solar,CSP_storage,2015,0.486884856848872
Colombia,electricity,solar,CSP_storage,2015,0.574062612102241
USA,electricity,solar,CSP,2021,0.250000123567131
Africa_Eastern,electricity,solar,CSP,2021,0.246298622528968
Africa_Northern,electricity,solar,CSP,2021,0.23711136375372
Africa_Southern,electricity,solar,CSP,2021,0.237479025058088
Africa_Western,electricity,solar,CSP,2021,0.243407250642143
Australia_NZ,electricity,solar,CSP,2021,0.231893253369818
Brazil,electricity,solar,CSP,2021,0.305748843875073
Canada,electricity,solar,CSP,2021,0.348881693968625
Central America and Caribbean,electricity,solar,CSP,2021,0.273711598155641
Central Asia,electricity,solar,CSP,2021,0.284725189782733
China,electricity,solar,CSP,2021,0.253152242562426
EU-12,electricity,solar,CSP,2021,0.251401430725238
EU-15,electricity,solar,CSP,2021,0.270475044849864
Ukraine,electricity,solar,CSP,2021,0.330465572806087
Europe_Non_EU,electricity,solar,CSP,2021,0.280005405610155
European Free Trade Association,electricity,solar,CSP,2021,0.00025
India,electricity,solar,CSP,2021,0.281168953279745
Indonesia,electricity,solar,CSP,2021,0.333299228536159
Japan,electricity,solar,CSP,2021,0.384107542683657
Mexico,electricity,solar,CSP,2021,0.252943549997605
Middle East,electricity,solar,CSP,2021,0.238139015188791
Pakistan,electricity,solar,CSP,2021,0.267051928677241
Russia,electricity,solar,CSP,2021,0.375458669979537
South Africa,electricity,solar,CSP,2021,0.221167551091183
South America_Northern,electricity,solar,CSP,2021,0.280587890076224
South America_Southern,electricity,solar,CSP,2021,0.240450016581028
South Asia,electricity,solar,CSP,2021,0.275112657843124
South Korea,electricity,solar,CSP,2021,0.339213181696283
Southeast Asia,electricity,solar,CSP,2021,0.279859452680639
Taiwan,electricity,solar,CSP,2021,0.401339283245279
Argentina,electricity,solar,CSP,2021,0.236884856848872
Colombia,electricity,solar,CSP,2021,0.324062612102241
USA,electricity,solar,CSP_storage,2021,0.500000123567131
Africa_Eastern,electricity,solar,CSP_storage,2021,0.496298622528968
Africa_Northern,electricity,solar,CSP_storage,2021,0.48711136375372
Africa_Southern,electricity,solar,CSP_storage,2021,0.487479025058088
Africa_Western,electricity,solar,CSP_storage,2021,0.493407250642143
Australia_NZ,electricity,solar,CSP_storage,2021,0.481893253369818
Brazil,electricity,solar,CSP_storage,2021,0.555748843875073
Canada,electricity,solar,CSP_storage,2021,0.598881693968625
Central America and Caribbean,electricity,solar,CSP_storage,2021,0.523711598155641
Central Asia,electricity,solar,CSP_storage,2021,0.534725189782733
China,electricity,solar,CSP_storage,2021,0.503152242562426
EU-12,electricity,solar,CSP_storage,2021,0.501401430725238
EU-15,electricity,solar,CSP_storage,2021,0.520475044849864
Ukraine,electricity,solar,CSP_storage,2021,0.580465572806087
Europe_Non_EU,electricity,solar,CSP_storage,2021,0.530005405610155
European Free Trade Association,electricity,solar,CSP_storage,2021,0.25025
India,electricity,solar,CSP_storage,2021,0.531168953279745
Indonesia,electricity,solar,CSP_storage,2021,0.583299228536159
Japan,electricity,solar,CSP_storage,2021,0.634107542683657
Mexico,electricity,solar,CSP_storage,2021,0.502943549997605
Middle East,electricity,solar,CSP_storage,2021,0.488139015188791
Pakistan,electricity,solar,CSP_storage,2021,0.517051928677241
Russia,electricity,solar,CSP_storage,2021,0.625458669979537
South Africa,electricity,solar,CSP_storage,2021,0.471167551091183
South America_Northern,electricity,solar,CSP_storage,2021,0.530587890076224
South America_Southern,electricity,solar,CSP_storage,2021,0.490450016581028
South Asia,electricity,solar,CSP_storage,2021,0.525112657843124
South Korea,electricity,solar,CSP_storage,2021,0.589213181696283
Southeast Asia,electricity,solar,CSP_storage,2021,0.529859452680639
Taiwan,electricity,solar,CSP_storage,2021,0.651339283245279
Argentina,electricity,solar,CSP_storage,2021,0.486884856848872
Colombia,electricity,solar,CSP_storage,2021,0.574062612102241
USA,electricity,solar,CSP,2025,0.250000123567131
Africa_Eastern,electricity,solar,CSP,2025,0.246298622528968
Africa_Northern,electricity,solar,CSP,2025,0.23711136375372
Africa_Southern,electricity,solar,CSP,2025,0.237479025058088
Africa_Western,electricity,solar,CSP,2025,0.243407250642143
Australia_NZ,electricity,solar,CSP,2025,0.231893253369818
Brazil,electricity,solar,CSP,2025,0.305748843875073
Canada,electricity,solar,CSP,2025,0.348881693968625
Central America and Caribbean,electricity,solar,CSP,2025,0.273711598155641
Central Asia,electricity,solar,CSP,2025,0.284725189782733
China,electricity,solar,CSP,2025,0.253152242562426
EU-12,electricity,solar,CSP,2025,0.251401430725238
EU-15,electricity,solar,CSP,2025,0.270475044849864
Ukraine,electricity,solar,CSP,2025,0.330465572806087
Europe_Non_EU,electricity,solar,CSP,2025,0.280005405610155
European Free Trade Association,electricity,solar,CSP,2025,0.00025
India,electricity,solar,CSP,2025,0.281168953279745
Indonesia,electricity,solar,CSP,2025,0.333299228536159
Japan,electricity,solar,CSP,2025,0.384107542683657
Mexico,electricity,solar,CSP,2025,0.252943549997605
Middle East,electricity,solar,CSP,2025,0.238139015188791
Pakistan,electricity,solar,CSP,2025,0.267051928677241
Russia,electricity,solar,CSP,2025,0.375458669979537
South Africa,electricity,solar,CSP,2025,0.221167551091183
South America_Northern,electricity,solar,CSP,2025,0.280587890076224
South America_Southern,electricity,solar,CSP,2025,0.240450016581028
South Asia,electricity,solar,CSP,2025,0.275112657843124
South Korea,electricity,solar,CSP,2025,0.339213181696283
Southeast Asia,electricity,solar,CSP,2025,0.279859452680639
Taiwan,electricity,solar,CSP,2025,0.401339283245279
Argentina,electricity,solar,CSP,2025,0.236884856848872
Colombia,electricity,solar,CSP,2025,0.324062612102241
USA,electricity,solar,CSP_storage,2025,0.500000123567131
Africa_Eastern,electricity,solar,CSP_storage,2025,0.496298622528968
Africa_Northern,electricity,solar,CSP_storage,2025,0.48711136375372
Africa_Southern,electricity,solar,CSP_storage,2025,0.487479025058088
Africa_Western,electricity,solar,CSP_storage,2025,0.493407250642143
Australia_NZ,electricity,solar,CSP_storage,2025,0.481893253369818
Brazil,electricity,solar,CSP_storage,2025,0.555748843875073
Canada,electricity,solar,CSP_storage,2025,0.598881693968625
Central America and Caribbean,electricity,solar,CSP_storage,2025,0.523711598155641
Central Asia,electricity,solar,CSP_storage,2025,0.534725189782733
China,electricity,solar,CSP_storage,2025,0.503152242562426
EU-12,electricity,solar,CSP_storage,2025,0.501401430725238
EU-15,electricity,solar,CSP_storage,2025,0.520475044849864
Ukraine,electricity,solar,CSP_storage,2025,0.580465572806087
Europe_Non_EU,electricity,solar,CSP_storage,2025,0.530005405610155
European Free Trade Association,electricity,solar,CSP_storage,2025,0.25025
India,electricity,solar,CSP_storage,2025,0.531168953279745
Indonesia,electricity,solar,CSP_storage,2025,0.583299228536159
Japan,electricity,solar,CSP_storage,2025,0.634107542683657
Mexico,electricity,solar,CSP_storage,2025,0.502943549997605
Middle East,electricity,solar,CSP_storage,2025,0.488139015188791
Pakistan,electricity,solar,CSP_storage,2025,0.517051928677241
Russia,electricity,solar,CSP_storage,2025,0.625458669979537
South Africa,electricity,solar,CSP_storage,2025,0.471167551091183
South America_Northern,electricity,solar,CSP_storage,2025,0.530587890076224
South America_Southern,electricity,solar,CSP_storage,2025,0.490450016581028
South Asia,electricity,solar,CSP_storage,2025,0.525112657843124
South Korea,electricity,solar,CSP_storage,2025,0.589213181696283
Southeast Asia,electricity,solar,CSP_storage,2025,0.529859452680639
Taiwan,electricity,solar,CSP_storage,2025,0.651339283245279
Argentina,electricity,solar,CSP_storage,2025,0.486884856848872
Colombia,electricity,solar,CSP_storage,2025,0.574062612102241
USA,electricity,solar,CSP,2030,0.250000123567131
Africa_Eastern,electricity,solar,CSP,2030,0.246298622528968
Africa_Northern,electricity,solar,CSP,2030,0.23711136375372
Africa_Southern,electricity,solar,CSP,2030,0.237479025058088
Africa_Western,electricity,solar,CSP,2030,0.243407250642143
Australia_NZ,electricity,solar,CSP,2030,0.231893253369818
Brazil,electricity,solar,CSP,2030,0.305748843875073
Canada,electricity,solar,CSP,2030,0.348881693968625
Central America and Caribbean,electricity,solar,CSP,2030,0.273711598155641
Central Asia,electricity,solar,CSP,2030,0.284725189782733
China,electricity,solar,CSP,2030,0.253152242562426
EU-12,electricity,solar,CSP,2030,0.251401430725238
EU-15,electricity,solar,CSP,2030,0.270475044849864
Ukraine,electricity,solar,CSP,2030,0.330465572806087
Europe_Non_EU,electricity,solar,CSP,2030,0.280005405610155
European Free Trade Association,electricity,solar,CSP,2030,0.00025
India,electricity,solar,CSP,2030,0.281168953279745
Indonesia,electricity,solar,CSP,2030,0.333299228536159
Japan,electricity,solar,CSP,2030,0.384107542683657
Mexico,electricity,solar,CSP,2030,0.252943549997605
Middle East,electricity,solar,CSP,2030,0.238139015188791
Pakistan,electricity,solar,CSP,2030,0.267051928677241
Russia,electricity,solar,CSP,2030,0.375458669979537
South Africa,electricity,solar,CSP,2030,0.221167551091183
South America_Northern,electricity,solar,CSP,2030,0.280587890076224
South America_Southern,electricity,solar,CSP,2030,0.240450016581028
South Asia,electricity,solar,CSP,2030,0.275112657843124
South Korea,electricity,solar,CSP,2030,0.339213181696283
Southeast Asia,electricity,solar,CSP,2030,0.279859452680639
Taiwan,electricity,solar,CSP,2030,0.401339283245279
Argentina,electricity,solar,CSP,2030,0.236884856848872
Colombia,electricity,solar,CSP,2030,0.324062612102241
USA,electricity,solar,CSP_storage,2030,0.500000123567131
Africa_Eastern,electricity,solar,CSP_storage,2030,0.496298622528968
Africa_Northern,electricity,solar,CSP_storage,2030,0.48711136375372
Africa_Southern,electricity,solar,CSP_storage,2030,0.487479025058088
Africa_Western,electricity,solar,CSP_storage,2030,0.493407250642143
Australia_NZ,electricity,solar,CSP_storage,2030,0.481893253369818
Brazil,electricity,solar,CSP_storage,2030,0.555748843875073
Canada,electricity,solar,CSP_storage,2030,0.598881693968625
Central America and Caribbean,electricity,solar,CSP_storage,2030,0.523711598155641
Central Asia,electricity,solar,CSP_storage,2030,0.534725189782733
China,electricity,solar,CSP_storage,2030,0.503152242562426
EU-12,electricity,solar,CSP_storage,2030,0.501401430725238
EU-15,electricity,solar,CSP_storage,2030,0.520475044849864
Ukraine,electricity,solar,CSP_storage,2030,0.580465572806087
Europe_Non_EU,electricity,solar,CSP_storage,2030,0.530005405610155
European Free Trade Association,electricity,solar,CSP_storage,2030,0.25025
India,electricity,solar,CSP_storage,2030,0.531168953279745
Indonesia,electricity,solar,CSP_storage,2030,0.583299228536159
Japan,electricity,solar,CSP_storage,2030,0.634107542683657
Mexico,electricity,solar,CSP_storage,2030,0.502943549997605
Middle East,electricity,solar,CSP_storage,2030,0.488139015188791
Pakistan,electricity,solar,CSP_storage,2030,0.517051928677241
Russia,electricity,solar,CSP_storage,2030,0.625458669979537
South Africa,electricity,solar,CSP_storage,2030,0.471167551091183
South America_Northern,electricity,solar,CSP_storage,2030,0.530587890076224
South America_Southern,electricity,solar,CSP_storage,2030,0.490450016581028
South Asia,electricity,solar,CSP_storage,2030,0.525112657843124
South Korea,electricity,solar,CSP_storage,2030,0.589213181696283
Southeast Asia,electricity,solar,CSP_storage,2030,0.529859452680639
Taiwan,electricity,solar,CSP_storage,2030,0.651339283245279
Argentina,electricity,solar,CSP_storage,2030,0.486884856848872
Colombia,electricity,solar,CSP_storage,2030,0.574062612102241
USA,electricity,solar,CSP,2035,0.250000123567131
Africa_Eastern,electricity,solar,CSP,2035,0.246298622528968
Africa_Northern,electricity,solar,CSP,2035,0.23711136375372
Africa_Southern,electricity,solar,CSP,2035,0.237479025058088
Africa_Western,electricity,solar,CSP,2035,0.243407250642143
Australia_NZ,electricity,solar,CSP,2035,0.231893253369818
Brazil,electricity,solar,CSP,2035,0.305748843875073
Canada,electricity,solar,CSP,2035,0.348881693968625
Central America and Caribbean,electricity,solar,CSP,2035,0.273711598155641
Central Asia,electricity,solar,CSP,2035,0.284725189782733
China,electricity,solar,CSP,2035,0.253152242562426
EU-12,electricity,solar,CSP,2035,0.251401430725238
EU-15,electricity,solar,CSP,2035,0.270475044849864
Ukraine,electricity,solar,CSP,2035,0.330465572806087
Europe_Non_EU,electricity,solar,CSP,2035,0.280005405610155
European Free Trade Association,electricity,solar,CSP,2035,0.00025
India,electricity,solar,CSP,2035,0.281168953279745
Indonesia,electricity,solar,CSP,2035,0.333299228536159
Japan,electricity,solar,CSP,2035,0.384107542683657
Mexico,electricity,solar,CSP,2035,0.252943549997605
Middle East,electricity,solar,CSP,2035,0.238139015188791
Pakistan,electricity,solar,CSP,2035,0.267051928677241
Russia,electricity,solar,CSP,2035,0.375458669979537
South Africa,electricity,solar,CSP,2035,0.221167551091183
South America_Northern,electricity,solar,CSP,2035,0.280587890076224
South America_Southern,electricity,solar,CSP,2035,0.240450016581028
South Asia,electricity,solar,CSP,2035,0.275112657843124
South Korea,electricity,solar,CSP,2035,0.339213181696283
Southeast Asia,electricity,solar,CSP,2035,0.279859452680639
Taiwan,electricity,solar,CSP,2035,0.401339283245279
Argentina,electricity,solar,CSP,2035,0.236884856848872
Colombia,electricity,solar,CSP,2035,0.324062612102241
USA,electricity,solar,CSP_storage,2035,0.500000123567131
Africa_Eastern,electricity,solar,CSP_storage,2035,0.496298622528968
Africa_Northern,electricity,solar,CSP_storage,2035,0.48711136375372
Africa_Southern,electricity,solar,CSP_storage,2035,0.487479025058088
Africa_Western,electricity,solar,CSP_storage,2035,0.493407250642143
Australia_NZ,electricity,solar,CSP_storage,2035,0.481893253369818
Brazil,electricity,solar,CSP_storage,2035,0.555748843875073
Canada,electricity,solar,CSP_storage,2035,0.598881693968625
Central America and Caribbean,electricity,solar,CSP_storage,2035,0.523711598155641
Central Asia,electricity,solar,CSP_storage,2035,0.534725189782733
China,electricity,solar,CSP_storage,2035,0.503152242562426
EU-12,electricity,solar,CSP_storage,2035,0.501401430725238
EU-15,electricity,solar,CSP_storage,2035,0.520475044849864
Ukraine,electricity,solar,CSP_storage,2035,0.580465572806087
Europe_Non_EU,electricity,solar,CSP_storage,2035,0.530005405610155
European Free Trade Association,electricity,solar,CSP_storage,2035,0.25025
India,electricity,solar,CSP_storage,2035,0.531168953279745
Indonesia,electricity,solar,CSP_storage,2035,0.583299228536159
Japan,electricity,solar,CSP_storage,2035,0.634107542683657
Mexico,electricity,solar,CSP_storage,2035,0.502943549997605
Middle East,electricity,solar,CSP_storage,2035,0.488139015188791
Pakistan,electricity,solar,CSP_storage,2035,0.517051928677241
Russia,electricity,solar,CSP_storage,2035,0.625458669979537
South Africa,electricity,solar,CSP_storage,2035,0.471167551091183
South America_Northern,electricity,solar,CSP_storage,2035,0.530587890076224
South America_Southern,electricity,solar,CSP_storage,2035,0.490450016581028
South Asia,electricity,solar,CSP_storage,2035,0.525112657843124
South Korea,electricity,solar,CSP_storage,2035,0.589213181696283
Southeast Asia,electricity,solar,CSP_storage,2035,0.529859452680639
Taiwan,electricity,solar,CSP_storage,2035,0.651339283245279
Argentina,electricity,solar,CSP_storage,2035,0.486884856848872
Colombia,electricity,solar,CSP_storage,2035,0.574062612102241
USA,electricity,solar,CSP,2040,0.250000123567131
Africa_Eastern,electricity,solar,CSP,2040,0.246298622528968
Africa_Northern,electricity,solar,CSP,2040,0.23711136375372
Africa_Southern,electricity,solar,CSP,2040,0.237479025058088
Africa_Western,electricity,solar,CSP,2040,0.243407250642143
Australia_NZ,electricity,solar,CSP,2040,0.231893253369818
Brazil,electricity,solar,CSP,2040,0.305748843875073
Canada,electricity,solar,CSP,2040,0.348881693968625
Central America and Caribbean,electricity,solar,CSP,2040,0.273711598155641
Central Asia,electricity,solar,CSP,2040,0.284725189782733
China,electricity,solar,CSP,2040,0.253152242562426
EU-12,electricity,solar,CSP,2040,0.251401430725238
EU-15,electricity,solar,CSP,2040,0.270475044849864
Ukraine,electricity,solar,CSP,2040,0.330465572806087
Europe_Non_EU,electricity,solar,CSP,2040,0.280005405610155
European Free Trade Association,electricity,solar,CSP,2040,0.00025
India,electricity,solar,CSP,2040,0.281168953279745
Indonesia,electricity,solar,CSP,2040,0.333299228536159
Japan,electricity,solar,CSP,2040,0.384107542683657
Mexico,electricity,solar,CSP,2040,0.252943549997605
Middle East,electricity,solar,CSP,2040,0.238139015188791
Pakistan,electricity,solar,CSP,2040,0.267051928677241
Russia,electricity,solar,CSP,2040,0.375458669979537
South Africa,electricity,solar,CSP,2040,0.221167551091183
South America_Northern,electricity,solar,CSP,2040,0.280587890076224
South America_Southern,electricity,solar,CSP,2040,0.240450016581028
South Asia,electricity,solar,CSP,2040,0.275112657843124
South Korea,electricity,solar,CSP,2040,0.339213181696283
Southeast Asia,electricity,solar,CSP,2040,0.279859452680639
Taiwan,electricity,solar,CSP,2040,0.401339283245279
Argentina,electricity,solar,CSP,2040,0.236884856848872
Colombia,electricity,solar,CSP,2040,0.324062612102241
USA,electricity,solar,CSP_storage,2040,0.500000123567131
Africa_Eastern,electricity,solar,CSP_storage,2040,0.496298622528968
Africa_Northern,electricity,solar,CSP_storage,2040,0.48711136375372
Africa_Southern,electricity,solar,CSP_storage,2040,0.487479025058088
Africa_Western,electricity,solar,CSP_storage,2040,0.493407250642143
Australia_NZ,electricity,solar,CSP_storage,2040,0.481893253369818
Brazil,electricity,solar,CSP_storage,2040,0.555748843875073
Canada,electricity,solar,CSP_storage,2040,0.598881693968625
Central America and Caribbean,electricity,solar,CSP_storage,2040,0.523711598155641
Central Asia,electricity,solar,CSP_storage,2040,0.534725189782733
China,electricity,solar,CSP_storage,2040,0.503152242562426
EU-12,electricity,solar,CSP_storage,2040,0.501401430725238
EU-15,electricity,solar,CSP_storage,2040,0.520475044849864
Ukraine,electricity,solar,CSP_storage,2040,0.580465572806087
Europe_Non_EU,electricity,solar,CSP_storage,2040,0.530005405610155
European Free Trade Association,electricity,solar,CSP_storage,2040,0.25025
India,electricity,solar,CSP_storage,2040,0.531168953279745
Indonesia,electricity,solar,CSP_storage,2040,0.583299228536159
Japan,electricity,solar,CSP_storage,2040,0.634107542683657
Mexico,electricity,solar,CSP_storage,2040,0.502943549997605
Middle East,electricity,solar,CSP_storage,2040,0.488139015188791
Pakistan,electricity,solar,CSP_storage,2040,0.517051928677241
Russia,electricity,solar,CSP_storage,2040,0.625458669979537
South Africa,electricity,solar,CSP_storage,2040,0.471167551091183
South America_Northern,electricity,solar,CSP_storage,2040,0.530587890076224
South America_Southern,electricity,solar,CSP_storage,2040,0.490450016581028
South Asia,electricity,solar,CSP_storage,2040,0.525112657843124
South Korea,electricity,solar,CSP_storage,2040,0.589213181696283
Southeast Asia,electricity,solar,CSP_storage,2040,0.529859452680639
Taiwan,electricity,solar,CSP_storage,2040,0.651339283245279
Argentina,electricity,solar,CSP_storage,2040,0.486884856848872
Colombia,electricity,solar,CSP_storage,2040,0.574062612102241
USA,electricity,solar,CSP,2045,0.250000123567131
Africa_Eastern,electricity,solar,CSP,2045,0.246298622528968
Africa_Northern,electricity,solar,CSP,2045,0.23711136375372
Africa_Southern,electricity,solar,CSP,2045,0.237479025058088
Africa_Western,electricity,solar,CSP,2045,0.243407250642143
Australia_NZ,electricity,solar,CSP,2045,0.231893253369818
Brazil,electricity,solar,CSP,2045,0.305748843875073
Canada,electricity,solar,CSP,2045,0.348881693968625
Central America and Caribbean,electricity,solar,CSP,2045,0.273711598155641
Central Asia,electricity,solar,CSP,2045,0.284725189782733
China,electricity,solar,CSP,2045,0.253152242562426
EU-12,electricity,solar,CSP,2045,0.251401430725238
EU-15,electricity,solar,CSP,2045,0.270475044849864
Ukraine,electricity,solar,CSP,2045,0.330465572806087
Europe_Non_EU,electricity,solar,CSP,2045,0.280005405610155
European Free Trade Association,electricity,solar,CSP,2045,0.00025
India,electricity,solar,CSP,2045,0.281168953279745
Indonesia,electricity,solar,CSP,2045,0.333299228536159
Japan,electricity,solar,CSP,2045,0.384107542683657
Mexico,electricity,solar,CSP,2045,0.252943549997605
Middle East,electricity,solar,CSP,2045,0.238139015188791
Pakistan,electricity,solar,CSP,2045,0.267051928677241
Russia,electricity,solar,CSP,2045,0.375458669979537
South Africa,electricity,solar,CSP,2045,0.221167551091183
South America_Northern,electricity,solar,CSP,2045,0.280587890076224
South America_Southern,electricity,solar,CSP,2045,0.240450016581028
South Asia,electricity,solar,CSP,2045,0.275112657843124
South Korea,electricity,solar,CSP,2045,0.339213181696283
Southeast Asia,electricity,solar,CSP,2045,0.279859452680639
Taiwan,electricity,solar,CSP,2045,0.401339283245279
Argentina,electricity,solar,CSP,2045,0.236884856848872
Colombia,electricity,solar,CSP,2045,0.324062612102241
USA,electricity,solar,CSP_storage,2045,0.500000123567131
Africa_Eastern,electricity,solar,CSP_storage,2045,0.496298622528968
Africa_Northern,electricity,solar,CSP_storage,2045,0.48711136375372
Africa_Southern,electricity,solar,CSP_storage,2045,0.487479025058088
Africa_Western,electricity,solar,CSP_storage,2045,0.493407250642143
Australia_NZ,electricity,solar,CSP_storage,2045,0.481893253369818
Brazil,electricity,solar,CSP_storage,2045,0.555748843875073
Canada,electricity,solar,CSP_storage,2045,0.598881693968625
Central America and Caribbean,electricity,solar,CSP_storage,2045,0.523711598155641
Central Asia,electricity,solar,CSP_storage,2045,0.534725189782733
China,electricity,solar,CSP_storage,2045,0.503152242562426
EU-12,electricity,solar,CSP_storage,2045,0.501401430725238
EU-15,electricity,solar,CSP_storage,2045,0.520475044849864
Ukraine,electricity,solar,CSP_storage,2045,0.580465572806087
Europe_Non_EU,electricity,solar,CSP_storage,2045,0.530005405610155
European Free Trade Association,electricity,solar,CSP_storage,2045,0.25025
India,electricity,solar,CSP_storage,2045,0.531168953279745
Indonesia,electricity,solar,CSP_storage,2045,0.583299228536159
Japan,electricity,solar,CSP_storage,2045,0.634107542683657
Mexico,electricity,solar,CSP_storage,2045,0.502943549997605
Middle East,electricity,solar,CSP_storage,2045,0.488139015188791
Pakistan,electricity,solar,CSP_storage,2045,0.517051928677241
Russia,electricity,solar,CSP_storage,2045,0.625458669979537
South Africa,electricity,solar,CSP_storage,2045,0.471167551091183
South America_Northern,electricity,solar,CSP_storage,2045,0.530587890076224
South America_Southern,electricity,solar,CSP_storage,2045,0.490450016581028
South Asia,electricity,solar,CSP_storage,2045,0.525112657843124
South Korea,electricity,solar,CSP_storage,2045,0.589213181696283
Southeast Asia,electricity,solar,CSP_storage,2045,0.529859452680639
Taiwan,electricity,solar,CSP_storage,2045,0.651339283245279
Argentina,electricity,solar,CSP_storage,2045,0.486884856848872
Colombia,electricity,solar,CSP_storage,2045,0.574062612102241
USA,electricity,solar,CSP,2050,0.250000123567131
Africa_Eastern,electricity,solar,CSP,2050,0.246298622528968
Africa_Northern,electricity,solar,CSP,2050,0.23711136375372
Africa_Southern,electricity,solar,CSP,2050,0.237479025058088
Africa_Western,electricity,solar,CSP,2050,0.243407250642143
Australia_NZ,electricity,solar,CSP,2050,0.231893253369818
Brazil,electricity,solar,CSP,2050,0.305748843875073
Canada,electricity,solar,CSP,2050,0.348881693968625
Central America and Caribbean,electricity,solar,CSP,2050,0.273711598155641
Central Asia,electricity,solar,CSP,2050,0.284725189782733
China,electricity,solar,CSP,2050,0.253152242562426
EU-12,electricity,solar,CSP,2050,0.251401430725238
EU-15,electricity,solar,CSP,2050,0.270475044849864
Ukraine,electricity,solar,CSP,2050,0.330465572806087
Europe_Non_EU,electricity,solar,CSP,2050,0.280005405610155
European Free Trade Association,electricity,solar,CSP,2050,0.00025
India,electricity,solar,CSP,2050,0.281168953279745
Indonesia,electricity,solar,CSP,2050,0.333299228536159
Japan,electricity,solar,CSP,2050,0.384107542683657
Mexico,electricity,solar,CSP,2050,0.252943549997605
Middle East,electricity,solar,CSP,2050,0.238139015188791
Pakistan,electricity,solar,CSP,2050,0.267051928677241
Russia,electricity,solar,CSP,2050,0.375458669979537
South Africa,electricity,solar,CSP,2050,0.221167551091183
South America_Northern,electricity,solar,CSP,2050,0.280587890076224
South America_Southern,electricity,solar,CSP,2050,0.240450016581028
South Asia,electricity,solar,CSP,2050,0.275112657843124
South Korea,electricity,solar,CSP,2050,0.339213181696283
Southeast Asia,electricity,solar,CSP,2050,0.279859452680639
Taiwan,electricity,solar,CSP,2050,0.401339283245279
Argentina,electricity,solar,CSP,2050,0.236884856848872
Colombia,electricity,solar,CSP,2050,0.324062612102241
USA,electricity,solar,CSP_storage,2050,0.500000123567131
Africa_Eastern,electricity,solar,CSP_storage,2050,0.496298622528968
Africa_Northern,electricity,solar,CSP_storage,2050,0.48711136375372
Africa_Southern,electricity,solar,CSP_storage,2050,0.487479025058088
Africa_Western,electricity,solar,CSP_storage,2050,0.493407250642143
Australia_NZ,electricity,solar,CSP_storage,2050,0.481893253369818
Brazil,electricity,solar,CSP_storage,2050,0.555748843875073
Canada,electricity,solar,CSP_storage,2050,0.598881693968625
Central America and Caribbean,electricity,solar,CSP_storage,2050,0.523711598155641
Central Asia,electricity,solar,CSP_storage,2050,0.534725189782733
China,electricity,solar,CSP_storage,2050,0.503152242562426
EU-12,electricity,solar,CSP_storage,2050,0.501401430725238
EU-15,electricity,solar,CSP_storage,2050,0.520475044849864
Ukraine,electricity,solar,CSP_storage,2050,0.580465572806087
Europe_Non_EU,electricity,solar,CSP_storage,2050,0.530005405610155
European Free Trade Association,electricity,solar,CSP_storage,2050,0.25025
India,electricity,solar,CSP_storage,2050,0.531168953279745
Indonesia,electricity,solar,CSP_storage,2050,0.583299228536159
Japan,electricity,solar,CSP_storage,2050,0.634107542683657
Mexico,electricity,solar,CSP_storage,2050,0.502943549997605
Middle East,electricity,solar,CSP_storage,2050,0.488139015188791
Pakistan,electricity,solar,CSP_storage,2050,0.517051928677241
Russia,electricity,solar,CSP_storage,2050,0.625458669979537
South Africa,electricity,solar,CSP_storage,2050,0.471167551091183
South America_Northern,electricity,solar,CSP_storage,2050,0.530587890076224
South America_Southern,electricity,solar,CSP_storage,2050,0.490450016581028
South Asia,electricity,solar,CSP_storage,2050,0.525112657843124
South Korea,electricity,solar,CSP_storage,2050,0.589213181696283
Southeast Asia,electricity,solar,CSP_storage,2050,0.529859452680639
Taiwan,electricity,solar,CSP_storage,2050,0.651339283245279
Argentina,electricity,solar,CSP_storage,2050,0.486884856848872
Colombia,electricity,solar,CSP_storage,2050,0.574062612102241
USA,electricity,solar,CSP,2055,0.250000123567131
Africa_Eastern,electricity,solar,CSP,2055,0.246298622528968
Africa_Northern,electricity,solar,CSP,2055,0.23711136375372
Africa_Southern,electricity,solar,CSP,2055,0.237479025058088
Africa_Western,electricity,solar,CSP,2055,0.243407250642143
Australia_NZ,electricity,solar,CSP,2055,0.231893253369818
Brazil,electricity,solar,CSP,2055,0.305748843875073
Canada,electricity,solar,CSP,2055,0.348881693968625
Central America and Caribbean,electricity,solar,CSP,2055,0.273711598155641
Central Asia,electricity,solar,CSP,2055,0.284725189782733
China,electricity,solar,CSP,2055,0.253152242562426
EU-12,electricity,solar,CSP,2055,0.251401430725238
EU-15,electricity,solar,CSP,2055,0.270475044849864
Ukraine,electricity,solar,CSP,2055,0.330465572806087
Europe_Non_EU,electricity,solar,CSP,2055,0.280005405610155
European Free Trade Association,electricity,solar,CSP,2055,0.00025
India,electricity,solar,CSP,2055,0.281168953279745
Indonesia,electricity,solar,CSP,2055,0.333299228536159
Japan,electricity,solar,CSP,2055,0.384107542683657
Mexico,electricity,solar,CSP,2055,0.252943549997605
Middle East,electricity,solar,CSP,2055,0.238139015188791
Pakistan,electricity,solar,CSP,2055,0.267051928677241
Russia,electricity,solar,CSP,2055,0.375458669979537
South Africa,electricity,solar,CSP,2055,0.221167551091183
South America_Northern,electricity,solar,CSP,2055,0.280587890076224
South America_Southern,electricity,solar,CSP,2055,0.240450016581028
South Asia,electricity,solar,CSP,2055,0.275112657843124
South Korea,electricity,solar,CSP,2055,0.339213181696283
Southeast Asia,electricity,solar,CSP,2055,0.279859452680639
Taiwan,electricity,solar,CSP,2055,0.401339283245279
Argentina,electricity,solar,CSP,2055,0.236884856848872
Colombia,electricity,solar,CSP,2055,0.324062612102241
USA,electricity,solar,CSP_storage,2055,0.500000123567131
Africa_Eastern,electricity,solar,CSP_storage,2055,0.496298622528968
Africa_Northern,electricity,solar,CSP_storage,2055,0.48711136375372
Africa_Southern,electricity,solar,CSP_storage,2055,0.487479025058088
Africa_Western,electricity,solar,CSP_storage,2055,0.493407250642143
Australia_NZ,electricity,solar,CSP_storage,2055,0.481893253369818
Brazil,electricity,solar,CSP_storage,2055,0.555748843875073
Canada,electricity,solar,CSP_storage,2055,0.598881693968625
Central America and Caribbean,electricity,solar,CSP_storage,2055,0.523711598155641
Central Asia,electricity,solar,CSP_storage,2055,0.534725189782733
China,electricity,solar,CSP_storage,2055,0.503152242562426
EU-12,electricity,solar,CSP_storage,2055,0.501401430725238
EU-15,electricity,solar,CSP_storage,2055,0.520475044849864
Ukraine,electricity,solar,CSP_storage,2055,0.580465572806087
Europe_Non_EU,electricity,solar,CSP_storage,2055,0.530005405610155
European Free Trade Association,electricity,solar,CSP_storage,2055,0.25025
India,electricity,solar,CSP_storage,2055,0.531168953279745
Indonesia,electricity,solar,CSP_storage,2055,0.583299228536159
Japan,electricity,solar,CSP_storage,2055,0.634107542683657
Mexico,electricity,solar,CSP_storage,2055,0.502943549997605
Middle East,electricity,solar,CSP_storage,2055,0.488139015188791
Pakistan,electricity,solar,CSP_storage,2055,0.517051928677241
Russia,electricity,solar,CSP_storage,2055,0.625458669979537
South Africa,electricity,solar,CSP_storage,2055,0.471167551091183
South America_Northern,electricity,solar,CSP_storage,2055,0.530587890076224
South America_Southern,electricity,solar,CSP_storage,2055,0.490450016581028
South Asia,electricity,solar,CSP_storage,2055,0.525112657843124
South Korea,electricity,solar,CSP_storage,2055,0.589213181696283
Southeast Asia,electricity,solar,CSP_storage,2055,0.529859452680639
Taiwan,electricity,solar,CSP_storage,2055,0.651339283245279
Argentina,electricity,solar,CSP_storage,2055,0.486884856848872
Colombia,electricity,solar,CSP_storage,2055,0.574062612102241
USA,electricity,solar,CSP,2060,0.250000123567131
Africa_Eastern,electricity,solar,CSP,2060,0.246298622528968
Africa_Northern,electricity,solar,CSP,2060,0.23711136375372
Africa_Southern,electricity,solar,CSP,2060,0.237479025058088
Africa_Western,electricity,solar,CSP,2060,0.243407250642143
Australia_NZ,electricity,solar,CSP,2060,0.231893253369818
Brazil,electricity,solar,CSP,2060,0.305748843875073
Canada,electricity,solar,CSP,2060,0.348881693968625
Central America and Caribbean,electricity,solar,CSP,2060,0.273711598155641
Central Asia,electricity,solar,CSP,2060,0.284725189782733
China,electricity,solar,CSP,2060,0.253152242562426
EU-12,electricity,solar,CSP,2060,0.251401430725238
EU-15,electricity,solar,CSP,2060,0.270475044849864
Ukraine,electricity,solar,CSP,2060,0.330465572806087
Europe_Non_EU,electricity,solar,CSP,2060,0.280005405610155
European Free Trade Association,electricity,solar,CSP,2060,0.00025
India,electricity,solar,CSP,2060,0.281168953279745
Indonesia,electricity,solar,CSP,2060,0.333299228536159
Japan,electricity,solar,CSP,2060,0.384107542683657
Mexico,electricity,solar,CSP,2060,0.252943549997605
Middle East,electricity,solar,CSP,2060,0.238139015188791
Pakistan,electricity,solar,CSP,2060,0.267051928677241
Russia,electricity,solar,CSP,2060,0.375458669979537
South Africa,electricity,solar,CSP,2060,0.221167551091183
South America_Northern,electricity,solar,CSP,2060,0.280587890076224
South America_Southern,electricity,solar,CSP,2060,0.240450016581028
South Asia,electricity,solar,CSP,2060,0.275112657843124
South Korea,electricity,solar,CSP,2060,0.339213181696283
Southeast Asia,electricity,solar,CSP,2060,0.279859452680639
Taiwan,electricity,solar,CSP,2060,0.401339283245279
Argentina,electricity,solar,CSP,2060,0.236884856848872
Colombia,electricity,solar,CSP,2060,0.324062612102241
USA,electricity,solar,CSP_storage,2060,0.500000123567131
Africa_Eastern,electricity,solar,CSP_storage,2060,0.496298622528968
Africa_Northern,electricity,solar,CSP_storage,2060,0.48711136375372
Africa_Southern,electricity,solar,CSP_storage,2060,0.487479025058088
Africa_Western,electricity,solar,CSP_storage,2060,0.493407250642143
Australia_NZ,electricity,solar,CSP_storage,2060,0.481893253369818
Brazil,electricity,solar,CSP_storage,2060,0.555748843875073
Canada,electricity,solar,CSP_storage,2060,0.598881693968625
Central America and Caribbean,electricity,solar,CSP_storage,2060,0.523711598155641
Central Asia,electricity,solar,CSP_storage,2060,0.534725189782733
China,electricity,solar,CSP_storage,2060,0.503152242562426
EU-12,electricity,solar,CSP_storage,2060,0.501401430725238
EU-15,electricity,solar,CSP_storage,2060,0.520475044849864
Ukraine,electricity,solar,CSP_storage,2060,0.580465572806087
Europe_Non_EU,electricity,solar,CSP_storage,2060,0.530005405610155
European Free Trade Association,electricity,solar,CSP_storage,2060,0.25025
India,electricity,solar,CSP_storage,2060,0.531168953279745
Indonesia,electricity,solar,CSP_storage,2060,0.583299228536159
Japan,electricity,solar,CSP_storage,2060,0.634107542683657
Mexico,electricity,solar,CSP_storage,2060,0.502943549997605
Middle East,electricity,solar,CSP_storage,2060,0.488139015188791
Pakistan,electricity,solar,CSP_storage,2060,0.517051928677241
Russia,electricity,solar,CSP_storage,2060,0.625458669979537
South Africa,electricity,solar,CSP_storage,2060,0.471167551091183
South America_Northern,electricity,solar,CSP_storage,2060,0.530587890076224
South America_Southern,electricity,solar,CSP_storage,2060,0.490450016581028
South Asia,electricity,solar,CSP_storage,2060,0.525112657843124
South Korea,electricity,solar,CSP_storage,2060,0.589213181696283
Southeast Asia,electricity,solar,CSP_storage,2060,0.529859452680639
Taiwan,electricity,solar,CSP_storage,2060,0.651339283245279
Argentina,electricity,solar,CSP_storage,2060,0.486884856848872
Colombia,electricity,solar,CSP_storage,2060,0.574062612102241
USA,electricity,solar,CSP,2065,0.250000123567131
Africa_Eastern,electricity,solar,CSP,2065,0.246298622528968
Africa_Northern,electricity,solar,CSP,2065,0.23711136375372
Africa_Southern,electricity,solar,CSP,2065,0.237479025058088
Africa_Western,electricity,solar,CSP,2065,0.243407250642143
Australia_NZ,electricity,solar,CSP,2065,0.231893253369818
Brazil,electricity,solar,CSP,2065,0.305748843875073
Canada,electricity,solar,CSP,2065,0.348881693968625
Central America and Caribbean,electricity,solar,CSP,2065,0.273711598155641
Central Asia,electricity,solar,CSP,2065,0.284725189782733
China,electricity,solar,CSP,2065,0.253152242562426
EU-12,electricity,solar,CSP,2065,0.251401430725238
EU-15,electricity,solar,CSP,2065,0.270475044849864
Ukraine,electricity,solar,CSP,2065,0.330465572806087
Europe_Non_EU,electricity,solar,CSP,2065,0.280005405610155
European Free Trade Association,electricity,solar,CSP,2065,0.00025
India,electricity,solar,CSP,2065,0.281168953279745
Indonesia,electricity,solar,CSP,2065,0.333299228536159
Japan,electricity,solar,CSP,2065,0.384107542683657
Mexico,electricity,solar,CSP,2065,0.252943549997605
Middle East,electricity,solar,CSP,2065,0.238139015188791
Pakistan,electricity,solar,CSP,2065,0.267051928677241
Russia,electricity,solar,CSP,2065,0.375458669979537
South Africa,electricity,solar,CSP,2065,0.221167551091183
South America_Northern,electricity,solar,CSP,2065,0.280587890076224
South America_Southern,electricity,solar,CSP,2065,0.240450016581028
South Asia,electricity,solar,CSP,2065,0.275112657843124
South Korea,electricity,solar,CSP,2065,0.339213181696283
Southeast Asia,electricity,solar,CSP,2065,0.279859452680639
Taiwan,electricity,solar,CSP,2065,0.401339283245279
Argentina,electricity,solar,CSP,2065,0.236884856848872
Colombia,electricity,solar,CSP,2065,0.324062612102241
USA,electricity,solar,CSP_storage,2065,0.500000123567131
Africa_Eastern,electricity,solar,CSP_storage,2065,0.496298622528968
Africa_Northern,electricity,solar,CSP_storage,2065,0.48711136375372
Africa_Southern,electricity,solar,CSP_storage,2065,0.487479025058088
Africa_Western,electricity,solar,CSP_storage,2065,0.493407250642143
Australia_NZ,electricity,solar,CSP_storage,2065,0.481893253369818
Brazil,electricity,solar,CSP_storage,2065,0.555748843875073
Canada,electricity,solar,CSP_storage,2065,0.598881693968625
Central America and Caribbean,electricity,solar,CSP_storage,2065,0.523711598155641
Central Asia,electricity,solar,CSP_storage,2065,0.534725189782733
China,electricity,solar,CSP_storage,2065,0.503152242562426
EU-12,electricity,solar,CSP_storage,2065,0.501401430725238
EU-15,electricity,solar,CSP_storage,2065,0.520475044849864
Ukraine,electricity,solar,CSP_storage,2065,0.580465572806087
Europe_Non_EU,electricity,solar,CSP_storage,2065,0.530005405610155
European Free Trade Association,electricity,solar,CSP_storage,2065,0.25025
India,electricity,solar,CSP_storage,2065,0.531168953279745
Indonesia,electricity,solar,CSP_storage,2065,0.583299228536159
Japan,electricity,solar,CSP_storage,2065,0.634107542683657
Mexico,electricity,solar,CSP_storage,2065,0.502943549997605
Middle East,electricity,solar,CSP_storage,2065,0.488139015188791
Pakistan,electricity,solar,CSP_storage,2065,0.517051928677241
Russia,electricity,solar,CSP_storage,2065,0.625458669979537
South Africa,electricity,solar,CSP_storage,2065,0.471167551091183
South America_Northern,electricity,solar,CSP_storage,2065,0.530587890076224
South America_Southern,electricity,solar,CSP_storage,2065,0.490450016581028
South Asia,electricity,solar,CSP_storage,2065,0.525112657843124
South Korea,electricity,solar,CSP_storage,2065,0.589213181696283
Southeast Asia,electricity,solar,CSP_storage,2065,0.529859452680639
Taiwan,electricity,solar,CSP_storage,2065,0.651339283245279
Argentina,electricity,solar,CSP_storage,2065,0.486884856848872
Colombia,electricity,solar,CSP_storage,2065,0.574062612102241
USA,electricity,solar,CSP,2070,0.250000123567131
Africa_Eastern,electricity,solar,CSP,2070,0.246298622528968
Africa_Northern,electricity,solar,CSP,2070,0.23711136375372
Africa_Southern,electricity,solar,CSP,2070,0.237479025058088
Africa_Western,electricity,solar,CSP,2070,0.243407250642143
Australia_NZ,electricity,solar,CSP,2070,0.231893253369818
Brazil,electricity,solar,CSP,2070,0.305748843875073
Canada,electricity,solar,CSP,2070,0.348881693968625
Central America and Caribbean,electricity,solar,CSP,2070,0.273711598155641
Central Asia,electricity,solar,CSP,2070,0.284725189782733
China,electricity,solar,CSP,2070,0.253152242562426
EU-12,electricity,solar,CSP,2070,0.251401430725238
EU-15,electricity,solar,CSP,2070,0.270475044849864
Ukraine,electricity,solar,CSP,2070,0.330465572806087
Europe_Non_EU,electricity,solar,CSP,2070,0.280005405610155
European Free Trade Association,electricity,solar,CSP,2070,0.00025
India,electricity,solar,CSP,2070,0.281168953279745
Indonesia,electricity,solar,CSP,2070,0.333299228536159
Japan,electricity,solar,CSP,2070,0.384107542683657
Mexico,electricity,solar,CSP,2070,0.252943549997605
Middle East,electricity,solar,CSP,2070,0.238139015188791
Pakistan,electricity,solar,CSP,2070,0.267051928677241
Russia,electricity,solar,CSP,2070,0.375458669979537
South Africa,electricity,solar,CSP,2070,0.221167551091183
South America_Northern,electricity,solar,CSP,2070,0.280587890076224
South America_Southern,electricity,solar,CSP,2070,0.240450016581028
South Asia,electricity,solar,CSP,2070,0.275112657843124
South Korea,electricity,solar,CSP,2070,0.339213181696283
Southeast Asia,electricity,solar,CSP,2070,0.279859452680639
Taiwan,electricity,solar,CSP,2070,0.401339283245279
Argentina,electricity,solar,CSP,2070,0.236884856848872
Colombia,electricity,solar,CSP,2070,0.324062612102241
USA,electricity,solar,CSP_storage,2070,0.500000123567131
Africa_Eastern,electricity,solar,CSP_storage,2070,0.496298622528968
Africa_Northern,electricity,solar,CSP_storage,2070,0.48711136375372
Africa_Southern,electricity,solar,CSP_storage,2070,0.487479025058088
Africa_Western,electricity,solar,CSP_storage,2070,0.493407250642143
Australia_NZ,electricity,solar,CSP_storage,2070,0.481893253369818
Brazil,electricity,solar,CSP_storage,2070,0.555748843875073
Canada,electricity,solar,CSP_storage,2070,0.598881693968625
Central America and Caribbean,electricity,solar,CSP_storage,2070,0.523711598155641
Central Asia,electricity,solar,CSP_storage,2070,0.534725189782733
China,electricity,solar,CSP_storage,2070,0.503152242562426
EU-12,electricity,solar,CSP_storage,2070,0.501401430725238
EU-15,electricity,solar,CSP_storage,2070,0.520475044849864
Ukraine,electricity,solar,CSP_storage,2070,0.580465572806087
Europe_Non_EU,electricity,solar,CSP_storage,2070,0.530005405610155
European Free Trade Association,electricity,solar,CSP_storage,2070,0.25025
India,electricity,solar,CSP_storage,2070,0.531168953279745
Indonesia,electricity,solar,CSP_storage,2070,0.583299228536159
Japan,electricity,solar,CSP_storage,2070,0.634107542683657
Mexico,electricity,solar,CSP_storage,2070,0.502943549997605
Middle East,electricity,solar,CSP_storage,2070,0.488139015188791
Pakistan,electricity,solar,CSP_storage,2070,0.517051928677241
Russia,electricity,solar,CSP_storage,2070,0.625458669979537
South Africa,electricity,solar,CSP_storage,2070,0.471167551091183
South America_Northern,electricity,solar,CSP_storage,2070,0.530587890076224
South America_Southern,electricity,solar,CSP_storage,2070,0.490450016581028
South Asia,electricity,solar,CSP_storage,2070,0.525112657843124
South Korea,electricity,solar,CSP_storage,2070,0.589213181696283
Southeast Asia,electricity,solar,CSP_storage,2070,0.529859452680639
Taiwan,electricity,solar,CSP_storage,2070,0.651339283245279
Argentina,electricity,solar,CSP_storage,2070,0.486884856848872
Colombia,electricity,solar,CSP_storage,2070,0.574062612102241
USA,electricity,solar,CSP,2075,0.250000123567131
Africa_Eastern,electricity,solar,CSP,2075,0.246298622528968
Africa_Northern,electricity,solar,CSP,2075,0.23711136375372
Africa_Southern,electricity,solar,CSP,2075,0.237479025058088
Africa_Western,electricity,solar,CSP,2075,0.243407250642143
Australia_NZ,electricity,solar,CSP,2075,0.231893253369818
Brazil,electricity,solar,CSP,2075,0.305748843875073
Canada,electricity,solar,CSP,2075,0.348881693968625
Central America and Caribbean,electricity,solar,CSP,2075,0.273711598155641
Central Asia,electricity,solar,CSP,2075,0.284725189782733
China,electricity,solar,CSP,2075,0.253152242562426
EU-12,electricity,solar,CSP,2075,0.251401430725238
EU-15,electricity,solar,CSP,2075,0.270475044849864
Ukraine,electricity,solar,CSP,2075,0.330465572806087
Europe_Non_EU,electricity,solar,CSP,2075,0.280005405610155
European Free Trade Association,electricity,solar,CSP,2075,0.00025
India,electricity,solar,CSP,2075,0.281168953279745
Indonesia,electricity,solar,CSP,2075,0.333299228536159
Japan,electricity,solar,CSP,2075,0.384107542683657
Mexico,electricity,solar,CSP,2075,0.252943549997605
Middle East,electricity,solar,CSP,2075,0.238139015188791
Pakistan,electricity,solar,CSP,2075,0.267051928677241
Russia,electricity,solar,CSP,2075,0.375458669979537
South Africa,electricity,solar,CSP,2075,0.221167551091183
South America_Northern,electricity,solar,CSP,2075,0.280587890076224
South America_Southern,electricity,solar,CSP,2075,0.240450016581028
South Asia,electricity,solar,CSP,2075,0.275112657843124
South Korea,electricity,solar,CSP,2075,0.339213181696283
Southeast Asia,electricity,solar,CSP,2075,0.279859452680639
Taiwan,electricity,solar,CSP,2075,0.401339283245279
Argentina,electricity,solar,CSP,2075,0.236884856848872
Colombia,electricity,solar,CSP,2075,0.324062612102241
USA,electricity,solar,CSP_storage,2075,0.500000123567131
Africa_Eastern,electricity,solar,CSP_storage,2075,0.496298622528968
Africa_Northern,electricity,solar,CSP_storage,2075,0.48711136375372
Africa_Southern,electricity,solar,CSP_storage,2075,0.487479025058088
Africa_Western,electricity,solar,CSP_storage,2075,0.493407250642143
Australia_NZ,electricity,solar,CSP_storage,2075,0.481893253369818
Brazil,electricity,solar,CSP_storage,2075,0.555748843875073
Canada,electricity,solar,CSP_storage,2075,0.598881693968625
Central America and Caribbean,electricity,solar,CSP_storage,2075,0.523711598155641
Central Asia,electricity,solar,CSP_storage,2075,0.534725189782733
China,electricity,solar,CSP_storage,2075,0.503152242562426
EU-12,electricity,solar,CSP_storage,2075,0.501401430725238
EU-15,electricity,solar,CSP_storage,2075,0.520475044849864
Ukraine,electricity,solar,CSP_storage,2075,0.580465572806087
Europe_Non_EU,electricity,solar,CSP_storage,2075,0.530005405610155
European Free Trade Association,electricity,solar,CSP_storage,2075,0.25025
India,electricity,solar,CSP_storage,2075,0.531168953279745
Indonesia,electricity,solar,CSP_storage,2075,0.583299228536159
Japan,electricity,solar,CSP_storage,2075,0.634107542683657
Mexico,electricity,solar,CSP_storage,2075,0.502943549997605
Middle East,electricity,solar,CSP_storage,2075,0.488139015188791
Pakistan,electricity,solar,CSP_storage,2075,0.517051928677241
Russia,electricity,solar,CSP_storage,2075,0.625458669979537
South Africa,electricity,solar,CSP_storage,2075,0.471167551091183
South America_Northern,electricity,solar,CSP_storage,2075,0.530587890076224
South America_Southern,electricity,solar,CSP_storage,2075,0.490450016581028
South Asia,electricity,solar,CSP_storage,2075,0.525112657843124
South Korea,electricity,solar,CSP_storage,2075,0.589213181696283
Southeast Asia,electricity,solar,CSP_storage,2075,0.529859452680639
Taiwan,electricity,solar,CSP_storage,2075,0.651339283245279
Argentina,electricity,solar,CSP_storage,2075,0.486884856848872
Colombia,electricity,solar,CSP_storage,2075,0.574062612102241
USA,electricity,solar,CSP,2080,0.250000123567131
Africa_Eastern,electricity,solar,CSP,2080,0.246298622528968
Africa_Northern,electricity,solar,CSP,2080,0.23711136375372
Africa_Southern,electricity,solar,CSP,2080,0.237479025058088
Africa_Western,electricity,solar,CSP,2080,0.243407250642143
Australia_NZ,electricity,solar,CSP,2080,0.231893253369818
Brazil,electricity,solar,CSP,2080,0.305748843875073
Canada,electricity,solar,CSP,2080,0.348881693968625
Central America and Caribbean,electricity,solar,CSP,2080,0.273711598155641
Central Asia,electricity,solar,CSP,2080,0.284725189782733
China,electricity,solar,CSP,2080,0.253152242562426
EU-12,electricity,solar,CSP,2080,0.251401430725238
EU-15,electricity,solar,CSP,2080,0.270475044849864
Ukraine,electricity,solar,CSP,2080,0.330465572806087
Europe_Non_EU,electricity,solar,CSP,2080,0.280005405610155
European Free Trade Association,electricity,solar,CSP,2080,0.00025
India,electricity,solar,CSP,2080,0.281168953279745
Indonesia,electricity,solar,CSP,2080,0.333299228536159
Japan,electricity,solar,CSP,2080,0.384107542683657
Mexico,electricity,solar,CSP,2080,0.252943549997605
Middle East,electricity,solar,CSP,2080,0.238139015188791
Pakistan,electricity,solar,CSP,2080,0.267051928677241
Russia,electricity,solar,CSP,2080,0.375458669979537
South Africa,electricity,solar,CSP,2080,0.221167551091183
South America_Northern,electricity,solar,CSP,2080,0.280587890076224
South America_Southern,electricity,solar,CSP,2080,0.240450016581028
South Asia,electricity,solar,CSP,2080,0.275112657843124
South Korea,electricity,solar,CSP,2080,0.339213181696283
Southeast Asia,electricity,solar,CSP,2080,0.279859452680639
Taiwan,electricity,solar,CSP,2080,0.401339283245279
Argentina,electricity,solar,CSP,2080,0.236884856848872
Colombia,electricity,solar,CSP,2080,0.324062612102241
USA,electricity,solar,CSP_storage,2080,0.500000123567131
Africa_Eastern,electricity,solar,CSP_storage,2080,0.496298622528968
Africa_Northern,electricity,solar,CSP_storage,2080,0.48711136375372
Africa_Southern,electricity,solar,CSP_storage,2080,0.487479025058088
Africa_Western,electricity,solar,CSP_storage,2080,0.493407250642143
Australia_NZ,electricity,solar,CSP_storage,2080,0.481893253369818
Brazil,electricity,solar,CSP_storage,2080,0.555748843875073
Canada,electricity,solar,CSP_storage,2080,0.598881693968625
Central America and Caribbean,electricity,solar,CSP_storage,2080,0.523711598155641
Central Asia,electricity,solar,CSP_storage,2080,0.534725189782733
China,electricity,solar,CSP_storage,2080,0.503152242562426
EU-12,electricity,solar,CSP_storage,2080,0.501401430725238
EU-15,electricity,solar,CSP_storage,2080,0.520475044849864
Ukraine,electricity,solar,CSP_storage,2080,0.580465572806087
Europe_Non_EU,electricity,solar,CSP_storage,2080,0.530005405610155
European Free Trade Association,electricity,solar,CSP_storage,2080,0.25025
India,electricity,solar,CSP_storage,2080,0.531168953279745
Indonesia,electricity,solar,CSP_storage,2080,0.583299228536159
Japan,electricity,solar,CSP_storage,2080,0.634107542683657
Mexico,electricity,solar,CSP_storage,2080,0.502943549997605
Middle East,electricity,solar,CSP_storage,2080,0.488139015188791
Pakistan,electricity,solar,CSP_storage,2080,0.517051928677241
Russia,electricity,solar,CSP_storage,2080,0.625458669979537
South Africa,electricity,solar,CSP_storage,2080,0.471167551091183
South America_Northern,electricity,solar,CSP_storage,2080,0.530587890076224
South America_Southern,electricity,solar,CSP_storage,2080,0.490450016581028
South Asia,electricity,solar,CSP_storage,2080,0.525112657843124
South Korea,electricity,solar,CSP_storage,2080,0.589213181696283
Southeast Asia,electricity,solar,CSP_storage,2080,0.529859452680639
Taiwan,electricity,solar,CSP_storage,2080,0.651339283245279
Argentina,electricity,solar,CSP_storage,2080,0.486884856848872
Colombia,electricity,solar,CSP_storage,2080,0.574062612102241
USA,electricity,solar,CSP,2085,0.250000123567131
Africa_Eastern,electricity,solar,CSP,2085,0.246298622528968
Africa_Northern,electricity,solar,CSP,2085,0.23711136375372
Africa_Southern,electricity,solar,CSP,2085,0.237479025058088
Africa_Western,electricity,solar,CSP,2085,0.243407250642143
Australia_NZ,electricity,solar,CSP,2085,0.231893253369818
Brazil,electricity,solar,CSP,2085,0.305748843875073
Canada,electricity,solar,CSP,2085,0.348881693968625
Central America and Caribbean,electricity,solar,CSP,2085,0.273711598155641
Central Asia,electricity,solar,CSP,2085,0.284725189782733
China,electricity,solar,CSP,2085,0.253152242562426
EU-12,electricity,solar,CSP,2085,0.251401430725238
EU-15,electricity,solar,CSP,2085,0.270475044849864
Ukraine,electricity,solar,CSP,2085,0.330465572806087
Europe_Non_EU,electricity,solar,CSP,2085,0.280005405610155
European Free Trade Association,electricity,solar,CSP,2085,0.00025
India,electricity,solar,CSP,2085,0.281168953279745
Indonesia,electricity,solar,CSP,2085,0.333299228536159
Japan,electricity,solar,CSP,2085,0.384107542683657
Mexico,electricity,solar,CSP,2085,0.252943549997605
Middle East,electricity,solar,CSP,2085,0.238139015188791
Pakistan,electricity,solar,CSP,2085,0.267051928677241
Russia,electricity,solar,CSP,2085,0.375458669979537
South Africa,electricity,solar,CSP,2085,0.221167551091183
South America_Northern,electricity,solar,CSP,2085,0.280587890076224
South America_Southern,electricity,solar,CSP,2085,0.240450016581028
South Asia,electricity,solar,CSP,2085,0.275112657843124
South Korea,electricity,solar,CSP,2085,0.339213181696283
Southeast Asia,electricity,solar,CSP,2085,0.279859452680639
Taiwan,electricity,solar,CSP,2085,0.401339283245279
Argentina,electricity,solar,CSP,2085,0.236884856848872
Colombia,electricity,solar,CSP,2085,0.324062612102241
USA,electricity,solar,CSP_storage,2085,0.500000123567131
Africa_Eastern,electricity,solar,CSP_storage,2085,0.496298622528968
Africa_Northern,electricity,solar,CSP_storage,2085,0.48711136375372
Africa_Southern,electricity,solar,CSP_storage,2085,0.487479025058088
Africa_Western,electricity,solar,CSP_storage,2085,0.493407250642143
Australia_NZ,electricity,solar,CSP_storage,2085,0.481893253369818
Brazil,electricity,solar,CSP_storage,2085,0.555748843875073
Canada,electricity,solar,CSP_storage,2085,0.598881693968625
Central America and Caribbean,electricity,solar,CSP_storage,2085,0.523711598155641
Central Asia,electricity,solar,CSP_storage,2085,0.534725189782733
China,electricity,solar,CSP_storage,2085,0.503152242562426
EU-12,electricity,solar,CSP_storage,2085,0.501401430725238
EU-15,electricity,solar,CSP_storage,2085,0.520475044849864
Ukraine,electricity,solar,CSP_storage,2085,0.580465572806087
Europe_Non_EU,electricity,solar,CSP_storage,2085,0.530005405610155
European Free Trade Association,electricity,solar,CSP_storage,2085,0.25025
India,electricity,solar,CSP_storage,2085,0.531168953279745
Indonesia,electricity,solar,CSP_storage,2085,0.583299228536159
Japan,electricity,solar,CSP_storage,2085,0.634107542683657
Mexico,electricity,solar,CSP_storage,2085,0.502943549997605
Middle East,electricity,solar,CSP_storage,2085,0.488139015188791
Pakistan,electricity,solar,CSP_storage,2085,0.517051928677241
Russia,electricity,solar,CSP_storage,2085,0.625458669979537
South Africa,electricity,solar,CSP_storage,2085,0.471167551091183
South America_Northern,electricity,solar,CSP_storage,2085,0.530587890076224
South America_Southern,electricity,solar,CSP_storage,2085,0.490450016581028
South Asia,electricity,solar,CSP_storage,2085,0.525112657843124
South Korea,electricity,solar,CSP_storage,2085,0.589213181696283
Southeast Asia,electricity,solar,CSP_storage,2085,0.529859452680639
Taiwan,electricity,solar,CSP_storage,2085,0.651339283245279
Argentina,electricity,solar,CSP_storage,2085,0.486884856848872
Colombia,electricity,solar,CSP_storage,2085,0.574062612102241
USA,electricity,solar,CSP,2090,0.250000123567131
Africa_Eastern,electricity,solar,CSP,2090,0.246298622528968
Africa_Northern,electricity,solar,CSP,2090,0.23711136375372
Africa_Southern,electricity,solar,CSP,2090,0.237479025058088
Africa_Western,electricity,solar,CSP,2090,0.243407250642143
Australia_NZ,electricity,solar,CSP,2090,0.231893253369818
Brazil,electricity,solar,CSP,2090,0.305748843875073
Canada,electricity,solar,CSP,2090,0.348881693968625
Central America and Caribbean,electricity,solar,CSP,2090,0.273711598155641
Central Asia,electricity,solar,CSP,2090,0.284725189782733
China,electricity,solar,CSP,2090,0.253152242562426
EU-12,electricity,solar,CSP,2090,0.251401430725238
EU-15,electricity,solar,CSP,2090,0.270475044849864
Ukraine,electricity,solar,CSP,2090,0.330465572806087
Europe_Non_EU,electricity,solar,CSP,2090,0.280005405610155
European Free Trade Association,electricity,solar,CSP,2090,0.00025
India,electricity,solar,CSP,2090,0.281168953279745
Indonesia,electricity,solar,CSP,2090,0.333299228536159
Japan,electricity,solar,CSP,2090,0.384107542683657
Mexico,electricity,solar,CSP,2090,0.252943549997605
Middle East,electricity,solar,CSP,2090,0.238139015188791
Pakistan,electricity,solar,CSP,2090,0.267051928677241
Russia,electricity,solar,CSP,2090,0.375458669979537
South Africa,electricity,solar,CSP,2090,0.221167551091183
South America_Northern,electricity,solar,CSP,2090,0.280587890076224
South America_Southern,electricity,solar,CSP,2090,0.240450016581028
South Asia,electricity,solar,CSP,2090,0.275112657843124
South Korea,electricity,solar,CSP,2090,0.339213181696283
Southeast Asia,electricity,solar,CSP,2090,0.279859452680639
Taiwan,electricity,solar,CSP,2090,0.401339283245279
Argentina,electricity,solar,CSP,2090,0.236884856848872
Colombia,electricity,solar,CSP,2090,0.324062612102241
USA,electricity,solar,CSP_storage,2090,0.500000123567131
Africa_Eastern,electricity,solar,CSP_storage,2090,0.496298622528968
Africa_Northern,electricity,solar,CSP_storage,2090,0.48711136375372
Africa_Southern,electricity,solar,CSP_storage,2090,0.487479025058088
Africa_Western,electricity,solar,CSP_storage,2090,0.493407250642143
Australia_NZ,electricity,solar,CSP_storage,2090,0.481893253369818
Brazil,electricity,solar,CSP_storage,2090,0.555748843875073
Canada,electricity,solar,CSP_storage,2090,0.598881693968625
Central America and Caribbean,electricity,solar,CSP_storage,2090,0.523711598155641
Central Asia,electricity,solar,CSP_storage,2090,0.534725189782733
China,electricity,solar,CSP_storage,2090,0.503152242562426
EU-12,electricity,solar,CSP_storage,2090,0.501401430725238
EU-15,electricity,solar,CSP_storage,2090,0.520475044849864
Ukraine,electricity,solar,CSP_storage,2090,0.580465572806087
Europe_Non_EU,electricity,solar,CSP_storage,2090,0.530005405610155
European Free Trade Association,electricity,solar,CSP_storage,2090,0.25025
India,electricity,solar,CSP_storage,2090,0.531168953279745
Indonesia,electricity,solar,CSP_storage,2090,0.583299228536159
Japan,electricity,solar,CSP_storage,2090,0.634107542683657
Mexico,electricity,solar,CSP_storage,2090,0.502943549997605
Middle East,electricity,solar,CSP_storage,2090,0.488139015188791
Pakistan,electricity,solar,CSP_storage,2090,0.517051928677241
Russia,electricity,solar,CSP_storage,2090,0.625458669979537
South Africa,electricity,solar,CSP_storage,2090,0.471167551091183
South America_Northern,electricity,solar,CSP_storage,2090,0.530587890076224
South America_Southern,electricity,solar,CSP_storage,2090,0.490450016581028
South Asia,electricity,solar,CSP_storage,2090,0.525112657843124
South Korea,electricity,solar,CSP_storage,2090,0.589213181696283
Southeast Asia,electricity,solar,CSP_storage,2090,0.529859452680639
Taiwan,electricity,solar,CSP_storage,2090,0.651339283245279
Argentina,electricity,solar,CSP_storage,2090,0.486884856848872
Colombia,electricity,solar,CSP_storage,2090,0.574062612102241
USA,electricity,solar,CSP,2095,0.250000123567131
Africa_Eastern,electricity,solar,CSP,2095,0.246298622528968
Africa_Northern,electricity,solar,CSP,2095,0.23711136375372
Africa_Southern,electricity,solar,CSP,2095,0.237479025058088
Africa_Western,electricity,solar,CSP,2095,0.243407250642143
Australia_NZ,electricity,solar,CSP,2095,0.231893253369818
Brazil,electricity,solar,CSP,2095,0.305748843875073
Canada,electricity,solar,CSP,2095,0.348881693968625
Central America and Caribbean,electricity,solar,CSP,2095,0.273711598155641
Central Asia,electricity,solar,CSP,2095,0.284725189782733
China,electricity,solar,CSP,2095,0.253152242562426
EU-12,electricity,solar,CSP,2095,0.251401430725238
EU-15,electricity,solar,CSP,2095,0.270475044849864
Ukraine,electricity,solar,CSP,2095,0.330465572806087
Europe_Non_EU,electricity,solar,CSP,2095,0.280005405610155
European Free Trade Association,electricity,solar,CSP,2095,0.00025
India,electricity,solar,CSP,2095,0.281168953279745
Indonesia,electricity,solar,CSP,2095,0.333299228536159
Japan,electricity,solar,CSP,2095,0.384107542683657
Mexico,electricity,solar,CSP,2095,0.252943549997605
Middle East,electricity,solar,CSP,2095,0.238139015188791
Pakistan,electricity,solar,CSP,2095,0.267051928677241
Russia,electricity,solar,CSP,2095,0.375458669979537
South Africa,electricity,solar,CSP,2095,0.221167551091183
South America_Northern,electricity,solar,CSP,2095,0.280587890076224
South America_Southern,electricity,solar,CSP,2095,0.240450016581028
South Asia,electricity,solar,CSP,2095,0.275112657843124
South Korea,electricity,solar,CSP,2095,0.339213181696283
Southeast Asia,electricity,solar,CSP,2095,0.279859452680639
Taiwan,electricity,solar,CSP,2095,0.401339283245279
Argentina,electricity,solar,CSP,2095,0.236884856848872
Colombia,electricity,solar,CSP,2095,0.324062612102241
USA,electricity,solar,CSP_storage,2095,0.500000123567131
Africa_Eastern,electricity,solar,CSP_storage,2095,0.496298622528968
Africa_Northern,electricity,solar,CSP_storage,2095,0.48711136375372
Africa_Southern,electricity,solar,CSP_storage,2095,0.487479025058088
Africa_Western,electricity,solar,CSP_storage,2095,0.493407250642143
Australia_NZ,electricity,solar,CSP_storage,2095,0.481893253369818
Brazil,electricity,solar,CSP_storage,2095,0.555748843875073
Canada,electricity,solar,CSP_storage,2095,0.598881693968625
Central America and Caribbean,electricity,solar,CSP_storage,2095,0.523711598155641
Central Asia,electricity,solar,CSP_storage,2095,0.534725189782733
China,electricity,solar,CSP_storage,2095,0.503152242562426
EU-12,electricity,solar,CSP_storage,2095,0.501401430725238
EU-15,electricity,solar,CSP_storage,2095,0.520475044849864
Ukraine,electricity,solar,CSP_storage,2095,0.580465572806087
Europe_Non_EU,electricity,solar,CSP_storage,2095,0.530005405610155
European Free Trade Association,electricity,solar,CSP_storage,2095,0.25025
India,electricity,solar,CSP_storage,2095,0.531168953279745
Indonesia,electricity,solar,CSP_storage,2095,0.583299228536159
Japan,electricity,solar,CSP_storage,2095,0.634107542683657
Mexico,electricity,solar,CSP_storage,2095,0.502943549997605
Middle East,electricity,solar,CSP_storage,2095,0.488139015188791
Pakistan,electricity,solar,CSP_storage,2095,0.517051928677241
Russia,electricity,solar,CSP_storage,2095,0.625458669979537
South Africa,electricity,solar,CSP_storage,2095,0.471167551091183
South America_Northern,electricity,solar,CSP_storage,2095,0.530587890076224
South America_Southern,electricity,solar,CSP_storage,2095,0.490450016581028
South Asia,electricity,solar,CSP_storage,2095,0.525112657843124
South Korea,electricity,solar,CSP_storage,2095,0.589213181696283
Southeast Asia,electricity,solar,CSP_storage,2095,0.529859452680639
Taiwan,electricity,solar,CSP_storage,2095,0.651339283245279
Argentina,electricity,solar,CSP_storage,2095,0.486884856848872
Colombia,electricity,solar,CSP_storage,2095,0.574062612102241
USA,electricity,solar,CSP,2100,0.250000123567131
Africa_Eastern,electricity,solar,CSP,2100,0.246298622528968
Africa_Northern,electricity,solar,CSP,2100,0.23711136375372
Africa_Southern,electricity,solar,CSP,2100,0.237479025058088
Africa_Western,electricity,solar,CSP,2100,0.243407250642143
Australia_NZ,electricity,solar,CSP,2100,0.231893253369818
Brazil,electricity,solar,CSP,2100,0.305748843875073
Canada,electricity,solar,CSP,2100,0.348881693968625
Central America and Caribbean,electricity,solar,CSP,2100,0.273711598155641
Central Asia,electricity,solar,CSP,2100,0.284725189782733
China,electricity,solar,CSP,2100,0.253152242562426
EU-12,electricity,solar,CSP,2100,0.251401430725238
EU-15,electricity,solar,CSP,2100,0.270475044849864
Ukraine,electricity,solar,CSP,2100,0.330465572806087
Europe_Non_EU,electricity,solar,CSP,2100,0.280005405610155
European Free Trade Association,electricity,solar,CSP,2100,0.00025
India,electricity,solar,CSP,2100,0.281168953279745
Indonesia,electricity,solar,CSP,2100,0.333299228536159
Japan,electricity,solar,CSP,2100,0.384107542683657
Mexico,electricity,solar,CSP,2100,0.252943549997605
Middle East,electricity,solar,CSP,2100,0.238139015188791
Pakistan,electricity,solar,CSP,2100,0.267051928677241
Russia,electricity,solar,CSP,2100,0.375458669979537
South Africa,electricity,solar,CSP,2100,0.221167551091183
South America_Northern,electricity,solar,CSP,2100,0.280587890076224
South America_Southern,electricity,solar,CSP,2100,0.240450016581028
South Asia,electricity,solar,CSP,2100,0.275112657843124
South Korea,electricity,solar,CSP,2100,0.339213181696283
Southeast Asia,electricity,solar,CSP,2100,0.279859452680639
Taiwan,electricity,solar,CSP,2100,0.401339283245279
Argentina,electricity,solar,CSP,2100,0.236884856848872
Colombia,electricity,solar,CSP,2100,0.324062612102241
USA,electricity,solar,CSP_storage,2100,0.500000123567131
Africa_Eastern,electricity,solar,CSP_storage,2100,0.496298622528968
Africa_Northern,electricity,solar,CSP_storage,2100,0.48711136375372
Africa_Southern,electricity,solar,CSP_storage,2100,0.487479025058088
Africa_Western,electricity,solar,CSP_storage,2100,0.493407250642143
Australia_NZ,electricity,solar,CSP_storage,2100,0.481893253369818
Brazil,electricity,solar,CSP_storage,2100,0.555748843875073
Canada,electricity,solar,CSP_storage,2100,0.598881693968625
Central America and Caribbean,electricity,solar,CSP_storage,2100,0.523711598155641
Central Asia,electricity,solar,CSP_storage,2100,0.534725189782733
China,electricity,solar,CSP_storage,2100,0.503152242562426
EU-12,electricity,solar,CSP_storage,2100,0.501401430725238
EU-15,electricity,solar,CSP_storage,2100,0.520475044849864
Ukraine,electricity,solar,CSP_storage,2100,0.580465572806087
Europe_Non_EU,electricity,solar,CSP_storage,2100,0.530005405610155
European Free Trade Association,electricity,solar,CSP_storage,2100,0.25025
India,electricity,solar,CSP_storage,2100,0.531168953279745
Indonesia,electricity,solar,CSP_storage,2100,0.583299228536159
Japan,electricity,solar,CSP_storage,2100,0.634107542683657
Mexico,electricity,solar,CSP_storage,2100,0.502943549997605
Middle East,electricity,solar,CSP_storage,2100,0.488139015188791
Pakistan,electricity,solar,CSP_storage,2100,0.517051928677241
Russia,electricity,solar,CSP_storage,2100,0.625458669979537
South Africa,electricity,solar,CSP_storage,2100,0.471167551091183
South America_Northern,electricity,solar,CSP_storage,2100,0.530587890076224
South America_Southern,electricity,solar,CSP_storage,2100,0.490450016581028
South Asia,electricity,solar,CSP_storage,2100,0.525112657843124
South Korea,electricity,solar,CSP_storage,2100,0.589213181696283
Southeast Asia,electricity,solar,CSP_storage,2100,0.529859452680639
Taiwan,electricity,solar,CSP_storage,2100,0.651339283245279
Argentina,electricity,solar,CSP_storage,2100,0.486884856848872
Colombia,electricity,solar,CSP_storage,2100,0.574062612102241
USA,electricity,wind,wind_offshore,1975,0.4
USA,electricity,wind,wind_offshore,1990,0.4
USA,electricity,wind,wind_offshore,2005,0.4
USA,electricity,wind,wind_offshore,2010,0.4
USA,electricity,wind,wind_offshore,2015,0.4
USA,electricity,wind,wind_offshore,2021,0.4
USA,electricity,wind,wind_offshore,2025,0.4
USA,electricity,wind,wind_offshore,2030,0.4
USA,electricity,wind,wind_offshore,2035,0.4
USA,electricity,wind,wind_offshore,2040,0.4
USA,electricity,wind,wind_offshore,2045,0.4
USA,electricity,wind,wind_offshore,2050,0.4
USA,electricity,wind,wind_offshore,2055,0.4
USA,electricity,wind,wind_offshore,2060,0.4
USA,electricity,wind,wind_offshore,2065,0.4
USA,electricity,wind,wind_offshore,2070,0.4
USA,electricity,wind,wind_offshore,2075,0.4
USA,electricity,wind,wind_offshore,2080,0.4
USA,electricity,wind,wind_offshore,2085,0.4
USA,electricity,wind,wind_offshore,2090,0.4
USA,electricity,wind,wind_offshore,2095,0.4
USA,electricity,wind,wind_offshore,2100,0.4
Africa_Eastern,electricity,wind,wind_offshore,1975,0.48
Africa_Eastern,electricity,wind,wind_offshore,1990,0.48
Africa_Eastern,electricity,wind,wind_offshore,2005,0.48
Africa_Eastern,electricity,wind,wind_offshore,2010,0.48
Africa_Eastern,electricity,wind,wind_offshore,2015,0.48
Africa_Eastern,electricity,wind,wind_offshore,2021,0.48
Africa_Eastern,electricity,wind,wind_offshore,2025,0.48
Africa_Eastern,electricity,wind,wind_offshore,2030,0.48
Africa_Eastern,electricity,wind,wind_offshore,2035,0.48
Africa_Eastern,electricity,wind,wind_offshore,2040,0.48
Africa_Eastern,electricity,wind,wind_offshore,2045,0.48
Africa_Eastern,electricity,wind,wind_offshore,2050,0.48
Africa_Eastern,electricity,wind,wind_offshore,2055,0.48
Africa_Eastern,electricity,wind,wind_offshore,2060,0.48
Africa_Eastern,electricity,wind,wind_offshore,2065,0.48
Africa_Eastern,electricity,wind,wind_offshore,2070,0.48
Africa_Eastern,electricity,wind,wind_offshore,2075,0.48
Africa_Eastern,electricity,wind,wind_offshore,2080,0.48
Africa_Eastern,electricity,wind,wind_offshore,2085,0.48
Africa_Eastern,electricity,wind,wind_offshore,2090,0.48
Africa_Eastern,electricity,wind,wind_offshore,2095,0.48
Africa_Eastern,electricity,wind,wind_offshore,2100,0.48
Africa_Northern,electricity,wind,wind_offshore,1975,0.48
Africa_Northern,electricity,wind,wind_offshore,1990,0.48
Africa_Northern,electricity,wind,wind_offshore,2005,0.48
Africa_Northern,electricity,wind,wind_offshore,2010,0.48
Africa_Northern,electricity,wind,wind_offshore,2015,0.48
Africa_Northern,electricity,wind,wind_offshore,2021,0.48
Africa_Northern,electricity,wind,wind_offshore,2025,0.48
Africa_Northern,electricity,wind,wind_offshore,2030,0.48
Africa_Northern,electricity,wind,wind_offshore,2035,0.48
Africa_Northern,electricity,wind,wind_offshore,2040,0.48
Africa_Northern,electricity,wind,wind_offshore,2045,0.48
Africa_Northern,electricity,wind,wind_offshore,2050,0.48
Africa_Northern,electricity,wind,wind_offshore,2055,0.48
Africa_Northern,electricity,wind,wind_offshore,2060,0.48
Africa_Northern,electricity,wind,wind_offshore,2065,0.48
Africa_Northern,electricity,wind,wind_offshore,2070,0.48
Africa_Northern,electricity,wind,wind_offshore,2075,0.48
Africa_Northern,electricity,wind,wind_offshore,2080,0.48
Africa_Northern,electricity,wind,wind_offshore,2085,0.48
Africa_Northern,electricity,wind,wind_offshore,2090,0.48
Africa_Northern,electricity,wind,wind_offshore,2095,0.48
Africa_Northern,electricity,wind,wind_offshore,2100,0.48
Africa_Southern,electricity,wind,wind_offshore,1975,0.48
Africa_Southern,electricity,wind,wind_offshore,1990,0.48
Africa_Southern,electricity,wind,wind_offshore,2005,0.48
Africa_Southern,electricity,wind,wind_offshore,2010,0.48
Africa_Southern,electricity,wind,wind_offshore,2015,0.48
Africa_Southern,electricity,wind,wind_offshore,2021,0.48
Africa_Southern,electricity,wind,wind_offshore,2025,0.48
Africa_Southern,electricity,wind,wind_offshore,2030,0.48
Africa_Southern,electricity,wind,wind_offshore,2035,0.48
Africa_Southern,electricity,wind,wind_offshore,2040,0.48
Africa_Southern,electricity,wind,wind_offshore,2045,0.48
Africa_Southern,electricity,wind,wind_offshore,2050,0.48
Africa_Southern,electricity,wind,wind_offshore,2055,0.48
Africa_Southern,electricity,wind,wind_offshore,2060,0.48
Africa_Southern,electricity,wind,wind_offshore,2065,0.48
Africa_Southern,electricity,wind,wind_offshore,2070,0.48
Africa_Southern,electricity,wind,wind_offshore,2075,0.48
Africa_Southern,electricity,wind,wind_offshore,2080,0.48
Africa_Southern,electricity,wind,wind_offshore,2085,0.48
Africa_Southern,electricity,wind,wind_offshore,2090,0.48
Africa_Southern,electricity,wind,wind_offshore,2095,0.48
Africa_Southern,electricity,wind,wind_offshore,2100,0.48
Africa_Western,electricity,wind,wind_offshore,1975,0.48
Africa_Western,electricity,wind,wind_offshore,1990,0.48
Africa_Western,electricity,wind,wind_offshore,2005,0.48
Africa_Western,electricity,wind,wind_offshore,2010,0.48
Africa_Western,electricity,wind,wind_offshore,2015,0.48
Africa_Western,electricity,wind,wind_offshore,2021,0.48
Africa_Western,electricity,wind,wind_offshore,2025,0.48
Africa_Western,electricity,wind,wind_offshore,2030,0.48
Africa_Western,electricity,wind,wind_offshore,2035,0.48
Africa_Western,electricity,wind,wind_offshore,2040,0.48
Africa_Western,electricity,wind,wind_offshore,2045,0.48
Africa_Western,electricity,wind,wind_offshore,2050,0.48
Africa_Western,electricity,wind,wind_offshore,2055,0.48
Africa_Western,electricity,wind,wind_offshore,2060,0.48
Africa_Western,electricity,wind,wind_offshore,2065,0.48
Africa_Western,electricity,wind,wind_offshore,2070,0.48
Africa_Western,electricity,wind,wind_offshore,2075,0.48
Africa_Western,electricity,wind,wind_offshore,2080,0.48
Africa_Western,electricity,wind,wind_offshore,2085,0.48
Africa_Western,electricity,wind,wind_offshore,2090,0.48
Africa_Western,electricity,wind,wind_offshore,2095,0.48
Africa_Western,electricity,wind,wind_offshore,2100,0.48
Australia_NZ,electricity,wind,wind_offshore,1975,0.48
Australia_NZ,electricity,wind,wind_offshore,1990,0.48
Australia_NZ,electricity,wind,wind_offshore,2005,0.48
Australia_NZ,electricity,wind,wind_offshore,2010,0.48
Australia_NZ,electricity,wind,wind_offshore,2015,0.48
Australia_NZ,electricity,wind,wind_offshore,2021,0.48
Australia_NZ,electricity,wind,wind_offshore,2025,0.48
Australia_NZ,electricity,wind,wind_offshore,2030,0.48
Australia_NZ,electricity,wind,wind_offshore,2035,0.48
Australia_NZ,electricity,wind,wind_offshore,2040,0.48
Australia_NZ,electricity,wind,wind_offshore,2045,0.48
Australia_NZ,electricity,wind,wind_offshore,2050,0.48
Australia_NZ,electricity,wind,wind_offshore,2055,0.48
Australia_NZ,electricity,wind,wind_offshore,2060,0.48
Australia_NZ,electricity,wind,wind_offshore,2065,0.48
Australia_NZ,electricity,wind,wind_offshore,2070,0.48
Australia_NZ,electricity,wind,wind_offshore,2075,0.48
Australia_NZ,electricity,wind,wind_offshore,2080,0.48
Australia_NZ,electricity,wind,wind_offshore,2085,0.48
Australia_NZ,electricity,wind,wind_offshore,2090,0.48
Australia_NZ,electricity,wind,wind_offshore,2095,0.48
Australia_NZ,electricity,wind,wind_offshore,2100,0.48
Brazil,electricity,wind,wind_offshore,1975,0.36
Brazil,electricity,wind,wind_offshore,1990,0.36
Brazil,electricity,wind,wind_offshore,2005,0.36
Brazil,electricity,wind,wind_offshore,2010,0.36
Brazil,electricity,wind,wind_offshore,2015,0.36
Brazil,electricity,wind,wind_offshore,2021,0.36
Brazil,electricity,wind,wind_offshore,2025,0.36
Brazil,electricity,wind,wind_offshore,2030,0.36
Brazil,electricity,wind,wind_offshore,2035,0.36
Brazil,electricity,wind,wind_offshore,2040,0.36
Brazil,electricity,wind,wind_offshore,2045,0.36
Brazil,electricity,wind,wind_offshore,2050,0.36
Brazil,electricity,wind,wind_offshore,2055,0.36
Brazil,electricity,wind,wind_offshore,2060,0.36
Brazil,electricity,wind,wind_offshore,2065,0.36
Brazil,electricity,wind,wind_offshore,2070,0.36
Brazil,electricity,wind,wind_offshore,2075,0.36
Brazil,electricity,wind,wind_offshore,2080,0.36
Brazil,electricity,wind,wind_offshore,2085,0.36
Brazil,electricity,wind,wind_offshore,2090,0.36
Brazil,electricity,wind,wind_offshore,2095,0.36
Brazil,electricity,wind,wind_offshore,2100,0.36
Canada,electricity,wind,wind_offshore,1975,0.48
Canada,electricity,wind,wind_offshore,1990,0.48
Canada,electricity,wind,wind_offshore,2005,0.48
Canada,electricity,wind,wind_offshore,2010,0.48
Canada,electricity,wind,wind_offshore,2015,0.48
Canada,electricity,wind,wind_offshore,2021,0.48
Canada,electricity,wind,wind_offshore,2025,0.48
Canada,electricity,wind,wind_offshore,2030,0.48
Canada,electricity,wind,wind_offshore,2035,0.48
Canada,electricity,wind,wind_offshore,2040,0.48
Canada,electricity,wind,wind_offshore,2045,0.48
Canada,electricity,wind,wind_offshore,2050,0.48
Canada,electricity,wind,wind_offshore,2055,0.48
Canada,electricity,wind,wind_offshore,2060,0.48
Canada,electricity,wind,wind_offshore,2065,0.48
Canada,electricity,wind,wind_offshore,2070,0.48
Canada,electricity,wind,wind_offshore,2075,0.48
Canada,electricity,wind,wind_offshore,2080,0.48
Canada,electricity,wind,wind_offshore,2085,0.48
Canada,electricity,wind,wind_offshore,2090,0.48
Canada,electricity,wind,wind_offshore,2095,0.48
Canada,electricity,wind,wind_offshore,2100,0.48
Central America and Caribbean,electricity,wind,wind_offshore,1975,0.44
Central America and Caribbean,electricity,wind,wind_offshore,1990,0.44
Central America and Caribbean,electricity,wind,wind_offshore,2005,0.44
Central America and Caribbean,electricity,wind,wind_offshore,2010,0.44
Central America and Caribbean,electricity,wind,wind_offshore,2015,0.44
Central America and Caribbean,electricity,wind,wind_offshore,2021,0.44
Central America and Caribbean,electricity,wind,wind_offshore,2025,0.44
Central America and Caribbean,electricity,wind,wind_offshore,2030,0.44
Central America and Caribbean,electricity,wind,wind_offshore,2035,0.44
Central America and Caribbean,electricity,wind,wind_offshore,2040,0.44
Central America and Caribbean,electricity,wind,wind_offshore,2045,0.44
Central America and Caribbean,electricity,wind,wind_offshore,2050,0.44
Central America and Caribbean,electricity,wind,wind_offshore,2055,0.44
Central America and Caribbean,electricity,wind,wind_offshore,2060,0.44
Central America and Caribbean,electricity,wind,wind_offshore,2065,0.44
Central America and Caribbean,electricity,wind,wind_offshore,2070,0.44
Central America and Caribbean,electricity,wind,wind_offshore,2075,0.44
Central America and Caribbean,electricity,wind,wind_offshore,2080,0.44
Central America and Caribbean,electricity,wind,wind_offshore,2085,0.44
Central America and Caribbean,electricity,wind,wind_offshore,2090,0.44
Central America and Caribbean,electricity,wind,wind_offshore,2095,0.44
Central America and Caribbean,electricity,wind,wind_offshore,2100,0.44
Central Asia,electricity,wind,wind_offshore,1975,0.09
Central Asia,electricity,wind,wind_offshore,1990,0.09
Central Asia,electricity,wind,wind_offshore,2005,0.09
Central Asia,electricity,wind,wind_offshore,2010,0.09
Central Asia,electricity,wind,wind_offshore,2015,0.09
Central Asia,electricity,wind,wind_offshore,2021,0.09
Central Asia,electricity,wind,wind_offshore,2025,0.09
Central Asia,electricity,wind,wind_offshore,2030,0.09
Central Asia,electricity,wind,wind_offshore,2035,0.09
Central Asia,electricity,wind,wind_offshore,2040,0.09
Central Asia,electricity,wind,wind_offshore,2045,0.09
Central Asia,electricity,wind,wind_offshore,2050,0.09
Central Asia,electricity,wind,wind_offshore,2055,0.09
Central Asia,electricity,wind,wind_offshore,2060,0.09
Central Asia,electricity,wind,wind_offshore,2065,0.09
Central Asia,electricity,wind,wind_offshore,2070,0.09
Central Asia,electricity,wind,wind_offshore,2075,0.09
Central Asia,electricity,wind,wind_offshore,2080,0.09
Central Asia,electricity,wind,wind_offshore,2085,0.09
Central Asia,electricity,wind,wind_offshore,2090,0.09
Central Asia,electricity,wind,wind_offshore,2095,0.09
Central Asia,electricity,wind,wind_offshore,2100,0.09
China,electricity,wind,wind_offshore,1975,0.4
China,electricity,wind,wind_offshore,1990,0.4
China,electricity,wind,wind_offshore,2005,0.4
China,electricity,wind,wind_offshore,2010,0.4
China,electricity,wind,wind_offshore,2015,0.4
China,electricity,wind,wind_offshore,2021,0.4
China,electricity,wind,wind_offshore,2025,0.4
China,electricity,wind,wind_offshore,2030,0.4
China,electricity,wind,wind_offshore,2035,0.4
China,electricity,wind,wind_offshore,2040,0.4
China,electricity,wind,wind_offshore,2045,0.4
China,electricity,wind,wind_offshore,2050,0.4
China,electricity,wind,wind_offshore,2055,0.4
China,electricity,wind,wind_offshore,2060,0.4
China,electricity,wind,wind_offshore,2065,0.4
China,electricity,wind,wind_offshore,2070,0.4
China,electricity,wind,wind_offshore,2075,0.4
China,electricity,wind,wind_offshore,2080,0.4
China,electricity,wind,wind_offshore,2085,0.4
China,electricity,wind,wind_offshore,2090,0.4
China,electricity,wind,wind_offshore,2095,0.4
China,electricity,wind,wind_offshore,2100,0.4
EU-12,electricity,wind,wind_offshore,1975,0.36
EU-12,electricity,wind,wind_offshore,1990,0.36
EU-12,electricity,wind,wind_offshore,2005,0.36
EU-12,electricity,wind,wind_offshore,2010,0.36
EU-12,electricity,wind,wind_offshore,2015,0.36
EU-12,electricity,wind,wind_offshore,2021,0.36
EU-12,electricity,wind,wind_offshore,2025,0.36
EU-12,electricity,wind,wind_offshore,2030,0.36
EU-12,electricity,wind,wind_offshore,2035,0.36
EU-12,electricity,wind,wind_offshore,2040,0.36
EU-12,electricity,wind,wind_offshore,2045,0.36
EU-12,electricity,wind,wind_offshore,2050,0.36
EU-12,electricity,wind,wind_offshore,2055,0.36
EU-12,electricity,wind,wind_offshore,2060,0.36
EU-12,electricity,wind,wind_offshore,2065,0.36
EU-12,electricity,wind,wind_offshore,2070,0.36
EU-12,electricity,wind,wind_offshore,2075,0.36
EU-12,electricity,wind,wind_offshore,2080,0.36
EU-12,electricity,wind,wind_offshore,2085,0.36
EU-12,electricity,wind,wind_offshore,2090,0.36
EU-12,electricity,wind,wind_offshore,2095,0.36
EU-12,electricity,wind,wind_offshore,2100,0.36
EU-15,electricity,wind,wind_offshore,1975,0.44
EU-15,electricity,wind,wind_offshore,1990,0.44
EU-15,electricity,wind,wind_offshore,2005,0.44
EU-15,electricity,wind,wind_offshore,2010,0.44
EU-15,electricity,wind,wind_offshore,2015,0.44
EU-15,electricity,wind,wind_offshore,2021,0.44
EU-15,electricity,wind,wind_offshore,2025,0.44
EU-15,electricity,wind,wind_offshore,2030,0.44
EU-15,electricity,wind,wind_offshore,2035,0.44
EU-15,electricity,wind,wind_offshore,2040,0.44
EU-15,electricity,wind,wind_offshore,2045,0.44
EU-15,electricity,wind,wind_offshore,2050,0.44
EU-15,electricity,wind,wind_offshore,2055,0.44
EU-15,electricity,wind,wind_offshore,2060,0.44
EU-15,electricity,wind,wind_offshore,2065,0.44
EU-15,electricity,wind,wind_offshore,2070,0.44
EU-15,electricity,wind,wind_offshore,2075,0.44
EU-15,electricity,wind,wind_offshore,2080,0.44
EU-15,electricity,wind,wind_offshore,2085,0.44
EU-15,electricity,wind,wind_offshore,2090,0.44
EU-15,electricity,wind,wind_offshore,2095,0.44
EU-15,electricity,wind,wind_offshore,2100,0.44
Ukraine,electricity,wind,wind_offshore,1975,0.28
Ukraine,electricity,wind,wind_offshore,1990,0.28
Ukraine,electricity,wind,wind_offshore,2005,0.28
Ukraine,electricity,wind,wind_offshore,2010,0.28
Ukraine,electricity,wind,wind_offshore,2015,0.28
Ukraine,electricity,wind,wind_offshore,2021,0.28
Ukraine,electricity,wind,wind_offshore,2025,0.28
Ukraine,electricity,wind,wind_offshore,2030,0.28
Ukraine,electricity,wind,wind_offshore,2035,0.28
Ukraine,electricity,wind,wind_offshore,2040,0.28
Ukraine,electricity,wind,wind_offshore,2045,0.28
Ukraine,electricity,wind,wind_offshore,2050,0.28
Ukraine,electricity,wind,wind_offshore,2055,0.28
Ukraine,electricity,wind,wind_offshore,2060,0.28
Ukraine,electricity,wind,wind_offshore,2065,0.28
Ukraine,electricity,wind,wind_offshore,2070,0.28
Ukraine,electricity,wind,wind_offshore,2075,0.28
Ukraine,electricity,wind,wind_offshore,2080,0.28
Ukraine,electricity,wind,wind_offshore,2085,0.28
Ukraine,electricity,wind,wind_offshore,2090,0.28
Ukraine,electricity,wind,wind_offshore,2095,0.28
Ukraine,electricity,wind,wind_offshore,2100,0.28
Europe_Non_EU,electricity,wind,wind_offshore,1975,0.32
Europe_Non_EU,electricity,wind,wind_offshore,1990,0.32
Europe_Non_EU,electricity,wind,wind_offshore,2005,0.32
Europe_Non_EU,electricity,wind,wind_offshore,2010,0.32
Europe_Non_EU,electricity,wind,wind_offshore,2015,0.32
Europe_Non_EU,electricity,wind,wind_offshore,2021,0.32
Europe_Non_EU,electricity,wind,wind_offshore,2025,0.32
Europe_Non_EU,electricity,wind,wind_offshore,2030,0.32
Europe_Non_EU,electricity,wind,wind_offshore,2035,0.32
Europe_Non_EU,electricity,wind,wind_offshore,2040,0.32
Europe_Non_EU,electricity,wind,wind_offshore,2045,0.32
Europe_Non_EU,electricity,wind,wind_offshore,2050,0.32
Europe_Non_EU,electricity,wind,wind_offshore,2055,0.32
Europe_Non_EU,electricity,wind,wind_offshore,2060,0.32
Europe_Non_EU,electricity,wind,wind_offshore,2065,0.32
Europe_Non_EU,electricity,wind,wind_offshore,2070,0.32
Europe_Non_EU,electricity,wind,wind_offshore,2075,0.32
Europe_Non_EU,electricity,wind,wind_offshore,2080,0.32
Europe_Non_EU,electricity,wind,wind_offshore,2085,0.32
Europe_Non_EU,electricity,wind,wind_offshore,2090,0.32
Europe_Non_EU,electricity,wind,wind_offshore,2095,0.32
Europe_Non_EU,electricity,wind,wind_offshore,2100,0.32
European Free Trade Association,electricity,wind,wind_offshore,1975,0.48
European Free Trade Association,electricity,wind,wind_offshore,1990,0.48
European Free Trade Association,electricity,wind,wind_offshore,2005,0.48
European Free Trade Association,electricity,wind,wind_offshore,2010,0.48
European Free Trade Association,electricity,wind,wind_offshore,2015,0.48
European Free Trade Association,electricity,wind,wind_offshore,2021,0.48
European Free Trade Association,electricity,wind,wind_offshore,2025,0.48
European Free Trade Association,electricity,wind,wind_offshore,2030,0.48
European Free Trade Association,electricity,wind,wind_offshore,2035,0.48
European Free Trade Association,electricity,wind,wind_offshore,2040,0.48
European Free Trade Association,electricity,wind,wind_offshore,2045,0.48
European Free Trade Association,electricity,wind,wind_offshore,2050,0.48
European Free Trade Association,electricity,wind,wind_offshore,2055,0.48
European Free Trade Association,electricity,wind,wind_offshore,2060,0.48
European Free Trade Association,electricity,wind,wind_offshore,2065,0.48
European Free Trade Association,electricity,wind,wind_offshore,2070,0.48
European Free Trade Association,electricity,wind,wind_offshore,2075,0.48
European Free Trade Association,electricity,wind,wind_offshore,2080,0.48
European Free Trade Association,electricity,wind,wind_offshore,2085,0.48
European Free Trade Association,electricity,wind,wind_offshore,2090,0.48
European Free Trade Association,electricity,wind,wind_offshore,2095,0.48
European Free Trade Association,electricity,wind,wind_offshore,2100,0.48
India,electricity,wind,wind_offshore,1975,0.36
India,electricity,wind,wind_offshore,1990,0.36
India,electricity,wind,wind_offshore,2005,0.36
India,electricity,wind,wind_offshore,2010,0.36
India,electricity,wind,wind_offshore,2015,0.36
India,electricity,wind,wind_offshore,2021,0.36
India,electricity,wind,wind_offshore,2025,0.36
India,electricity,wind,wind_offshore,2030,0.36
India,electricity,wind,wind_offshore,2035,0.36
India,electricity,wind,wind_offshore,2040,0.36
India,electricity,wind,wind_offshore,2045,0.36
India,electricity,wind,wind_offshore,2050,0.36
India,electricity,wind,wind_offshore,2055,0.36
India,electricity,wind,wind_offshore,2060,0.36
India,electricity,wind,wind_offshore,2065,0.36
India,electricity,wind,wind_offshore,2070,0.36
India,electricity,wind,wind_offshore,2075,0.36
India,electricity,wind,wind_offshore,2080,0.36
India,electricity,wind,wind_offshore,2085,0.36
India,electricity,wind,wind_offshore,2090,0.36
India,electricity,wind,wind_offshore,2095,0.36
India,electricity,wind,wind_offshore,2100,0.36
Indonesia,electricity,wind,wind_offshore,1975,0.32
Indonesia,electricity,wind,wind_offshore,1990,0.32
Indonesia,electricity,wind,wind_offshore,2005,0.32
Indonesia,electricity,wind,wind_offshore,2010,0.32
Indonesia,electricity,wind,wind_offshore,2015,0.32
Indonesia,electricity,wind,wind_offshore,2021,0.32
Indonesia,electricity,wind,wind_offshore,2025,0.32
Indonesia,electricity,wind,wind_offshore,2030,0.32
Indonesia,electricity,wind,wind_offshore,2035,0.32
Indonesia,electricity,wind,wind_offshore,2040,0.32
Indonesia,electricity,wind,wind_offshore,2045,0.32
Indonesia,electricity,wind,wind_offshore,2050,0.32
Indonesia,electricity,wind,wind_offshore,2055,0.32
Indonesia,electricity,wind,wind_offshore,2060,0.32
Indonesia,electricity,wind,wind_offshore,2065,0.32
Indonesia,electricity,wind,wind_offshore,2070,0.32
Indonesia,electricity,wind,wind_offshore,2075,0.32
Indonesia,electricity,wind,wind_offshore,2080,0.32
Indonesia,electricity,wind,wind_offshore,2085,0.32
Indonesia,electricity,wind,wind_offshore,2090,0.32
Indonesia,electricity,wind,wind_offshore,2095,0.32
Indonesia,electricity,wind,wind_offshore,2100,0.32
Japan,electricity,wind,wind_offshore,1975,0.36
Japan,electricity,wind,wind_offshore,1990,0.36
Japan,electricity,wind,wind_offshore,2005,0.36
Japan,electricity,wind,wind_offshore,2010,0.36
Japan,electricity,wind,wind_offshore,2015,0.36
Japan,electricity,wind,wind_offshore,2021,0.36
Japan,electricity,wind,wind_offshore,2025,0.36
Japan,electricity,wind,wind_offshore,2030,0.36
Japan,electricity,wind,wind_offshore,2035,0.36
Japan,electricity,wind,wind_offshore,2040,0.36
Japan,electricity,wind,wind_offshore,2045,0.36
Japan,electricity,wind,wind_offshore,2050,0.36
Japan,electricity,wind,wind_offshore,2055,0.36
Japan,electricity,wind,wind_offshore,2060,0.36
Japan,electricity,wind,wind_offshore,2065,0.36
Japan,electricity,wind,wind_offshore,2070,0.36
Japan,electricity,wind,wind_offshore,2075,0.36
Japan,electricity,wind,wind_offshore,2080,0.36
Japan,electricity,wind,wind_offshore,2085,0.36
Japan,electricity,wind,wind_offshore,2090,0.36
Japan,electricity,wind,wind_offshore,2095,0.36
Japan,electricity,wind,wind_offshore,2100,0.36
Mexico,electricity,wind,wind_offshore,1975,0.48
Mexico,electricity,wind,wind_offshore,1990,0.48
Mexico,electricity,wind,wind_offshore,2005,0.48
Mexico,electricity,wind,wind_offshore,2010,0.48
Mexico,electricity,wind,wind_offshore,2015,0.48
Mexico,electricity,wind,wind_offshore,2021,0.48
Mexico,electricity,wind,wind_offshore,2025,0.48
Mexico,electricity,wind,wind_offshore,2030,0.48
Mexico,electricity,wind,wind_offshore,2035,0.48
Mexico,electricity,wind,wind_offshore,2040,0.48
Mexico,electricity,wind,wind_offshore,2045,0.48
Mexico,electricity,wind,wind_offshore,2050,0.48
Mexico,electricity,wind,wind_offshore,2055,0.48
Mexico,electricity,wind,wind_offshore,2060,0.48
Mexico,electricity,wind,wind_offshore,2065,0.48
Mexico,electricity,wind,wind_offshore,2070,0.48
Mexico,electricity,wind,wind_offshore,2075,0.48
Mexico,electricity,wind,wind_offshore,2080,0.48
Mexico,electricity,wind,wind_offshore,2085,0.48
Mexico,electricity,wind,wind_offshore,2090,0.48
Mexico,electricity,wind,wind_offshore,2095,0.48
Mexico,electricity,wind,wind_offshore,2100,0.48
Middle East,electricity,wind,wind_offshore,1975,0.4
Middle East,electricity,wind,wind_offshore,1990,0.4
Middle East,electricity,wind,wind_offshore,2005,0.4
Middle East,electricity,wind,wind_offshore,2010,0.4
Middle East,electricity,wind,wind_offshore,2015,0.4
Middle East,electricity,wind,wind_offshore,2021,0.4
Middle East,electricity,wind,wind_offshore,2025,0.4
Middle East,electricity,wind,wind_offshore,2030,0.4
Middle East,electricity,wind,wind_offshore,2035,0.4
Middle East,electricity,wind,wind_offshore,2040,0.4
Middle East,electricity,wind,wind_offshore,2045,0.4
Middle East,electricity,wind,wind_offshore,2050,0.4
Middle East,electricity,wind,wind_offshore,2055,0.4
Middle East,electricity,wind,wind_offshore,2060,0.4
Middle East,electricity,wind,wind_offshore,2065,0.4
Middle East,electricity,wind,wind_offshore,2070,0.4
Middle East,electricity,wind,wind_offshore,2075,0.4
Middle East,electricity,wind,wind_offshore,2080,0.4
Middle East,electricity,wind,wind_offshore,2085,0.4
Middle East,electricity,wind,wind_offshore,2090,0.4
Middle East,electricity,wind,wind_offshore,2095,0.4
Middle East,electricity,wind,wind_offshore,2100,0.4
Pakistan,electricity,wind,wind_offshore,1975,0.28
Pakistan,electricity,wind,wind_offshore,1990,0.28
Pakistan,electricity,wind,wind_offshore,2005,0.28
Pakistan,electricity,wind,wind_offshore,2010,0.28
Pakistan,electricity,wind,wind_offshore,2015,0.28
Pakistan,electricity,wind,wind_offshore,2021,0.28
Pakistan,electricity,wind,wind_offshore,2025,0.28
Pakistan,electricity,wind,wind_offshore,2030,0.28
Pakistan,electricity,wind,wind_offshore,2035,0.28
Pakistan,electricity,wind,wind_offshore,2040,0.28
Pakistan,electricity,wind,wind_offshore,2045,0.28
Pakistan,electricity,wind,wind_offshore,2050,0.28
Pakistan,electricity,wind,wind_offshore,2055,0.28
Pakistan,electricity,wind,wind_offshore,2060,0.28
Pakistan,electricity,wind,wind_offshore,2065,0.28
Pakistan,electricity,wind,wind_offshore,2070,0.28
Pakistan,electricity,wind,wind_offshore,2075,0.28
Pakistan,electricity,wind,wind_offshore,2080,0.28
Pakistan,electricity,wind,wind_offshore,2085,0.28
Pakistan,electricity,wind,wind_offshore,2090,0.28
Pakistan,electricity,wind,wind_offshore,2095,0.28
Pakistan,electricity,wind,wind_offshore,2100,0.28
Russia,electricity,wind,wind_offshore,1975,0.44
Russia,electricity,wind,wind_offshore,1990,0.44
Russia,electricity,wind,wind_offshore,2005,0.44
Russia,electricity,wind,wind_offshore,2010,0.44
Russia,electricity,wind,wind_offshore,2015,0.44
Russia,electricity,wind,wind_offshore,2021,0.44
Russia,electricity,wind,wind_offshore,2025,0.44
Russia,electricity,wind,wind_offshore,2030,0.44
Russia,electricity,wind,wind_offshore,2035,0.44
Russia,electricity,wind,wind_offshore,2040,0.44
Russia,electricity,wind,wind_offshore,2045,0.44
Russia,electricity,wind,wind_offshore,2050,0.44
Russia,electricity,wind,wind_offshore,2055,0.44
Russia,electricity,wind,wind_offshore,2060,0.44
Russia,electricity,wind,wind_offshore,2065,0.44
Russia,electricity,wind,wind_offshore,2070,0.44
Russia,electricity,wind,wind_offshore,2075,0.44
Russia,electricity,wind,wind_offshore,2080,0.44
Russia,electricity,wind,wind_offshore,2085,0.44
Russia,electricity,wind,wind_offshore,2090,0.44
Russia,electricity,wind,wind_offshore,2095,0.44
Russia,electricity,wind,wind_offshore,2100,0.44
South Africa,electricity,wind,wind_offshore,1975,0.36
South Africa,electricity,wind,wind_offshore,1990,0.36
South Africa,electricity,wind,wind_offshore,2005,0.36
South Africa,electricity,wind,wind_offshore,2010,0.36
South Africa,electricity,wind,wind_offshore,2015,0.36
South Africa,electricity,wind,wind_offshore,2021,0.36
South Africa,electricity,wind,wind_offshore,2025,0.36
South Africa,electricity,wind,wind_offshore,2030,0.36
South Africa,electricity,wind,wind_offshore,2035,0.36
South Africa,electricity,wind,wind_offshore,2040,0.36
South Africa,electricity,wind,wind_offshore,2045,0.36
South Africa,electricity,wind,wind_offshore,2050,0.36
South Africa,electricity,wind,wind_offshore,2055,0.36
South Africa,electricity,wind,wind_offshore,2060,0.36
South Africa,electricity,wind,wind_offshore,2065,0.36
South Africa,electricity,wind,wind_offshore,2070,0.36
South Africa,electricity,wind,wind_offshore,2075,0.36
South Africa,electricity,wind,wind_offshore,2080,0.36
South Africa,electricity,wind,wind_offshore,2085,0.36
South Africa,electricity,wind,wind_offshore,2090,0.36
South Africa,electricity,wind,wind_offshore,2095,0.36
South Africa,electricity,wind,wind_offshore,2100,0.36
South America_Northern,electricity,wind,wind_offshore,1975,0.44
South America_Northern,electricity,wind,wind_offshore,1990,0.44
South America_Northern,electricity,wind,wind_offshore,2005,0.44
South America_Northern,electricity,wind,wind_offshore,2010,0.44
South America_Northern,electricity,wind,wind_offshore,2015,0.44
South America_Northern,electricity,wind,wind_offshore,2021,0.44
South America_Northern,electricity,wind,wind_offshore,2025,0.44
South America_Northern,electricity,wind,wind_offshore,2030,0.44
South America_Northern,electricity,wind,wind_offshore,2035,0.44
South America_Northern,electricity,wind,wind_offshore,2040,0.44
South America_Northern,electricity,wind,wind_offshore,2045,0.44
South America_Northern,electricity,wind,wind_offshore,2050,0.44
South America_Northern,electricity,wind,wind_offshore,2055,0.44
South America_Northern,electricity,wind,wind_offshore,2060,0.44
South America_Northern,electricity,wind,wind_offshore,2065,0.44
South America_Northern,electricity,wind,wind_offshore,2070,0.44
South America_Northern,electricity,wind,wind_offshore,2075,0.44
South America_Northern,electricity,wind,wind_offshore,2080,0.44
South America_Northern,electricity,wind,wind_offshore,2085,0.44
South America_Northern,electricity,wind,wind_offshore,2090,0.44
South America_Northern,electricity,wind,wind_offshore,2095,0.44
South America_Northern,electricity,wind,wind_offshore,2100,0.44
South America_Southern,electricity,wind,wind_offshore,1975,0.48
South America_Southern,electricity,wind,wind_offshore,1990,0.48
South America_Southern,electricity,wind,wind_offshore,2005,0.48
South America_Southern,electricity,wind,wind_offshore,2010,0.48
South America_Southern,electricity,wind,wind_offshore,2015,0.48
South America_Southern,electricity,wind,wind_offshore,2021,0.48
South America_Southern,electricity,wind,wind_offshore,2025,0.48
South America_Southern,electricity,wind,wind_offshore,2030,0.48
South America_Southern,electricity,wind,wind_offshore,2035,0.48
South America_Southern,electricity,wind,wind_offshore,2040,0.48
South America_Southern,electricity,wind,wind_offshore,2045,0.48
South America_Southern,electricity,wind,wind_offshore,2050,0.48
South America_Southern,electricity,wind,wind_offshore,2055,0.48
South America_Southern,electricity,wind,wind_offshore,2060,0.48
South America_Southern,electricity,wind,wind_offshore,2065,0.48
South America_Southern,electricity,wind,wind_offshore,2070,0.48
South America_Southern,electricity,wind,wind_offshore,2075,0.48
South America_Southern,electricity,wind,wind_offshore,2080,0.48
South America_Southern,electricity,wind,wind_offshore,2085,0.48
South America_Southern,electricity,wind,wind_offshore,2090,0.48
South America_Southern,electricity,wind,wind_offshore,2095,0.48
South America_Southern,electricity,wind,wind_offshore,2100,0.48
South Asia,electricity,wind,wind_offshore,1975,0.36
South Asia,electricity,wind,wind_offshore,1990,0.36
South Asia,electricity,wind,wind_offshore,2005,0.36
South Asia,electricity,wind,wind_offshore,2010,0.36
South Asia,electricity,wind,wind_offshore,2015,0.36
South Asia,electricity,wind,wind_offshore,2021,0.36
South Asia,electricity,wind,wind_offshore,2025,0.36
South Asia,electricity,wind,wind_offshore,2030,0.36
South Asia,electricity,wind,wind_offshore,2035,0.36
South Asia,electricity,wind,wind_offshore,2040,0.36
South Asia,electricity,wind,wind_offshore,2045,0.36
South Asia,electricity,wind,wind_offshore,2050,0.36
South Asia,electricity,wind,wind_offshore,2055,0.36
South Asia,electricity,wind,wind_offshore,2060,0.36
South Asia,electricity,wind,wind_offshore,2065,0.36
South Asia,electricity,wind,wind_offshore,2070,0.36
South Asia,electricity,wind,wind_offshore,2075,0.36
South Asia,electricity,wind,wind_offshore,2080,0.36
South Asia,electricity,wind,wind_offshore,2085,0.36
South Asia,electricity,wind,wind_offshore,2090,0.36
South Asia,electricity,wind,wind_offshore,2095,0.36
South Asia,electricity,wind,wind_offshore,2100,0.36
South Korea,electricity,wind,wind_offshore,1975,0.32
South Korea,electricity,wind,wind_offshore,1990,0.32
South Korea,electricity,wind,wind_offshore,2005,0.32
South Korea,electricity,wind,wind_offshore,2010,0.32
South Korea,electricity,wind,wind_offshore,2015,0.32
South Korea,electricity,wind,wind_offshore,2021,0.32
South Korea,electricity,wind,wind_offshore,2025,0.32
South Korea,electricity,wind,wind_offshore,2030,0.32
South Korea,electricity,wind,wind_offshore,2035,0.32
South Korea,electricity,wind,wind_offshore,2040,0.32
South Korea,electricity,wind,wind_offshore,2045,0.32
South Korea,electricity,wind,wind_offshore,2050,0.32
South Korea,electricity,wind,wind_offshore,2055,0.32
South Korea,electricity,wind,wind_offshore,2060,0.32
South Korea,electricity,wind,wind_offshore,2065,0.32
South Korea,electricity,wind,wind_offshore,2070,0.32
South Korea,electricity,wind,wind_offshore,2075,0.32
South Korea,electricity,wind,wind_offshore,2080,0.32
South Korea,electricity,wind,wind_offshore,2085,0.32
South Korea,electricity,wind,wind_offshore,2090,0.32
South Korea,electricity,wind,wind_offshore,2095,0.32
South Korea,electricity,wind,wind_offshore,2100,0.32
Southeast Asia,electricity,wind,wind_offshore,1975,0.44
Southeast Asia,electricity,wind,wind_offshore,1990,0.44
Southeast Asia,electricity,wind,wind_offshore,2005,0.44
Southeast Asia,electricity,wind,wind_offshore,2010,0.44
Southeast Asia,electricity,wind,wind_offshore,2015,0.44
Southeast Asia,electricity,wind,wind_offshore,2021,0.44
Southeast Asia,electricity,wind,wind_offshore,2025,0.44
Southeast Asia,electricity,wind,wind_offshore,2030,0.44
Southeast Asia,electricity,wind,wind_offshore,2035,0.44
Southeast Asia,electricity,wind,wind_offshore,2040,0.44
Southeast Asia,electricity,wind,wind_offshore,2045,0.44
Southeast Asia,electricity,wind,wind_offshore,2050,0.44
Southeast Asia,electricity,wind,wind_offshore,2055,0.44
Southeast Asia,electricity,wind,wind_offshore,2060,0.44
Southeast Asia,electricity,wind,wind_offshore,2065,0.44
Southeast Asia,electricity,wind,wind_offshore,2070,0.44
Southeast Asia,electricity,wind,wind_offshore,2075,0.44
Southeast Asia,electricity,wind,wind_offshore,2080,0.44
Southeast Asia,electricity,wind,wind_offshore,2085,0.44
Southeast Asia,electricity,wind,wind_offshore,2090,0.44
Southeast Asia,electricity,wind,wind_offshore,2095,0.44
Southeast Asia,electricity,wind,wind_offshore,2100,0.44
Taiwan,electricity,wind,wind_offshore,1975,0.4
Taiwan,electricity,wind,wind_offshore,1990,0.4
Taiwan,electricity,wind,wind_offshore,2005,0.4
Taiwan,electricity,wind,wind_offshore,2010,0.4
Taiwan,electricity,wind,wind_offshore,2015,0.4
Taiwan,electricity,wind,wind_offshore,2021,0.4
Taiwan,electricity,wind,wind_offshore,2025,0.4
Taiwan,electricity,wind,wind_offshore,2030,0.4
Taiwan,electricity,wind,wind_offshore,2035,0.4
Taiwan,electricity,wind,wind_offshore,2040,0.4
Taiwan,electricity,wind,wind_offshore,2045,0.4
Taiwan,electricity,wind,wind_offshore,2050,0.4
Taiwan,electricity,wind,wind_offshore,2055,0.4
Taiwan,electricity,wind,wind_offshore,2060,0.4
Taiwan,electricity,wind,wind_offshore,2065,0.4
Taiwan,electricity,wind,wind_offshore,2070,0.4
Taiwan,electricity,wind,wind_offshore,2075,0.4
Taiwan,electricity,wind,wind_offshore,2080,0.4
Taiwan,electricity,wind,wind_offshore,2085,0.4
Taiwan,electricity,wind,wind_offshore,2090,0.4
Taiwan,electricity,wind,wind_offshore,2095,0.4
Taiwan,electricity,wind,wind_offshore,2100,0.4
Argentina,electricity,wind,wind_offshore,1975,0.48
Argentina,electricity,wind,wind_offshore,1990,0.48
Argentina,electricity,wind,wind_offshore,2005,0.48
Argentina,electricity,wind,wind_offshore,2010,0.48
Argentina,electricity,wind,wind_offshore,2015,0.48
Argentina,electricity,wind,wind_offshore,2021,0.48
Argentina,electricity,wind,wind_offshore,2025,0.48
Argentina,electricity,wind,wind_offshore,2030,0.48
Argentina,electricity,wind,wind_offshore,2035,0.48
Argentina,electricity,wind,wind_offshore,2040,0.48
Argentina,electricity,wind,wind_offshore,2045,0.48
Argentina,electricity,wind,wind_offshore,2050,0.48
Argentina,electricity,wind,wind_offshore,2055,0.48
Argentina,electricity,wind,wind_offshore,2060,0.48
Argentina,electricity,wind,wind_offshore,2065,0.48
Argentina,electricity,wind,wind_offshore,2070,0.48
Argentina,electricity,wind,wind_offshore,2075,0.48
Argentina,electricity,wind,wind_offshore,2080,0.48
Argentina,electricity,wind,wind_offshore,2085,0.48
Argentina,electricity,wind,wind_offshore,2090,0.48
Argentina,electricity,wind,wind_offshore,2095,0.48
Argentina,electricity,wind,wind_offshore,2100,0.48
Colombia,electricity,wind,wind_offshore,1975,0.48
Colombia,electricity,wind,wind_offshore,1990,0.48
Colombia,electricity,wind,wind_offshore,2005,0.48
Colombia,electricity,wind,wind_offshore,2010,0.48
Colombia,electricity,wind,wind_offshore,2015,0.48
Colombia,electricity,wind,wind_offshore,2021,0.48
Colombia,electricity,wind,wind_offshore,2025,0.48
Colombia,electricity,wind,wind_offshore,2030,0.48
Colombia,electricity,wind,wind_offshore,2035,0.48
Colombia,electricity,wind,wind_offshore,2040,0.48
Colombia,electricity,wind,wind_offshore,2045,0.48
Colombia,electricity,wind,wind_offshore,2050,0.48
Colombia,electricity,wind,wind_offshore,2055,0.48
Colombia,electricity,wind,wind_offshore,2060,0.48
Colombia,electricity,wind,wind_offshore,2065,0.48
Colombia,electricity,wind,wind_offshore,2070,0.48
Colombia,electricity,wind,wind_offshore,2075,0.48
Colombia,electricity,wind,wind_offshore,2080,0.48
Colombia,electricity,wind,wind_offshore,2085,0.48
Colombia,electricity,wind,wind_offshore,2090,0.48
Colombia,electricity,wind,wind_offshore,2095,0.48
Colombia,electricity,wind,wind_offshore,2100,0.48
