# Take GHG emissions for the energy system, filter to include only resources
# in model base years, and rename to regional SO2.
# NOTE: only for SDG version - GCAM_v7p1_plus - VanDeVen et al 2026
region,resource,subresource,technology,year,Non.CO2,emiss.coef,emiss.units
USA,crude oil,unconventional oil,unconventional oil,1975,CH4,0.0882,Tg
USA,crude oil,unconventional oil,unconventional oil,1990,CH4,0.0882,Tg
USA,crude oil,unconventional oil,unconventional oil,2005,CH4,0.0882,Tg
USA,crude oil,unconventional oil,unconventional oil,2010,CH4,0.0882,Tg
USA,crude oil,unconventional oil,unconventional oil,2015,CH4,0.0882,Tg
USA,crude oil,unconventional oil,unconventional oil,1975,CO2_FUG,0.2710909091,MTC
USA,crude oil,unconventional oil,unconventional oil,1990,CO2_FUG,0.2710909091,MTC
USA,crude oil,unconventional oil,unconventional oil,2005,CO2_FUG,0.2710909091,MTC
USA,crude oil,unconventional oil,unconventional oil,2010,CO2_FUG,0.2710909091,MTC
USA,crude oil,unconventional oil,unconventional oil,2015,CO2_FUG,0.2710909091,MTC
USA,crude oil,unconventional oil,unconventional oil,1975,N2O,9.39e-07,Tg
USA,crude oil,unconventional oil,unconventional oil,1990,N2O,9.39e-07,Tg
USA,crude oil,unconventional oil,unconventional oil,2005,N2O,9.39e-07,Tg
USA,crude oil,unconventional oil,unconventional oil,2010,N2O,9.39e-07,Tg
USA,crude oil,unconventional oil,unconventional oil,2015,N2O,9.39e-07,Tg
Africa_Eastern,crude oil,unconventional oil,unconventional oil,1975,CH4,0.0882,Tg
Africa_Eastern,crude oil,unconventional oil,unconventional oil,1990,CH4,0.0882,Tg
Africa_Eastern,crude oil,unconventional oil,unconventional oil,2005,CH4,0.0882,Tg
Africa_Eastern,crude oil,unconventional oil,unconventional oil,2010,CH4,0.0882,Tg
Africa_Eastern,crude oil,unconventional oil,unconventional oil,2015,CH4,0.0882,Tg
Africa_Eastern,crude oil,unconventional oil,unconventional oil,1975,CO2_FUG,0.2710909091,MTC
Africa_Eastern,crude oil,unconventional oil,unconventional oil,1990,CO2_FUG,0.2710909091,MTC
Africa_Eastern,crude oil,unconventional oil,unconventional oil,2005,CO2_FUG,0.2710909091,MTC
Africa_Eastern,crude oil,unconventional oil,unconventional oil,2010,CO2_FUG,0.2710909091,MTC
Africa_Eastern,crude oil,unconventional oil,unconventional oil,2015,CO2_FUG,0.2710909091,MTC
Africa_Eastern,crude oil,unconventional oil,unconventional oil,1975,N2O,9.39e-07,Tg
Africa_Eastern,crude oil,unconventional oil,unconventional oil,1990,N2O,9.39e-07,Tg
Africa_Eastern,crude oil,unconventional oil,unconventional oil,2005,N2O,9.39e-07,Tg
Africa_Eastern,crude oil,unconventional oil,unconventional oil,2010,N2O,9.39e-07,Tg
Africa_Eastern,crude oil,unconventional oil,unconventional oil,2015,N2O,9.39e-07,Tg
Africa_Northern,crude oil,unconventional oil,unconventional oil,1975,CH4,0.0882,Tg
Africa_Northern,crude oil,unconventional oil,unconventional oil,1990,CH4,0.0882,Tg
Africa_Northern,crude oil,unconventional oil,unconventional oil,2005,CH4,0.0882,Tg
Africa_Northern,crude oil,unconventional oil,unconventional oil,2010,CH4,0.0882,Tg
Africa_Northern,crude oil,unconventional oil,unconventional oil,2015,CH4,0.0882,Tg
Africa_Northern,crude oil,unconventional oil,unconventional oil,1975,CO2_FUG,0.2710909091,MTC
Africa_Northern,crude oil,unconventional oil,unconventional oil,1990,CO2_FUG,0.2710909091,MTC
Africa_Northern,crude oil,unconventional oil,unconventional oil,2005,CO2_FUG,0.2710909091,MTC
Africa_Northern,crude oil,unconventional oil,unconventional oil,2010,CO2_FUG,0.2710909091,MTC
Africa_Northern,crude oil,unconventional oil,unconventional oil,2015,CO2_FUG,0.2710909091,MTC
Africa_Northern,crude oil,unconventional oil,unconventional oil,1975,N2O,9.39e-07,Tg
Africa_Northern,crude oil,unconventional oil,unconventional oil,1990,N2O,9.39e-07,Tg
Africa_Northern,crude oil,unconventional oil,unconventional oil,2005,N2O,9.39e-07,Tg
Africa_Northern,crude oil,unconventional oil,unconventional oil,2010,N2O,9.39e-07,Tg
Africa_Northern,crude oil,unconventional oil,unconventional oil,2015,N2O,9.39e-07,Tg
Africa_Southern,crude oil,unconventional oil,unconventional oil,1975,CH4,0.0882,Tg
Africa_Southern,crude oil,unconventional oil,unconventional oil,1990,CH4,0.0882,Tg
Africa_Southern,crude oil,unconventional oil,unconventional oil,2005,CH4,0.0882,Tg
Africa_Southern,crude oil,unconventional oil,unconventional oil,2010,CH4,0.0882,Tg
Africa_Southern,crude oil,unconventional oil,unconventional oil,2015,CH4,0.0882,Tg
Africa_Southern,crude oil,unconventional oil,unconventional oil,1975,CO2_FUG,0.2710909091,MTC
Africa_Southern,crude oil,unconventional oil,unconventional oil,1990,CO2_FUG,0.2710909091,MTC
Africa_Southern,crude oil,unconventional oil,unconventional oil,2005,CO2_FUG,0.2710909091,MTC
Africa_Southern,crude oil,unconventional oil,unconventional oil,2010,CO2_FUG,0.2710909091,MTC
Africa_Southern,crude oil,unconventional oil,unconventional oil,2015,CO2_FUG,0.2710909091,MTC
Africa_Southern,crude oil,unconventional oil,unconventional oil,1975,N2O,9.39e-07,Tg
Africa_Southern,crude oil,unconventional oil,unconventional oil,1990,N2O,9.39e-07,Tg
Africa_Southern,crude oil,unconventional oil,unconventional oil,2005,N2O,9.39e-07,Tg
Africa_Southern,crude oil,unconventional oil,unconventional oil,2010,N2O,9.39e-07,Tg
Africa_Southern,crude oil,unconventional oil,unconventional oil,2015,N2O,9.39e-07,Tg
Africa_Western,crude oil,unconventional oil,unconventional oil,1975,CH4,0.0882,Tg
Africa_Western,crude oil,unconventional oil,unconventional oil,1990,CH4,0.0882,Tg
Africa_Western,crude oil,unconventional oil,unconventional oil,2005,CH4,0.0882,Tg
Africa_Western,crude oil,unconventional oil,unconventional oil,2010,CH4,0.0882,Tg
Africa_Western,crude oil,unconventional oil,unconventional oil,2015,CH4,0.0882,Tg
Africa_Western,crude oil,unconventional oil,unconventional oil,1975,CO2_FUG,0.2710909091,MTC
Africa_Western,crude oil,unconventional oil,unconventional oil,1990,CO2_FUG,0.2710909091,MTC
Africa_Western,crude oil,unconventional oil,unconventional oil,2005,CO2_FUG,0.2710909091,MTC
Africa_Western,crude oil,unconventional oil,unconventional oil,2010,CO2_FUG,0.2710909091,MTC
Africa_Western,crude oil,unconventional oil,unconventional oil,2015,CO2_FUG,0.2710909091,MTC
Africa_Western,crude oil,unconventional oil,unconventional oil,1975,N2O,9.39e-07,Tg
Africa_Western,crude oil,unconventional oil,unconventional oil,1990,N2O,9.39e-07,Tg
Africa_Western,crude oil,unconventional oil,unconventional oil,2005,N2O,9.39e-07,Tg
Africa_Western,crude oil,unconventional oil,unconventional oil,2010,N2O,9.39e-07,Tg
Africa_Western,crude oil,unconventional oil,unconventional oil,2015,N2O,9.39e-07,Tg
Australia_NZ,crude oil,unconventional oil,unconventional oil,1975,CH4,0.0882,Tg
Australia_NZ,crude oil,unconventional oil,unconventional oil,1990,CH4,0.0882,Tg
Australia_NZ,crude oil,unconventional oil,unconventional oil,2005,CH4,0.0882,Tg
Australia_NZ,crude oil,unconventional oil,unconventional oil,2010,CH4,0.0882,Tg
Australia_NZ,crude oil,unconventional oil,unconventional oil,2015,CH4,0.0882,Tg
Australia_NZ,crude oil,unconventional oil,unconventional oil,1975,CO2_FUG,0.2710909091,MTC
Australia_NZ,crude oil,unconventional oil,unconventional oil,1990,CO2_FUG,0.2710909091,MTC
Australia_NZ,crude oil,unconventional oil,unconventional oil,2005,CO2_FUG,0.2710909091,MTC
Australia_NZ,crude oil,unconventional oil,unconventional oil,2010,CO2_FUG,0.2710909091,MTC
Australia_NZ,crude oil,unconventional oil,unconventional oil,2015,CO2_FUG,0.2710909091,MTC
Australia_NZ,crude oil,unconventional oil,unconventional oil,1975,N2O,9.39e-07,Tg
Australia_NZ,crude oil,unconventional oil,unconventional oil,1990,N2O,9.39e-07,Tg
Australia_NZ,crude oil,unconventional oil,unconventional oil,2005,N2O,9.39e-07,Tg
Australia_NZ,crude oil,unconventional oil,unconventional oil,2010,N2O,9.39e-07,Tg
Australia_NZ,crude oil,unconventional oil,unconventional oil,2015,N2O,9.39e-07,Tg
Brazil,crude oil,unconventional oil,unconventional oil,1975,CH4,0.0882,Tg
Brazil,crude oil,unconventional oil,unconventional oil,1990,CH4,0.0882,Tg
Brazil,crude oil,unconventional oil,unconventional oil,2005,CH4,0.0882,Tg
Brazil,crude oil,unconventional oil,unconventional oil,2010,CH4,0.0882,Tg
Brazil,crude oil,unconventional oil,unconventional oil,2015,CH4,0.0882,Tg
Brazil,crude oil,unconventional oil,unconventional oil,1975,CO2_FUG,0.2710909091,MTC
Brazil,crude oil,unconventional oil,unconventional oil,1990,CO2_FUG,0.2710909091,MTC
Brazil,crude oil,unconventional oil,unconventional oil,2005,CO2_FUG,0.2710909091,MTC
Brazil,crude oil,unconventional oil,unconventional oil,2010,CO2_FUG,0.2710909091,MTC
Brazil,crude oil,unconventional oil,unconventional oil,2015,CO2_FUG,0.2710909091,MTC
Brazil,crude oil,unconventional oil,unconventional oil,1975,N2O,9.39e-07,Tg
Brazil,crude oil,unconventional oil,unconventional oil,1990,N2O,9.39e-07,Tg
Brazil,crude oil,unconventional oil,unconventional oil,2005,N2O,9.39e-07,Tg
Brazil,crude oil,unconventional oil,unconventional oil,2010,N2O,9.39e-07,Tg
Brazil,crude oil,unconventional oil,unconventional oil,2015,N2O,9.39e-07,Tg
Canada,crude oil,unconventional oil,unconventional oil,1975,CH4,0.02033,Tg
Canada,crude oil,unconventional oil,unconventional oil,1990,CH4,0.02033,Tg
Canada,crude oil,unconventional oil,unconventional oil,2005,CH4,0.02033,Tg
Canada,crude oil,unconventional oil,unconventional oil,2010,CH4,0.02033,Tg
Canada,crude oil,unconventional oil,unconventional oil,2015,CH4,0.02033,Tg
Canada,crude oil,unconventional oil,unconventional oil,1975,CO2_FUG,0.6259090909,MTC
Canada,crude oil,unconventional oil,unconventional oil,1990,CO2_FUG,0.6259090909,MTC
Canada,crude oil,unconventional oil,unconventional oil,2005,CO2_FUG,0.6259090909,MTC
Canada,crude oil,unconventional oil,unconventional oil,2010,CO2_FUG,0.6259090909,MTC
Canada,crude oil,unconventional oil,unconventional oil,2015,CO2_FUG,0.6259090909,MTC
Canada,crude oil,unconventional oil,unconventional oil,1975,N2O,9.112e-07,Tg
Canada,crude oil,unconventional oil,unconventional oil,1990,N2O,9.112e-07,Tg
Canada,crude oil,unconventional oil,unconventional oil,2005,N2O,9.112e-07,Tg
Canada,crude oil,unconventional oil,unconventional oil,2010,N2O,9.112e-07,Tg
Canada,crude oil,unconventional oil,unconventional oil,2015,N2O,9.112e-07,Tg
Central America and Caribbean,crude oil,unconventional oil,unconventional oil,1975,CH4,0.0882,Tg
Central America and Caribbean,crude oil,unconventional oil,unconventional oil,1990,CH4,0.0882,Tg
Central America and Caribbean,crude oil,unconventional oil,unconventional oil,2005,CH4,0.0882,Tg
Central America and Caribbean,crude oil,unconventional oil,unconventional oil,2010,CH4,0.0882,Tg
Central America and Caribbean,crude oil,unconventional oil,unconventional oil,2015,CH4,0.0882,Tg
Central America and Caribbean,crude oil,unconventional oil,unconventional oil,1975,CO2_FUG,0.2710909091,MTC
Central America and Caribbean,crude oil,unconventional oil,unconventional oil,1990,CO2_FUG,0.2710909091,MTC
Central America and Caribbean,crude oil,unconventional oil,unconventional oil,2005,CO2_FUG,0.2710909091,MTC
Central America and Caribbean,crude oil,unconventional oil,unconventional oil,2010,CO2_FUG,0.2710909091,MTC
Central America and Caribbean,crude oil,unconventional oil,unconventional oil,2015,CO2_FUG,0.2710909091,MTC
Central America and Caribbean,crude oil,unconventional oil,unconventional oil,1975,N2O,9.39e-07,Tg
Central America and Caribbean,crude oil,unconventional oil,unconventional oil,1990,N2O,9.39e-07,Tg
Central America and Caribbean,crude oil,unconventional oil,unconventional oil,2005,N2O,9.39e-07,Tg
Central America and Caribbean,crude oil,unconventional oil,unconventional oil,2010,N2O,9.39e-07,Tg
Central America and Caribbean,crude oil,unconventional oil,unconventional oil,2015,N2O,9.39e-07,Tg
Central Asia,crude oil,unconventional oil,unconventional oil,1975,CH4,0.0882,Tg
Central Asia,crude oil,unconventional oil,unconventional oil,1990,CH4,0.0882,Tg
Central Asia,crude oil,unconventional oil,unconventional oil,2005,CH4,0.0882,Tg
Central Asia,crude oil,unconventional oil,unconventional oil,2010,CH4,0.0882,Tg
Central Asia,crude oil,unconventional oil,unconventional oil,2015,CH4,0.0882,Tg
Central Asia,crude oil,unconventional oil,unconventional oil,1975,CO2_FUG,0.2710909091,MTC
Central Asia,crude oil,unconventional oil,unconventional oil,1990,CO2_FUG,0.2710909091,MTC
Central Asia,crude oil,unconventional oil,unconventional oil,2005,CO2_FUG,0.2710909091,MTC
Central Asia,crude oil,unconventional oil,unconventional oil,2010,CO2_FUG,0.2710909091,MTC
Central Asia,crude oil,unconventional oil,unconventional oil,2015,CO2_FUG,0.2710909091,MTC
Central Asia,crude oil,unconventional oil,unconventional oil,1975,N2O,9.39e-07,Tg
Central Asia,crude oil,unconventional oil,unconventional oil,1990,N2O,9.39e-07,Tg
Central Asia,crude oil,unconventional oil,unconventional oil,2005,N2O,9.39e-07,Tg
Central Asia,crude oil,unconventional oil,unconventional oil,2010,N2O,9.39e-07,Tg
Central Asia,crude oil,unconventional oil,unconventional oil,2015,N2O,9.39e-07,Tg
China,crude oil,unconventional oil,unconventional oil,1975,CH4,0.0882,Tg
China,crude oil,unconventional oil,unconventional oil,1990,CH4,0.0882,Tg
China,crude oil,unconventional oil,unconventional oil,2005,CH4,0.0882,Tg
China,crude oil,unconventional oil,unconventional oil,2010,CH4,0.0882,Tg
China,crude oil,unconventional oil,unconventional oil,2015,CH4,0.0882,Tg
China,crude oil,unconventional oil,unconventional oil,1975,CO2_FUG,0.2710909091,MTC
China,crude oil,unconventional oil,unconventional oil,1990,CO2_FUG,0.2710909091,MTC
China,crude oil,unconventional oil,unconventional oil,2005,CO2_FUG,0.2710909091,MTC
China,crude oil,unconventional oil,unconventional oil,2010,CO2_FUG,0.2710909091,MTC
China,crude oil,unconventional oil,unconventional oil,2015,CO2_FUG,0.2710909091,MTC
China,crude oil,unconventional oil,unconventional oil,1975,N2O,9.39e-07,Tg
China,crude oil,unconventional oil,unconventional oil,1990,N2O,9.39e-07,Tg
China,crude oil,unconventional oil,unconventional oil,2005,N2O,9.39e-07,Tg
China,crude oil,unconventional oil,unconventional oil,2010,N2O,9.39e-07,Tg
China,crude oil,unconventional oil,unconventional oil,2015,N2O,9.39e-07,Tg
EU-12,crude oil,unconventional oil,unconventional oil,1975,CH4,0.0882,Tg
EU-12,crude oil,unconventional oil,unconventional oil,1990,CH4,0.0882,Tg
EU-12,crude oil,unconventional oil,unconventional oil,2005,CH4,0.0882,Tg
EU-12,crude oil,unconventional oil,unconventional oil,2010,CH4,0.0882,Tg
EU-12,crude oil,unconventional oil,unconventional oil,2015,CH4,0.0882,Tg
EU-12,crude oil,unconventional oil,unconventional oil,1975,CO2_FUG,0.2710909091,MTC
EU-12,crude oil,unconventional oil,unconventional oil,1990,CO2_FUG,0.2710909091,MTC
EU-12,crude oil,unconventional oil,unconventional oil,2005,CO2_FUG,0.2710909091,MTC
EU-12,crude oil,unconventional oil,unconventional oil,2010,CO2_FUG,0.2710909091,MTC
EU-12,crude oil,unconventional oil,unconventional oil,2015,CO2_FUG,0.2710909091,MTC
EU-12,crude oil,unconventional oil,unconventional oil,1975,N2O,9.39e-07,Tg
EU-12,crude oil,unconventional oil,unconventional oil,1990,N2O,9.39e-07,Tg
EU-12,crude oil,unconventional oil,unconventional oil,2005,N2O,9.39e-07,Tg
EU-12,crude oil,unconventional oil,unconventional oil,2010,N2O,9.39e-07,Tg
EU-12,crude oil,unconventional oil,unconventional oil,2015,N2O,9.39e-07,Tg
EU-15,crude oil,unconventional oil,unconventional oil,1975,CH4,0.0882,Tg
EU-15,crude oil,unconventional oil,unconventional oil,1990,CH4,0.0882,Tg
EU-15,crude oil,unconventional oil,unconventional oil,2005,CH4,0.0882,Tg
EU-15,crude oil,unconventional oil,unconventional oil,2010,CH4,0.0882,Tg
EU-15,crude oil,unconventional oil,unconventional oil,2015,CH4,0.0882,Tg
EU-15,crude oil,unconventional oil,unconventional oil,1975,CO2_FUG,0.2710909091,MTC
EU-15,crude oil,unconventional oil,unconventional oil,1990,CO2_FUG,0.2710909091,MTC
EU-15,crude oil,unconventional oil,unconventional oil,2005,CO2_FUG,0.2710909091,MTC
EU-15,crude oil,unconventional oil,unconventional oil,2010,CO2_FUG,0.2710909091,MTC
EU-15,crude oil,unconventional oil,unconventional oil,2015,CO2_FUG,0.2710909091,MTC
EU-15,crude oil,unconventional oil,unconventional oil,1975,N2O,9.39e-07,Tg
EU-15,crude oil,unconventional oil,unconventional oil,1990,N2O,9.39e-07,Tg
EU-15,crude oil,unconventional oil,unconventional oil,2005,N2O,9.39e-07,Tg
EU-15,crude oil,unconventional oil,unconventional oil,2010,N2O,9.39e-07,Tg
EU-15,crude oil,unconventional oil,unconventional oil,2015,N2O,9.39e-07,Tg
Europe_Eastern,crude oil,unconventional oil,unconventional oil,1975,CH4,0.0882,Tg
Europe_Eastern,crude oil,unconventional oil,unconventional oil,1990,CH4,0.0882,Tg
Europe_Eastern,crude oil,unconventional oil,unconventional oil,2005,CH4,0.0882,Tg
Europe_Eastern,crude oil,unconventional oil,unconventional oil,2010,CH4,0.0882,Tg
Europe_Eastern,crude oil,unconventional oil,unconventional oil,2015,CH4,0.0882,Tg
Europe_Eastern,crude oil,unconventional oil,unconventional oil,1975,CO2_FUG,0.2710909091,MTC
Europe_Eastern,crude oil,unconventional oil,unconventional oil,1990,CO2_FUG,0.2710909091,MTC
Europe_Eastern,crude oil,unconventional oil,unconventional oil,2005,CO2_FUG,0.2710909091,MTC
Europe_Eastern,crude oil,unconventional oil,unconventional oil,2010,CO2_FUG,0.2710909091,MTC
Europe_Eastern,crude oil,unconventional oil,unconventional oil,2015,CO2_FUG,0.2710909091,MTC
Europe_Eastern,crude oil,unconventional oil,unconventional oil,1975,N2O,9.39e-07,Tg
Europe_Eastern,crude oil,unconventional oil,unconventional oil,1990,N2O,9.39e-07,Tg
Europe_Eastern,crude oil,unconventional oil,unconventional oil,2005,N2O,9.39e-07,Tg
Europe_Eastern,crude oil,unconventional oil,unconventional oil,2010,N2O,9.39e-07,Tg
Europe_Eastern,crude oil,unconventional oil,unconventional oil,2015,N2O,9.39e-07,Tg
Europe_Non_EU,crude oil,unconventional oil,unconventional oil,1975,CH4,0.0882,Tg
Europe_Non_EU,crude oil,unconventional oil,unconventional oil,1990,CH4,0.0882,Tg
Europe_Non_EU,crude oil,unconventional oil,unconventional oil,2005,CH4,0.0882,Tg
Europe_Non_EU,crude oil,unconventional oil,unconventional oil,2010,CH4,0.0882,Tg
Europe_Non_EU,crude oil,unconventional oil,unconventional oil,2015,CH4,0.0882,Tg
Europe_Non_EU,crude oil,unconventional oil,unconventional oil,1975,CO2_FUG,0.2710909091,MTC
Europe_Non_EU,crude oil,unconventional oil,unconventional oil,1990,CO2_FUG,0.2710909091,MTC
Europe_Non_EU,crude oil,unconventional oil,unconventional oil,2005,CO2_FUG,0.2710909091,MTC
Europe_Non_EU,crude oil,unconventional oil,unconventional oil,2010,CO2_FUG,0.2710909091,MTC
Europe_Non_EU,crude oil,unconventional oil,unconventional oil,2015,CO2_FUG,0.2710909091,MTC
Europe_Non_EU,crude oil,unconventional oil,unconventional oil,1975,N2O,9.39e-07,Tg
Europe_Non_EU,crude oil,unconventional oil,unconventional oil,1990,N2O,9.39e-07,Tg
Europe_Non_EU,crude oil,unconventional oil,unconventional oil,2005,N2O,9.39e-07,Tg
Europe_Non_EU,crude oil,unconventional oil,unconventional oil,2010,N2O,9.39e-07,Tg
Europe_Non_EU,crude oil,unconventional oil,unconventional oil,2015,N2O,9.39e-07,Tg
European Free Trade Association,crude oil,unconventional oil,unconventional oil,1975,CH4,0.0882,Tg
European Free Trade Association,crude oil,unconventional oil,unconventional oil,1990,CH4,0.0882,Tg
European Free Trade Association,crude oil,unconventional oil,unconventional oil,2005,CH4,0.0882,Tg
European Free Trade Association,crude oil,unconventional oil,unconventional oil,2010,CH4,0.0882,Tg
European Free Trade Association,crude oil,unconventional oil,unconventional oil,2015,CH4,0.0882,Tg
European Free Trade Association,crude oil,unconventional oil,unconventional oil,1975,CO2_FUG,0.2710909091,MTC
European Free Trade Association,crude oil,unconventional oil,unconventional oil,1990,CO2_FUG,0.2710909091,MTC
European Free Trade Association,crude oil,unconventional oil,unconventional oil,2005,CO2_FUG,0.2710909091,MTC
European Free Trade Association,crude oil,unconventional oil,unconventional oil,2010,CO2_FUG,0.2710909091,MTC
European Free Trade Association,crude oil,unconventional oil,unconventional oil,2015,CO2_FUG,0.2710909091,MTC
European Free Trade Association,crude oil,unconventional oil,unconventional oil,1975,N2O,9.39e-07,Tg
European Free Trade Association,crude oil,unconventional oil,unconventional oil,1990,N2O,9.39e-07,Tg
European Free Trade Association,crude oil,unconventional oil,unconventional oil,2005,N2O,9.39e-07,Tg
European Free Trade Association,crude oil,unconventional oil,unconventional oil,2010,N2O,9.39e-07,Tg
European Free Trade Association,crude oil,unconventional oil,unconventional oil,2015,N2O,9.39e-07,Tg
India,crude oil,unconventional oil,unconventional oil,1975,CH4,0.0882,Tg
India,crude oil,unconventional oil,unconventional oil,1990,CH4,0.0882,Tg
India,crude oil,unconventional oil,unconventional oil,2005,CH4,0.0882,Tg
India,crude oil,unconventional oil,unconventional oil,2010,CH4,0.0882,Tg
India,crude oil,unconventional oil,unconventional oil,2015,CH4,0.0882,Tg
India,crude oil,unconventional oil,unconventional oil,1975,CO2_FUG,0.2710909091,MTC
India,crude oil,unconventional oil,unconventional oil,1990,CO2_FUG,0.2710909091,MTC
India,crude oil,unconventional oil,unconventional oil,2005,CO2_FUG,0.2710909091,MTC
India,crude oil,unconventional oil,unconventional oil,2010,CO2_FUG,0.2710909091,MTC
India,crude oil,unconventional oil,unconventional oil,2015,CO2_FUG,0.2710909091,MTC
India,crude oil,unconventional oil,unconventional oil,1975,N2O,9.39e-07,Tg
India,crude oil,unconventional oil,unconventional oil,1990,N2O,9.39e-07,Tg
India,crude oil,unconventional oil,unconventional oil,2005,N2O,9.39e-07,Tg
India,crude oil,unconventional oil,unconventional oil,2010,N2O,9.39e-07,Tg
India,crude oil,unconventional oil,unconventional oil,2015,N2O,9.39e-07,Tg
Indonesia,crude oil,unconventional oil,unconventional oil,1975,CH4,0.0882,Tg
Indonesia,crude oil,unconventional oil,unconventional oil,1990,CH4,0.0882,Tg
Indonesia,crude oil,unconventional oil,unconventional oil,2005,CH4,0.0882,Tg
Indonesia,crude oil,unconventional oil,unconventional oil,2010,CH4,0.0882,Tg
Indonesia,crude oil,unconventional oil,unconventional oil,2015,CH4,0.0882,Tg
Indonesia,crude oil,unconventional oil,unconventional oil,1975,CO2_FUG,0.2710909091,MTC
Indonesia,crude oil,unconventional oil,unconventional oil,1990,CO2_FUG,0.2710909091,MTC
Indonesia,crude oil,unconventional oil,unconventional oil,2005,CO2_FUG,0.2710909091,MTC
Indonesia,crude oil,unconventional oil,unconventional oil,2010,CO2_FUG,0.2710909091,MTC
Indonesia,crude oil,unconventional oil,unconventional oil,2015,CO2_FUG,0.2710909091,MTC
Indonesia,crude oil,unconventional oil,unconventional oil,1975,N2O,9.39e-07,Tg
Indonesia,crude oil,unconventional oil,unconventional oil,1990,N2O,9.39e-07,Tg
Indonesia,crude oil,unconventional oil,unconventional oil,2005,N2O,9.39e-07,Tg
Indonesia,crude oil,unconventional oil,unconventional oil,2010,N2O,9.39e-07,Tg
Indonesia,crude oil,unconventional oil,unconventional oil,2015,N2O,9.39e-07,Tg
Japan,crude oil,unconventional oil,unconventional oil,1975,CH4,0.0882,Tg
Japan,crude oil,unconventional oil,unconventional oil,1990,CH4,0.0882,Tg
Japan,crude oil,unconventional oil,unconventional oil,2005,CH4,0.0882,Tg
Japan,crude oil,unconventional oil,unconventional oil,2010,CH4,0.0882,Tg
Japan,crude oil,unconventional oil,unconventional oil,2015,CH4,0.0882,Tg
Japan,crude oil,unconventional oil,unconventional oil,1975,CO2_FUG,0.2710909091,MTC
Japan,crude oil,unconventional oil,unconventional oil,1990,CO2_FUG,0.2710909091,MTC
Japan,crude oil,unconventional oil,unconventional oil,2005,CO2_FUG,0.2710909091,MTC
Japan,crude oil,unconventional oil,unconventional oil,2010,CO2_FUG,0.2710909091,MTC
Japan,crude oil,unconventional oil,unconventional oil,2015,CO2_FUG,0.2710909091,MTC
Japan,crude oil,unconventional oil,unconventional oil,1975,N2O,9.39e-07,Tg
Japan,crude oil,unconventional oil,unconventional oil,1990,N2O,9.39e-07,Tg
Japan,crude oil,unconventional oil,unconventional oil,2005,N2O,9.39e-07,Tg
Japan,crude oil,unconventional oil,unconventional oil,2010,N2O,9.39e-07,Tg
Japan,crude oil,unconventional oil,unconventional oil,2015,N2O,9.39e-07,Tg
Mexico,crude oil,unconventional oil,unconventional oil,1975,CH4,0.0882,Tg
Mexico,crude oil,unconventional oil,unconventional oil,1990,CH4,0.0882,Tg
Mexico,crude oil,unconventional oil,unconventional oil,2005,CH4,0.0882,Tg
Mexico,crude oil,unconventional oil,unconventional oil,2010,CH4,0.0882,Tg
Mexico,crude oil,unconventional oil,unconventional oil,2015,CH4,0.0882,Tg
Mexico,crude oil,unconventional oil,unconventional oil,1975,CO2_FUG,0.2710909091,MTC
Mexico,crude oil,unconventional oil,unconventional oil,1990,CO2_FUG,0.2710909091,MTC
Mexico,crude oil,unconventional oil,unconventional oil,2005,CO2_FUG,0.2710909091,MTC
Mexico,crude oil,unconventional oil,unconventional oil,2010,CO2_FUG,0.2710909091,MTC
Mexico,crude oil,unconventional oil,unconventional oil,2015,CO2_FUG,0.2710909091,MTC
Mexico,crude oil,unconventional oil,unconventional oil,1975,N2O,9.39e-07,Tg
Mexico,crude oil,unconventional oil,unconventional oil,1990,N2O,9.39e-07,Tg
Mexico,crude oil,unconventional oil,unconventional oil,2005,N2O,9.39e-07,Tg
Mexico,crude oil,unconventional oil,unconventional oil,2010,N2O,9.39e-07,Tg
Mexico,crude oil,unconventional oil,unconventional oil,2015,N2O,9.39e-07,Tg
Middle East,crude oil,unconventional oil,unconventional oil,1975,CH4,0.0882,Tg
Middle East,crude oil,unconventional oil,unconventional oil,1990,CH4,0.0882,Tg
Middle East,crude oil,unconventional oil,unconventional oil,2005,CH4,0.0882,Tg
Middle East,crude oil,unconventional oil,unconventional oil,2010,CH4,0.0882,Tg
Middle East,crude oil,unconventional oil,unconventional oil,2015,CH4,0.0882,Tg
Middle East,crude oil,unconventional oil,unconventional oil,1975,CO2_FUG,0.2710909091,MTC
Middle East,crude oil,unconventional oil,unconventional oil,1990,CO2_FUG,0.2710909091,MTC
Middle East,crude oil,unconventional oil,unconventional oil,2005,CO2_FUG,0.2710909091,MTC
Middle East,crude oil,unconventional oil,unconventional oil,2010,CO2_FUG,0.2710909091,MTC
Middle East,crude oil,unconventional oil,unconventional oil,2015,CO2_FUG,0.2710909091,MTC
Middle East,crude oil,unconventional oil,unconventional oil,1975,N2O,9.39e-07,Tg
Middle East,crude oil,unconventional oil,unconventional oil,1990,N2O,9.39e-07,Tg
Middle East,crude oil,unconventional oil,unconventional oil,2005,N2O,9.39e-07,Tg
Middle East,crude oil,unconventional oil,unconventional oil,2010,N2O,9.39e-07,Tg
Middle East,crude oil,unconventional oil,unconventional oil,2015,N2O,9.39e-07,Tg
Pakistan,crude oil,unconventional oil,unconventional oil,1975,CH4,0.0882,Tg
Pakistan,crude oil,unconventional oil,unconventional oil,1990,CH4,0.0882,Tg
Pakistan,crude oil,unconventional oil,unconventional oil,2005,CH4,0.0882,Tg
Pakistan,crude oil,unconventional oil,unconventional oil,2010,CH4,0.0882,Tg
Pakistan,crude oil,unconventional oil,unconventional oil,2015,CH4,0.0882,Tg
Pakistan,crude oil,unconventional oil,unconventional oil,1975,CO2_FUG,0.2710909091,MTC
Pakistan,crude oil,unconventional oil,unconventional oil,1990,CO2_FUG,0.2710909091,MTC
Pakistan,crude oil,unconventional oil,unconventional oil,2005,CO2_FUG,0.2710909091,MTC
Pakistan,crude oil,unconventional oil,unconventional oil,2010,CO2_FUG,0.2710909091,MTC
Pakistan,crude oil,unconventional oil,unconventional oil,2015,CO2_FUG,0.2710909091,MTC
Pakistan,crude oil,unconventional oil,unconventional oil,1975,N2O,9.39e-07,Tg
Pakistan,crude oil,unconventional oil,unconventional oil,1990,N2O,9.39e-07,Tg
Pakistan,crude oil,unconventional oil,unconventional oil,2005,N2O,9.39e-07,Tg
Pakistan,crude oil,unconventional oil,unconventional oil,2010,N2O,9.39e-07,Tg
Pakistan,crude oil,unconventional oil,unconventional oil,2015,N2O,9.39e-07,Tg
Russia,crude oil,unconventional oil,unconventional oil,1975,CH4,0.0882,Tg
Russia,crude oil,unconventional oil,unconventional oil,1990,CH4,0.0882,Tg
Russia,crude oil,unconventional oil,unconventional oil,2005,CH4,0.0882,Tg
Russia,crude oil,unconventional oil,unconventional oil,2010,CH4,0.0882,Tg
Russia,crude oil,unconventional oil,unconventional oil,2015,CH4,0.0882,Tg
Russia,crude oil,unconventional oil,unconventional oil,1975,CO2_FUG,0.2710909091,MTC
Russia,crude oil,unconventional oil,unconventional oil,1990,CO2_FUG,0.2710909091,MTC
Russia,crude oil,unconventional oil,unconventional oil,2005,CO2_FUG,0.2710909091,MTC
Russia,crude oil,unconventional oil,unconventional oil,2010,CO2_FUG,0.2710909091,MTC
Russia,crude oil,unconventional oil,unconventional oil,2015,CO2_FUG,0.2710909091,MTC
Russia,crude oil,unconventional oil,unconventional oil,1975,N2O,9.39e-07,Tg
Russia,crude oil,unconventional oil,unconventional oil,1990,N2O,9.39e-07,Tg
Russia,crude oil,unconventional oil,unconventional oil,2005,N2O,9.39e-07,Tg
Russia,crude oil,unconventional oil,unconventional oil,2010,N2O,9.39e-07,Tg
Russia,crude oil,unconventional oil,unconventional oil,2015,N2O,9.39e-07,Tg
South Africa,crude oil,unconventional oil,unconventional oil,1975,CH4,0.0882,Tg
South Africa,crude oil,unconventional oil,unconventional oil,1990,CH4,0.0882,Tg
South Africa,crude oil,unconventional oil,unconventional oil,2005,CH4,0.0882,Tg
South Africa,crude oil,unconventional oil,unconventional oil,2010,CH4,0.0882,Tg
South Africa,crude oil,unconventional oil,unconventional oil,2015,CH4,0.0882,Tg
South Africa,crude oil,unconventional oil,unconventional oil,1975,CO2_FUG,0.2710909091,MTC
South Africa,crude oil,unconventional oil,unconventional oil,1990,CO2_FUG,0.2710909091,MTC
South Africa,crude oil,unconventional oil,unconventional oil,2005,CO2_FUG,0.2710909091,MTC
South Africa,crude oil,unconventional oil,unconventional oil,2010,CO2_FUG,0.2710909091,MTC
South Africa,crude oil,unconventional oil,unconventional oil,2015,CO2_FUG,0.2710909091,MTC
South Africa,crude oil,unconventional oil,unconventional oil,1975,N2O,9.39e-07,Tg
South Africa,crude oil,unconventional oil,unconventional oil,1990,N2O,9.39e-07,Tg
South Africa,crude oil,unconventional oil,unconventional oil,2005,N2O,9.39e-07,Tg
South Africa,crude oil,unconventional oil,unconventional oil,2010,N2O,9.39e-07,Tg
South Africa,crude oil,unconventional oil,unconventional oil,2015,N2O,9.39e-07,Tg
South America_Northern,crude oil,unconventional oil,unconventional oil,1975,CH4,0.02033,Tg
South America_Northern,crude oil,unconventional oil,unconventional oil,1990,CH4,0.02033,Tg
South America_Northern,crude oil,unconventional oil,unconventional oil,2005,CH4,0.02033,Tg
South America_Northern,crude oil,unconventional oil,unconventional oil,2010,CH4,0.02033,Tg
South America_Northern,crude oil,unconventional oil,unconventional oil,2015,CH4,0.02033,Tg
South America_Northern,crude oil,unconventional oil,unconventional oil,1975,CO2_FUG,0.6259090909,MTC
South America_Northern,crude oil,unconventional oil,unconventional oil,1990,CO2_FUG,0.6259090909,MTC
South America_Northern,crude oil,unconventional oil,unconventional oil,2005,CO2_FUG,0.6259090909,MTC
South America_Northern,crude oil,unconventional oil,unconventional oil,2010,CO2_FUG,0.6259090909,MTC
South America_Northern,crude oil,unconventional oil,unconventional oil,2015,CO2_FUG,0.6259090909,MTC
South America_Northern,crude oil,unconventional oil,unconventional oil,1975,N2O,9.112e-07,Tg
South America_Northern,crude oil,unconventional oil,unconventional oil,1990,N2O,9.112e-07,Tg
South America_Northern,crude oil,unconventional oil,unconventional oil,2005,N2O,9.112e-07,Tg
South America_Northern,crude oil,unconventional oil,unconventional oil,2010,N2O,9.112e-07,Tg
South America_Northern,crude oil,unconventional oil,unconventional oil,2015,N2O,9.112e-07,Tg
South America_Southern,crude oil,unconventional oil,unconventional oil,1975,CH4,0.0882,Tg
South America_Southern,crude oil,unconventional oil,unconventional oil,1990,CH4,0.0882,Tg
South America_Southern,crude oil,unconventional oil,unconventional oil,2005,CH4,0.0882,Tg
South America_Southern,crude oil,unconventional oil,unconventional oil,2010,CH4,0.0882,Tg
South America_Southern,crude oil,unconventional oil,unconventional oil,2015,CH4,0.0882,Tg
South America_Southern,crude oil,unconventional oil,unconventional oil,1975,CO2_FUG,0.2710909091,MTC
South America_Southern,crude oil,unconventional oil,unconventional oil,1990,CO2_FUG,0.2710909091,MTC
South America_Southern,crude oil,unconventional oil,unconventional oil,2005,CO2_FUG,0.2710909091,MTC
South America_Southern,crude oil,unconventional oil,unconventional oil,2010,CO2_FUG,0.2710909091,MTC
South America_Southern,crude oil,unconventional oil,unconventional oil,2015,CO2_FUG,0.2710909091,MTC
South America_Southern,crude oil,unconventional oil,unconventional oil,1975,N2O,9.39e-07,Tg
South America_Southern,crude oil,unconventional oil,unconventional oil,1990,N2O,9.39e-07,Tg
South America_Southern,crude oil,unconventional oil,unconventional oil,2005,N2O,9.39e-07,Tg
South America_Southern,crude oil,unconventional oil,unconventional oil,2010,N2O,9.39e-07,Tg
South America_Southern,crude oil,unconventional oil,unconventional oil,2015,N2O,9.39e-07,Tg
South Asia,crude oil,unconventional oil,unconventional oil,1975,CH4,0.0882,Tg
South Asia,crude oil,unconventional oil,unconventional oil,1990,CH4,0.0882,Tg
South Asia,crude oil,unconventional oil,unconventional oil,2005,CH4,0.0882,Tg
South Asia,crude oil,unconventional oil,unconventional oil,2010,CH4,0.0882,Tg
South Asia,crude oil,unconventional oil,unconventional oil,2015,CH4,0.0882,Tg
South Asia,crude oil,unconventional oil,unconventional oil,1975,CO2_FUG,0.2710909091,MTC
South Asia,crude oil,unconventional oil,unconventional oil,1990,CO2_FUG,0.2710909091,MTC
South Asia,crude oil,unconventional oil,unconventional oil,2005,CO2_FUG,0.2710909091,MTC
South Asia,crude oil,unconventional oil,unconventional oil,2010,CO2_FUG,0.2710909091,MTC
South Asia,crude oil,unconventional oil,unconventional oil,2015,CO2_FUG,0.2710909091,MTC
South Asia,crude oil,unconventional oil,unconventional oil,1975,N2O,9.39e-07,Tg
South Asia,crude oil,unconventional oil,unconventional oil,1990,N2O,9.39e-07,Tg
South Asia,crude oil,unconventional oil,unconventional oil,2005,N2O,9.39e-07,Tg
South Asia,crude oil,unconventional oil,unconventional oil,2010,N2O,9.39e-07,Tg
South Asia,crude oil,unconventional oil,unconventional oil,2015,N2O,9.39e-07,Tg
South Korea,crude oil,unconventional oil,unconventional oil,1975,CH4,0.0882,Tg
South Korea,crude oil,unconventional oil,unconventional oil,1990,CH4,0.0882,Tg
South Korea,crude oil,unconventional oil,unconventional oil,2005,CH4,0.0882,Tg
South Korea,crude oil,unconventional oil,unconventional oil,2010,CH4,0.0882,Tg
South Korea,crude oil,unconventional oil,unconventional oil,2015,CH4,0.0882,Tg
South Korea,crude oil,unconventional oil,unconventional oil,1975,CO2_FUG,0.2710909091,MTC
South Korea,crude oil,unconventional oil,unconventional oil,1990,CO2_FUG,0.2710909091,MTC
South Korea,crude oil,unconventional oil,unconventional oil,2005,CO2_FUG,0.2710909091,MTC
South Korea,crude oil,unconventional oil,unconventional oil,2010,CO2_FUG,0.2710909091,MTC
South Korea,crude oil,unconventional oil,unconventional oil,2015,CO2_FUG,0.2710909091,MTC
South Korea,crude oil,unconventional oil,unconventional oil,1975,N2O,9.39e-07,Tg
South Korea,crude oil,unconventional oil,unconventional oil,1990,N2O,9.39e-07,Tg
South Korea,crude oil,unconventional oil,unconventional oil,2005,N2O,9.39e-07,Tg
South Korea,crude oil,unconventional oil,unconventional oil,2010,N2O,9.39e-07,Tg
South Korea,crude oil,unconventional oil,unconventional oil,2015,N2O,9.39e-07,Tg
Southeast Asia,crude oil,unconventional oil,unconventional oil,1975,CH4,0.0882,Tg
Southeast Asia,crude oil,unconventional oil,unconventional oil,1990,CH4,0.0882,Tg
Southeast Asia,crude oil,unconventional oil,unconventional oil,2005,CH4,0.0882,Tg
Southeast Asia,crude oil,unconventional oil,unconventional oil,2010,CH4,0.0882,Tg
Southeast Asia,crude oil,unconventional oil,unconventional oil,2015,CH4,0.0882,Tg
Southeast Asia,crude oil,unconventional oil,unconventional oil,1975,CO2_FUG,0.2710909091,MTC
Southeast Asia,crude oil,unconventional oil,unconventional oil,1990,CO2_FUG,0.2710909091,MTC
Southeast Asia,crude oil,unconventional oil,unconventional oil,2005,CO2_FUG,0.2710909091,MTC
Southeast Asia,crude oil,unconventional oil,unconventional oil,2010,CO2_FUG,0.2710909091,MTC
Southeast Asia,crude oil,unconventional oil,unconventional oil,2015,CO2_FUG,0.2710909091,MTC
Southeast Asia,crude oil,unconventional oil,unconventional oil,1975,N2O,9.39e-07,Tg
Southeast Asia,crude oil,unconventional oil,unconventional oil,1990,N2O,9.39e-07,Tg
Southeast Asia,crude oil,unconventional oil,unconventional oil,2005,N2O,9.39e-07,Tg
Southeast Asia,crude oil,unconventional oil,unconventional oil,2010,N2O,9.39e-07,Tg
Southeast Asia,crude oil,unconventional oil,unconventional oil,2015,N2O,9.39e-07,Tg
Taiwan,crude oil,unconventional oil,unconventional oil,1975,CH4,0.0882,Tg
Taiwan,crude oil,unconventional oil,unconventional oil,1990,CH4,0.0882,Tg
Taiwan,crude oil,unconventional oil,unconventional oil,2005,CH4,0.0882,Tg
Taiwan,crude oil,unconventional oil,unconventional oil,2010,CH4,0.0882,Tg
Taiwan,crude oil,unconventional oil,unconventional oil,2015,CH4,0.0882,Tg
Taiwan,crude oil,unconventional oil,unconventional oil,1975,CO2_FUG,0.2710909091,MTC
Taiwan,crude oil,unconventional oil,unconventional oil,1990,CO2_FUG,0.2710909091,MTC
Taiwan,crude oil,unconventional oil,unconventional oil,2005,CO2_FUG,0.2710909091,MTC
Taiwan,crude oil,unconventional oil,unconventional oil,2010,CO2_FUG,0.2710909091,MTC
Taiwan,crude oil,unconventional oil,unconventional oil,2015,CO2_FUG,0.2710909091,MTC
Taiwan,crude oil,unconventional oil,unconventional oil,1975,N2O,9.39e-07,Tg
Taiwan,crude oil,unconventional oil,unconventional oil,1990,N2O,9.39e-07,Tg
Taiwan,crude oil,unconventional oil,unconventional oil,2005,N2O,9.39e-07,Tg
Taiwan,crude oil,unconventional oil,unconventional oil,2010,N2O,9.39e-07,Tg
Taiwan,crude oil,unconventional oil,unconventional oil,2015,N2O,9.39e-07,Tg
Argentina,crude oil,unconventional oil,unconventional oil,1975,CH4,0.0882,Tg
Argentina,crude oil,unconventional oil,unconventional oil,1990,CH4,0.0882,Tg
Argentina,crude oil,unconventional oil,unconventional oil,2005,CH4,0.0882,Tg
Argentina,crude oil,unconventional oil,unconventional oil,2010,CH4,0.0882,Tg
Argentina,crude oil,unconventional oil,unconventional oil,2015,CH4,0.0882,Tg
Argentina,crude oil,unconventional oil,unconventional oil,1975,CO2_FUG,0.2710909091,MTC
Argentina,crude oil,unconventional oil,unconventional oil,1990,CO2_FUG,0.2710909091,MTC
Argentina,crude oil,unconventional oil,unconventional oil,2005,CO2_FUG,0.2710909091,MTC
Argentina,crude oil,unconventional oil,unconventional oil,2010,CO2_FUG,0.2710909091,MTC
Argentina,crude oil,unconventional oil,unconventional oil,2015,CO2_FUG,0.2710909091,MTC
Argentina,crude oil,unconventional oil,unconventional oil,1975,N2O,9.39e-07,Tg
Argentina,crude oil,unconventional oil,unconventional oil,1990,N2O,9.39e-07,Tg
Argentina,crude oil,unconventional oil,unconventional oil,2005,N2O,9.39e-07,Tg
Argentina,crude oil,unconventional oil,unconventional oil,2010,N2O,9.39e-07,Tg
Argentina,crude oil,unconventional oil,unconventional oil,2015,N2O,9.39e-07,Tg
Colombia,crude oil,unconventional oil,unconventional oil,1975,CH4,0.0882,Tg
Colombia,crude oil,unconventional oil,unconventional oil,1990,CH4,0.0882,Tg
Colombia,crude oil,unconventional oil,unconventional oil,2005,CH4,0.0882,Tg
Colombia,crude oil,unconventional oil,unconventional oil,2010,CH4,0.0882,Tg
Colombia,crude oil,unconventional oil,unconventional oil,2015,CH4,0.0882,Tg
Colombia,crude oil,unconventional oil,unconventional oil,1975,CO2_FUG,0.2710909091,MTC
Colombia,crude oil,unconventional oil,unconventional oil,1990,CO2_FUG,0.2710909091,MTC
Colombia,crude oil,unconventional oil,unconventional oil,2005,CO2_FUG,0.2710909091,MTC
Colombia,crude oil,unconventional oil,unconventional oil,2010,CO2_FUG,0.2710909091,MTC
Colombia,crude oil,unconventional oil,unconventional oil,2015,CO2_FUG,0.2710909091,MTC
Colombia,crude oil,unconventional oil,unconventional oil,1975,N2O,9.39e-07,Tg
Colombia,crude oil,unconventional oil,unconventional oil,1990,N2O,9.39e-07,Tg
Colombia,crude oil,unconventional oil,unconventional oil,2005,N2O,9.39e-07,Tg
Colombia,crude oil,unconventional oil,unconventional oil,2010,N2O,9.39e-07,Tg
Colombia,crude oil,unconventional oil,unconventional oil,2015,N2O,9.39e-07,Tg
USA,coal,coal,coal,1975,CH4,0.1918691629,Tg
USA,coal,coal,coal,1975,CO2_FUG,0.4350831414,MTC
USA,coal,coal,coal,1975,N2O,0,Tg
USA,crude oil,crude oil,crude oil,1975,CH4,0.2464354265,Tg
USA,crude oil,crude oil,crude oil,1975,CO2_FUG,0.2969361055,MTC
USA,crude oil,crude oil,crude oil,1975,N2O,3.839362234e-06,Tg
USA,natural gas,natural gas,natural gas,1975,CH4,0.2464354265,Tg
USA,natural gas,natural gas,natural gas,1975,CO2_FUG,0.2969361055,MTC
USA,natural gas,natural gas,natural gas,1975,N2O,3.839362234e-06,Tg
USA,coal,coal,coal,1990,CH4,0.1849336797,Tg
USA,coal,coal,coal,1990,CO2_FUG,0.2676012921,MTC
USA,coal,coal,coal,1990,N2O,0,Tg
USA,crude oil,crude oil,crude oil,1990,CH4,0.2659001918,Tg
USA,crude oil,crude oil,crude oil,1990,CO2_FUG,0.3203896798,MTC
USA,crude oil,crude oil,crude oil,1990,N2O,4.142615243e-06,Tg
USA,natural gas,natural gas,natural gas,1990,CH4,0.2659001918,Tg
USA,natural gas,natural gas,natural gas,1990,CO2_FUG,0.3203896798,MTC
USA,natural gas,natural gas,natural gas,1990,N2O,4.142615243e-06,Tg
USA,coal,coal,coal,2005,CH4,0.1194676675,Tg
USA,coal,coal,coal,2005,CO2_FUG,0.1714565459,MTC
USA,coal,coal,coal,2005,N2O,0,Tg
USA,crude oil,crude oil,crude oil,2005,CH4,0.262737902,Tg
USA,crude oil,crude oil,crude oil,2005,CO2_FUG,0.328420812,MTC
USA,crude oil,crude oil,crude oil,2005,N2O,5.486809072e-06,Tg
USA,natural gas,natural gas,natural gas,2005,CH4,0.262737902,Tg
USA,natural gas,natural gas,natural gas,2005,CO2_FUG,0.328420812,MTC
USA,natural gas,natural gas,natural gas,2005,N2O,5.486809072e-06,Tg
USA,coal,coal,coal,2010,CH4,0.1619274335,Tg
USA,coal,coal,coal,2010,CO2_FUG,0.1797208684,MTC
USA,coal,coal,coal,2010,N2O,0,Tg
USA,crude oil,crude oil,crude oil,2010,CH4,0.2145217957,Tg
USA,crude oil,crude oil,crude oil,2010,CO2_FUG,0.3154489911,MTC
USA,crude oil,crude oil,crude oil,2010,N2O,5.262134304e-06,Tg
USA,natural gas,natural gas,natural gas,2010,CH4,0.2145217957,Tg
USA,natural gas,natural gas,natural gas,2010,CO2_FUG,0.3154489911,MTC
USA,natural gas,natural gas,natural gas,2010,N2O,5.262134304e-06,Tg
USA,coal,coal,coal,2015,CH4,0.1520807417,Tg
USA,coal,coal,coal,2015,CO2_FUG,0.3021471994,MTC
USA,coal,coal,coal,2015,N2O,0,Tg
USA,crude oil,crude oil,crude oil,2015,CH4,0.1493571856,Tg
USA,crude oil,crude oil,crude oil,2015,CO2_FUG,0.3320321004,MTC
USA,crude oil,crude oil,crude oil,2015,N2O,4.91647872e-06,Tg
USA,natural gas,natural gas,natural gas,2015,CH4,0.1493571856,Tg
USA,natural gas,natural gas,natural gas,2015,CO2_FUG,0.3320321004,MTC
USA,natural gas,natural gas,natural gas,2015,N2O,4.91647872e-06,Tg
Africa_Eastern,coal,coal,coal,1975,CH4,0.4172690389,Tg
Africa_Eastern,coal,coal,coal,1975,CO2_FUG,0,MTC
Africa_Eastern,coal,coal,coal,1975,N2O,0,Tg
Africa_Eastern,crude oil,crude oil,crude oil,1975,CH4,0.630934129,Tg
Africa_Eastern,crude oil,crude oil,crude oil,1975,CO2_FUG,0.8464387718,MTC
Africa_Eastern,crude oil,crude oil,crude oil,1975,N2O,1.910766616e-06,Tg
Africa_Eastern,natural gas,natural gas,natural gas,1975,CH4,0.6972649127,Tg
Africa_Eastern,natural gas,natural gas,natural gas,1975,CO2_FUG,0.05703406179,MTC
Africa_Eastern,natural gas,natural gas,natural gas,1975,N2O,0.0002575652432,Tg
Africa_Eastern,coal,coal,coal,1990,CH4,0.3212810093,Tg
Africa_Eastern,coal,coal,coal,1990,CO2_FUG,0,MTC
Africa_Eastern,coal,coal,coal,1990,N2O,5.350158575e-07,Tg
Africa_Eastern,crude oil,crude oil,crude oil,1990,CH4,0.4033424342,Tg
Africa_Eastern,crude oil,crude oil,crude oil,1990,CO2_FUG,0.3499539985,MTC
Africa_Eastern,crude oil,crude oil,crude oil,1990,N2O,2.214751362e-06,Tg
Africa_Eastern,natural gas,natural gas,natural gas,1990,CH4,0.4484087064,Tg
Africa_Eastern,natural gas,natural gas,natural gas,1990,CO2_FUG,0.3268437366,MTC
Africa_Eastern,natural gas,natural gas,natural gas,1990,N2O,2.214751362e-06,Tg
Africa_Eastern,coal,coal,coal,2005,CH4,0.2604471743,Tg
Africa_Eastern,coal,coal,coal,2005,CO2_FUG,0,MTC
Africa_Eastern,coal,coal,coal,2005,N2O,1.488781871e-06,Tg
Africa_Eastern,crude oil,crude oil,crude oil,2005,CH4,0.08655463346,Tg
Africa_Eastern,crude oil,crude oil,crude oil,2005,CO2_FUG,0.1318899969,MTC
Africa_Eastern,crude oil,crude oil,crude oil,2005,N2O,1.810728468e-06,Tg
Africa_Eastern,natural gas,natural gas,natural gas,2005,CH4,0.08655463346,Tg
Africa_Eastern,natural gas,natural gas,natural gas,2005,CO2_FUG,0.1318899969,MTC
Africa_Eastern,natural gas,natural gas,natural gas,2005,N2O,1.810728468e-06,Tg
Africa_Eastern,coal,coal,coal,2010,CH4,0.250985699,Tg
Africa_Eastern,coal,coal,coal,2010,CO2_FUG,0,MTC
Africa_Eastern,coal,coal,coal,2010,N2O,1.444323457e-06,Tg
Africa_Eastern,crude oil,crude oil,crude oil,2010,CH4,0.08440686402,Tg
Africa_Eastern,crude oil,crude oil,crude oil,2010,CO2_FUG,0.1379537562,MTC
Africa_Eastern,crude oil,crude oil,crude oil,2010,N2O,1.646264586e-06,Tg
Africa_Eastern,natural gas,natural gas,natural gas,2010,CH4,0.08440686402,Tg
Africa_Eastern,natural gas,natural gas,natural gas,2010,CO2_FUG,0.1379537562,MTC
Africa_Eastern,natural gas,natural gas,natural gas,2010,N2O,1.646264586e-06,Tg
Africa_Eastern,coal,coal,coal,2015,CH4,0.2463320896,Tg
Africa_Eastern,coal,coal,coal,2015,CO2_FUG,0,MTC
Africa_Eastern,coal,coal,coal,2015,N2O,2.41930166e-06,Tg
Africa_Eastern,crude oil,crude oil,crude oil,2015,CH4,0.1087082594,Tg
Africa_Eastern,crude oil,crude oil,crude oil,2015,CO2_FUG,0.2302709075,MTC
Africa_Eastern,crude oil,crude oil,crude oil,2015,N2O,1.49550789e-06,Tg
Africa_Eastern,natural gas,natural gas,natural gas,2015,CH4,0.1087082594,Tg
Africa_Eastern,natural gas,natural gas,natural gas,2015,CO2_FUG,0.2302709075,MTC
Africa_Eastern,natural gas,natural gas,natural gas,2015,N2O,1.49550789e-06,Tg
Africa_Northern,coal,coal,coal,1975,CH4,1.022306523,Tg
Africa_Northern,coal,coal,coal,1975,CO2_FUG,0.5022921932,MTC
Africa_Northern,coal,coal,coal,1975,N2O,0.0005275967985,Tg
Africa_Northern,crude oil,crude oil,crude oil,1975,CH4,1.701765766,Tg
Africa_Northern,crude oil,crude oil,crude oil,1975,CO2_FUG,1.369379869,MTC
Africa_Northern,crude oil,crude oil,crude oil,1975,N2O,3.851833602e-06,Tg
Africa_Northern,natural gas,natural gas,natural gas,1975,CH4,1.701765766,Tg
Africa_Northern,natural gas,natural gas,natural gas,1975,CO2_FUG,1.369379869,MTC
Africa_Northern,natural gas,natural gas,natural gas,1975,N2O,3.851833602e-06,Tg
Africa_Northern,coal,coal,coal,1990,CH4,1.704404892,Tg
Africa_Northern,coal,coal,coal,1990,CO2_FUG,8.882282247,MTC
Africa_Northern,coal,coal,coal,1990,N2O,0.001249822404,Tg
Africa_Northern,crude oil,crude oil,crude oil,1990,CH4,0.7797810704,Tg
Africa_Northern,crude oil,crude oil,crude oil,1990,CO2_FUG,0.6630828977,MTC
Africa_Northern,crude oil,crude oil,crude oil,1990,N2O,2.142730186e-06,Tg
Africa_Northern,natural gas,natural gas,natural gas,1990,CH4,0.7797810704,Tg
Africa_Northern,natural gas,natural gas,natural gas,1990,CO2_FUG,0.6630828977,MTC
Africa_Northern,natural gas,natural gas,natural gas,1990,N2O,2.142730186e-06,Tg
Africa_Northern,coal,coal,coal,2005,CH4,0.2604471743,Tg
Africa_Northern,coal,coal,coal,2005,CO2_FUG,0.5052578747,MTC
Africa_Northern,coal,coal,coal,2005,N2O,1.488781871e-06,Tg
Africa_Northern,crude oil,crude oil,crude oil,2005,CH4,0.6783217555,Tg
Africa_Northern,crude oil,crude oil,crude oil,2005,CO2_FUG,0.4935345208,MTC
Africa_Northern,crude oil,crude oil,crude oil,2005,N2O,1.842251064e-06,Tg
Africa_Northern,natural gas,natural gas,natural gas,2005,CH4,0.6783217555,Tg
Africa_Northern,natural gas,natural gas,natural gas,2005,CO2_FUG,0.4935345208,MTC
Africa_Northern,natural gas,natural gas,natural gas,2005,N2O,1.842251064e-06,Tg
Africa_Northern,coal,coal,coal,2010,CH4,0.250985699,Tg
Africa_Northern,coal,coal,coal,2010,CO2_FUG,0.3980671409,MTC
Africa_Northern,coal,coal,coal,2010,N2O,1.444323457e-06,Tg
Africa_Northern,crude oil,crude oil,crude oil,2010,CH4,0.5764393886,Tg
Africa_Northern,crude oil,crude oil,crude oil,2010,CO2_FUG,0.4313233661,MTC
Africa_Northern,crude oil,crude oil,crude oil,2010,N2O,1.628390213e-06,Tg
Africa_Northern,natural gas,natural gas,natural gas,2010,CH4,0.5764393886,Tg
Africa_Northern,natural gas,natural gas,natural gas,2010,CO2_FUG,0.4313233661,MTC
Africa_Northern,natural gas,natural gas,natural gas,2010,N2O,1.628390213e-06,Tg
Africa_Northern,coal,coal,coal,2015,CH4,0.2463320896,Tg
Africa_Northern,coal,coal,coal,2015,CO2_FUG,0.3021471994,MTC
Africa_Northern,coal,coal,coal,2015,N2O,2.41930166e-06,Tg
Africa_Northern,crude oil,crude oil,crude oil,2015,CH4,0.5135947804,Tg
Africa_Northern,crude oil,crude oil,crude oil,2015,CO2_FUG,0.5274591968,MTC
Africa_Northern,crude oil,crude oil,crude oil,2015,N2O,1.101913577e-06,Tg
Africa_Northern,natural gas,natural gas,natural gas,2015,CH4,0.5135947804,Tg
Africa_Northern,natural gas,natural gas,natural gas,2015,CO2_FUG,0.5274591968,MTC
Africa_Northern,natural gas,natural gas,natural gas,2015,N2O,1.101913577e-06,Tg
Africa_Southern,coal,coal,coal,1975,CH4,2.070095536,Tg
Africa_Southern,coal,coal,coal,1975,CO2_FUG,1.270985353,MTC
Africa_Southern,coal,coal,coal,1975,N2O,0.002380334399,Tg
Africa_Southern,crude oil,crude oil,crude oil,1975,CH4,4.272861837,Tg
Africa_Southern,crude oil,crude oil,crude oil,1975,CO2_FUG,7.006516788,MTC
Africa_Southern,crude oil,crude oil,crude oil,1975,N2O,1.883423977e-06,Tg
Africa_Southern,natural gas,natural gas,natural gas,1975,CH4,4.272861837,Tg
Africa_Southern,natural gas,natural gas,natural gas,1975,CO2_FUG,0.5039517506,MTC
Africa_Southern,natural gas,natural gas,natural gas,1975,N2O,1.883423977e-06,Tg
Africa_Southern,coal,coal,coal,1990,CH4,1.45815528,Tg
Africa_Southern,coal,coal,coal,1990,CO2_FUG,0,MTC
Africa_Southern,coal,coal,coal,1990,N2O,0.001659922626,Tg
Africa_Southern,crude oil,crude oil,crude oil,1990,CH4,1.210499031,Tg
Africa_Southern,crude oil,crude oil,crude oil,1990,CO2_FUG,1.924379673,MTC
Africa_Southern,crude oil,crude oil,crude oil,1990,N2O,1.829270645e-06,Tg
Africa_Southern,natural gas,natural gas,natural gas,1990,CH4,1.210499031,Tg
Africa_Southern,natural gas,natural gas,natural gas,1990,CO2_FUG,1.924379673,MTC
Africa_Southern,natural gas,natural gas,natural gas,1990,N2O,1.829270645e-06,Tg
Africa_Southern,coal,coal,coal,2005,CH4,3.426224516,Tg
Africa_Southern,coal,coal,coal,2005,CO2_FUG,0.849095734,MTC
Africa_Southern,coal,coal,coal,2005,N2O,0.004261295046,Tg
Africa_Southern,crude oil,crude oil,crude oil,2005,CH4,0.3294777546,Tg
Africa_Southern,crude oil,crude oil,crude oil,2005,CO2_FUG,0.8856640994,MTC
Africa_Southern,crude oil,crude oil,crude oil,2005,N2O,1.768701709e-06,Tg
Africa_Southern,natural gas,natural gas,natural gas,2005,CH4,0.3294777546,Tg
Africa_Southern,natural gas,natural gas,natural gas,2005,CO2_FUG,0.8856640994,MTC
Africa_Southern,natural gas,natural gas,natural gas,2005,N2O,1.768701709e-06,Tg
Africa_Southern,coal,coal,coal,2010,CH4,4.827360614,Tg
Africa_Southern,coal,coal,coal,2010,CO2_FUG,0.421094331,MTC
Africa_Southern,coal,coal,coal,2010,N2O,0.006120782768,Tg
Africa_Southern,crude oil,crude oil,crude oil,2010,CH4,0.2234723046,Tg
Africa_Southern,crude oil,crude oil,crude oil,2010,CO2_FUG,0.5404938993,MTC
Africa_Southern,crude oil,crude oil,crude oil,2010,N2O,1.726269472e-06,Tg
Africa_Southern,natural gas,natural gas,natural gas,2010,CH4,0.2234723046,Tg
Africa_Southern,natural gas,natural gas,natural gas,2010,CO2_FUG,0.5404938993,MTC
Africa_Southern,natural gas,natural gas,natural gas,2010,N2O,1.726269472e-06,Tg
Africa_Southern,coal,coal,coal,2015,CH4,2.031022747,Tg
Africa_Southern,coal,coal,coal,2015,CO2_FUG,0.1486703969,MTC
Africa_Southern,coal,coal,coal,2015,N2O,0.002165502251,Tg
Africa_Southern,crude oil,crude oil,crude oil,2015,CH4,0.271636043,Tg
Africa_Southern,crude oil,crude oil,crude oil,2015,CO2_FUG,0.6752604326,MTC
Africa_Southern,crude oil,crude oil,crude oil,2015,N2O,1.736966359e-06,Tg
Africa_Southern,natural gas,natural gas,natural gas,2015,CH4,0.271636043,Tg
Africa_Southern,natural gas,natural gas,natural gas,2015,CO2_FUG,0.6752604326,MTC
Africa_Southern,natural gas,natural gas,natural gas,2015,N2O,1.736966359e-06,Tg
Africa_Western,coal,coal,coal,1975,CH4,0.4172690389,Tg
Africa_Western,coal,coal,coal,1975,CO2_FUG,0,MTC
Africa_Western,coal,coal,coal,1975,N2O,0,Tg
Africa_Western,crude oil,crude oil,crude oil,1975,CH4,2.495988499,Tg
Africa_Western,crude oil,crude oil,crude oil,1975,CO2_FUG,4.066377335,MTC
Africa_Western,crude oil,crude oil,crude oil,1975,N2O,1.891350898e-06,Tg
Africa_Western,natural gas,natural gas,natural gas,1975,CH4,2.495988499,Tg
Africa_Western,natural gas,natural gas,natural gas,1975,CO2_FUG,0.5039517506,MTC
Africa_Western,natural gas,natural gas,natural gas,1975,N2O,1.891350898e-06,Tg
Africa_Western,coal,coal,coal,1990,CH4,0.3212810093,Tg
Africa_Western,coal,coal,coal,1990,CO2_FUG,0,MTC
Africa_Western,coal,coal,coal,1990,N2O,5.350158575e-07,Tg
Africa_Western,crude oil,crude oil,crude oil,1990,CH4,1.703531766,Tg
Africa_Western,crude oil,crude oil,crude oil,1990,CO2_FUG,2.735456676,MTC
Africa_Western,crude oil,crude oil,crude oil,1990,N2O,1.849803457e-06,Tg
Africa_Western,natural gas,natural gas,natural gas,1990,CH4,1.703531766,Tg
Africa_Western,natural gas,natural gas,natural gas,1990,CO2_FUG,2.735456676,MTC
Africa_Western,natural gas,natural gas,natural gas,1990,N2O,1.849803457e-06,Tg
Africa_Western,coal,coal,coal,2005,CH4,0.2604471743,Tg
Africa_Western,coal,coal,coal,2005,CO2_FUG,0.04252385922,MTC
Africa_Western,coal,coal,coal,2005,N2O,1.488781871e-06,Tg
Africa_Western,crude oil,crude oil,crude oil,2005,CH4,0.857757335,Tg
Africa_Western,crude oil,crude oil,crude oil,2005,CO2_FUG,0.2664130795,MTC
Africa_Western,crude oil,crude oil,crude oil,2005,N2O,1.689614415e-06,Tg
Africa_Western,natural gas,natural gas,natural gas,2005,CH4,0.857757335,Tg
Africa_Western,natural gas,natural gas,natural gas,2005,CO2_FUG,0.2973405337,MTC
Africa_Western,natural gas,natural gas,natural gas,2005,N2O,1.689614415e-06,Tg
Africa_Western,coal,coal,coal,2010,CH4,0.250985699,Tg
Africa_Western,coal,coal,coal,2010,CO2_FUG,1.008464949,MTC
Africa_Western,coal,coal,coal,2010,N2O,1.444323457e-06,Tg
Africa_Western,crude oil,crude oil,crude oil,2010,CH4,0.6508471277,Tg
Africa_Western,crude oil,crude oil,crude oil,2010,CO2_FUG,0.2119865294,MTC
Africa_Western,crude oil,crude oil,crude oil,2010,N2O,1.64947714e-06,Tg
Africa_Western,natural gas,natural gas,natural gas,2010,CH4,0.6508471277,Tg
Africa_Western,natural gas,natural gas,natural gas,2010,CO2_FUG,0.2279236143,MTC
Africa_Western,natural gas,natural gas,natural gas,2010,N2O,1.64947714e-06,Tg
Africa_Western,coal,coal,coal,2015,CH4,0.2463320896,Tg
Africa_Western,coal,coal,coal,2015,CO2_FUG,0,MTC
Africa_Western,coal,coal,coal,2015,N2O,2.41930166e-06,Tg
Africa_Western,crude oil,crude oil,crude oil,2015,CH4,0.6430735248,Tg
Africa_Western,crude oil,crude oil,crude oil,2015,CO2_FUG,0.2651119237,MTC
Africa_Western,crude oil,crude oil,crude oil,2015,N2O,1.633030437e-06,Tg
Africa_Western,natural gas,natural gas,natural gas,2015,CH4,0.6430735248,Tg
Africa_Western,natural gas,natural gas,natural gas,2015,CO2_FUG,0.2662339671,MTC
Africa_Western,natural gas,natural gas,natural gas,2015,N2O,1.633030437e-06,Tg
Australia_NZ,coal,coal,coal,1975,CH4,0.2781838331,Tg
Australia_NZ,coal,coal,coal,1975,CO2_FUG,0.5835789459,MTC
Australia_NZ,coal,coal,coal,1975,N2O,0,Tg
Australia_NZ,crude oil,crude oil,crude oil,1975,CH4,0.09495818293,Tg
Australia_NZ,crude oil,crude oil,crude oil,1975,CO2_FUG,1.400235091,MTC
Australia_NZ,crude oil,crude oil,crude oil,1975,N2O,9.486013043e-05,Tg
Australia_NZ,natural gas,natural gas,natural gas,1975,CH4,0.09495818293,Tg
Australia_NZ,natural gas,natural gas,natural gas,1975,CO2_FUG,1.400235091,MTC
Australia_NZ,natural gas,natural gas,natural gas,1975,N2O,9.486013043e-05,Tg
Australia_NZ,coal,coal,coal,1990,CH4,0.1917632321,Tg
Australia_NZ,coal,coal,coal,1990,CO2_FUG,0.1571776891,MTC
Australia_NZ,coal,coal,coal,1990,N2O,0,Tg
Australia_NZ,crude oil,crude oil,crude oil,1990,CH4,0.1744916714,Tg
Australia_NZ,crude oil,crude oil,crude oil,1990,CO2_FUG,0.8375829161,MTC
Australia_NZ,crude oil,crude oil,crude oil,1990,N2O,6.347133448e-05,Tg
Australia_NZ,natural gas,natural gas,natural gas,1990,CH4,0.1744916714,Tg
Australia_NZ,natural gas,natural gas,natural gas,1990,CO2_FUG,0.8375829161,MTC
Australia_NZ,natural gas,natural gas,natural gas,1990,N2O,6.347133448e-05,Tg
Australia_NZ,coal,coal,coal,2005,CH4,0.1179319207,Tg
Australia_NZ,coal,coal,coal,2005,CO2_FUG,0.04385830257,MTC
Australia_NZ,coal,coal,coal,2005,N2O,0,Tg
Australia_NZ,crude oil,crude oil,crude oil,2005,CH4,0.1127672652,Tg
Australia_NZ,crude oil,crude oil,crude oil,2005,CO2_FUG,0.7302385902,MTC
Australia_NZ,crude oil,crude oil,crude oil,2005,N2O,3.195953821e-05,Tg
Australia_NZ,natural gas,natural gas,natural gas,2005,CH4,0.1127672652,Tg
Australia_NZ,natural gas,natural gas,natural gas,2005,CO2_FUG,0.7302385902,MTC
Australia_NZ,natural gas,natural gas,natural gas,2005,N2O,3.195953821e-05,Tg
Australia_NZ,coal,coal,coal,2010,CH4,0.1028711223,Tg
Australia_NZ,coal,coal,coal,2010,CO2_FUG,0.09981349946,MTC
Australia_NZ,coal,coal,coal,2010,N2O,0,Tg
Australia_NZ,crude oil,crude oil,crude oil,2010,CH4,0.1076633655,Tg
Australia_NZ,crude oil,crude oil,crude oil,2010,CO2_FUG,0.7335108977,MTC
Australia_NZ,crude oil,crude oil,crude oil,2010,N2O,3.306365906e-05,Tg
Australia_NZ,natural gas,natural gas,natural gas,2010,CH4,0.1076633655,Tg
Australia_NZ,natural gas,natural gas,natural gas,2010,CO2_FUG,0.7335108977,MTC
Australia_NZ,natural gas,natural gas,natural gas,2010,N2O,3.306365906e-05,Tg
Australia_NZ,coal,coal,coal,2015,CH4,0.08271760866,Tg
Australia_NZ,coal,coal,coal,2015,CO2_FUG,0.02771241831,MTC
Australia_NZ,coal,coal,coal,2015,N2O,0,Tg
Australia_NZ,crude oil,crude oil,crude oil,2015,CH4,0.1155535336,Tg
Australia_NZ,crude oil,crude oil,crude oil,2015,CO2_FUG,0.8480055164,MTC
Australia_NZ,crude oil,crude oil,crude oil,2015,N2O,1.736966359e-06,Tg
Australia_NZ,natural gas,natural gas,natural gas,2015,CH4,0.1155535336,Tg
Australia_NZ,natural gas,natural gas,natural gas,2015,CO2_FUG,0.8480055164,MTC
Australia_NZ,natural gas,natural gas,natural gas,2015,N2O,1.68478136e-06,Tg
Brazil,coal,coal,coal,1975,CH4,0.4172690389,Tg
Brazil,coal,coal,coal,1975,CO2_FUG,7.65256318,MTC
Brazil,coal,coal,coal,1975,N2O,0,Tg
Brazil,crude oil,crude oil,crude oil,1975,CH4,0.4904896974,Tg
Brazil,crude oil,crude oil,crude oil,1975,CO2_FUG,0.6675691463,MTC
Brazil,crude oil,crude oil,crude oil,1975,N2O,1.823111236e-06,Tg
Brazil,natural gas,natural gas,natural gas,1975,CH4,0.4904896974,Tg
Brazil,natural gas,natural gas,natural gas,1975,CO2_FUG,0.6675691463,MTC
Brazil,natural gas,natural gas,natural gas,1975,N2O,1.823111236e-06,Tg
Brazil,coal,coal,coal,1990,CH4,8.722115691,Tg
Brazil,coal,coal,coal,1990,CO2_FUG,11.07904805,MTC
Brazil,coal,coal,coal,1990,N2O,0.01118802853,Tg
Brazil,crude oil,crude oil,crude oil,1990,CH4,0.3699327593,Tg
Brazil,crude oil,crude oil,crude oil,1990,CO2_FUG,0.466835463,MTC
Brazil,crude oil,crude oil,crude oil,1990,N2O,1.695174582e-06,Tg
Brazil,natural gas,natural gas,natural gas,1990,CH4,0.3699327593,Tg
Brazil,natural gas,natural gas,natural gas,1990,CO2_FUG,0.466835463,MTC
Brazil,natural gas,natural gas,natural gas,1990,N2O,1.695174582e-06,Tg
Brazil,coal,coal,coal,2005,CH4,0.2604471743,Tg
Brazil,coal,coal,coal,2005,CO2_FUG,3.024182352,MTC
Brazil,coal,coal,coal,2005,N2O,1.488781871e-06,Tg
Brazil,crude oil,crude oil,crude oil,2005,CH4,0.1778538945,Tg
Brazil,crude oil,crude oil,crude oil,2005,CO2_FUG,0.2541285178,MTC
Brazil,crude oil,crude oil,crude oil,2005,N2O,1.683647629e-06,Tg
Brazil,natural gas,natural gas,natural gas,2005,CH4,0.1778538945,Tg
Brazil,natural gas,natural gas,natural gas,2005,CO2_FUG,0.2541285178,MTC
Brazil,natural gas,natural gas,natural gas,2005,N2O,1.683647629e-06,Tg
Brazil,coal,coal,coal,2010,CH4,0.250985699,Tg
Brazil,coal,coal,coal,2010,CO2_FUG,0.3980671409,MTC
Brazil,coal,coal,coal,2010,N2O,1.444323457e-06,Tg
Brazil,crude oil,crude oil,crude oil,2010,CH4,0.1385253287,Tg
Brazil,crude oil,crude oil,crude oil,2010,CO2_FUG,0.1273900137,MTC
Brazil,crude oil,crude oil,crude oil,2010,N2O,1.627477643e-06,Tg
Brazil,natural gas,natural gas,natural gas,2010,CH4,0.1385253287,Tg
Brazil,natural gas,natural gas,natural gas,2010,CO2_FUG,0.1273900137,MTC
Brazil,natural gas,natural gas,natural gas,2010,N2O,1.627477643e-06,Tg
Brazil,coal,coal,coal,2015,CH4,0.2463320896,Tg
Brazil,coal,coal,coal,2015,CO2_FUG,0.3021471994,MTC
Brazil,coal,coal,coal,2015,N2O,2.41930166e-06,Tg
Brazil,crude oil,crude oil,crude oil,2015,CH4,0.1345876734,Tg
Brazil,crude oil,crude oil,crude oil,2015,CO2_FUG,0.08359503359,MTC
Brazil,crude oil,crude oil,crude oil,2015,N2O,1.639048275e-06,Tg
Brazil,natural gas,natural gas,natural gas,2015,CH4,0.1345876734,Tg
Brazil,natural gas,natural gas,natural gas,2015,CO2_FUG,0.08359503359,MTC
Brazil,natural gas,natural gas,natural gas,2015,N2O,1.639048275e-06,Tg
Canada,coal,coal,coal,1975,CH4,0.09740638567,Tg
Canada,coal,coal,coal,1975,CO2_FUG,0.6017704168,MTC
Canada,coal,coal,coal,1975,N2O,0,Tg
Canada,crude oil,crude oil,crude oil,1975,CH4,0.1545162787,Tg
Canada,crude oil,crude oil,crude oil,1975,CO2_FUG,0.3083560481,MTC
Canada,crude oil,crude oil,crude oil,1975,N2O,1.625479307e-05,Tg
Canada,natural gas,natural gas,natural gas,1975,CH4,0.1545162787,Tg
Canada,natural gas,natural gas,natural gas,1975,CO2_FUG,0.3083560481,MTC
Canada,natural gas,natural gas,natural gas,1975,N2O,1.625479307e-05,Tg
Canada,coal,coal,coal,1990,CH4,0.07200881893,Tg
Canada,coal,coal,coal,1990,CO2_FUG,0.1530948089,MTC
Canada,coal,coal,coal,1990,N2O,0,Tg
Canada,crude oil,crude oil,crude oil,1990,CH4,0.2191598473,Tg
Canada,crude oil,crude oil,crude oil,1990,CO2_FUG,0.3666102036,MTC
Canada,crude oil,crude oil,crude oil,1990,N2O,1.740146967e-05,Tg
Canada,natural gas,natural gas,natural gas,1990,CH4,0.1799362291,Tg
Canada,natural gas,natural gas,natural gas,1990,CO2_FUG,0.4177626874,MTC
Canada,natural gas,natural gas,natural gas,1990,N2O,1.414839651e-05,Tg
Canada,coal,coal,coal,2005,CH4,0.03847456609,Tg
Canada,coal,coal,coal,2005,CO2_FUG,0.1125054818,MTC
Canada,coal,coal,coal,2005,N2O,0,Tg
Canada,crude oil,crude oil,crude oil,2005,CH4,0.2246592853,Tg
Canada,crude oil,crude oil,crude oil,2005,CO2_FUG,0.1425595533,MTC
Canada,crude oil,crude oil,crude oil,2005,N2O,4.506128707e-05,Tg
Canada,natural gas,natural gas,natural gas,2005,CH4,0.1410521816,Tg
Canada,natural gas,natural gas,natural gas,2005,CO2_FUG,0.3403356814,MTC
Canada,natural gas,natural gas,natural gas,2005,N2O,2.699603078e-05,Tg
Canada,coal,coal,coal,2010,CH4,0.03955547393,Tg
Canada,coal,coal,coal,2010,CO2_FUG,0.2971105765,MTC
Canada,coal,coal,coal,2010,N2O,0,Tg
Canada,crude oil,crude oil,crude oil,2010,CH4,0.1989099995,Tg
Canada,crude oil,crude oil,crude oil,2010,CO2_FUG,0.07100934411,MTC
Canada,crude oil,crude oil,crude oil,2010,N2O,1.935631964e-06,Tg
Canada,natural gas,natural gas,natural gas,2010,CH4,0.1215622333,Tg
Canada,natural gas,natural gas,natural gas,2010,CO2_FUG,0.3113512412,MTC
Canada,natural gas,natural gas,natural gas,2010,N2O,2.650299942e-05,Tg
Canada,coal,coal,coal,2015,CH4,0.03591698753,Tg
Canada,coal,coal,coal,2015,CO2_FUG,0.1454226857,MTC
Canada,coal,coal,coal,2015,N2O,0,Tg
Canada,crude oil,crude oil,crude oil,2015,CH4,0.1562720503,Tg
Canada,crude oil,crude oil,crude oil,2015,CO2_FUG,0.1238059856,MTC
Canada,crude oil,crude oil,crude oil,2015,N2O,3.401044246e-05,Tg
Canada,natural gas,natural gas,natural gas,2015,CH4,0.1119499822,Tg
Canada,natural gas,natural gas,natural gas,2015,CO2_FUG,0.2875099167,MTC
Canada,natural gas,natural gas,natural gas,2015,N2O,2.321888183e-05,Tg
Central America and Caribbean,coal,coal,coal,1975,CH4,0.4172690389,Tg
Central America and Caribbean,coal,coal,coal,1975,CO2_FUG,0,MTC
Central America and Caribbean,coal,coal,coal,1975,N2O,0,Tg
Central America and Caribbean,crude oil,crude oil,crude oil,1975,CH4,0.3918608165,Tg
Central America and Caribbean,crude oil,crude oil,crude oil,1975,CO2_FUG,0.5039517506,MTC
Central America and Caribbean,crude oil,crude oil,crude oil,1975,N2O,1.930182334e-06,Tg
Central America and Caribbean,natural gas,natural gas,natural gas,1975,CH4,0.3918608165,Tg
Central America and Caribbean,natural gas,natural gas,natural gas,1975,CO2_FUG,0.5039517506,MTC
Central America and Caribbean,natural gas,natural gas,natural gas,1975,N2O,1.930182334e-06,Tg
Central America and Caribbean,coal,coal,coal,1990,CH4,0.3212810093,Tg
Central America and Caribbean,coal,coal,coal,1990,CO2_FUG,0,MTC
Central America and Caribbean,coal,coal,coal,1990,N2O,5.350158575e-07,Tg
Central America and Caribbean,crude oil,crude oil,crude oil,1990,CH4,0.4367521092,Tg
Central America and Caribbean,crude oil,crude oil,crude oil,1990,CO2_FUG,0.2965406032,MTC
Central America and Caribbean,crude oil,crude oil,crude oil,1990,N2O,3.571917011e-06,Tg
Central America and Caribbean,natural gas,natural gas,natural gas,1990,CH4,0.4367521092,Tg
Central America and Caribbean,natural gas,natural gas,natural gas,1990,CO2_FUG,0.2965406032,MTC
Central America and Caribbean,natural gas,natural gas,natural gas,1990,N2O,3.571917011e-06,Tg
Central America and Caribbean,coal,coal,coal,2005,CH4,0.2604471743,Tg
Central America and Caribbean,coal,coal,coal,2005,CO2_FUG,0,MTC
Central America and Caribbean,coal,coal,coal,2005,N2O,1.488781871e-06,Tg
Central America and Caribbean,crude oil,crude oil,crude oil,2005,CH4,0.3074268635,Tg
Central America and Caribbean,crude oil,crude oil,crude oil,2005,CO2_FUG,0.09233190101,MTC
Central America and Caribbean,crude oil,crude oil,crude oil,2005,N2O,4.135712427e-06,Tg
Central America and Caribbean,natural gas,natural gas,natural gas,2005,CH4,0.3074268635,Tg
Central America and Caribbean,natural gas,natural gas,natural gas,2005,CO2_FUG,0.09233190101,MTC
Central America and Caribbean,natural gas,natural gas,natural gas,2005,N2O,4.135712427e-06,Tg
Central America and Caribbean,coal,coal,coal,2010,CH4,0.250985699,Tg
Central America and Caribbean,coal,coal,coal,2010,CO2_FUG,0,MTC
Central America and Caribbean,coal,coal,coal,2010,N2O,1.444323457e-06,Tg
Central America and Caribbean,crude oil,crude oil,crude oil,2010,CH4,0.3003189105,Tg
Central America and Caribbean,crude oil,crude oil,crude oil,2010,CO2_FUG,0.03852464641,MTC
Central America and Caribbean,crude oil,crude oil,crude oil,2010,N2O,4.910228319e-06,Tg
Central America and Caribbean,natural gas,natural gas,natural gas,2010,CH4,0.3003189105,Tg
Central America and Caribbean,natural gas,natural gas,natural gas,2010,CO2_FUG,0.03852464641,MTC
Central America and Caribbean,natural gas,natural gas,natural gas,2010,N2O,4.910228319e-06,Tg
Central America and Caribbean,coal,coal,coal,2015,CH4,0.2463320896,Tg
Central America and Caribbean,coal,coal,coal,2015,CO2_FUG,0,MTC
Central America and Caribbean,coal,coal,coal,2015,N2O,2.41930166e-06,Tg
Central America and Caribbean,crude oil,crude oil,crude oil,2015,CH4,0.3208776792,Tg
Central America and Caribbean,crude oil,crude oil,crude oil,2015,CO2_FUG,0.0456747102,MTC
Central America and Caribbean,crude oil,crude oil,crude oil,2015,N2O,4.469544218e-06,Tg
Central America and Caribbean,natural gas,natural gas,natural gas,2015,CH4,0.3208776792,Tg
Central America and Caribbean,natural gas,natural gas,natural gas,2015,CO2_FUG,0.0456747102,MTC
Central America and Caribbean,natural gas,natural gas,natural gas,2015,N2O,4.469544218e-06,Tg
Central Asia,coal,coal,coal,1975,CH4,0.01139796468,Tg
Central Asia,coal,coal,coal,1975,CO2_FUG,0.01146849925,MTC
Central Asia,coal,coal,coal,1975,N2O,2.034821009e-07,Tg
Central Asia,crude oil,crude oil,crude oil,1975,CH4,0.6972649127,Tg
Central Asia,crude oil,crude oil,crude oil,1975,CO2_FUG,0.3236580781,MTC
Central Asia,crude oil,crude oil,crude oil,1975,N2O,1.69081039e-06,Tg
Central Asia,natural gas,natural gas,natural gas,1975,CH4,0.6972649127,Tg
Central Asia,natural gas,natural gas,natural gas,1975,CO2_FUG,0.3236580781,MTC
Central Asia,natural gas,natural gas,natural gas,1975,N2O,1.69081039e-06,Tg
Central Asia,coal,coal,coal,1990,CH4,0.4576398205,Tg
Central Asia,coal,coal,coal,1990,CO2_FUG,0.02214376901,MTC
Central Asia,coal,coal,coal,1990,N2O,5.265870456e-07,Tg
Central Asia,crude oil,crude oil,crude oil,1990,CH4,0.4847162795,Tg
Central Asia,crude oil,crude oil,crude oil,1990,CO2_FUG,0.2865669941,MTC
Central Asia,crude oil,crude oil,crude oil,1990,N2O,1.115431635e-06,Tg
Central Asia,natural gas,natural gas,natural gas,1990,CH4,0.4847162795,Tg
Central Asia,natural gas,natural gas,natural gas,1990,CO2_FUG,0.2865669941,MTC
Central Asia,natural gas,natural gas,natural gas,1990,N2O,1.115431635e-06,Tg
Central Asia,coal,coal,coal,2005,CH4,0.3067062956,Tg
Central Asia,coal,coal,coal,2005,CO2_FUG,0.6478915908,MTC
Central Asia,coal,coal,coal,2005,N2O,2.002520963e-06,Tg
Central Asia,crude oil,crude oil,crude oil,2005,CH4,0.3824073531,Tg
Central Asia,crude oil,crude oil,crude oil,2005,CO2_FUG,0.3235254509,MTC
Central Asia,crude oil,crude oil,crude oil,2005,N2O,2.020509999e-06,Tg
Central Asia,natural gas,natural gas,natural gas,2005,CH4,0.3824073531,Tg
Central Asia,natural gas,natural gas,natural gas,2005,CO2_FUG,0.3235254509,MTC
Central Asia,natural gas,natural gas,natural gas,2005,N2O,2.020509999e-06,Tg
Central Asia,coal,coal,coal,2010,CH4,0.3546543536,Tg
Central Asia,coal,coal,coal,2010,CO2_FUG,0.4257566448,MTC
Central Asia,coal,coal,coal,2010,N2O,1.444323457e-06,Tg
Central Asia,crude oil,crude oil,crude oil,2010,CH4,0.2856680771,Tg
Central Asia,crude oil,crude oil,crude oil,2010,CO2_FUG,0.1849873549,MTC
Central Asia,crude oil,crude oil,crude oil,2010,N2O,3.737481679e-06,Tg
Central Asia,natural gas,natural gas,natural gas,2010,CH4,0.2856680771,Tg
Central Asia,natural gas,natural gas,natural gas,2010,CO2_FUG,0.1849873549,MTC
Central Asia,natural gas,natural gas,natural gas,2010,N2O,3.737481679e-06,Tg
Central Asia,coal,coal,coal,2015,CH4,0.3656271172,Tg
Central Asia,coal,coal,coal,2015,CO2_FUG,0.8003303777,MTC
Central Asia,coal,coal,coal,2015,N2O,1.44919765e-06,Tg
Central Asia,crude oil,crude oil,crude oil,2015,CH4,0.3561754824,Tg
Central Asia,crude oil,crude oil,crude oil,2015,CO2_FUG,0.4015595824,MTC
Central Asia,crude oil,crude oil,crude oil,2015,N2O,8.963381142e-07,Tg
Central Asia,natural gas,natural gas,natural gas,2015,CH4,0.3561754824,Tg
Central Asia,natural gas,natural gas,natural gas,2015,CO2_FUG,0.4015595824,MTC
Central Asia,natural gas,natural gas,natural gas,2015,N2O,8.963381142e-07,Tg
China,coal,coal,coal,1975,CH4,0.4176631359,Tg
China,coal,coal,coal,1975,CO2_FUG,0.4068276648,MTC
China,coal,coal,coal,1975,N2O,0,Tg
China,crude oil,crude oil,crude oil,1975,CH4,0.2663519578,Tg
China,crude oil,crude oil,crude oil,1975,CO2_FUG,0.1977812388,MTC
China,crude oil,crude oil,crude oil,1975,N2O,0.0001283946907,Tg
China,natural gas,natural gas,natural gas,1975,CH4,0.2663519578,Tg
China,natural gas,natural gas,natural gas,1975,CO2_FUG,0.1977812388,MTC
China,natural gas,natural gas,natural gas,1975,N2O,0.0001283946907,Tg
China,coal,coal,coal,1990,CH4,0.3356536339,Tg
China,coal,coal,coal,1990,CO2_FUG,0.308465847,MTC
China,coal,coal,coal,1990,N2O,0,Tg
China,crude oil,crude oil,crude oil,1990,CH4,0.2284297265,Tg
China,crude oil,crude oil,crude oil,1990,CO2_FUG,0.1997434714,MTC
China,crude oil,crude oil,crude oil,1990,N2O,7.24675347e-05,Tg
China,natural gas,natural gas,natural gas,1990,CH4,0.2284297265,Tg
China,natural gas,natural gas,natural gas,1990,CO2_FUG,0.1997434714,MTC
China,natural gas,natural gas,natural gas,1990,N2O,7.24675347e-05,Tg
China,coal,coal,coal,2005,CH4,0.2664868091,Tg
China,coal,coal,coal,2005,CO2_FUG,0.266914862,MTC
China,coal,coal,coal,2005,N2O,0,Tg
China,crude oil,crude oil,crude oil,2005,CH4,0.210719222,Tg
China,crude oil,crude oil,crude oil,2005,CO2_FUG,0.2100514873,MTC
China,crude oil,crude oil,crude oil,2005,N2O,1.936427519e-06,Tg
China,natural gas,natural gas,natural gas,2005,CH4,0.210719222,Tg
China,natural gas,natural gas,natural gas,2005,CO2_FUG,0.2100514873,MTC
China,natural gas,natural gas,natural gas,2005,N2O,2.020509999e-06,Tg
China,coal,coal,coal,2010,CH4,0.250985699,Tg
China,coal,coal,coal,2010,CO2_FUG,0.3980671409,MTC
China,coal,coal,coal,2010,N2O,0,Tg
China,crude oil,crude oil,crude oil,2010,CH4,0.220398235,Tg
China,crude oil,crude oil,crude oil,2010,CO2_FUG,0.1336289463,MTC
China,crude oil,crude oil,crude oil,2010,N2O,3.823543795e-05,Tg
China,natural gas,natural gas,natural gas,2010,CH4,0.220398235,Tg
China,natural gas,natural gas,natural gas,2010,CO2_FUG,0.1336289463,MTC
China,natural gas,natural gas,natural gas,2010,N2O,2.052387217e-06,Tg
China,coal,coal,coal,2015,CH4,0.2565956069,Tg
China,coal,coal,coal,2015,CO2_FUG,0.6963903341,MTC
China,coal,coal,coal,2015,N2O,0,Tg
China,crude oil,crude oil,crude oil,2015,CH4,0.2368317224,Tg
China,crude oil,crude oil,crude oil,2015,CO2_FUG,0.106417102,MTC
China,crude oil,crude oil,crude oil,2015,N2O,3.393443002e-05,Tg
China,natural gas,natural gas,natural gas,2015,CH4,0.2368317224,Tg
China,natural gas,natural gas,natural gas,2015,CO2_FUG,0.106417102,MTC
China,natural gas,natural gas,natural gas,2015,N2O,3.393443002e-05,Tg
EU-12,coal,coal,coal,1975,CH4,0.2958914974,Tg
EU-12,coal,coal,coal,1975,CO2_FUG,0.86203046,MTC
EU-12,coal,coal,coal,1975,N2O,2.148314462e-08,Tg
EU-12,crude oil,crude oil,crude oil,1975,CH4,0.4261417202,Tg
EU-12,crude oil,crude oil,crude oil,1975,CO2_FUG,0.1607081603,MTC
EU-12,crude oil,crude oil,crude oil,1975,N2O,4.262365856e-06,Tg
EU-12,natural gas,natural gas,natural gas,1975,CH4,0.4261417202,Tg
EU-12,natural gas,natural gas,natural gas,1975,CO2_FUG,0.1607081603,MTC
EU-12,natural gas,natural gas,natural gas,1975,N2O,4.262365856e-06,Tg
EU-12,coal,coal,coal,1990,CH4,0.2280124301,Tg
EU-12,coal,coal,coal,1990,CO2_FUG,0.5463296229,MTC
EU-12,coal,coal,coal,1990,N2O,1.958727157e-08,Tg
EU-12,crude oil,crude oil,crude oil,1990,CH4,0.7014284985,Tg
EU-12,crude oil,crude oil,crude oil,1990,CO2_FUG,0.2842050315,MTC
EU-12,crude oil,crude oil,crude oil,1990,N2O,1.013368427e-05,Tg
EU-12,natural gas,natural gas,natural gas,1990,CH4,0.7014284985,Tg
EU-12,natural gas,natural gas,natural gas,1990,CO2_FUG,0.2842050315,MTC
EU-12,natural gas,natural gas,natural gas,1990,N2O,1.013368427e-05,Tg
EU-12,coal,coal,coal,2005,CH4,0.2906734437,Tg
EU-12,coal,coal,coal,2005,CO2_FUG,0.4327613525,MTC
EU-12,coal,coal,coal,2005,N2O,3.058327387e-07,Tg
EU-12,crude oil,crude oil,crude oil,2005,CH4,0.467448714,Tg
EU-12,crude oil,crude oil,crude oil,2005,CO2_FUG,0.3714455653,MTC
EU-12,crude oil,crude oil,crude oil,2005,N2O,8.079568165e-06,Tg
EU-12,natural gas,natural gas,natural gas,2005,CH4,0.467448714,Tg
EU-12,natural gas,natural gas,natural gas,2005,CO2_FUG,0.3714455653,MTC
EU-12,natural gas,natural gas,natural gas,2005,N2O,8.079568165e-06,Tg
EU-12,coal,coal,coal,2010,CH4,0.2853006495,Tg
EU-12,coal,coal,coal,2010,CO2_FUG,0.5956585023,MTC
EU-12,coal,coal,coal,2010,N2O,8.374551495e-07,Tg
EU-12,crude oil,crude oil,crude oil,2010,CH4,0.4592133866,Tg
EU-12,crude oil,crude oil,crude oil,2010,CO2_FUG,0.5569992912,MTC
EU-12,crude oil,crude oil,crude oil,2010,N2O,8.106356175e-06,Tg
EU-12,natural gas,natural gas,natural gas,2010,CH4,0.4592133866,Tg
EU-12,natural gas,natural gas,natural gas,2010,CO2_FUG,0.5569992912,MTC
EU-12,natural gas,natural gas,natural gas,2010,N2O,8.106356175e-06,Tg
EU-12,coal,coal,coal,2015,CH4,0.289153814,Tg
EU-12,coal,coal,coal,2015,CO2_FUG,0.7159842686,MTC
EU-12,coal,coal,coal,2015,N2O,6.307295866e-07,Tg
EU-12,crude oil,crude oil,crude oil,2015,CH4,0.4688421151,Tg
EU-12,crude oil,crude oil,crude oil,2015,CO2_FUG,0.4742953513,MTC
EU-12,crude oil,crude oil,crude oil,2015,N2O,8.684638423e-06,Tg
EU-12,natural gas,natural gas,natural gas,2015,CH4,0.4688421151,Tg
EU-12,natural gas,natural gas,natural gas,2015,CO2_FUG,0.4742953513,MTC
EU-12,natural gas,natural gas,natural gas,2015,N2O,8.684638423e-06,Tg
EU-15,coal,coal,coal,1975,CH4,0.4168749418,Tg
EU-15,coal,coal,coal,1975,CO2_FUG,1.098932212,MTC
EU-15,coal,coal,coal,1975,N2O,2.784460465e-10,Tg
EU-15,crude oil,crude oil,crude oil,1975,CH4,0.1476021451,Tg
EU-15,crude oil,crude oil,crude oil,1975,CO2_FUG,0.8333128697,MTC
EU-15,crude oil,crude oil,crude oil,1975,N2O,6.34043253e-06,Tg
EU-15,natural gas,natural gas,natural gas,1975,CH4,0.1476021451,Tg
EU-15,natural gas,natural gas,natural gas,1975,CO2_FUG,0.8333128697,MTC
EU-15,natural gas,natural gas,natural gas,1975,N2O,6.34043253e-06,Tg
EU-15,coal,coal,coal,1990,CH4,0.2605317358,Tg
EU-15,coal,coal,coal,1990,CO2_FUG,1.026784218,MTC
EU-15,coal,coal,coal,1990,N2O,5.434446693e-07,Tg
EU-15,crude oil,crude oil,crude oil,1990,CH4,0.1304680131,Tg
EU-15,crude oil,crude oil,crude oil,1990,CO2_FUG,0.5095677807,MTC
EU-15,crude oil,crude oil,crude oil,1990,N2O,2.598668927e-05,Tg
EU-15,natural gas,natural gas,natural gas,1990,CH4,0.1304680131,Tg
EU-15,natural gas,natural gas,natural gas,1990,CO2_FUG,0.5095677807,MTC
EU-15,natural gas,natural gas,natural gas,1990,N2O,2.598668927e-05,Tg
EU-15,coal,coal,coal,2005,CH4,0.1560899396,Tg
EU-15,coal,coal,coal,2005,CO2_FUG,0.6725896845,MTC
EU-15,coal,coal,coal,2005,N2O,9.750427779e-07,Tg
EU-15,crude oil,crude oil,crude oil,2005,CH4,0.07496627714,Tg
EU-15,crude oil,crude oil,crude oil,2005,CO2_FUG,0.4354000383,MTC
EU-15,crude oil,crude oil,crude oil,2005,N2O,2.88070847e-05,Tg
EU-15,natural gas,natural gas,natural gas,2005,CH4,0.07496627714,Tg
EU-15,natural gas,natural gas,natural gas,2005,CO2_FUG,0.4354000383,MTC
EU-15,natural gas,natural gas,natural gas,2005,N2O,2.88070847e-05,Tg
EU-15,coal,coal,coal,2010,CH4,0.1077879101,Tg
EU-15,coal,coal,coal,2010,CO2_FUG,1.204046152,MTC
EU-15,coal,coal,coal,2010,N2O,1.890469271e-06,Tg
EU-15,crude oil,crude oil,crude oil,2010,CH4,0.08568931942,Tg
EU-15,crude oil,crude oil,crude oil,2010,CO2_FUG,0.5023261702,MTC
EU-15,crude oil,crude oil,crude oil,2010,N2O,2.537298421e-05,Tg
EU-15,natural gas,natural gas,natural gas,2010,CH4,0.08568931942,Tg
EU-15,natural gas,natural gas,natural gas,2010,CO2_FUG,0.5023261702,MTC
EU-15,natural gas,natural gas,natural gas,2010,N2O,2.537298421e-05,Tg
EU-15,coal,coal,coal,2015,CH4,0.09865990922,Tg
EU-15,coal,coal,coal,2015,CO2_FUG,1.249738277,MTC
EU-15,coal,coal,coal,2015,N2O,2.41930166e-06,Tg
EU-15,crude oil,crude oil,crude oil,2015,CH4,0.108716493,Tg
EU-15,crude oil,crude oil,crude oil,2015,CO2_FUG,0.7581164974,MTC
EU-15,crude oil,crude oil,crude oil,2015,N2O,3.364497134e-05,Tg
EU-15,natural gas,natural gas,natural gas,2015,CH4,0.108716493,Tg
EU-15,natural gas,natural gas,natural gas,2015,CO2_FUG,0.7581164974,MTC
EU-15,natural gas,natural gas,natural gas,2015,N2O,3.364497134e-05,Tg
Europe_Eastern,coal,coal,coal,1975,CH4,0.4437439498,Tg
Europe_Eastern,coal,coal,coal,1975,CO2_FUG,1.666160755,MTC
Europe_Eastern,coal,coal,coal,1975,N2O,0,Tg
Europe_Eastern,crude oil,crude oil,crude oil,1975,CH4,0.2028089013,Tg
Europe_Eastern,crude oil,crude oil,crude oil,1975,CO2_FUG,0.1300870083,MTC
Europe_Eastern,crude oil,crude oil,crude oil,1975,N2O,2.80740248e-08,Tg
Europe_Eastern,natural gas,natural gas,natural gas,1975,CH4,0.2028089013,Tg
Europe_Eastern,natural gas,natural gas,natural gas,1975,CO2_FUG,0.1300870083,MTC
Europe_Eastern,natural gas,natural gas,natural gas,1975,N2O,2.80740248e-08,Tg
Europe_Eastern,coal,coal,coal,1990,CH4,0.6833659383,Tg
Europe_Eastern,coal,coal,coal,1990,CO2_FUG,2.616827122,MTC
Europe_Eastern,coal,coal,coal,1990,N2O,1.142384032e-06,Tg
Europe_Eastern,crude oil,crude oil,crude oil,1990,CH4,0.4033424342,Tg
Europe_Eastern,crude oil,crude oil,crude oil,1990,CO2_FUG,0.6611526955,MTC
Europe_Eastern,crude oil,crude oil,crude oil,1990,N2O,6.228938908e-06,Tg
Europe_Eastern,natural gas,natural gas,natural gas,1990,CH4,2.013690145,Tg
Europe_Eastern,natural gas,natural gas,natural gas,1990,CO2_FUG,0.6611526955,MTC
Europe_Eastern,natural gas,natural gas,natural gas,1990,N2O,6.228938908e-06,Tg
Europe_Eastern,coal,coal,coal,2005,CH4,0.6972629963,Tg
Europe_Eastern,coal,coal,coal,2005,CO2_FUG,3.988652567,MTC
Europe_Eastern,coal,coal,coal,2005,N2O,2.367244908e-06,Tg
Europe_Eastern,crude oil,crude oil,crude oil,2005,CH4,0.318452309,Tg
Europe_Eastern,crude oil,crude oil,crude oil,2005,CO2_FUG,0.6703116164,MTC
Europe_Eastern,crude oil,crude oil,crude oil,2005,N2O,6.521729625e-06,Tg
Europe_Eastern,natural gas,natural gas,natural gas,2005,CH4,0.3294777546,Tg
Europe_Eastern,natural gas,natural gas,natural gas,2005,CO2_FUG,0.6703116164,MTC
Europe_Eastern,natural gas,natural gas,natural gas,2005,N2O,6.521729625e-06,Tg
Europe_Eastern,coal,coal,coal,2010,CH4,0.6603923103,Tg
Europe_Eastern,coal,coal,coal,2010,CO2_FUG,2.789148996,MTC
Europe_Eastern,coal,coal,coal,2010,N2O,1.147047412e-05,Tg
Europe_Eastern,crude oil,crude oil,crude oil,2010,CH4,0.2899080073,Tg
Europe_Eastern,crude oil,crude oil,crude oil,2010,CO2_FUG,0.6557430754,MTC
Europe_Eastern,crude oil,crude oil,crude oil,2010,N2O,5.676597944e-06,Tg
Europe_Eastern,natural gas,natural gas,natural gas,2010,CH4,0.2941479375,Tg
Europe_Eastern,natural gas,natural gas,natural gas,2010,CO2_FUG,0.6557430754,MTC
Europe_Eastern,natural gas,natural gas,natural gas,2010,N2O,5.676597944e-06,Tg
Europe_Eastern,coal,coal,coal,2015,CH4,0.6693706874,Tg
Europe_Eastern,coal,coal,coal,2015,CO2_FUG,0.14473996,MTC
Europe_Eastern,coal,coal,coal,2015,N2O,2.550706814e-05,Tg
Europe_Eastern,crude oil,crude oil,crude oil,2015,CH4,1.297051009,Tg
Europe_Eastern,crude oil,crude oil,crude oil,2015,CO2_FUG,0.7263028921,MTC
Europe_Eastern,crude oil,crude oil,crude oil,2015,N2O,4.967258142e-06,Tg
Europe_Eastern,natural gas,natural gas,natural gas,2015,CH4,1.297051009,Tg
Europe_Eastern,natural gas,natural gas,natural gas,2015,CO2_FUG,0.7263028921,MTC
Europe_Eastern,natural gas,natural gas,natural gas,2015,N2O,4.967258142e-06,Tg
Europe_Non_EU,coal,coal,coal,1975,CH4,0.3837419815,Tg
Europe_Non_EU,coal,coal,coal,1975,CO2_FUG,1.321054188,MTC
Europe_Non_EU,coal,coal,coal,1975,N2O,0,Tg
Europe_Non_EU,crude oil,crude oil,crude oil,1975,CH4,0.2178897473,Tg
Europe_Non_EU,crude oil,crude oil,crude oil,1975,CO2_FUG,0.5800849718,MTC
Europe_Non_EU,crude oil,crude oil,crude oil,1975,N2O,4.57843709e-06,Tg
Europe_Non_EU,natural gas,natural gas,natural gas,1975,CH4,0.2178897473,Tg
Europe_Non_EU,natural gas,natural gas,natural gas,1975,CO2_FUG,0.5800849718,MTC
Europe_Non_EU,natural gas,natural gas,natural gas,1975,N2O,4.57843709e-06,Tg
Europe_Non_EU,coal,coal,coal,1990,CH4,0.2272881956,Tg
Europe_Non_EU,coal,coal,coal,1990,CO2_FUG,0.9896075904,MTC
Europe_Non_EU,coal,coal,coal,1990,N2O,0,Tg
Europe_Non_EU,crude oil,crude oil,crude oil,1990,CH4,0.1531496413,Tg
Europe_Non_EU,crude oil,crude oil,crude oil,1990,CO2_FUG,0.4794125385,MTC
Europe_Non_EU,crude oil,crude oil,crude oil,1990,N2O,1.289528325e-05,Tg
Europe_Non_EU,natural gas,natural gas,natural gas,1990,CH4,0.1531496413,Tg
Europe_Non_EU,natural gas,natural gas,natural gas,1990,CO2_FUG,0.4794125385,MTC
Europe_Non_EU,natural gas,natural gas,natural gas,1990,N2O,1.289528325e-05,Tg
Europe_Non_EU,coal,coal,coal,2005,CH4,0.2075406842,Tg
Europe_Non_EU,coal,coal,coal,2005,CO2_FUG,0.6038982436,MTC
Europe_Non_EU,coal,coal,coal,2005,N2O,0,Tg
Europe_Non_EU,crude oil,crude oil,crude oil,2005,CH4,0.3166485543,Tg
Europe_Non_EU,crude oil,crude oil,crude oil,2005,CO2_FUG,0.8337546227,MTC
Europe_Non_EU,crude oil,crude oil,crude oil,2005,N2O,9.930106765e-06,Tg
Europe_Non_EU,natural gas,natural gas,natural gas,2005,CH4,0.3166485543,Tg
Europe_Non_EU,natural gas,natural gas,natural gas,2005,CO2_FUG,0.8337546227,MTC
Europe_Non_EU,natural gas,natural gas,natural gas,2005,N2O,9.930106765e-06,Tg
Europe_Non_EU,coal,coal,coal,2010,CH4,0.240860303,Tg
Europe_Non_EU,coal,coal,coal,2010,CO2_FUG,0.2221017319,MTC
Europe_Non_EU,coal,coal,coal,2010,N2O,4.092126896e-07,Tg
Europe_Non_EU,crude oil,crude oil,crude oil,2010,CH4,0.3148369667,Tg
Europe_Non_EU,crude oil,crude oil,crude oil,2010,CO2_FUG,0.5615622325,MTC
Europe_Non_EU,crude oil,crude oil,crude oil,2010,N2O,8.599363916e-06,Tg
Europe_Non_EU,natural gas,natural gas,natural gas,2010,CH4,0.3148369667,Tg
Europe_Non_EU,natural gas,natural gas,natural gas,2010,CO2_FUG,0.5615622325,MTC
Europe_Non_EU,natural gas,natural gas,natural gas,2010,N2O,8.599363916e-06,Tg
Europe_Non_EU,coal,coal,coal,2015,CH4,0.1684755949,Tg
Europe_Non_EU,coal,coal,coal,2015,CO2_FUG,0.8067541862,MTC
Europe_Non_EU,coal,coal,coal,2015,N2O,1.157840289e-05,Tg
Europe_Non_EU,crude oil,crude oil,crude oil,2015,CH4,0.4149781684,Tg
Europe_Non_EU,crude oil,crude oil,crude oil,2015,CO2_FUG,0.334438641,MTC
Europe_Non_EU,crude oil,crude oil,crude oil,2015,N2O,8.477124791e-06,Tg
Europe_Non_EU,natural gas,natural gas,natural gas,2015,CH4,0.4149781684,Tg
Europe_Non_EU,natural gas,natural gas,natural gas,2015,CO2_FUG,0.334438641,MTC
Europe_Non_EU,natural gas,natural gas,natural gas,2015,N2O,8.477124791e-06,Tg
European Free Trade Association,coal,coal,coal,1975,CH4,0.8346180449,Tg
European Free Trade Association,coal,coal,coal,1975,CO2_FUG,6.031149718,MTC
European Free Trade Association,coal,coal,coal,1975,N2O,0,Tg
European Free Trade Association,crude oil,crude oil,crude oil,1975,CH4,0.02851424466,Tg
European Free Trade Association,crude oil,crude oil,crude oil,1975,CO2_FUG,1.942226061,MTC
European Free Trade Association,crude oil,crude oil,crude oil,1975,N2O,4.67231647e-06,Tg
European Free Trade Association,natural gas,natural gas,natural gas,1975,CH4,0.02851424466,Tg
European Free Trade Association,natural gas,natural gas,natural gas,1975,CO2_FUG,1.942226061,MTC
European Free Trade Association,natural gas,natural gas,natural gas,1975,N2O,4.67231647e-06,Tg
European Free Trade Association,coal,coal,coal,1990,CH4,0.7785935048,Tg
European Free Trade Association,coal,coal,coal,1990,CO2_FUG,0.2186737339,MTC
European Free Trade Association,coal,coal,coal,1990,N2O,0,Tg
European Free Trade Association,crude oil,crude oil,crude oil,1990,CH4,0.006190622798,Tg
European Free Trade Association,crude oil,crude oil,crude oil,1990,CO2_FUG,0.1737354902,MTC
European Free Trade Association,crude oil,crude oil,crude oil,1990,N2O,3.641938758e-06,Tg
European Free Trade Association,natural gas,natural gas,natural gas,1990,CH4,0.006190622798,Tg
European Free Trade Association,natural gas,natural gas,natural gas,1990,CO2_FUG,0.1737354902,MTC
European Free Trade Association,natural gas,natural gas,natural gas,1990,N2O,3.641938758e-06,Tg
European Free Trade Association,coal,coal,coal,2005,CH4,0.1040488953,Tg
European Free Trade Association,coal,coal,coal,2005,CO2_FUG,0.02580825809,MTC
European Free Trade Association,coal,coal,coal,2005,N2O,0,Tg
European Free Trade Association,crude oil,crude oil,crude oil,2005,CH4,0.00445534524,Tg
European Free Trade Association,crude oil,crude oil,crude oil,2005,CO2_FUG,0.08412250694,MTC
European Free Trade Association,crude oil,crude oil,crude oil,2005,N2O,1.18197782e-06,Tg
European Free Trade Association,natural gas,natural gas,natural gas,2005,CH4,0.00445534524,Tg
European Free Trade Association,natural gas,natural gas,natural gas,2005,CO2_FUG,0.08412250694,MTC
European Free Trade Association,natural gas,natural gas,natural gas,2005,N2O,1.18197782e-06,Tg
European Free Trade Association,coal,coal,coal,2010,CH4,0.06792981603,Tg
European Free Trade Association,coal,coal,coal,2010,CO2_FUG,0,MTC
European Free Trade Association,coal,coal,coal,2010,N2O,0,Tg
European Free Trade Association,crude oil,crude oil,crude oil,2010,CH4,0.004334534996,Tg
European Free Trade Association,crude oil,crude oil,crude oil,2010,CO2_FUG,0.08951195055,MTC
European Free Trade Association,crude oil,crude oil,crude oil,2010,N2O,1.497347619e-06,Tg
European Free Trade Association,natural gas,natural gas,natural gas,2010,CH4,0.004334534996,Tg
European Free Trade Association,natural gas,natural gas,natural gas,2010,CO2_FUG,0.08951195055,MTC
European Free Trade Association,natural gas,natural gas,natural gas,2010,N2O,1.497347619e-06,Tg
European Free Trade Association,coal,coal,coal,2015,CH4,0.1148202006,Tg
European Free Trade Association,coal,coal,coal,2015,CO2_FUG,0,MTC
European Free Trade Association,coal,coal,coal,2015,N2O,0,Tg
European Free Trade Association,crude oil,crude oil,crude oil,2015,CH4,0.003843188978,Tg
European Free Trade Association,crude oil,crude oil,crude oil,2015,CO2_FUG,0.08821234562,MTC
European Free Trade Association,crude oil,crude oil,crude oil,2015,N2O,1.210675865e-06,Tg
European Free Trade Association,natural gas,natural gas,natural gas,2015,CH4,0.003843188978,Tg
European Free Trade Association,natural gas,natural gas,natural gas,2015,CO2_FUG,0.08821234562,MTC
European Free Trade Association,natural gas,natural gas,natural gas,2015,N2O,1.210675865e-06,Tg
India,coal,coal,coal,1975,CH4,0.6389902449,Tg
India,coal,coal,coal,1975,CO2_FUG,0.006972852255,MTC
India,coal,coal,coal,1975,N2O,0.00015299903,Tg
India,crude oil,crude oil,crude oil,1975,CH4,0.2136130131,Tg
India,crude oil,crude oil,crude oil,1975,CO2_FUG,0.03074156708,MTC
India,crude oil,crude oil,crude oil,1975,N2O,0.0005369490982,Tg
India,natural gas,natural gas,natural gas,1975,CH4,0.2136130131,Tg
India,natural gas,natural gas,natural gas,1975,CO2_FUG,0.03074156708,MTC
India,natural gas,natural gas,natural gas,1975,N2O,0.0005369490982,Tg
India,coal,coal,coal,1990,CH4,0.2681554217,Tg
India,coal,coal,coal,1990,CO2_FUG,0.05810644205,MTC
India,coal,coal,coal,1990,N2O,7.717133271e-05,Tg
India,crude oil,crude oil,crude oil,1990,CH4,0.1659265166,Tg
India,crude oil,crude oil,crude oil,1990,CO2_FUG,0.02858852402,MTC
India,crude oil,crude oil,crude oil,1990,N2O,0.0001261871763,Tg
India,natural gas,natural gas,natural gas,1990,CH4,0.1659265166,Tg
India,natural gas,natural gas,natural gas,1990,CO2_FUG,0.02858852402,MTC
India,natural gas,natural gas,natural gas,1990,N2O,0.0001261871763,Tg
India,coal,coal,coal,2005,CH4,0.2544075396,Tg
India,coal,coal,coal,2005,CO2_FUG,0.577754397,MTC
India,coal,coal,coal,2005,N2O,5.570672362e-05,Tg
India,crude oil,crude oil,crude oil,2005,CH4,0.2264956042,Tg
India,crude oil,crude oil,crude oil,2005,CO2_FUG,0.0124744762,MTC
India,crude oil,crude oil,crude oil,2005,N2O,1.936427519e-06,Tg
India,natural gas,natural gas,natural gas,2005,CH4,0.2264956042,Tg
India,natural gas,natural gas,natural gas,2005,CO2_FUG,0.0124744762,MTC
India,natural gas,natural gas,natural gas,2005,N2O,2.020509999e-06,Tg
India,coal,coal,coal,2010,CH4,0.2517958455,Tg
India,coal,coal,coal,2010,CO2_FUG,0.1731955296,MTC
India,coal,coal,coal,2010,N2O,4.571188842e-05,Tg
India,crude oil,crude oil,crude oil,2010,CH4,0.2506945929,Tg
India,crude oil,crude oil,crude oil,2010,CO2_FUG,0.01196728558,MTC
India,crude oil,crude oil,crude oil,2010,N2O,1.935631964e-06,Tg
India,natural gas,natural gas,natural gas,2010,CH4,0.2506945929,Tg
India,natural gas,natural gas,natural gas,2010,CO2_FUG,0.01196728558,MTC
India,natural gas,natural gas,natural gas,2010,N2O,2.052387217e-06,Tg
India,coal,coal,coal,2015,CH4,0.2463320896,Tg
India,coal,coal,coal,2015,CO2_FUG,0.2274042187,MTC
India,coal,coal,coal,2015,N2O,3.817870432e-05,Tg
India,crude oil,crude oil,crude oil,2015,CH4,0.2582123967,Tg
India,crude oil,crude oil,crude oil,2015,CO2_FUG,0.0540402882,MTC
India,crude oil,crude oil,crude oil,2015,N2O,1.736966359e-06,Tg
India,natural gas,natural gas,natural gas,2015,CH4,0.2582123967,Tg
India,natural gas,natural gas,natural gas,2015,CO2_FUG,0.0540402882,MTC
India,natural gas,natural gas,natural gas,2015,N2O,1.68478136e-06,Tg
Indonesia,coal,coal,coal,1975,CH4,0.4172690389,Tg
Indonesia,coal,coal,coal,1975,CO2_FUG,0,MTC
Indonesia,coal,coal,coal,1975,N2O,0,Tg
Indonesia,crude oil,crude oil,crude oil,1975,CH4,0.5646033454,Tg
Indonesia,crude oil,crude oil,crude oil,1975,CO2_FUG,0.8595646739,MTC
Indonesia,crude oil,crude oil,crude oil,1975,N2O,1.877411878e-06,Tg
Indonesia,natural gas,natural gas,natural gas,1975,CH4,0.5646033454,Tg
Indonesia,natural gas,natural gas,natural gas,1975,CO2_FUG,0.8595646739,MTC
Indonesia,natural gas,natural gas,natural gas,1975,N2O,1.877411878e-06,Tg
Indonesia,coal,coal,coal,1990,CH4,0.8136038977,Tg
Indonesia,coal,coal,coal,1990,CO2_FUG,0,MTC
Indonesia,coal,coal,coal,1990,N2O,0.0007386203142,Tg
Indonesia,crude oil,crude oil,crude oil,1990,CH4,0.5349720181,Tg
Indonesia,crude oil,crude oil,crude oil,1990,CO2_FUG,0.6271552558,MTC
Indonesia,crude oil,crude oil,crude oil,1990,N2O,1.195691365e-06,Tg
Indonesia,natural gas,natural gas,natural gas,1990,CH4,0.5349720181,Tg
Indonesia,natural gas,natural gas,natural gas,1990,CO2_FUG,0.6271552558,MTC
Indonesia,natural gas,natural gas,natural gas,1990,N2O,1.195691365e-06,Tg
Indonesia,coal,coal,coal,2005,CH4,0.2665733487,Tg
Indonesia,coal,coal,coal,2005,CO2_FUG,0.0003047144251,MTC
Indonesia,coal,coal,coal,2005,N2O,2.21943261e-05,Tg
Indonesia,crude oil,crude oil,crude oil,2005,CH4,0.3327390287,Tg
Indonesia,crude oil,crude oil,crude oil,2005,CO2_FUG,0.3489777585,MTC
Indonesia,crude oil,crude oil,crude oil,2005,N2O,1.2327199e-06,Tg
Indonesia,natural gas,natural gas,natural gas,2005,CH4,0.3327390287,Tg
Indonesia,natural gas,natural gas,natural gas,2005,CO2_FUG,0.3489777585,MTC
Indonesia,natural gas,natural gas,natural gas,2005,N2O,1.2327199e-06,Tg
Indonesia,coal,coal,coal,2010,CH4,0.2766563014,Tg
Indonesia,coal,coal,coal,2010,CO2_FUG,0.0002045972445,MTC
Indonesia,coal,coal,coal,2010,N2O,1.134769584e-05,Tg
Indonesia,crude oil,crude oil,crude oil,2010,CH4,0.3156821174,Tg
Indonesia,crude oil,crude oil,crude oil,2010,CO2_FUG,0.2409270334,MTC
Indonesia,crude oil,crude oil,crude oil,2010,N2O,1.431488923e-06,Tg
Indonesia,natural gas,natural gas,natural gas,2010,CH4,0.3156821174,Tg
Indonesia,natural gas,natural gas,natural gas,2010,CO2_FUG,0.2409270334,MTC
Indonesia,natural gas,natural gas,natural gas,2010,N2O,1.431488923e-06,Tg
Indonesia,coal,coal,coal,2015,CH4,0.3766813375,Tg
Indonesia,coal,coal,coal,2015,CO2_FUG,0,MTC
Indonesia,coal,coal,coal,2015,N2O,1.086642896e-05,Tg
Indonesia,crude oil,crude oil,crude oil,2015,CH4,0.3378143266,Tg
Indonesia,crude oil,crude oil,crude oil,2015,CO2_FUG,0.2651119237,MTC
Indonesia,crude oil,crude oil,crude oil,2015,N2O,1.411565554e-06,Tg
Indonesia,natural gas,natural gas,natural gas,2015,CH4,0.3378143266,Tg
Indonesia,natural gas,natural gas,natural gas,2015,CO2_FUG,0.2651119237,MTC
Indonesia,natural gas,natural gas,natural gas,2015,N2O,1.411565554e-06,Tg
Japan,coal,coal,coal,1975,CH4,0.974634396,Tg
Japan,coal,coal,coal,1975,CO2_FUG,8.553019022,MTC
Japan,coal,coal,coal,1975,N2O,0,Tg
Japan,crude oil,crude oil,crude oil,1975,CH4,0.05437345315,Tg
Japan,crude oil,crude oil,crude oil,1975,CO2_FUG,0.3919536036,MTC
Japan,crude oil,crude oil,crude oil,1975,N2O,1.120852314e-06,Tg
Japan,natural gas,natural gas,natural gas,1975,CH4,0.05437345315,Tg
Japan,natural gas,natural gas,natural gas,1975,CO2_FUG,0.3919536036,MTC
Japan,natural gas,natural gas,natural gas,1975,N2O,1.120852314e-06,Tg
Japan,coal,coal,coal,1990,CH4,1.030205312,Tg
Japan,coal,coal,coal,1990,CO2_FUG,10.28420216,MTC
Japan,coal,coal,coal,1990,N2O,1.831824361e-05,Tg
Japan,crude oil,crude oil,crude oil,1990,CH4,0.08256129036,Tg
Japan,crude oil,crude oil,crude oil,1990,CO2_FUG,0.4927341309,MTC
Japan,crude oil,crude oil,crude oil,1990,N2O,3.534745805e-06,Tg
Japan,natural gas,natural gas,natural gas,1990,CH4,0.08256129036,Tg
Japan,natural gas,natural gas,natural gas,1990,CO2_FUG,0.4927341309,MTC
Japan,natural gas,natural gas,natural gas,1990,N2O,3.534745805e-06,Tg
Japan,coal,coal,coal,2005,CH4,0.9645225474,Tg
Japan,coal,coal,coal,2005,CO2_FUG,0.5052578747,MTC
Japan,coal,coal,coal,2005,N2O,6.406655547e-05,Tg
Japan,crude oil,crude oil,crude oil,2005,CH4,0.08470098729,Tg
Japan,crude oil,crude oil,crude oil,2005,CO2_FUG,0.2664130795,MTC
Japan,crude oil,crude oil,crude oil,2005,N2O,2.51312769e-06,Tg
Japan,natural gas,natural gas,natural gas,2005,CH4,0.08470098729,Tg
Japan,natural gas,natural gas,natural gas,2005,CO2_FUG,0.2973405337,MTC
Japan,natural gas,natural gas,natural gas,2005,N2O,2.51312769e-06,Tg
Japan,coal,coal,coal,2010,CH4,0.9240798674,Tg
Japan,coal,coal,coal,2010,CO2_FUG,0.3980671409,MTC
Japan,coal,coal,coal,2010,N2O,5.539707765e-05,Tg
Japan,crude oil,crude oil,crude oil,2010,CH4,0.07714604169,Tg
Japan,crude oil,crude oil,crude oil,2010,CO2_FUG,0.2119865294,MTC
Japan,crude oil,crude oil,crude oil,2010,N2O,2.052387217e-06,Tg
Japan,natural gas,natural gas,natural gas,2010,CH4,0.07714604169,Tg
Japan,natural gas,natural gas,natural gas,2010,CO2_FUG,0.2279236143,MTC
Japan,natural gas,natural gas,natural gas,2010,N2O,2.052387217e-06,Tg
Japan,coal,coal,coal,2015,CH4,0.685395764,Tg
Japan,coal,coal,coal,2015,CO2_FUG,0.3021471994,MTC
Japan,coal,coal,coal,2015,N2O,3.821707115e-05,Tg
Japan,crude oil,crude oil,crude oil,2015,CH4,0.09058503161,Tg
Japan,crude oil,crude oil,crude oil,2015,CO2_FUG,0.2651119237,MTC
Japan,crude oil,crude oil,crude oil,2015,N2O,2.363929752e-06,Tg
Japan,natural gas,natural gas,natural gas,2015,CH4,0.09058503161,Tg
Japan,natural gas,natural gas,natural gas,2015,CO2_FUG,0.2662339671,MTC
Japan,natural gas,natural gas,natural gas,2015,N2O,2.363929752e-06,Tg
Mexico,coal,coal,coal,1975,CH4,0.5895813508,Tg
Mexico,coal,coal,coal,1975,CO2_FUG,7.020866079,MTC
Mexico,coal,coal,coal,1975,N2O,0,Tg
Mexico,crude oil,crude oil,crude oil,1975,CH4,1.075981429,Tg
Mexico,crude oil,crude oil,crude oil,1975,CO2_FUG,1.553986496,MTC
Mexico,crude oil,crude oil,crude oil,1975,N2O,1.496475989e-06,Tg
Mexico,natural gas,natural gas,natural gas,1975,CH4,1.075981429,Tg
Mexico,natural gas,natural gas,natural gas,1975,CO2_FUG,1.553986496,MTC
Mexico,natural gas,natural gas,natural gas,1975,N2O,1.496475989e-06,Tg
Mexico,coal,coal,coal,1990,CH4,0.3081516977,Tg
Mexico,coal,coal,coal,1990,CO2_FUG,1.240402023,MTC
Mexico,coal,coal,coal,1990,N2O,0,Tg
Mexico,crude oil,crude oil,crude oil,1990,CH4,0.1570410426,Tg
Mexico,crude oil,crude oil,crude oil,1990,CO2_FUG,0.09499970835,MTC
Mexico,crude oil,crude oil,crude oil,1990,N2O,1.624066293e-06,Tg
Mexico,natural gas,natural gas,natural gas,1990,CH4,0.1570410426,Tg
Mexico,natural gas,natural gas,natural gas,1990,CO2_FUG,0.09499970835,MTC
Mexico,natural gas,natural gas,natural gas,1990,N2O,1.624066293e-06,Tg
Mexico,coal,coal,coal,2005,CH4,0.2012029211,Tg
Mexico,coal,coal,coal,2005,CO2_FUG,0.6544615802,MTC
Mexico,coal,coal,coal,2005,N2O,0,Tg
Mexico,crude oil,crude oil,crude oil,2005,CH4,0.1484889121,Tg
Mexico,crude oil,crude oil,crude oil,2005,CO2_FUG,0.1220383153,MTC
Mexico,crude oil,crude oil,crude oil,2005,N2O,1.560734314e-06,Tg
Mexico,natural gas,natural gas,natural gas,2005,CH4,0.1484889121,Tg
Mexico,natural gas,natural gas,natural gas,2005,CO2_FUG,0.1220383153,MTC
Mexico,natural gas,natural gas,natural gas,2005,N2O,1.560734314e-06,Tg
Mexico,coal,coal,coal,2010,CH4,0.2063680948,Tg
Mexico,coal,coal,coal,2010,CO2_FUG,0.6292646646,MTC
Mexico,coal,coal,coal,2010,N2O,0,Tg
Mexico,crude oil,crude oil,crude oil,2010,CH4,0.1895945658,Tg
Mexico,crude oil,crude oil,crude oil,2010,CO2_FUG,0.2046452441,MTC
Mexico,crude oil,crude oil,crude oil,2010,N2O,1.426796308e-06,Tg
Mexico,natural gas,natural gas,natural gas,2010,CH4,0.1895945658,Tg
Mexico,natural gas,natural gas,natural gas,2010,CO2_FUG,0.2046452441,MTC
Mexico,natural gas,natural gas,natural gas,2010,N2O,1.426796308e-06,Tg
Mexico,coal,coal,coal,2015,CH4,0.2374901043,Tg
Mexico,coal,coal,coal,2015,CO2_FUG,0.509818653,MTC
Mexico,coal,coal,coal,2015,N2O,0,Tg
Mexico,crude oil,crude oil,crude oil,2015,CH4,0.1945789623,Tg
Mexico,crude oil,crude oil,crude oil,2015,CO2_FUG,0.2044797254,MTC
Mexico,crude oil,crude oil,crude oil,2015,N2O,1.470648162e-06,Tg
Mexico,natural gas,natural gas,natural gas,2015,CH4,0.1945789623,Tg
Mexico,natural gas,natural gas,natural gas,2015,CO2_FUG,0.2044797254,MTC
Mexico,natural gas,natural gas,natural gas,2015,N2O,1.470648162e-06,Tg
Middle East,coal,coal,coal,1975,CH4,1.034033147,Tg
Middle East,coal,coal,coal,1975,CO2_FUG,0.980481336,MTC
Middle East,coal,coal,coal,1975,N2O,0.0005256166016,Tg
Middle East,crude oil,crude oil,crude oil,1975,CH4,0.8793050381,Tg
Middle East,crude oil,crude oil,crude oil,1975,CO2_FUG,1.368266721,MTC
Middle East,crude oil,crude oil,crude oil,1975,N2O,1.944502762e-06,Tg
Middle East,natural gas,natural gas,natural gas,1975,CH4,0.8793050381,Tg
Middle East,natural gas,natural gas,natural gas,1975,CO2_FUG,1.368266721,MTC
Middle East,natural gas,natural gas,natural gas,1975,N2O,1.944502762e-06,Tg
Middle East,coal,coal,coal,1990,CH4,0.990789949,Tg
Middle East,coal,coal,coal,1990,CO2_FUG,4.685223217,MTC
Middle East,coal,coal,coal,1990,N2O,0.0005942196546,Tg
Middle East,crude oil,crude oil,crude oil,1990,CH4,0.3301083721,Tg
Middle East,crude oil,crude oil,crude oil,1990,CO2_FUG,0.3975484883,MTC
Middle East,crude oil,crude oil,crude oil,1990,N2O,2.286772538e-06,Tg
Middle East,natural gas,natural gas,natural gas,1990,CH4,0.3301083721,Tg
Middle East,natural gas,natural gas,natural gas,1990,CO2_FUG,0.3975484883,MTC
Middle East,natural gas,natural gas,natural gas,1990,N2O,2.286772538e-06,Tg
Middle East,coal,coal,coal,2005,CH4,0.7498459565,Tg
Middle East,coal,coal,coal,2005,CO2_FUG,2.980257375,MTC
Middle East,coal,coal,coal,2005,N2O,0.0002815384523,Tg
Middle East,crude oil,crude oil,crude oil,2005,CH4,0.2302896408,Tg
Middle East,crude oil,crude oil,crude oil,2005,CO2_FUG,0.2973405337,MTC
Middle East,crude oil,crude oil,crude oil,2005,N2O,2.484800903e-06,Tg
Middle East,natural gas,natural gas,natural gas,2005,CH4,0.2302896408,Tg
Middle East,natural gas,natural gas,natural gas,2005,CO2_FUG,0.2973405337,MTC
Middle East,natural gas,natural gas,natural gas,2005,N2O,2.484800903e-06,Tg
Middle East,coal,coal,coal,2010,CH4,0.8742227832,Tg
Middle East,coal,coal,coal,2010,CO2_FUG,0.3980671409,MTC
Middle East,coal,coal,coal,2010,N2O,0.000435808407,Tg
Middle East,crude oil,crude oil,crude oil,2010,CH4,0.233312296,Tg
Middle East,crude oil,crude oil,crude oil,2010,CO2_FUG,0.2693507721,MTC
Middle East,crude oil,crude oil,crude oil,2010,N2O,2.076772561e-06,Tg
Middle East,natural gas,natural gas,natural gas,2010,CH4,0.233312296,Tg
Middle East,natural gas,natural gas,natural gas,2010,CO2_FUG,0.2693507721,MTC
Middle East,natural gas,natural gas,natural gas,2010,N2O,2.076772561e-06,Tg
Middle East,coal,coal,coal,2015,CH4,0.8238285082,Tg
Middle East,coal,coal,coal,2015,CO2_FUG,0.3021471994,MTC
Middle East,coal,coal,coal,2015,N2O,0.0004338424011,Tg
Middle East,crude oil,crude oil,crude oil,2015,CH4,0.2238883545,Tg
Middle East,crude oil,crude oil,crude oil,2015,CO2_FUG,0.2455678879,MTC
Middle East,crude oil,crude oil,crude oil,2015,N2O,2.239029092e-06,Tg
Middle East,natural gas,natural gas,natural gas,2015,CH4,0.2238883545,Tg
Middle East,natural gas,natural gas,natural gas,2015,CO2_FUG,0.2455678879,MTC
Middle East,natural gas,natural gas,natural gas,2015,N2O,2.239029092e-06,Tg
Pakistan,coal,coal,coal,1975,CH4,1.026710097,Tg
Pakistan,coal,coal,coal,1975,CO2_FUG,0.09411429216,MTC
Pakistan,coal,coal,coal,1975,N2O,0.0005915171725,Tg
Pakistan,crude oil,crude oil,crude oil,1975,CH4,1.220007991,Tg
Pakistan,crude oil,crude oil,crude oil,1975,CO2_FUG,1.191092293,MTC
Pakistan,crude oil,crude oil,crude oil,1975,N2O,1.656331717e-07,Tg
Pakistan,natural gas,natural gas,natural gas,1975,CH4,1.220007991,Tg
Pakistan,natural gas,natural gas,natural gas,1975,CO2_FUG,1.191092293,MTC
Pakistan,natural gas,natural gas,natural gas,1975,N2O,1.656331717e-07,Tg
Pakistan,coal,coal,coal,1990,CH4,0.8018293185,Tg
Pakistan,coal,coal,coal,1990,CO2_FUG,3.277198199,MTC
Pakistan,coal,coal,coal,1990,N2O,0.0004162923543,Tg
Pakistan,crude oil,crude oil,crude oil,1990,CH4,0.4600653037,Tg
Pakistan,crude oil,crude oil,crude oil,1990,CO2_FUG,0.003429054476,MTC
Pakistan,crude oil,crude oil,crude oil,1990,N2O,1.559533381e-06,Tg
Pakistan,natural gas,natural gas,natural gas,1990,CH4,0.4600653037,Tg
Pakistan,natural gas,natural gas,natural gas,1990,CO2_FUG,0.003429054476,MTC
Pakistan,natural gas,natural gas,natural gas,1990,N2O,1.559533381e-06,Tg
Pakistan,coal,coal,coal,2005,CH4,0.7249635598,Tg
Pakistan,coal,coal,coal,2005,CO2_FUG,0.9730232638,MTC
Pakistan,coal,coal,coal,2005,N2O,0.0004026637488,Tg
Pakistan,crude oil,crude oil,crude oil,2005,CH4,0.4114177318,Tg
Pakistan,crude oil,crude oil,crude oil,2005,CO2_FUG,0.002010037611,MTC
Pakistan,crude oil,crude oil,crude oil,2005,N2O,1.104176479e-06,Tg
Pakistan,natural gas,natural gas,natural gas,2005,CH4,0.4114177318,Tg
Pakistan,natural gas,natural gas,natural gas,2005,CO2_FUG,0.002010037611,MTC
Pakistan,natural gas,natural gas,natural gas,2005,N2O,1.104176479e-06,Tg
Pakistan,coal,coal,coal,2010,CH4,0.9291893393,Tg
Pakistan,coal,coal,coal,2010,CO2_FUG,1.030402387,MTC
Pakistan,coal,coal,coal,2010,N2O,0.0006158654065,Tg
Pakistan,crude oil,crude oil,crude oil,2010,CH4,0.4015040328,Tg
Pakistan,crude oil,crude oil,crude oil,2010,CO2_FUG,0.001847302648,MTC
Pakistan,crude oil,crude oil,crude oil,2010,N2O,1.200022216e-06,Tg
Pakistan,natural gas,natural gas,natural gas,2010,CH4,0.4015040328,Tg
Pakistan,natural gas,natural gas,natural gas,2010,CO2_FUG,0.001847302648,MTC
Pakistan,natural gas,natural gas,natural gas,2010,N2O,1.200022216e-06,Tg
Pakistan,coal,coal,coal,2015,CH4,0.8235582962,Tg
Pakistan,coal,coal,coal,2015,CO2_FUG,0.7587065383,MTC
Pakistan,coal,coal,coal,2015,N2O,0.0005381034923,Tg
Pakistan,crude oil,crude oil,crude oil,2015,CH4,0.4333039858,Tg
Pakistan,crude oil,crude oil,crude oil,2015,CO2_FUG,0.003178268893,MTC
Pakistan,crude oil,crude oil,crude oil,2015,N2O,1.724366748e-06,Tg
Pakistan,natural gas,natural gas,natural gas,2015,CH4,0.4333039858,Tg
Pakistan,natural gas,natural gas,natural gas,2015,CO2_FUG,0.003178268893,MTC
Pakistan,natural gas,natural gas,natural gas,2015,N2O,1.724366748e-06,Tg
Russia,coal,coal,coal,1975,CH4,0.05927643678,Tg
Russia,coal,coal,coal,1975,CO2_FUG,0.3478294389,MTC
Russia,coal,coal,coal,1975,N2O,0,Tg
Russia,crude oil,crude oil,crude oil,1975,CH4,1.175050974,Tg
Russia,crude oil,crude oil,crude oil,1975,CO2_FUG,0.3148026637,MTC
Russia,crude oil,crude oil,crude oil,1975,N2O,5.671258929e-07,Tg
Russia,natural gas,natural gas,natural gas,1975,CH4,1.175050974,Tg
Russia,natural gas,natural gas,natural gas,1975,CO2_FUG,0.3148026637,MTC
Russia,natural gas,natural gas,natural gas,1975,N2O,5.671258929e-07,Tg
Russia,coal,coal,coal,1990,CH4,0.3344103209,Tg
Russia,coal,coal,coal,1990,CO2_FUG,0.8410083813,MTC
Russia,coal,coal,coal,1990,N2O,0,Tg
Russia,crude oil,crude oil,crude oil,1990,CH4,0.5184140127,Tg
Russia,crude oil,crude oil,crude oil,1990,CO2_FUG,0.159209284,MTC
Russia,crude oil,crude oil,crude oil,1990,N2O,6.77403487e-06,Tg
Russia,natural gas,natural gas,natural gas,1990,CH4,0.5184140127,Tg
Russia,natural gas,natural gas,natural gas,1990,CO2_FUG,0.159209284,MTC
Russia,natural gas,natural gas,natural gas,1990,N2O,6.77403487e-06,Tg
Russia,coal,coal,coal,2005,CH4,0.29291777,Tg
Russia,coal,coal,coal,2005,CO2_FUG,0.9926524849,MTC
Russia,coal,coal,coal,2005,N2O,0,Tg
Russia,crude oil,crude oil,crude oil,2005,CH4,0.3771694112,Tg
Russia,crude oil,crude oil,crude oil,2005,CO2_FUG,0.2075270058,MTC
Russia,crude oil,crude oil,crude oil,2005,N2O,8.872077823e-06,Tg
Russia,natural gas,natural gas,natural gas,2005,CH4,0.3771694112,Tg
Russia,natural gas,natural gas,natural gas,2005,CO2_FUG,0.2075270058,MTC
Russia,natural gas,natural gas,natural gas,2005,N2O,8.872077823e-06,Tg
Russia,coal,coal,coal,2010,CH4,0.2890047574,Tg
Russia,coal,coal,coal,2010,CO2_FUG,0.7693936615,MTC
Russia,coal,coal,coal,2010,N2O,0,Tg
Russia,crude oil,crude oil,crude oil,2010,CH4,0.3398982606,Tg
Russia,crude oil,crude oil,crude oil,2010,CO2_FUG,0.2193278147,MTC
Russia,crude oil,crude oil,crude oil,2010,N2O,9.283592601e-06,Tg
Russia,natural gas,natural gas,natural gas,2010,CH4,0.3398982606,Tg
Russia,natural gas,natural gas,natural gas,2010,CO2_FUG,0.2193278147,MTC
Russia,natural gas,natural gas,natural gas,2010,N2O,9.283592601e-06,Tg
Russia,coal,coal,coal,2015,CH4,0.2969385195,Tg
Russia,coal,coal,coal,2015,CO2_FUG,1.324239081,MTC
Russia,coal,coal,coal,2015,N2O,0,Tg
Russia,crude oil,crude oil,crude oil,2015,CH4,0.3252381651,Tg
Russia,crude oil,crude oil,crude oil,2015,CO2_FUG,0.1558262181,MTC
Russia,crude oil,crude oil,crude oil,2015,N2O,6.588970564e-06,Tg
Russia,natural gas,natural gas,natural gas,2015,CH4,0.3252381651,Tg
Russia,natural gas,natural gas,natural gas,2015,CO2_FUG,0.1558262181,MTC
Russia,natural gas,natural gas,natural gas,2015,N2O,6.588970564e-06,Tg
South Africa,coal,coal,coal,1975,CH4,0.2667161957,Tg
South Africa,coal,coal,coal,1975,CO2_FUG,2.008661242,MTC
South Africa,coal,coal,coal,1975,N2O,6.423456022e-06,Tg
South Africa,crude oil,crude oil,crude oil,1975,CH4,0.630934129,Tg
South Africa,crude oil,crude oil,crude oil,1975,CO2_FUG,0.8464387718,MTC
South Africa,crude oil,crude oil,crude oil,1975,N2O,1.910766616e-06,Tg
South Africa,natural gas,natural gas,natural gas,1975,CH4,0.6972649127,Tg
South Africa,natural gas,natural gas,natural gas,1975,CO2_FUG,0.5039517506,MTC
South Africa,natural gas,natural gas,natural gas,1975,N2O,1.69081039e-06,Tg
South Africa,coal,coal,coal,1990,CH4,0.2430654962,Tg
South Africa,coal,coal,coal,1990,CO2_FUG,3.834188174,MTC
South Africa,coal,coal,coal,1990,N2O,3.853340202e-05,Tg
South Africa,crude oil,crude oil,crude oil,1990,CH4,0.4033424342,Tg
South Africa,crude oil,crude oil,crude oil,1990,CO2_FUG,0.3499539985,MTC
South Africa,crude oil,crude oil,crude oil,1990,N2O,2.214751362e-06,Tg
South Africa,natural gas,natural gas,natural gas,1990,CH4,1.056973148,Tg
South Africa,natural gas,natural gas,natural gas,1990,CO2_FUG,7.804166012e-05,MTC
South Africa,natural gas,natural gas,natural gas,1990,N2O,4.670813558e-07,Tg
South Africa,coal,coal,coal,2005,CH4,0.2187815847,Tg
South Africa,coal,coal,coal,2005,CO2_FUG,2.06201755,MTC
South Africa,coal,coal,coal,2005,N2O,3.524007139e-05,Tg
South Africa,crude oil,crude oil,crude oil,2005,CH4,0.5987331652,Tg
South Africa,crude oil,crude oil,crude oil,2005,CO2_FUG,0.7075295019,MTC
South Africa,crude oil,crude oil,crude oil,2005,N2O,6.074844749e-07,Tg
South Africa,natural gas,natural gas,natural gas,2005,CH4,0.5987331652,Tg
South Africa,natural gas,natural gas,natural gas,2005,CO2_FUG,0.7075295019,MTC
South Africa,natural gas,natural gas,natural gas,2005,N2O,6.074844749e-07,Tg
South Africa,coal,coal,coal,2010,CH4,0.2248227263,Tg
South Africa,coal,coal,coal,2010,CO2_FUG,1.877332641,MTC
South Africa,coal,coal,coal,2010,N2O,3.706881153e-05,Tg
South Africa,crude oil,crude oil,crude oil,2010,CH4,0.6767063708,Tg
South Africa,crude oil,crude oil,crude oil,2010,CO2_FUG,0.7316721935,MTC
South Africa,crude oil,crude oil,crude oil,2010,N2O,5.185035073e-07,Tg
South Africa,natural gas,natural gas,natural gas,2010,CH4,0.6767063708,Tg
South Africa,natural gas,natural gas,natural gas,2010,CO2_FUG,0.7316721935,MTC
South Africa,natural gas,natural gas,natural gas,2010,N2O,5.185035073e-07,Tg
South Africa,coal,coal,coal,2015,CH4,0.229116905,Tg
South Africa,coal,coal,coal,2015,CO2_FUG,1.451213303,MTC
South Africa,coal,coal,coal,2015,N2O,3.984518555e-05,Tg
South Africa,crude oil,crude oil,crude oil,2015,CH4,0.6605773242,Tg
South Africa,crude oil,crude oil,crude oil,2015,CO2_FUG,0.4692748409,MTC
South Africa,crude oil,crude oil,crude oil,2015,N2O,4.860653496e-07,Tg
South Africa,natural gas,natural gas,natural gas,2015,CH4,0.6605773242,Tg
South Africa,natural gas,natural gas,natural gas,2015,CO2_FUG,0.4692748409,MTC
South Africa,natural gas,natural gas,natural gas,2015,N2O,4.860653496e-07,Tg
South America_Northern,coal,coal,coal,1975,CH4,1.364976379,Tg
South America_Northern,coal,coal,coal,1975,CO2_FUG,0.3662235958,MTC
South America_Northern,coal,coal,coal,1975,N2O,0.001062185302,Tg
South America_Northern,crude oil,crude oil,crude oil,1975,CH4,1.38815657,Tg
South America_Northern,crude oil,crude oil,crude oil,1975,CO2_FUG,0.07655626036,MTC
South America_Northern,crude oil,crude oil,crude oil,1975,N2O,2.033750882e-06,Tg
South America_Northern,natural gas,natural gas,natural gas,1975,CH4,1.38815657,Tg
South America_Northern,natural gas,natural gas,natural gas,1975,CO2_FUG,0.07655626036,MTC
South America_Northern,natural gas,natural gas,natural gas,1975,N2O,2.033750882e-06,Tg
South America_Northern,coal,coal,coal,1990,CH4,0.5984606994,Tg
South America_Northern,coal,coal,coal,1990,CO2_FUG,0.1061435289,MTC
South America_Northern,coal,coal,coal,1990,N2O,2.914312139e-05,Tg
South America_Northern,crude oil,crude oil,crude oil,1990,CH4,1.329444095,Tg
South America_Northern,crude oil,crude oil,crude oil,1990,CO2_FUG,0.09662309684,MTC
South America_Northern,crude oil,crude oil,crude oil,1990,N2O,1.64016093e-06,Tg
South America_Northern,natural gas,natural gas,natural gas,1990,CH4,1.329444095,Tg
South America_Northern,natural gas,natural gas,natural gas,1990,CO2_FUG,0.09662309684,MTC
South America_Northern,natural gas,natural gas,natural gas,1990,N2O,1.64016093e-06,Tg
South America_Northern,coal,coal,coal,2005,CH4,0.5800328565,Tg
South America_Northern,coal,coal,coal,2005,CO2_FUG,0,MTC
South America_Northern,coal,coal,coal,2005,N2O,1.287602249e-05,Tg
South America_Northern,crude oil,crude oil,crude oil,2005,CH4,0.318452309,Tg
South America_Northern,crude oil,crude oil,crude oil,2005,CO2_FUG,0.07353722108,MTC
South America_Northern,crude oil,crude oil,crude oil,2005,N2O,1.852345039e-06,Tg
South America_Northern,natural gas,natural gas,natural gas,2005,CH4,1.407834715,Tg
South America_Northern,natural gas,natural gas,natural gas,2005,CO2_FUG,0.1654429017,MTC
South America_Northern,natural gas,natural gas,natural gas,2005,N2O,1.695753836e-06,Tg
South America_Northern,coal,coal,coal,2010,CH4,0.6089988702,Tg
South America_Northern,coal,coal,coal,2010,CO2_FUG,0,MTC
South America_Northern,coal,coal,coal,2010,N2O,3.570864752e-05,Tg
South America_Northern,crude oil,crude oil,crude oil,2010,CH4,1.693432833,Tg
South America_Northern,crude oil,crude oil,crude oil,2010,CO2_FUG,0.1358574489,MTC
South America_Northern,crude oil,crude oil,crude oil,2010,N2O,1.794491366e-06,Tg
South America_Northern,natural gas,natural gas,natural gas,2010,CH4,1.388475937,Tg
South America_Northern,natural gas,natural gas,natural gas,2010,CO2_FUG,0.2251792912,MTC
South America_Northern,natural gas,natural gas,natural gas,2010,N2O,1.633493615e-06,Tg
South America_Northern,coal,coal,coal,2015,CH4,0.6534275054,Tg
South America_Northern,coal,coal,coal,2015,CO2_FUG,0,MTC
South America_Northern,coal,coal,coal,2015,N2O,9.050380104e-05,Tg
South America_Northern,crude oil,crude oil,crude oil,2015,CH4,1.780299951,Tg
South America_Northern,crude oil,crude oil,crude oil,2015,CO2_FUG,0.3600537651,MTC
South America_Northern,crude oil,crude oil,crude oil,2015,N2O,1.831189162e-06,Tg
South America_Northern,natural gas,natural gas,natural gas,2015,CH4,1.424488775,Tg
South America_Northern,natural gas,natural gas,natural gas,2015,CO2_FUG,0.4138014419,MTC
South America_Northern,natural gas,natural gas,natural gas,2015,N2O,1.645195972e-06,Tg
South America_Southern,coal,coal,coal,1975,CH4,1.10362998,Tg
South America_Southern,coal,coal,coal,1975,CO2_FUG,2.816499697,MTC
South America_Southern,coal,coal,coal,1975,N2O,0.0008187933909,Tg
South America_Southern,crude oil,crude oil,crude oil,1975,CH4,2.817553501,Tg
South America_Southern,crude oil,crude oil,crude oil,1975,CO2_FUG,3.769638146,MTC
South America_Southern,crude oil,crude oil,crude oil,1975,N2O,1.613966784e-06,Tg
South America_Southern,natural gas,natural gas,natural gas,1975,CH4,2.817553501,Tg
South America_Southern,natural gas,natural gas,natural gas,1975,CO2_FUG,3.769638146,MTC
South America_Southern,natural gas,natural gas,natural gas,1975,N2O,1.613966784e-06,Tg
South America_Southern,coal,coal,coal,1990,CH4,1.289406829,Tg
South America_Southern,coal,coal,coal,1990,CO2_FUG,0.8866876011,MTC
South America_Southern,coal,coal,coal,1990,N2O,0.001073400418,Tg
South America_Southern,crude oil,crude oil,crude oil,1990,CH4,1.21222266,Tg
South America_Southern,crude oil,crude oil,crude oil,1990,CO2_FUG,1.278676622,MTC
South America_Southern,crude oil,crude oil,crude oil,1990,N2O,1.587900749e-06,Tg
South America_Southern,natural gas,natural gas,natural gas,1990,CH4,1.21222266,Tg
South America_Southern,natural gas,natural gas,natural gas,1990,CO2_FUG,1.278676622,MTC
South America_Southern,natural gas,natural gas,natural gas,1990,N2O,1.587900749e-06,Tg
South America_Southern,coal,coal,coal,2005,CH4,0.2604471743,Tg
South America_Southern,coal,coal,coal,2005,CO2_FUG,0.5052578747,MTC
South America_Southern,coal,coal,coal,2005,N2O,1.488781871e-06,Tg
South America_Southern,crude oil,crude oil,crude oil,2005,CH4,0.8726634512,Tg
South America_Southern,crude oil,crude oil,crude oil,2005,CO2_FUG,0.4987701684,MTC
South America_Southern,crude oil,crude oil,crude oil,2005,N2O,1.484067119e-06,Tg
South America_Southern,natural gas,natural gas,natural gas,2005,CH4,0.8726634512,Tg
South America_Southern,natural gas,natural gas,natural gas,2005,CO2_FUG,0.4987701684,MTC
South America_Southern,natural gas,natural gas,natural gas,2005,N2O,1.484067119e-06,Tg
South America_Southern,coal,coal,coal,2010,CH4,0.250985699,Tg
South America_Southern,coal,coal,coal,2010,CO2_FUG,2.086862365,MTC
South America_Southern,coal,coal,coal,2010,N2O,1.444323457e-06,Tg
South America_Southern,crude oil,crude oil,crude oil,2010,CH4,0.6514862112,Tg
South America_Southern,crude oil,crude oil,crude oil,2010,CO2_FUG,0.4322440177,MTC
South America_Southern,crude oil,crude oil,crude oil,2010,N2O,1.60774562e-06,Tg
South America_Southern,natural gas,natural gas,natural gas,2010,CH4,0.6514862112,Tg
South America_Southern,natural gas,natural gas,natural gas,2010,CO2_FUG,0.4322440177,MTC
South America_Southern,natural gas,natural gas,natural gas,2010,N2O,1.60774562e-06,Tg
South America_Southern,coal,coal,coal,2015,CH4,1.673625045,Tg
South America_Southern,coal,coal,coal,2015,CO2_FUG,0,MTC
South America_Southern,coal,coal,coal,2015,N2O,0.001195835466,Tg
South America_Southern,crude oil,crude oil,crude oil,2015,CH4,0.6146301095,Tg
South America_Southern,crude oil,crude oil,crude oil,2015,CO2_FUG,0.421592269,MTC
South America_Southern,crude oil,crude oil,crude oil,2015,N2O,1.191114866e-06,Tg
South America_Southern,natural gas,natural gas,natural gas,2015,CH4,0.6146301095,Tg
South America_Southern,natural gas,natural gas,natural gas,2015,CO2_FUG,0.421592269,MTC
South America_Southern,natural gas,natural gas,natural gas,2015,N2O,1.191114866e-06,Tg
South Asia,coal,coal,coal,1975,CH4,0.4113029216,Tg
South Asia,coal,coal,coal,1975,CO2_FUG,0,MTC
South Asia,coal,coal,coal,1975,N2O,0.0001034698868,Tg
South Asia,crude oil,crude oil,crude oil,1975,CH4,0.630934129,Tg
South Asia,crude oil,crude oil,crude oil,1975,CO2_FUG,1.2572526,MTC
South Asia,crude oil,crude oil,crude oil,1975,N2O,5.313270105e-08,Tg
South Asia,natural gas,natural gas,natural gas,1975,CH4,8.954038573,Tg
South Asia,natural gas,natural gas,natural gas,1975,CO2_FUG,1.2572526,MTC
South Asia,natural gas,natural gas,natural gas,1975,N2O,5.313270105e-08,Tg
South Asia,coal,coal,coal,1990,CH4,7.037816863,Tg
South Asia,coal,coal,coal,1990,CO2_FUG,0,MTC
South Asia,coal,coal,coal,1990,N2O,0.008733563886,Tg
South Asia,crude oil,crude oil,crude oil,1990,CH4,0.4033424342,Tg
South Asia,crude oil,crude oil,crude oil,1990,CO2_FUG,0.03270589959,MTC
South Asia,crude oil,crude oil,crude oil,1990,N2O,3.812034596e-07,Tg
South Asia,natural gas,natural gas,natural gas,1990,CH4,2.403357263,Tg
South Asia,natural gas,natural gas,natural gas,1990,CO2_FUG,0.03270589959,MTC
South Asia,natural gas,natural gas,natural gas,1990,N2O,3.812034596e-07,Tg
South Asia,coal,coal,coal,2005,CH4,1.899762583,Tg
South Asia,coal,coal,coal,2005,CO2_FUG,0,MTC
South Asia,coal,coal,coal,2005,N2O,0.002255435557,Tg
South Asia,crude oil,crude oil,crude oil,2005,CH4,0.5722508547,Tg
South Asia,crude oil,crude oil,crude oil,2005,CO2_FUG,0.0006427296126,MTC
South Asia,crude oil,crude oil,crude oil,2005,N2O,9.197547806e-08,Tg
South Asia,natural gas,natural gas,natural gas,2005,CH4,0.5722508547,Tg
South Asia,natural gas,natural gas,natural gas,2005,CO2_FUG,0.0006427296126,MTC
South Asia,natural gas,natural gas,natural gas,2005,N2O,9.197547806e-08,Tg
South Asia,coal,coal,coal,2010,CH4,0.9291105065,Tg
South Asia,coal,coal,coal,2010,CO2_FUG,0.1426383269,MTC
South Asia,coal,coal,coal,2010,N2O,0.000867194513,Tg
South Asia,crude oil,crude oil,crude oil,2010,CH4,1.035741367,Tg
South Asia,crude oil,crude oil,crude oil,2010,CO2_FUG,0.00114243635,MTC
South Asia,crude oil,crude oil,crude oil,2010,N2O,1.382795383e-07,Tg
South Asia,natural gas,natural gas,natural gas,2010,CH4,1.035741367,Tg
South Asia,natural gas,natural gas,natural gas,2010,CO2_FUG,0.00114243635,MTC
South Asia,natural gas,natural gas,natural gas,2010,N2O,1.382795383e-07,Tg
South Asia,coal,coal,coal,2015,CH4,0.4333378462,Tg
South Asia,coal,coal,coal,2015,CO2_FUG,0.02502284857,MTC
South Asia,coal,coal,coal,2015,N2O,0.0004305508147,Tg
South Asia,crude oil,crude oil,crude oil,2015,CH4,0.7597151162,Tg
South Asia,crude oil,crude oil,crude oil,2015,CO2_FUG,0.001214691876,MTC
South Asia,crude oil,crude oil,crude oil,2015,N2O,1.4221806e-07,Tg
South Asia,natural gas,natural gas,natural gas,2015,CH4,0.7597151162,Tg
South Asia,natural gas,natural gas,natural gas,2015,CO2_FUG,0.001214691876,MTC
South Asia,natural gas,natural gas,natural gas,2015,N2O,1.4221806e-07,Tg
South Korea,coal,coal,coal,1975,CH4,0.7865251141,Tg
South Korea,coal,coal,coal,1975,CO2_FUG,3.019731291,MTC
South Korea,coal,coal,coal,1975,N2O,0,Tg
South Korea,crude oil,crude oil,crude oil,1975,CH4,0.630934129,Tg
South Korea,crude oil,crude oil,crude oil,1975,CO2_FUG,0.8464387718,MTC
South Korea,crude oil,crude oil,crude oil,1975,N2O,1.910766616e-06,Tg
South Korea,natural gas,natural gas,natural gas,1975,CH4,0.6972649127,Tg
South Korea,natural gas,natural gas,natural gas,1975,CO2_FUG,0.5039517506,MTC
South Korea,natural gas,natural gas,natural gas,1975,N2O,1.69081039e-06,Tg
South Korea,coal,coal,coal,1990,CH4,0.8047637861,Tg
South Korea,coal,coal,coal,1990,CO2_FUG,12.0396017,MTC
South Korea,coal,coal,coal,1990,N2O,0,Tg
South Korea,crude oil,crude oil,crude oil,1990,CH4,0.4033424342,Tg
South Korea,crude oil,crude oil,crude oil,1990,CO2_FUG,0.3499539985,MTC
South Korea,crude oil,crude oil,crude oil,1990,N2O,2.214751362e-06,Tg
South Korea,natural gas,natural gas,natural gas,1990,CH4,0.4484087064,Tg
South Korea,natural gas,natural gas,natural gas,1990,CO2_FUG,0.3268437366,MTC
South Korea,natural gas,natural gas,natural gas,1990,N2O,2.214751362e-06,Tg
South Korea,coal,coal,coal,2005,CH4,0.9665486826,Tg
South Korea,coal,coal,coal,2005,CO2_FUG,0.5052578747,MTC
South Korea,coal,coal,coal,2005,N2O,0,Tg
South Korea,crude oil,crude oil,crude oil,2005,CH4,1.573244138,Tg
South Korea,crude oil,crude oil,crude oil,2005,CO2_FUG,0.001410561743,MTC
South Korea,crude oil,crude oil,crude oil,2005,N2O,1.058673206e-07,Tg
South Korea,natural gas,natural gas,natural gas,2005,CH4,0.3294777546,Tg
South Korea,natural gas,natural gas,natural gas,2005,CO2_FUG,0.001410561743,MTC
South Korea,natural gas,natural gas,natural gas,2005,N2O,1.058673206e-07,Tg
South Korea,coal,coal,coal,2010,CH4,1.226750736,Tg
South Korea,coal,coal,coal,2010,CO2_FUG,0.3980671409,MTC
South Korea,coal,coal,coal,2010,N2O,0,Tg
South Korea,crude oil,crude oil,crude oil,2010,CH4,1.426316329,Tg
South Korea,crude oil,crude oil,crude oil,2010,CO2_FUG,0.001185424387,MTC
South Korea,crude oil,crude oil,crude oil,2010,N2O,8.357150766e-08,Tg
South Korea,natural gas,natural gas,natural gas,2010,CH4,1.426316329,Tg
South Korea,natural gas,natural gas,natural gas,2010,CO2_FUG,0.001185424387,MTC
South Korea,natural gas,natural gas,natural gas,2010,N2O,8.357150766e-08,Tg
South Korea,coal,coal,coal,2015,CH4,1.535473734,Tg
South Korea,coal,coal,coal,2015,CO2_FUG,0.3021471994,MTC
South Korea,coal,coal,coal,2015,N2O,0,Tg
South Korea,crude oil,crude oil,crude oil,2015,CH4,0.3208776792,Tg
South Korea,crude oil,crude oil,crude oil,2015,CO2_FUG,0.00117397049,MTC
South Korea,crude oil,crude oil,crude oil,2015,N2O,3.672038379e-08,Tg
South Korea,natural gas,natural gas,natural gas,2015,CH4,0.3247142942,Tg
South Korea,natural gas,natural gas,natural gas,2015,CO2_FUG,0.00117397049,MTC
South Korea,natural gas,natural gas,natural gas,2015,N2O,3.672038379e-08,Tg
Southeast Asia,coal,coal,coal,1975,CH4,0.5523269383,Tg
Southeast Asia,coal,coal,coal,1975,CO2_FUG,0,MTC
Southeast Asia,coal,coal,coal,1975,N2O,0.0007224652493,Tg
Southeast Asia,crude oil,crude oil,crude oil,1975,CH4,1.646906876,Tg
Southeast Asia,crude oil,crude oil,crude oil,1975,CO2_FUG,2.471859352,MTC
Southeast Asia,crude oil,crude oil,crude oil,1975,N2O,1.599090871e-06,Tg
Southeast Asia,natural gas,natural gas,natural gas,1975,CH4,1.646906876,Tg
Southeast Asia,natural gas,natural gas,natural gas,1975,CO2_FUG,2.471859352,MTC
Southeast Asia,natural gas,natural gas,natural gas,1975,N2O,1.599090871e-06,Tg
Southeast Asia,coal,coal,coal,1990,CH4,0.9373159249,Tg
Southeast Asia,coal,coal,coal,1990,CO2_FUG,0.5607400309,MTC
Southeast Asia,coal,coal,coal,1990,N2O,0.0006901963366,Tg
Southeast Asia,crude oil,crude oil,crude oil,1990,CH4,0.3156405516,Tg
Southeast Asia,crude oil,crude oil,crude oil,1990,CO2_FUG,0.2323725756,MTC
Southeast Asia,crude oil,crude oil,crude oil,1990,N2O,1.212256953e-06,Tg
Southeast Asia,natural gas,natural gas,natural gas,1990,CH4,0.3156405516,Tg
Southeast Asia,natural gas,natural gas,natural gas,1990,CO2_FUG,0.2323725756,MTC
Southeast Asia,natural gas,natural gas,natural gas,1990,N2O,1.212256953e-06,Tg
Southeast Asia,coal,coal,coal,2005,CH4,0.816318925,Tg
Southeast Asia,coal,coal,coal,2005,CO2_FUG,0,MTC
Southeast Asia,coal,coal,coal,2005,N2O,0.0004229913547,Tg
Southeast Asia,crude oil,crude oil,crude oil,2005,CH4,0.2979099341,Tg
Southeast Asia,crude oil,crude oil,crude oil,2005,CO2_FUG,0.2786976411,MTC
Southeast Asia,crude oil,crude oil,crude oil,2005,N2O,8.755523565e-07,Tg
Southeast Asia,natural gas,natural gas,natural gas,2005,CH4,0.2979099341,Tg
Southeast Asia,natural gas,natural gas,natural gas,2005,CO2_FUG,0.2786976411,MTC
Southeast Asia,natural gas,natural gas,natural gas,2005,N2O,8.755523565e-07,Tg
Southeast Asia,coal,coal,coal,2010,CH4,0.8773283526,Tg
Southeast Asia,coal,coal,coal,2010,CO2_FUG,0.01489546767,MTC
Southeast Asia,coal,coal,coal,2010,N2O,0.0004764990847,Tg
Southeast Asia,crude oil,crude oil,crude oil,2010,CH4,0.2941479375,Tg
Southeast Asia,crude oil,crude oil,crude oil,2010,CO2_FUG,0.2279236143,MTC
Southeast Asia,crude oil,crude oil,crude oil,2010,N2O,7.879479491e-07,Tg
Southeast Asia,natural gas,natural gas,natural gas,2010,CH4,0.2941479375,Tg
Southeast Asia,natural gas,natural gas,natural gas,2010,CO2_FUG,0.2279236143,MTC
Southeast Asia,natural gas,natural gas,natural gas,2010,N2O,7.879479491e-07,Tg
Southeast Asia,coal,coal,coal,2015,CH4,0.8928686692,Tg
Southeast Asia,coal,coal,coal,2015,CO2_FUG,0.02038073513,MTC
Southeast Asia,coal,coal,coal,2015,N2O,0.0004861937231,Tg
Southeast Asia,crude oil,crude oil,crude oil,2015,CH4,0.3241904234,Tg
Southeast Asia,crude oil,crude oil,crude oil,2015,CO2_FUG,0.2673560105,MTC
Southeast Asia,crude oil,crude oil,crude oil,2015,N2O,7.343498886e-07,Tg
Southeast Asia,natural gas,natural gas,natural gas,2015,CH4,0.3241904234,Tg
Southeast Asia,natural gas,natural gas,natural gas,2015,CO2_FUG,0.2673560105,MTC
Southeast Asia,natural gas,natural gas,natural gas,2015,N2O,7.343498886e-07,Tg
Taiwan,coal,coal,coal,1975,CH4,0.5500397333,Tg
Taiwan,coal,coal,coal,1975,CO2_FUG,0.3680413924,MTC
Taiwan,coal,coal,coal,1975,N2O,0,Tg
Taiwan,crude oil,crude oil,crude oil,1975,CH4,0.3652850628,Tg
Taiwan,crude oil,crude oil,crude oil,1975,CO2_FUG,0.002197890763,MTC
Taiwan,crude oil,crude oil,crude oil,1975,N2O,2.4872081e-07,Tg
Taiwan,natural gas,natural gas,natural gas,1975,CH4,0.3652850628,Tg
Taiwan,natural gas,natural gas,natural gas,1975,CO2_FUG,0.002197890763,MTC
Taiwan,natural gas,natural gas,natural gas,1975,N2O,2.4872081e-07,Tg
Taiwan,coal,coal,coal,1990,CH4,0.8600667681,Tg
Taiwan,coal,coal,coal,1990,CO2_FUG,0.5535348269,MTC
Taiwan,coal,coal,coal,1990,N2O,0,Tg
Taiwan,crude oil,crude oil,crude oil,1990,CH4,0.4420968136,Tg
Taiwan,crude oil,crude oil,crude oil,1990,CO2_FUG,0.002466445648,MTC
Taiwan,crude oil,crude oil,crude oil,1990,N2O,2.732832866e-07,Tg
Taiwan,natural gas,natural gas,natural gas,1990,CH4,0.4420968136,Tg
Taiwan,natural gas,natural gas,natural gas,1990,CO2_FUG,0.002466445648,MTC
Taiwan,natural gas,natural gas,natural gas,1990,N2O,2.732832866e-07,Tg
Taiwan,coal,coal,coal,2005,CH4,0.2604471743,Tg
Taiwan,coal,coal,coal,2005,CO2_FUG,0.5052578747,MTC
Taiwan,coal,coal,coal,2005,N2O,1.488781871e-06,Tg
Taiwan,crude oil,crude oil,crude oil,2005,CH4,1.320605718,Tg
Taiwan,crude oil,crude oil,crude oil,2005,CO2_FUG,0.001665432742,MTC
Taiwan,crude oil,crude oil,crude oil,2005,N2O,2.744238272e-07,Tg
Taiwan,natural gas,natural gas,natural gas,2005,CH4,1.320605718,Tg
Taiwan,natural gas,natural gas,natural gas,2005,CO2_FUG,0.001665432742,MTC
Taiwan,natural gas,natural gas,natural gas,2005,N2O,2.744238272e-07,Tg
Taiwan,coal,coal,coal,2010,CH4,0.250985699,Tg
Taiwan,coal,coal,coal,2010,CO2_FUG,0.3980671409,MTC
Taiwan,coal,coal,coal,2010,N2O,1.444323457e-06,Tg
Taiwan,crude oil,crude oil,crude oil,2010,CH4,0.2899080073,Tg
Taiwan,crude oil,crude oil,crude oil,2010,CO2_FUG,0.001911056952,MTC
Taiwan,crude oil,crude oil,crude oil,2010,N2O,2.901961001e-07,Tg
Taiwan,natural gas,natural gas,natural gas,2010,CH4,0.2941479375,Tg
Taiwan,natural gas,natural gas,natural gas,2010,CO2_FUG,0.001911056952,MTC
Taiwan,natural gas,natural gas,natural gas,2010,N2O,2.901961001e-07,Tg
Taiwan,coal,coal,coal,2015,CH4,0.2463320896,Tg
Taiwan,coal,coal,coal,2015,CO2_FUG,0.3021471994,MTC
Taiwan,coal,coal,coal,2015,N2O,2.41930166e-06,Tg
Taiwan,crude oil,crude oil,crude oil,2015,CH4,0.3208776792,Tg
Taiwan,crude oil,crude oil,crude oil,2015,CO2_FUG,0.00146125319,MTC
Taiwan,crude oil,crude oil,crude oil,2015,N2O,1.839256161e-07,Tg
Taiwan,natural gas,natural gas,natural gas,2015,CH4,0.3247142942,Tg
Taiwan,natural gas,natural gas,natural gas,2015,CO2_FUG,0.00146125319,MTC
Taiwan,natural gas,natural gas,natural gas,2015,N2O,1.839256161e-07,Tg
Argentina,coal,coal,coal,1975,CH4,0.4172690389,Tg
Argentina,coal,coal,coal,1975,CO2_FUG,0.980481336,MTC
Argentina,coal,coal,coal,1975,N2O,0,Tg
Argentina,crude oil,crude oil,crude oil,1975,CH4,0.7916745641,Tg
Argentina,crude oil,crude oil,crude oil,1975,CO2_FUG,1.084419534,MTC
Argentina,crude oil,crude oil,crude oil,1975,N2O,1.475223141e-06,Tg
Argentina,natural gas,natural gas,natural gas,1975,CH4,0.7916745641,Tg
Argentina,natural gas,natural gas,natural gas,1975,CO2_FUG,1.084419534,MTC
Argentina,natural gas,natural gas,natural gas,1975,N2O,1.475223141e-06,Tg
Argentina,coal,coal,coal,1990,CH4,3.546589057,Tg
Argentina,coal,coal,coal,1990,CO2_FUG,0.5535348269,MTC
Argentina,coal,coal,coal,1990,N2O,0.00391654833,Tg
Argentina,crude oil,crude oil,crude oil,1990,CH4,0.7449925686,Tg
Argentina,crude oil,crude oil,crude oil,1990,CO2_FUG,0.9131255432,MTC
Argentina,crude oil,crude oil,crude oil,1990,N2O,1.132993372e-06,Tg
Argentina,natural gas,natural gas,natural gas,1990,CH4,0.7449925686,Tg
Argentina,natural gas,natural gas,natural gas,1990,CO2_FUG,0.9131255432,MTC
Argentina,natural gas,natural gas,natural gas,1990,N2O,1.132993372e-06,Tg
Argentina,coal,coal,coal,2005,CH4,0.2604471743,Tg
Argentina,coal,coal,coal,2005,CO2_FUG,0.5052578747,MTC
Argentina,coal,coal,coal,2005,N2O,1.488781871e-06,Tg
Argentina,crude oil,crude oil,crude oil,2005,CH4,0.3509675026,Tg
Argentina,crude oil,crude oil,crude oil,2005,CO2_FUG,0.08807607944,MTC
Argentina,crude oil,crude oil,crude oil,2005,N2O,2.848635329e-06,Tg
Argentina,natural gas,natural gas,natural gas,2005,CH4,0.3509675026,Tg
Argentina,natural gas,natural gas,natural gas,2005,CO2_FUG,0.08807607944,MTC
Argentina,natural gas,natural gas,natural gas,2005,N2O,2.848635329e-06,Tg
Argentina,coal,coal,coal,2010,CH4,0.250985699,Tg
Argentina,coal,coal,coal,2010,CO2_FUG,0.3980671409,MTC
Argentina,coal,coal,coal,2010,N2O,1.444323457e-06,Tg
Argentina,crude oil,crude oil,crude oil,2010,CH4,0.3688965675,Tg
Argentina,crude oil,crude oil,crude oil,2010,CO2_FUG,0.0635767138,MTC
Argentina,crude oil,crude oil,crude oil,2010,N2O,2.996671183e-06,Tg
Argentina,natural gas,natural gas,natural gas,2010,CH4,0.3688965675,Tg
Argentina,natural gas,natural gas,natural gas,2010,CO2_FUG,0.0635767138,MTC
Argentina,natural gas,natural gas,natural gas,2010,N2O,2.996671183e-06,Tg
Argentina,coal,coal,coal,2015,CH4,0.2463320896,Tg
Argentina,coal,coal,coal,2015,CO2_FUG,0.3021471994,MTC
Argentina,coal,coal,coal,2015,N2O,2.41930166e-06,Tg
Argentina,crude oil,crude oil,crude oil,2015,CH4,0.3868423954,Tg
Argentina,crude oil,crude oil,crude oil,2015,CO2_FUG,0.08154514294,MTC
Argentina,crude oil,crude oil,crude oil,2015,N2O,1.440035671e-06,Tg
Argentina,natural gas,natural gas,natural gas,2015,CH4,0.3868423954,Tg
Argentina,natural gas,natural gas,natural gas,2015,CO2_FUG,0.08154514294,MTC
Argentina,natural gas,natural gas,natural gas,2015,N2O,1.440035671e-06,Tg
Colombia,coal,coal,coal,1975,CH4,0.3443664405,Tg
Colombia,coal,coal,coal,1975,CO2_FUG,2.023466996,MTC
Colombia,coal,coal,coal,1975,N2O,0.0001147259073,Tg
Colombia,crude oil,crude oil,crude oil,1975,CH4,1.196362973,Tg
Colombia,crude oil,crude oil,crude oil,1975,CO2_FUG,1.610199673,MTC
Colombia,crude oil,crude oil,crude oil,1975,N2O,1.642039828e-06,Tg
Colombia,natural gas,natural gas,natural gas,1975,CH4,1.196362973,Tg
Colombia,natural gas,natural gas,natural gas,1975,CO2_FUG,1.610199673,MTC
Colombia,natural gas,natural gas,natural gas,1975,N2O,1.642039828e-06,Tg
Colombia,coal,coal,coal,1990,CH4,0.09735814754,Tg
Colombia,coal,coal,coal,1990,CO2_FUG,0.2767854995,MTC
Colombia,coal,coal,coal,1990,N2O,2.251156026e-05,Tg
Colombia,crude oil,crude oil,crude oil,1990,CH4,1.041417818,Tg
Colombia,crude oil,crude oil,crude oil,1990,CO2_FUG,0.3332977935,MTC
Colombia,crude oil,crude oil,crude oil,1990,N2O,1.626693618e-06,Tg
Colombia,natural gas,natural gas,natural gas,1990,CH4,1.041417818,Tg
Colombia,natural gas,natural gas,natural gas,1990,CO2_FUG,0.3332977935,MTC
Colombia,natural gas,natural gas,natural gas,1990,N2O,1.626693618e-06,Tg
Colombia,coal,coal,coal,2005,CH4,0.1073360761,Tg
Colombia,coal,coal,coal,2005,CO2_FUG,0.04225333916,MTC
Colombia,coal,coal,coal,2005,N2O,3.836918823e-05,Tg
Colombia,crude oil,crude oil,crude oil,2005,CH4,0.8326790416,Tg
Colombia,crude oil,crude oil,crude oil,2005,CO2_FUG,0.168127786,MTC
Colombia,crude oil,crude oil,crude oil,2005,N2O,1.527832817e-06,Tg
Colombia,natural gas,natural gas,natural gas,2005,CH4,0.8326790416,Tg
Colombia,natural gas,natural gas,natural gas,2005,CO2_FUG,0.168127786,MTC
Colombia,natural gas,natural gas,natural gas,2005,N2O,1.527832817e-06,Tg
Colombia,coal,coal,coal,2010,CH4,0.1043000667,Tg
Colombia,coal,coal,coal,2010,CO2_FUG,0.07270032272,MTC
Colombia,coal,coal,coal,2010,N2O,3.131386057e-05,Tg
Colombia,crude oil,crude oil,crude oil,2010,CH4,0.7579597556,Tg
Colombia,crude oil,crude oil,crude oil,2010,CO2_FUG,0.1743816743,MTC
Colombia,crude oil,crude oil,crude oil,2010,N2O,1.480006593e-06,Tg
Colombia,natural gas,natural gas,natural gas,2010,CH4,0.7579597556,Tg
Colombia,natural gas,natural gas,natural gas,2010,CO2_FUG,0.1743816743,MTC
Colombia,natural gas,natural gas,natural gas,2010,N2O,1.480006593e-06,Tg
Colombia,coal,coal,coal,2015,CH4,0.09190538973,Tg
Colombia,coal,coal,coal,2015,CO2_FUG,0.07759122053,MTC
Colombia,coal,coal,coal,2015,N2O,1.483477416e-05,Tg
Colombia,crude oil,crude oil,crude oil,2015,CH4,0.7402101127,Tg
Colombia,crude oil,crude oil,crude oil,2015,CO2_FUG,0.1330655972,MTC
Colombia,crude oil,crude oil,crude oil,2015,N2O,1.546822559e-06,Tg
Colombia,natural gas,natural gas,natural gas,2015,CH4,0.7402101127,Tg
Colombia,natural gas,natural gas,natural gas,2015,CO2_FUG,0.1330655972,MTC
Colombia,natural gas,natural gas,natural gas,2015,N2O,1.546822559e-06,Tg
