# Average annual utilization of renewable technologies, calculated using regional solar irradiance data and wind resource curves to adjust default assumptions
# NOTE: only for SDG version - GCAM_v7p1_plus - VanDeVen et al 2026
region,supplysector,subsector,stub.technology,year,capacity.factor
USA,electricity,wind,wind_storage,1975,0.46
USA,electricity,wind,wind_storage,1990,0.46
USA,electricity,wind,wind_storage,2005,0.46
USA,electricity,wind,wind_storage,2010,0.46
USA,electricity,wind,wind_storage,2015,0.46
USA,electricity,wind,wind_storage,2020,0.46
USA,electricity,wind,wind_storage,2025,0.46
USA,electricity,wind,wind_storage,2030,0.46
USA,electricity,wind,wind_storage,2035,0.46
USA,electricity,wind,wind_storage,2040,0.46
USA,electricity,wind,wind_storage,2045,0.46
USA,electricity,wind,wind_storage,2050,0.46
USA,electricity,wind,wind_storage,2055,0.46
USA,electricity,wind,wind_storage,2060,0.46
USA,electricity,wind,wind_storage,2065,0.46
USA,electricity,wind,wind_storage,2070,0.46
USA,electricity,wind,wind_storage,2075,0.46
USA,electricity,wind,wind_storage,2080,0.46
USA,electricity,wind,wind_storage,2085,0.46
USA,electricity,wind,wind_storage,2090,0.46
USA,electricity,wind,wind_storage,2095,0.46
USA,electricity,wind,wind_storage,2100,0.46
Africa_Eastern,electricity,wind,wind_storage,1975,0.41
Africa_Eastern,electricity,wind,wind_storage,1990,0.41
Africa_Eastern,electricity,wind,wind_storage,2005,0.41
Africa_Eastern,electricity,wind,wind_storage,2010,0.41
Africa_Eastern,electricity,wind,wind_storage,2015,0.41
Africa_Eastern,electricity,wind,wind_storage,2020,0.41
Africa_Eastern,electricity,wind,wind_storage,2025,0.41
Africa_Eastern,electricity,wind,wind_storage,2030,0.41
Africa_Eastern,electricity,wind,wind_storage,2035,0.41
Africa_Eastern,electricity,wind,wind_storage,2040,0.41
Africa_Eastern,electricity,wind,wind_storage,2045,0.41
Africa_Eastern,electricity,wind,wind_storage,2050,0.41
Africa_Eastern,electricity,wind,wind_storage,2055,0.41
Africa_Eastern,electricity,wind,wind_storage,2060,0.41
Africa_Eastern,electricity,wind,wind_storage,2065,0.41
Africa_Eastern,electricity,wind,wind_storage,2070,0.41
Africa_Eastern,electricity,wind,wind_storage,2075,0.41
Africa_Eastern,electricity,wind,wind_storage,2080,0.41
Africa_Eastern,electricity,wind,wind_storage,2085,0.41
Africa_Eastern,electricity,wind,wind_storage,2090,0.41
Africa_Eastern,electricity,wind,wind_storage,2095,0.41
Africa_Eastern,electricity,wind,wind_storage,2100,0.41
Africa_Northern,electricity,wind,wind_storage,1975,0.46
Africa_Northern,electricity,wind,wind_storage,1990,0.46
Africa_Northern,electricity,wind,wind_storage,2005,0.46
Africa_Northern,electricity,wind,wind_storage,2010,0.46
Africa_Northern,electricity,wind,wind_storage,2015,0.46
Africa_Northern,electricity,wind,wind_storage,2020,0.46
Africa_Northern,electricity,wind,wind_storage,2025,0.46
Africa_Northern,electricity,wind,wind_storage,2030,0.46
Africa_Northern,electricity,wind,wind_storage,2035,0.46
Africa_Northern,electricity,wind,wind_storage,2040,0.46
Africa_Northern,electricity,wind,wind_storage,2045,0.46
Africa_Northern,electricity,wind,wind_storage,2050,0.46
Africa_Northern,electricity,wind,wind_storage,2055,0.46
Africa_Northern,electricity,wind,wind_storage,2060,0.46
Africa_Northern,electricity,wind,wind_storage,2065,0.46
Africa_Northern,electricity,wind,wind_storage,2070,0.46
Africa_Northern,electricity,wind,wind_storage,2075,0.46
Africa_Northern,electricity,wind,wind_storage,2080,0.46
Africa_Northern,electricity,wind,wind_storage,2085,0.46
Africa_Northern,electricity,wind,wind_storage,2090,0.46
Africa_Northern,electricity,wind,wind_storage,2095,0.46
Africa_Northern,electricity,wind,wind_storage,2100,0.46
Africa_Southern,electricity,wind,wind_storage,1975,0.34
Africa_Southern,electricity,wind,wind_storage,1990,0.34
Africa_Southern,electricity,wind,wind_storage,2005,0.34
Africa_Southern,electricity,wind,wind_storage,2010,0.34
Africa_Southern,electricity,wind,wind_storage,2015,0.34
Africa_Southern,electricity,wind,wind_storage,2020,0.34
Africa_Southern,electricity,wind,wind_storage,2025,0.34
Africa_Southern,electricity,wind,wind_storage,2030,0.34
Africa_Southern,electricity,wind,wind_storage,2035,0.34
Africa_Southern,electricity,wind,wind_storage,2040,0.34
Africa_Southern,electricity,wind,wind_storage,2045,0.34
Africa_Southern,electricity,wind,wind_storage,2050,0.34
Africa_Southern,electricity,wind,wind_storage,2055,0.34
Africa_Southern,electricity,wind,wind_storage,2060,0.34
Africa_Southern,electricity,wind,wind_storage,2065,0.34
Africa_Southern,electricity,wind,wind_storage,2070,0.34
Africa_Southern,electricity,wind,wind_storage,2075,0.34
Africa_Southern,electricity,wind,wind_storage,2080,0.34
Africa_Southern,electricity,wind,wind_storage,2085,0.34
Africa_Southern,electricity,wind,wind_storage,2090,0.34
Africa_Southern,electricity,wind,wind_storage,2095,0.34
Africa_Southern,electricity,wind,wind_storage,2100,0.34
Africa_Western,electricity,wind,wind_storage,1975,0.42
Africa_Western,electricity,wind,wind_storage,1990,0.42
Africa_Western,electricity,wind,wind_storage,2005,0.42
Africa_Western,electricity,wind,wind_storage,2010,0.42
Africa_Western,electricity,wind,wind_storage,2015,0.42
Africa_Western,electricity,wind,wind_storage,2020,0.42
Africa_Western,electricity,wind,wind_storage,2025,0.42
Africa_Western,electricity,wind,wind_storage,2030,0.42
Africa_Western,electricity,wind,wind_storage,2035,0.42
Africa_Western,electricity,wind,wind_storage,2040,0.42
Africa_Western,electricity,wind,wind_storage,2045,0.42
Africa_Western,electricity,wind,wind_storage,2050,0.42
Africa_Western,electricity,wind,wind_storage,2055,0.42
Africa_Western,electricity,wind,wind_storage,2060,0.42
Africa_Western,electricity,wind,wind_storage,2065,0.42
Africa_Western,electricity,wind,wind_storage,2070,0.42
Africa_Western,electricity,wind,wind_storage,2075,0.42
Africa_Western,electricity,wind,wind_storage,2080,0.42
Africa_Western,electricity,wind,wind_storage,2085,0.42
Africa_Western,electricity,wind,wind_storage,2090,0.42
Africa_Western,electricity,wind,wind_storage,2095,0.42
Africa_Western,electricity,wind,wind_storage,2100,0.42
Australia_NZ,electricity,wind,wind_storage,1975,0.46
Australia_NZ,electricity,wind,wind_storage,1990,0.46
Australia_NZ,electricity,wind,wind_storage,2005,0.46
Australia_NZ,electricity,wind,wind_storage,2010,0.46
Australia_NZ,electricity,wind,wind_storage,2015,0.46
Australia_NZ,electricity,wind,wind_storage,2020,0.46
Australia_NZ,electricity,wind,wind_storage,2025,0.46
Australia_NZ,electricity,wind,wind_storage,2030,0.46
Australia_NZ,electricity,wind,wind_storage,2035,0.46
Australia_NZ,electricity,wind,wind_storage,2040,0.46
Australia_NZ,electricity,wind,wind_storage,2045,0.46
Australia_NZ,electricity,wind,wind_storage,2050,0.46
Australia_NZ,electricity,wind,wind_storage,2055,0.46
Australia_NZ,electricity,wind,wind_storage,2060,0.46
Australia_NZ,electricity,wind,wind_storage,2065,0.46
Australia_NZ,electricity,wind,wind_storage,2070,0.46
Australia_NZ,electricity,wind,wind_storage,2075,0.46
Australia_NZ,electricity,wind,wind_storage,2080,0.46
Australia_NZ,electricity,wind,wind_storage,2085,0.46
Australia_NZ,electricity,wind,wind_storage,2090,0.46
Australia_NZ,electricity,wind,wind_storage,2095,0.46
Australia_NZ,electricity,wind,wind_storage,2100,0.46
Brazil,electricity,wind,wind_storage,1975,0.42
Brazil,electricity,wind,wind_storage,1990,0.42
Brazil,electricity,wind,wind_storage,2005,0.42
Brazil,electricity,wind,wind_storage,2010,0.42
Brazil,electricity,wind,wind_storage,2015,0.42
Brazil,electricity,wind,wind_storage,2020,0.42
Brazil,electricity,wind,wind_storage,2025,0.42
Brazil,electricity,wind,wind_storage,2030,0.42
Brazil,electricity,wind,wind_storage,2035,0.42
Brazil,electricity,wind,wind_storage,2040,0.42
Brazil,electricity,wind,wind_storage,2045,0.42
Brazil,electricity,wind,wind_storage,2050,0.42
Brazil,electricity,wind,wind_storage,2055,0.42
Brazil,electricity,wind,wind_storage,2060,0.42
Brazil,electricity,wind,wind_storage,2065,0.42
Brazil,electricity,wind,wind_storage,2070,0.42
Brazil,electricity,wind,wind_storage,2075,0.42
Brazil,electricity,wind,wind_storage,2080,0.42
Brazil,electricity,wind,wind_storage,2085,0.42
Brazil,electricity,wind,wind_storage,2090,0.42
Brazil,electricity,wind,wind_storage,2095,0.42
Brazil,electricity,wind,wind_storage,2100,0.42
Canada,electricity,wind,wind_storage,1975,0.46
Canada,electricity,wind,wind_storage,1990,0.46
Canada,electricity,wind,wind_storage,2005,0.46
Canada,electricity,wind,wind_storage,2010,0.46
Canada,electricity,wind,wind_storage,2015,0.46
Canada,electricity,wind,wind_storage,2020,0.46
Canada,electricity,wind,wind_storage,2025,0.46
Canada,electricity,wind,wind_storage,2030,0.46
Canada,electricity,wind,wind_storage,2035,0.46
Canada,electricity,wind,wind_storage,2040,0.46
Canada,electricity,wind,wind_storage,2045,0.46
Canada,electricity,wind,wind_storage,2050,0.46
Canada,electricity,wind,wind_storage,2055,0.46
Canada,electricity,wind,wind_storage,2060,0.46
Canada,electricity,wind,wind_storage,2065,0.46
Canada,electricity,wind,wind_storage,2070,0.46
Canada,electricity,wind,wind_storage,2075,0.46
Canada,electricity,wind,wind_storage,2080,0.46
Canada,electricity,wind,wind_storage,2085,0.46
Canada,electricity,wind,wind_storage,2090,0.46
Canada,electricity,wind,wind_storage,2095,0.46
Canada,electricity,wind,wind_storage,2100,0.46
Central America and Caribbean,electricity,wind,wind_storage,1975,0.46
Central America and Caribbean,electricity,wind,wind_storage,1990,0.46
Central America and Caribbean,electricity,wind,wind_storage,2005,0.46
Central America and Caribbean,electricity,wind,wind_storage,2010,0.46
Central America and Caribbean,electricity,wind,wind_storage,2015,0.46
Central America and Caribbean,electricity,wind,wind_storage,2020,0.46
Central America and Caribbean,electricity,wind,wind_storage,2025,0.46
Central America and Caribbean,electricity,wind,wind_storage,2030,0.46
Central America and Caribbean,electricity,wind,wind_storage,2035,0.46
Central America and Caribbean,electricity,wind,wind_storage,2040,0.46
Central America and Caribbean,electricity,wind,wind_storage,2045,0.46
Central America and Caribbean,electricity,wind,wind_storage,2050,0.46
Central America and Caribbean,electricity,wind,wind_storage,2055,0.46
Central America and Caribbean,electricity,wind,wind_storage,2060,0.46
Central America and Caribbean,electricity,wind,wind_storage,2065,0.46
Central America and Caribbean,electricity,wind,wind_storage,2070,0.46
Central America and Caribbean,electricity,wind,wind_storage,2075,0.46
Central America and Caribbean,electricity,wind,wind_storage,2080,0.46
Central America and Caribbean,electricity,wind,wind_storage,2085,0.46
Central America and Caribbean,electricity,wind,wind_storage,2090,0.46
Central America and Caribbean,electricity,wind,wind_storage,2095,0.46
Central America and Caribbean,electricity,wind,wind_storage,2100,0.46
Central Asia,electricity,wind,wind_storage,1975,0.43
Central Asia,electricity,wind,wind_storage,1990,0.43
Central Asia,electricity,wind,wind_storage,2005,0.43
Central Asia,electricity,wind,wind_storage,2010,0.43
Central Asia,electricity,wind,wind_storage,2015,0.43
Central Asia,electricity,wind,wind_storage,2020,0.43
Central Asia,electricity,wind,wind_storage,2025,0.43
Central Asia,electricity,wind,wind_storage,2030,0.43
Central Asia,electricity,wind,wind_storage,2035,0.43
Central Asia,electricity,wind,wind_storage,2040,0.43
Central Asia,electricity,wind,wind_storage,2045,0.43
Central Asia,electricity,wind,wind_storage,2050,0.43
Central Asia,electricity,wind,wind_storage,2055,0.43
Central Asia,electricity,wind,wind_storage,2060,0.43
Central Asia,electricity,wind,wind_storage,2065,0.43
Central Asia,electricity,wind,wind_storage,2070,0.43
Central Asia,electricity,wind,wind_storage,2075,0.43
Central Asia,electricity,wind,wind_storage,2080,0.43
Central Asia,electricity,wind,wind_storage,2085,0.43
Central Asia,electricity,wind,wind_storage,2090,0.43
Central Asia,electricity,wind,wind_storage,2095,0.43
Central Asia,electricity,wind,wind_storage,2100,0.43
China,electricity,wind,wind_storage,1975,0.46
China,electricity,wind,wind_storage,1990,0.46
China,electricity,wind,wind_storage,2005,0.46
China,electricity,wind,wind_storage,2010,0.46
China,electricity,wind,wind_storage,2015,0.46
China,electricity,wind,wind_storage,2020,0.46
China,electricity,wind,wind_storage,2025,0.46
China,electricity,wind,wind_storage,2030,0.46
China,electricity,wind,wind_storage,2035,0.46
China,electricity,wind,wind_storage,2040,0.46
China,electricity,wind,wind_storage,2045,0.46
China,electricity,wind,wind_storage,2050,0.46
China,electricity,wind,wind_storage,2055,0.46
China,electricity,wind,wind_storage,2060,0.46
China,electricity,wind,wind_storage,2065,0.46
China,electricity,wind,wind_storage,2070,0.46
China,electricity,wind,wind_storage,2075,0.46
China,electricity,wind,wind_storage,2080,0.46
China,electricity,wind,wind_storage,2085,0.46
China,electricity,wind,wind_storage,2090,0.46
China,electricity,wind,wind_storage,2095,0.46
China,electricity,wind,wind_storage,2100,0.46
EU-12,electricity,wind,wind_storage,1975,0.45
EU-12,electricity,wind,wind_storage,1990,0.45
EU-12,electricity,wind,wind_storage,2005,0.45
EU-12,electricity,wind,wind_storage,2010,0.45
EU-12,electricity,wind,wind_storage,2015,0.45
EU-12,electricity,wind,wind_storage,2020,0.45
EU-12,electricity,wind,wind_storage,2025,0.45
EU-12,electricity,wind,wind_storage,2030,0.45
EU-12,electricity,wind,wind_storage,2035,0.45
EU-12,electricity,wind,wind_storage,2040,0.45
EU-12,electricity,wind,wind_storage,2045,0.45
EU-12,electricity,wind,wind_storage,2050,0.45
EU-12,electricity,wind,wind_storage,2055,0.45
EU-12,electricity,wind,wind_storage,2060,0.45
EU-12,electricity,wind,wind_storage,2065,0.45
EU-12,electricity,wind,wind_storage,2070,0.45
EU-12,electricity,wind,wind_storage,2075,0.45
EU-12,electricity,wind,wind_storage,2080,0.45
EU-12,electricity,wind,wind_storage,2085,0.45
EU-12,electricity,wind,wind_storage,2090,0.45
EU-12,electricity,wind,wind_storage,2095,0.45
EU-12,electricity,wind,wind_storage,2100,0.45
EU-15,electricity,wind,wind_storage,1975,0.46
EU-15,electricity,wind,wind_storage,1990,0.46
EU-15,electricity,wind,wind_storage,2005,0.46
EU-15,electricity,wind,wind_storage,2010,0.46
EU-15,electricity,wind,wind_storage,2015,0.46
EU-15,electricity,wind,wind_storage,2020,0.46
EU-15,electricity,wind,wind_storage,2025,0.46
EU-15,electricity,wind,wind_storage,2030,0.46
EU-15,electricity,wind,wind_storage,2035,0.46
EU-15,electricity,wind,wind_storage,2040,0.46
EU-15,electricity,wind,wind_storage,2045,0.46
EU-15,electricity,wind,wind_storage,2050,0.46
EU-15,electricity,wind,wind_storage,2055,0.46
EU-15,electricity,wind,wind_storage,2060,0.46
EU-15,electricity,wind,wind_storage,2065,0.46
EU-15,electricity,wind,wind_storage,2070,0.46
EU-15,electricity,wind,wind_storage,2075,0.46
EU-15,electricity,wind,wind_storage,2080,0.46
EU-15,electricity,wind,wind_storage,2085,0.46
EU-15,electricity,wind,wind_storage,2090,0.46
EU-15,electricity,wind,wind_storage,2095,0.46
EU-15,electricity,wind,wind_storage,2100,0.46
Europe_Eastern,electricity,wind,wind_storage,1975,0.41
Europe_Eastern,electricity,wind,wind_storage,1990,0.41
Europe_Eastern,electricity,wind,wind_storage,2005,0.41
Europe_Eastern,electricity,wind,wind_storage,2010,0.41
Europe_Eastern,electricity,wind,wind_storage,2015,0.41
Europe_Eastern,electricity,wind,wind_storage,2020,0.41
Europe_Eastern,electricity,wind,wind_storage,2025,0.41
Europe_Eastern,electricity,wind,wind_storage,2030,0.41
Europe_Eastern,electricity,wind,wind_storage,2035,0.41
Europe_Eastern,electricity,wind,wind_storage,2040,0.41
Europe_Eastern,electricity,wind,wind_storage,2045,0.41
Europe_Eastern,electricity,wind,wind_storage,2050,0.41
Europe_Eastern,electricity,wind,wind_storage,2055,0.41
Europe_Eastern,electricity,wind,wind_storage,2060,0.41
Europe_Eastern,electricity,wind,wind_storage,2065,0.41
Europe_Eastern,electricity,wind,wind_storage,2070,0.41
Europe_Eastern,electricity,wind,wind_storage,2075,0.41
Europe_Eastern,electricity,wind,wind_storage,2080,0.41
Europe_Eastern,electricity,wind,wind_storage,2085,0.41
Europe_Eastern,electricity,wind,wind_storage,2090,0.41
Europe_Eastern,electricity,wind,wind_storage,2095,0.41
Europe_Eastern,electricity,wind,wind_storage,2100,0.41
Europe_Non_EU,electricity,wind,wind_storage,1975,0.44
Europe_Non_EU,electricity,wind,wind_storage,1990,0.44
Europe_Non_EU,electricity,wind,wind_storage,2005,0.44
Europe_Non_EU,electricity,wind,wind_storage,2010,0.44
Europe_Non_EU,electricity,wind,wind_storage,2015,0.44
Europe_Non_EU,electricity,wind,wind_storage,2020,0.44
Europe_Non_EU,electricity,wind,wind_storage,2025,0.44
Europe_Non_EU,electricity,wind,wind_storage,2030,0.44
Europe_Non_EU,electricity,wind,wind_storage,2035,0.44
Europe_Non_EU,electricity,wind,wind_storage,2040,0.44
Europe_Non_EU,electricity,wind,wind_storage,2045,0.44
Europe_Non_EU,electricity,wind,wind_storage,2050,0.44
Europe_Non_EU,electricity,wind,wind_storage,2055,0.44
Europe_Non_EU,electricity,wind,wind_storage,2060,0.44
Europe_Non_EU,electricity,wind,wind_storage,2065,0.44
Europe_Non_EU,electricity,wind,wind_storage,2070,0.44
Europe_Non_EU,electricity,wind,wind_storage,2075,0.44
Europe_Non_EU,electricity,wind,wind_storage,2080,0.44
Europe_Non_EU,electricity,wind,wind_storage,2085,0.44
Europe_Non_EU,electricity,wind,wind_storage,2090,0.44
Europe_Non_EU,electricity,wind,wind_storage,2095,0.44
Europe_Non_EU,electricity,wind,wind_storage,2100,0.44
European Free Trade Association,electricity,wind,wind_storage,1975,0.45
European Free Trade Association,electricity,wind,wind_storage,1990,0.45
European Free Trade Association,electricity,wind,wind_storage,2005,0.45
European Free Trade Association,electricity,wind,wind_storage,2010,0.45
European Free Trade Association,electricity,wind,wind_storage,2015,0.45
European Free Trade Association,electricity,wind,wind_storage,2020,0.45
European Free Trade Association,electricity,wind,wind_storage,2025,0.45
European Free Trade Association,electricity,wind,wind_storage,2030,0.45
European Free Trade Association,electricity,wind,wind_storage,2035,0.45
European Free Trade Association,electricity,wind,wind_storage,2040,0.45
European Free Trade Association,electricity,wind,wind_storage,2045,0.45
European Free Trade Association,electricity,wind,wind_storage,2050,0.45
European Free Trade Association,electricity,wind,wind_storage,2055,0.45
European Free Trade Association,electricity,wind,wind_storage,2060,0.45
European Free Trade Association,electricity,wind,wind_storage,2065,0.45
European Free Trade Association,electricity,wind,wind_storage,2070,0.45
European Free Trade Association,electricity,wind,wind_storage,2075,0.45
European Free Trade Association,electricity,wind,wind_storage,2080,0.45
European Free Trade Association,electricity,wind,wind_storage,2085,0.45
European Free Trade Association,electricity,wind,wind_storage,2090,0.45
European Free Trade Association,electricity,wind,wind_storage,2095,0.45
European Free Trade Association,electricity,wind,wind_storage,2100,0.45
India,electricity,wind,wind_storage,1975,0.43
India,electricity,wind,wind_storage,1990,0.43
India,electricity,wind,wind_storage,2005,0.43
India,electricity,wind,wind_storage,2010,0.43
India,electricity,wind,wind_storage,2015,0.43
India,electricity,wind,wind_storage,2020,0.43
India,electricity,wind,wind_storage,2025,0.43
India,electricity,wind,wind_storage,2030,0.43
India,electricity,wind,wind_storage,2035,0.43
India,electricity,wind,wind_storage,2040,0.43
India,electricity,wind,wind_storage,2045,0.43
India,electricity,wind,wind_storage,2050,0.43
India,electricity,wind,wind_storage,2055,0.43
India,electricity,wind,wind_storage,2060,0.43
India,electricity,wind,wind_storage,2065,0.43
India,electricity,wind,wind_storage,2070,0.43
India,electricity,wind,wind_storage,2075,0.43
India,electricity,wind,wind_storage,2080,0.43
India,electricity,wind,wind_storage,2085,0.43
India,electricity,wind,wind_storage,2090,0.43
India,electricity,wind,wind_storage,2095,0.43
India,electricity,wind,wind_storage,2100,0.43
Indonesia,electricity,wind,wind_storage,1975,0.41
Indonesia,electricity,wind,wind_storage,1990,0.41
Indonesia,electricity,wind,wind_storage,2005,0.41
Indonesia,electricity,wind,wind_storage,2010,0.41
Indonesia,electricity,wind,wind_storage,2015,0.41
Indonesia,electricity,wind,wind_storage,2020,0.41
Indonesia,electricity,wind,wind_storage,2025,0.41
Indonesia,electricity,wind,wind_storage,2030,0.41
Indonesia,electricity,wind,wind_storage,2035,0.41
Indonesia,electricity,wind,wind_storage,2040,0.41
Indonesia,electricity,wind,wind_storage,2045,0.41
Indonesia,electricity,wind,wind_storage,2050,0.41
Indonesia,electricity,wind,wind_storage,2055,0.41
Indonesia,electricity,wind,wind_storage,2060,0.41
Indonesia,electricity,wind,wind_storage,2065,0.41
Indonesia,electricity,wind,wind_storage,2070,0.41
Indonesia,electricity,wind,wind_storage,2075,0.41
Indonesia,electricity,wind,wind_storage,2080,0.41
Indonesia,electricity,wind,wind_storage,2085,0.41
Indonesia,electricity,wind,wind_storage,2090,0.41
Indonesia,electricity,wind,wind_storage,2095,0.41
Indonesia,electricity,wind,wind_storage,2100,0.41
Japan,electricity,wind,wind_storage,1975,0.46
Japan,electricity,wind,wind_storage,1990,0.46
Japan,electricity,wind,wind_storage,2005,0.46
Japan,electricity,wind,wind_storage,2010,0.46
Japan,electricity,wind,wind_storage,2015,0.46
Japan,electricity,wind,wind_storage,2020,0.46
Japan,electricity,wind,wind_storage,2025,0.46
Japan,electricity,wind,wind_storage,2030,0.46
Japan,electricity,wind,wind_storage,2035,0.46
Japan,electricity,wind,wind_storage,2040,0.46
Japan,electricity,wind,wind_storage,2045,0.46
Japan,electricity,wind,wind_storage,2050,0.46
Japan,electricity,wind,wind_storage,2055,0.46
Japan,electricity,wind,wind_storage,2060,0.46
Japan,electricity,wind,wind_storage,2065,0.46
Japan,electricity,wind,wind_storage,2070,0.46
Japan,electricity,wind,wind_storage,2075,0.46
Japan,electricity,wind,wind_storage,2080,0.46
Japan,electricity,wind,wind_storage,2085,0.46
Japan,electricity,wind,wind_storage,2090,0.46
Japan,electricity,wind,wind_storage,2095,0.46
Japan,electricity,wind,wind_storage,2100,0.46
Mexico,electricity,wind,wind_storage,1975,0.46
Mexico,electricity,wind,wind_storage,1990,0.46
Mexico,electricity,wind,wind_storage,2005,0.46
Mexico,electricity,wind,wind_storage,2010,0.46
Mexico,electricity,wind,wind_storage,2015,0.46
Mexico,electricity,wind,wind_storage,2020,0.46
Mexico,electricity,wind,wind_storage,2025,0.46
Mexico,electricity,wind,wind_storage,2030,0.46
Mexico,electricity,wind,wind_storage,2035,0.46
Mexico,electricity,wind,wind_storage,2040,0.46
Mexico,electricity,wind,wind_storage,2045,0.46
Mexico,electricity,wind,wind_storage,2050,0.46
Mexico,electricity,wind,wind_storage,2055,0.46
Mexico,electricity,wind,wind_storage,2060,0.46
Mexico,electricity,wind,wind_storage,2065,0.46
Mexico,electricity,wind,wind_storage,2070,0.46
Mexico,electricity,wind,wind_storage,2075,0.46
Mexico,electricity,wind,wind_storage,2080,0.46
Mexico,electricity,wind,wind_storage,2085,0.46
Mexico,electricity,wind,wind_storage,2090,0.46
Mexico,electricity,wind,wind_storage,2095,0.46
Mexico,electricity,wind,wind_storage,2100,0.46
Middle East,electricity,wind,wind_storage,1975,0.43
Middle East,electricity,wind,wind_storage,1990,0.43
Middle East,electricity,wind,wind_storage,2005,0.43
Middle East,electricity,wind,wind_storage,2010,0.43
Middle East,electricity,wind,wind_storage,2015,0.43
Middle East,electricity,wind,wind_storage,2020,0.43
Middle East,electricity,wind,wind_storage,2025,0.43
Middle East,electricity,wind,wind_storage,2030,0.43
Middle East,electricity,wind,wind_storage,2035,0.43
Middle East,electricity,wind,wind_storage,2040,0.43
Middle East,electricity,wind,wind_storage,2045,0.43
Middle East,electricity,wind,wind_storage,2050,0.43
Middle East,electricity,wind,wind_storage,2055,0.43
Middle East,electricity,wind,wind_storage,2060,0.43
Middle East,electricity,wind,wind_storage,2065,0.43
Middle East,electricity,wind,wind_storage,2070,0.43
Middle East,electricity,wind,wind_storage,2075,0.43
Middle East,electricity,wind,wind_storage,2080,0.43
Middle East,electricity,wind,wind_storage,2085,0.43
Middle East,electricity,wind,wind_storage,2090,0.43
Middle East,electricity,wind,wind_storage,2095,0.43
Middle East,electricity,wind,wind_storage,2100,0.43
Pakistan,electricity,wind,wind_storage,1975,0.43
Pakistan,electricity,wind,wind_storage,1990,0.43
Pakistan,electricity,wind,wind_storage,2005,0.43
Pakistan,electricity,wind,wind_storage,2010,0.43
Pakistan,electricity,wind,wind_storage,2015,0.43
Pakistan,electricity,wind,wind_storage,2020,0.43
Pakistan,electricity,wind,wind_storage,2025,0.43
Pakistan,electricity,wind,wind_storage,2030,0.43
Pakistan,electricity,wind,wind_storage,2035,0.43
Pakistan,electricity,wind,wind_storage,2040,0.43
Pakistan,electricity,wind,wind_storage,2045,0.43
Pakistan,electricity,wind,wind_storage,2050,0.43
Pakistan,electricity,wind,wind_storage,2055,0.43
Pakistan,electricity,wind,wind_storage,2060,0.43
Pakistan,electricity,wind,wind_storage,2065,0.43
Pakistan,electricity,wind,wind_storage,2070,0.43
Pakistan,electricity,wind,wind_storage,2075,0.43
Pakistan,electricity,wind,wind_storage,2080,0.43
Pakistan,electricity,wind,wind_storage,2085,0.43
Pakistan,electricity,wind,wind_storage,2090,0.43
Pakistan,electricity,wind,wind_storage,2095,0.43
Pakistan,electricity,wind,wind_storage,2100,0.43
Russia,electricity,wind,wind_storage,1975,0.45
Russia,electricity,wind,wind_storage,1990,0.45
Russia,electricity,wind,wind_storage,2005,0.45
Russia,electricity,wind,wind_storage,2010,0.45
Russia,electricity,wind,wind_storage,2015,0.45
Russia,electricity,wind,wind_storage,2020,0.45
Russia,electricity,wind,wind_storage,2025,0.45
Russia,electricity,wind,wind_storage,2030,0.45
Russia,electricity,wind,wind_storage,2035,0.45
Russia,electricity,wind,wind_storage,2040,0.45
Russia,electricity,wind,wind_storage,2045,0.45
Russia,electricity,wind,wind_storage,2050,0.45
Russia,electricity,wind,wind_storage,2055,0.45
Russia,electricity,wind,wind_storage,2060,0.45
Russia,electricity,wind,wind_storage,2065,0.45
Russia,electricity,wind,wind_storage,2070,0.45
Russia,electricity,wind,wind_storage,2075,0.45
Russia,electricity,wind,wind_storage,2080,0.45
Russia,electricity,wind,wind_storage,2085,0.45
Russia,electricity,wind,wind_storage,2090,0.45
Russia,electricity,wind,wind_storage,2095,0.45
Russia,electricity,wind,wind_storage,2100,0.45
South Africa,electricity,wind,wind_storage,1975,0.44
South Africa,electricity,wind,wind_storage,1990,0.44
South Africa,electricity,wind,wind_storage,2005,0.44
South Africa,electricity,wind,wind_storage,2010,0.44
South Africa,electricity,wind,wind_storage,2015,0.44
South Africa,electricity,wind,wind_storage,2020,0.44
South Africa,electricity,wind,wind_storage,2025,0.44
South Africa,electricity,wind,wind_storage,2030,0.44
South Africa,electricity,wind,wind_storage,2035,0.44
South Africa,electricity,wind,wind_storage,2040,0.44
South Africa,electricity,wind,wind_storage,2045,0.44
South Africa,electricity,wind,wind_storage,2050,0.44
South Africa,electricity,wind,wind_storage,2055,0.44
South Africa,electricity,wind,wind_storage,2060,0.44
South Africa,electricity,wind,wind_storage,2065,0.44
South Africa,electricity,wind,wind_storage,2070,0.44
South Africa,electricity,wind,wind_storage,2075,0.44
South Africa,electricity,wind,wind_storage,2080,0.44
South Africa,electricity,wind,wind_storage,2085,0.44
South Africa,electricity,wind,wind_storage,2090,0.44
South Africa,electricity,wind,wind_storage,2095,0.44
South Africa,electricity,wind,wind_storage,2100,0.44
South America_Northern,electricity,wind,wind_storage,1975,0.43
South America_Northern,electricity,wind,wind_storage,1990,0.43
South America_Northern,electricity,wind,wind_storage,2005,0.43
South America_Northern,electricity,wind,wind_storage,2010,0.43
South America_Northern,electricity,wind,wind_storage,2015,0.43
South America_Northern,electricity,wind,wind_storage,2020,0.43
South America_Northern,electricity,wind,wind_storage,2025,0.43
South America_Northern,electricity,wind,wind_storage,2030,0.43
South America_Northern,electricity,wind,wind_storage,2035,0.43
South America_Northern,electricity,wind,wind_storage,2040,0.43
South America_Northern,electricity,wind,wind_storage,2045,0.43
South America_Northern,electricity,wind,wind_storage,2050,0.43
South America_Northern,electricity,wind,wind_storage,2055,0.43
South America_Northern,electricity,wind,wind_storage,2060,0.43
South America_Northern,electricity,wind,wind_storage,2065,0.43
South America_Northern,electricity,wind,wind_storage,2070,0.43
South America_Northern,electricity,wind,wind_storage,2075,0.43
South America_Northern,electricity,wind,wind_storage,2080,0.43
South America_Northern,electricity,wind,wind_storage,2085,0.43
South America_Northern,electricity,wind,wind_storage,2090,0.43
South America_Northern,electricity,wind,wind_storage,2095,0.43
South America_Northern,electricity,wind,wind_storage,2100,0.43
South America_Southern,electricity,wind,wind_storage,1975,0.44
South America_Southern,electricity,wind,wind_storage,1990,0.44
South America_Southern,electricity,wind,wind_storage,2005,0.44
South America_Southern,electricity,wind,wind_storage,2010,0.44
South America_Southern,electricity,wind,wind_storage,2015,0.44
South America_Southern,electricity,wind,wind_storage,2020,0.44
South America_Southern,electricity,wind,wind_storage,2025,0.44
South America_Southern,electricity,wind,wind_storage,2030,0.44
South America_Southern,electricity,wind,wind_storage,2035,0.44
South America_Southern,electricity,wind,wind_storage,2040,0.44
South America_Southern,electricity,wind,wind_storage,2045,0.44
South America_Southern,electricity,wind,wind_storage,2050,0.44
South America_Southern,electricity,wind,wind_storage,2055,0.44
South America_Southern,electricity,wind,wind_storage,2060,0.44
South America_Southern,electricity,wind,wind_storage,2065,0.44
South America_Southern,electricity,wind,wind_storage,2070,0.44
South America_Southern,electricity,wind,wind_storage,2075,0.44
South America_Southern,electricity,wind,wind_storage,2080,0.44
South America_Southern,electricity,wind,wind_storage,2085,0.44
South America_Southern,electricity,wind,wind_storage,2090,0.44
South America_Southern,electricity,wind,wind_storage,2095,0.44
South America_Southern,electricity,wind,wind_storage,2100,0.44
South Asia,electricity,wind,wind_storage,1975,0.43
South Asia,electricity,wind,wind_storage,1990,0.43
South Asia,electricity,wind,wind_storage,2005,0.43
South Asia,electricity,wind,wind_storage,2010,0.43
South Asia,electricity,wind,wind_storage,2015,0.43
South Asia,electricity,wind,wind_storage,2020,0.43
South Asia,electricity,wind,wind_storage,2025,0.43
South Asia,electricity,wind,wind_storage,2030,0.43
South Asia,electricity,wind,wind_storage,2035,0.43
South Asia,electricity,wind,wind_storage,2040,0.43
South Asia,electricity,wind,wind_storage,2045,0.43
South Asia,electricity,wind,wind_storage,2050,0.43
South Asia,electricity,wind,wind_storage,2055,0.43
South Asia,electricity,wind,wind_storage,2060,0.43
South Asia,electricity,wind,wind_storage,2065,0.43
South Asia,electricity,wind,wind_storage,2070,0.43
South Asia,electricity,wind,wind_storage,2075,0.43
South Asia,electricity,wind,wind_storage,2080,0.43
South Asia,electricity,wind,wind_storage,2085,0.43
South Asia,electricity,wind,wind_storage,2090,0.43
South Asia,electricity,wind,wind_storage,2095,0.43
South Asia,electricity,wind,wind_storage,2100,0.43
South Korea,electricity,wind,wind_storage,1975,0.36
South Korea,electricity,wind,wind_storage,1990,0.36
South Korea,electricity,wind,wind_storage,2005,0.36
South Korea,electricity,wind,wind_storage,2010,0.36
South Korea,electricity,wind,wind_storage,2015,0.36
South Korea,electricity,wind,wind_storage,2020,0.36
South Korea,electricity,wind,wind_storage,2025,0.36
South Korea,electricity,wind,wind_storage,2030,0.36
South Korea,electricity,wind,wind_storage,2035,0.36
South Korea,electricity,wind,wind_storage,2040,0.36
South Korea,electricity,wind,wind_storage,2045,0.36
South Korea,electricity,wind,wind_storage,2050,0.36
South Korea,electricity,wind,wind_storage,2055,0.36
South Korea,electricity,wind,wind_storage,2060,0.36
South Korea,electricity,wind,wind_storage,2065,0.36
South Korea,electricity,wind,wind_storage,2070,0.36
South Korea,electricity,wind,wind_storage,2075,0.36
South Korea,electricity,wind,wind_storage,2080,0.36
South Korea,electricity,wind,wind_storage,2085,0.36
South Korea,electricity,wind,wind_storage,2090,0.36
South Korea,electricity,wind,wind_storage,2095,0.36
South Korea,electricity,wind,wind_storage,2100,0.36
Southeast Asia,electricity,wind,wind_storage,1975,0.43
Southeast Asia,electricity,wind,wind_storage,1990,0.43
Southeast Asia,electricity,wind,wind_storage,2005,0.43
Southeast Asia,electricity,wind,wind_storage,2010,0.43
Southeast Asia,electricity,wind,wind_storage,2015,0.43
Southeast Asia,electricity,wind,wind_storage,2020,0.43
Southeast Asia,electricity,wind,wind_storage,2025,0.43
Southeast Asia,electricity,wind,wind_storage,2030,0.43
Southeast Asia,electricity,wind,wind_storage,2035,0.43
Southeast Asia,electricity,wind,wind_storage,2040,0.43
Southeast Asia,electricity,wind,wind_storage,2045,0.43
Southeast Asia,electricity,wind,wind_storage,2050,0.43
Southeast Asia,electricity,wind,wind_storage,2055,0.43
Southeast Asia,electricity,wind,wind_storage,2060,0.43
Southeast Asia,electricity,wind,wind_storage,2065,0.43
Southeast Asia,electricity,wind,wind_storage,2070,0.43
Southeast Asia,electricity,wind,wind_storage,2075,0.43
Southeast Asia,electricity,wind,wind_storage,2080,0.43
Southeast Asia,electricity,wind,wind_storage,2085,0.43
Southeast Asia,electricity,wind,wind_storage,2090,0.43
Southeast Asia,electricity,wind,wind_storage,2095,0.43
Southeast Asia,electricity,wind,wind_storage,2100,0.43
Taiwan,electricity,wind,wind_storage,1975,0.39
Taiwan,electricity,wind,wind_storage,1990,0.39
Taiwan,electricity,wind,wind_storage,2005,0.39
Taiwan,electricity,wind,wind_storage,2010,0.39
Taiwan,electricity,wind,wind_storage,2015,0.39
Taiwan,electricity,wind,wind_storage,2020,0.39
Taiwan,electricity,wind,wind_storage,2025,0.39
Taiwan,electricity,wind,wind_storage,2030,0.39
Taiwan,electricity,wind,wind_storage,2035,0.39
Taiwan,electricity,wind,wind_storage,2040,0.39
Taiwan,electricity,wind,wind_storage,2045,0.39
Taiwan,electricity,wind,wind_storage,2050,0.39
Taiwan,electricity,wind,wind_storage,2055,0.39
Taiwan,electricity,wind,wind_storage,2060,0.39
Taiwan,electricity,wind,wind_storage,2065,0.39
Taiwan,electricity,wind,wind_storage,2070,0.39
Taiwan,electricity,wind,wind_storage,2075,0.39
Taiwan,electricity,wind,wind_storage,2080,0.39
Taiwan,electricity,wind,wind_storage,2085,0.39
Taiwan,electricity,wind,wind_storage,2090,0.39
Taiwan,electricity,wind,wind_storage,2095,0.39
Taiwan,electricity,wind,wind_storage,2100,0.39
Argentina,electricity,wind,wind_storage,1975,0.45
Argentina,electricity,wind,wind_storage,1990,0.45
Argentina,electricity,wind,wind_storage,2005,0.45
Argentina,electricity,wind,wind_storage,2010,0.45
Argentina,electricity,wind,wind_storage,2015,0.45
Argentina,electricity,wind,wind_storage,2020,0.45
Argentina,electricity,wind,wind_storage,2025,0.45
Argentina,electricity,wind,wind_storage,2030,0.45
Argentina,electricity,wind,wind_storage,2035,0.45
Argentina,electricity,wind,wind_storage,2040,0.45
Argentina,electricity,wind,wind_storage,2045,0.45
Argentina,electricity,wind,wind_storage,2050,0.45
Argentina,electricity,wind,wind_storage,2055,0.45
Argentina,electricity,wind,wind_storage,2060,0.45
Argentina,electricity,wind,wind_storage,2065,0.45
Argentina,electricity,wind,wind_storage,2070,0.45
Argentina,electricity,wind,wind_storage,2075,0.45
Argentina,electricity,wind,wind_storage,2080,0.45
Argentina,electricity,wind,wind_storage,2085,0.45
Argentina,electricity,wind,wind_storage,2090,0.45
Argentina,electricity,wind,wind_storage,2095,0.45
Argentina,electricity,wind,wind_storage,2100,0.45
Colombia,electricity,wind,wind_storage,1975,0.4
Colombia,electricity,wind,wind_storage,1990,0.4
Colombia,electricity,wind,wind_storage,2005,0.4
Colombia,electricity,wind,wind_storage,2010,0.4
Colombia,electricity,wind,wind_storage,2015,0.4
Colombia,electricity,wind,wind_storage,2020,0.4
Colombia,electricity,wind,wind_storage,2025,0.4
Colombia,electricity,wind,wind_storage,2030,0.4
Colombia,electricity,wind,wind_storage,2035,0.4
Colombia,electricity,wind,wind_storage,2040,0.4
Colombia,electricity,wind,wind_storage,2045,0.4
Colombia,electricity,wind,wind_storage,2050,0.4
Colombia,electricity,wind,wind_storage,2055,0.4
Colombia,electricity,wind,wind_storage,2060,0.4
Colombia,electricity,wind,wind_storage,2065,0.4
Colombia,electricity,wind,wind_storage,2070,0.4
Colombia,electricity,wind,wind_storage,2075,0.4
Colombia,electricity,wind,wind_storage,2080,0.4
Colombia,electricity,wind,wind_storage,2085,0.4
Colombia,electricity,wind,wind_storage,2090,0.4
Colombia,electricity,wind,wind_storage,2095,0.4
Colombia,electricity,wind,wind_storage,2100,0.4
USA,electricity,wind,wind,1975,0.46
USA,electricity,wind,wind,1990,0.46
USA,electricity,wind,wind,2005,0.46
USA,electricity,wind,wind,2010,0.46
USA,electricity,wind,wind,2015,0.46
USA,electricity,wind,wind,2020,0.46
USA,electricity,wind,wind,2025,0.46
USA,electricity,wind,wind,2030,0.46
USA,electricity,wind,wind,2035,0.46
USA,electricity,wind,wind,2040,0.46
USA,electricity,wind,wind,2045,0.46
USA,electricity,wind,wind,2050,0.46
USA,electricity,wind,wind,2055,0.46
USA,electricity,wind,wind,2060,0.46
USA,electricity,wind,wind,2065,0.46
USA,electricity,wind,wind,2070,0.46
USA,electricity,wind,wind,2075,0.46
USA,electricity,wind,wind,2080,0.46
USA,electricity,wind,wind,2085,0.46
USA,electricity,wind,wind,2090,0.46
USA,electricity,wind,wind,2095,0.46
USA,electricity,wind,wind,2100,0.46
Africa_Eastern,electricity,wind,wind,1975,0.41
Africa_Eastern,electricity,wind,wind,1990,0.41
Africa_Eastern,electricity,wind,wind,2005,0.41
Africa_Eastern,electricity,wind,wind,2010,0.41
Africa_Eastern,electricity,wind,wind,2015,0.41
Africa_Eastern,electricity,wind,wind,2020,0.41
Africa_Eastern,electricity,wind,wind,2025,0.41
Africa_Eastern,electricity,wind,wind,2030,0.41
Africa_Eastern,electricity,wind,wind,2035,0.41
Africa_Eastern,electricity,wind,wind,2040,0.41
Africa_Eastern,electricity,wind,wind,2045,0.41
Africa_Eastern,electricity,wind,wind,2050,0.41
Africa_Eastern,electricity,wind,wind,2055,0.41
Africa_Eastern,electricity,wind,wind,2060,0.41
Africa_Eastern,electricity,wind,wind,2065,0.41
Africa_Eastern,electricity,wind,wind,2070,0.41
Africa_Eastern,electricity,wind,wind,2075,0.41
Africa_Eastern,electricity,wind,wind,2080,0.41
Africa_Eastern,electricity,wind,wind,2085,0.41
Africa_Eastern,electricity,wind,wind,2090,0.41
Africa_Eastern,electricity,wind,wind,2095,0.41
Africa_Eastern,electricity,wind,wind,2100,0.41
Africa_Northern,electricity,wind,wind,1975,0.46
Africa_Northern,electricity,wind,wind,1990,0.46
Africa_Northern,electricity,wind,wind,2005,0.46
Africa_Northern,electricity,wind,wind,2010,0.46
Africa_Northern,electricity,wind,wind,2015,0.46
Africa_Northern,electricity,wind,wind,2020,0.46
Africa_Northern,electricity,wind,wind,2025,0.46
Africa_Northern,electricity,wind,wind,2030,0.46
Africa_Northern,electricity,wind,wind,2035,0.46
Africa_Northern,electricity,wind,wind,2040,0.46
Africa_Northern,electricity,wind,wind,2045,0.46
Africa_Northern,electricity,wind,wind,2050,0.46
Africa_Northern,electricity,wind,wind,2055,0.46
Africa_Northern,electricity,wind,wind,2060,0.46
Africa_Northern,electricity,wind,wind,2065,0.46
Africa_Northern,electricity,wind,wind,2070,0.46
Africa_Northern,electricity,wind,wind,2075,0.46
Africa_Northern,electricity,wind,wind,2080,0.46
Africa_Northern,electricity,wind,wind,2085,0.46
Africa_Northern,electricity,wind,wind,2090,0.46
Africa_Northern,electricity,wind,wind,2095,0.46
Africa_Northern,electricity,wind,wind,2100,0.46
Africa_Southern,electricity,wind,wind,1975,0.34
Africa_Southern,electricity,wind,wind,1990,0.34
Africa_Southern,electricity,wind,wind,2005,0.34
Africa_Southern,electricity,wind,wind,2010,0.34
Africa_Southern,electricity,wind,wind,2015,0.34
Africa_Southern,electricity,wind,wind,2020,0.34
Africa_Southern,electricity,wind,wind,2025,0.34
Africa_Southern,electricity,wind,wind,2030,0.34
Africa_Southern,electricity,wind,wind,2035,0.34
Africa_Southern,electricity,wind,wind,2040,0.34
Africa_Southern,electricity,wind,wind,2045,0.34
Africa_Southern,electricity,wind,wind,2050,0.34
Africa_Southern,electricity,wind,wind,2055,0.34
Africa_Southern,electricity,wind,wind,2060,0.34
Africa_Southern,electricity,wind,wind,2065,0.34
Africa_Southern,electricity,wind,wind,2070,0.34
Africa_Southern,electricity,wind,wind,2075,0.34
Africa_Southern,electricity,wind,wind,2080,0.34
Africa_Southern,electricity,wind,wind,2085,0.34
Africa_Southern,electricity,wind,wind,2090,0.34
Africa_Southern,electricity,wind,wind,2095,0.34
Africa_Southern,electricity,wind,wind,2100,0.34
Africa_Western,electricity,wind,wind,1975,0.42
Africa_Western,electricity,wind,wind,1990,0.42
Africa_Western,electricity,wind,wind,2005,0.42
Africa_Western,electricity,wind,wind,2010,0.42
Africa_Western,electricity,wind,wind,2015,0.42
Africa_Western,electricity,wind,wind,2020,0.42
Africa_Western,electricity,wind,wind,2025,0.42
Africa_Western,electricity,wind,wind,2030,0.42
Africa_Western,electricity,wind,wind,2035,0.42
Africa_Western,electricity,wind,wind,2040,0.42
Africa_Western,electricity,wind,wind,2045,0.42
Africa_Western,electricity,wind,wind,2050,0.42
Africa_Western,electricity,wind,wind,2055,0.42
Africa_Western,electricity,wind,wind,2060,0.42
Africa_Western,electricity,wind,wind,2065,0.42
Africa_Western,electricity,wind,wind,2070,0.42
Africa_Western,electricity,wind,wind,2075,0.42
Africa_Western,electricity,wind,wind,2080,0.42
Africa_Western,electricity,wind,wind,2085,0.42
Africa_Western,electricity,wind,wind,2090,0.42
Africa_Western,electricity,wind,wind,2095,0.42
Africa_Western,electricity,wind,wind,2100,0.42
Australia_NZ,electricity,wind,wind,1975,0.46
Australia_NZ,electricity,wind,wind,1990,0.46
Australia_NZ,electricity,wind,wind,2005,0.46
Australia_NZ,electricity,wind,wind,2010,0.46
Australia_NZ,electricity,wind,wind,2015,0.46
Australia_NZ,electricity,wind,wind,2020,0.46
Australia_NZ,electricity,wind,wind,2025,0.46
Australia_NZ,electricity,wind,wind,2030,0.46
Australia_NZ,electricity,wind,wind,2035,0.46
Australia_NZ,electricity,wind,wind,2040,0.46
Australia_NZ,electricity,wind,wind,2045,0.46
Australia_NZ,electricity,wind,wind,2050,0.46
Australia_NZ,electricity,wind,wind,2055,0.46
Australia_NZ,electricity,wind,wind,2060,0.46
Australia_NZ,electricity,wind,wind,2065,0.46
Australia_NZ,electricity,wind,wind,2070,0.46
Australia_NZ,electricity,wind,wind,2075,0.46
Australia_NZ,electricity,wind,wind,2080,0.46
Australia_NZ,electricity,wind,wind,2085,0.46
Australia_NZ,electricity,wind,wind,2090,0.46
Australia_NZ,electricity,wind,wind,2095,0.46
Australia_NZ,electricity,wind,wind,2100,0.46
Brazil,electricity,wind,wind,1975,0.42
Brazil,electricity,wind,wind,1990,0.42
Brazil,electricity,wind,wind,2005,0.42
Brazil,electricity,wind,wind,2010,0.42
Brazil,electricity,wind,wind,2015,0.42
Brazil,electricity,wind,wind,2020,0.42
Brazil,electricity,wind,wind,2025,0.42
Brazil,electricity,wind,wind,2030,0.42
Brazil,electricity,wind,wind,2035,0.42
Brazil,electricity,wind,wind,2040,0.42
Brazil,electricity,wind,wind,2045,0.42
Brazil,electricity,wind,wind,2050,0.42
Brazil,electricity,wind,wind,2055,0.42
Brazil,electricity,wind,wind,2060,0.42
Brazil,electricity,wind,wind,2065,0.42
Brazil,electricity,wind,wind,2070,0.42
Brazil,electricity,wind,wind,2075,0.42
Brazil,electricity,wind,wind,2080,0.42
Brazil,electricity,wind,wind,2085,0.42
Brazil,electricity,wind,wind,2090,0.42
Brazil,electricity,wind,wind,2095,0.42
Brazil,electricity,wind,wind,2100,0.42
Canada,electricity,wind,wind,1975,0.46
Canada,electricity,wind,wind,1990,0.46
Canada,electricity,wind,wind,2005,0.46
Canada,electricity,wind,wind,2010,0.46
Canada,electricity,wind,wind,2015,0.46
Canada,electricity,wind,wind,2020,0.46
Canada,electricity,wind,wind,2025,0.46
Canada,electricity,wind,wind,2030,0.46
Canada,electricity,wind,wind,2035,0.46
Canada,electricity,wind,wind,2040,0.46
Canada,electricity,wind,wind,2045,0.46
Canada,electricity,wind,wind,2050,0.46
Canada,electricity,wind,wind,2055,0.46
Canada,electricity,wind,wind,2060,0.46
Canada,electricity,wind,wind,2065,0.46
Canada,electricity,wind,wind,2070,0.46
Canada,electricity,wind,wind,2075,0.46
Canada,electricity,wind,wind,2080,0.46
Canada,electricity,wind,wind,2085,0.46
Canada,electricity,wind,wind,2090,0.46
Canada,electricity,wind,wind,2095,0.46
Canada,electricity,wind,wind,2100,0.46
Central America and Caribbean,electricity,wind,wind,1975,0.46
Central America and Caribbean,electricity,wind,wind,1990,0.46
Central America and Caribbean,electricity,wind,wind,2005,0.46
Central America and Caribbean,electricity,wind,wind,2010,0.46
Central America and Caribbean,electricity,wind,wind,2015,0.46
Central America and Caribbean,electricity,wind,wind,2020,0.46
Central America and Caribbean,electricity,wind,wind,2025,0.46
Central America and Caribbean,electricity,wind,wind,2030,0.46
Central America and Caribbean,electricity,wind,wind,2035,0.46
Central America and Caribbean,electricity,wind,wind,2040,0.46
Central America and Caribbean,electricity,wind,wind,2045,0.46
Central America and Caribbean,electricity,wind,wind,2050,0.46
Central America and Caribbean,electricity,wind,wind,2055,0.46
Central America and Caribbean,electricity,wind,wind,2060,0.46
Central America and Caribbean,electricity,wind,wind,2065,0.46
Central America and Caribbean,electricity,wind,wind,2070,0.46
Central America and Caribbean,electricity,wind,wind,2075,0.46
Central America and Caribbean,electricity,wind,wind,2080,0.46
Central America and Caribbean,electricity,wind,wind,2085,0.46
Central America and Caribbean,electricity,wind,wind,2090,0.46
Central America and Caribbean,electricity,wind,wind,2095,0.46
Central America and Caribbean,electricity,wind,wind,2100,0.46
Central Asia,electricity,wind,wind,1975,0.43
Central Asia,electricity,wind,wind,1990,0.43
Central Asia,electricity,wind,wind,2005,0.43
Central Asia,electricity,wind,wind,2010,0.43
Central Asia,electricity,wind,wind,2015,0.43
Central Asia,electricity,wind,wind,2020,0.43
Central Asia,electricity,wind,wind,2025,0.43
Central Asia,electricity,wind,wind,2030,0.43
Central Asia,electricity,wind,wind,2035,0.43
Central Asia,electricity,wind,wind,2040,0.43
Central Asia,electricity,wind,wind,2045,0.43
Central Asia,electricity,wind,wind,2050,0.43
Central Asia,electricity,wind,wind,2055,0.43
Central Asia,electricity,wind,wind,2060,0.43
Central Asia,electricity,wind,wind,2065,0.43
Central Asia,electricity,wind,wind,2070,0.43
Central Asia,electricity,wind,wind,2075,0.43
Central Asia,electricity,wind,wind,2080,0.43
Central Asia,electricity,wind,wind,2085,0.43
Central Asia,electricity,wind,wind,2090,0.43
Central Asia,electricity,wind,wind,2095,0.43
Central Asia,electricity,wind,wind,2100,0.43
China,electricity,wind,wind,1975,0.46
China,electricity,wind,wind,1990,0.46
China,electricity,wind,wind,2005,0.46
China,electricity,wind,wind,2010,0.46
China,electricity,wind,wind,2015,0.46
China,electricity,wind,wind,2020,0.46
China,electricity,wind,wind,2025,0.46
China,electricity,wind,wind,2030,0.46
China,electricity,wind,wind,2035,0.46
China,electricity,wind,wind,2040,0.46
China,electricity,wind,wind,2045,0.46
China,electricity,wind,wind,2050,0.46
China,electricity,wind,wind,2055,0.46
China,electricity,wind,wind,2060,0.46
China,electricity,wind,wind,2065,0.46
China,electricity,wind,wind,2070,0.46
China,electricity,wind,wind,2075,0.46
China,electricity,wind,wind,2080,0.46
China,electricity,wind,wind,2085,0.46
China,electricity,wind,wind,2090,0.46
China,electricity,wind,wind,2095,0.46
China,electricity,wind,wind,2100,0.46
EU-12,electricity,wind,wind,1975,0.45
EU-12,electricity,wind,wind,1990,0.45
EU-12,electricity,wind,wind,2005,0.45
EU-12,electricity,wind,wind,2010,0.45
EU-12,electricity,wind,wind,2015,0.45
EU-12,electricity,wind,wind,2020,0.45
EU-12,electricity,wind,wind,2025,0.45
EU-12,electricity,wind,wind,2030,0.45
EU-12,electricity,wind,wind,2035,0.45
EU-12,electricity,wind,wind,2040,0.45
EU-12,electricity,wind,wind,2045,0.45
EU-12,electricity,wind,wind,2050,0.45
EU-12,electricity,wind,wind,2055,0.45
EU-12,electricity,wind,wind,2060,0.45
EU-12,electricity,wind,wind,2065,0.45
EU-12,electricity,wind,wind,2070,0.45
EU-12,electricity,wind,wind,2075,0.45
EU-12,electricity,wind,wind,2080,0.45
EU-12,electricity,wind,wind,2085,0.45
EU-12,electricity,wind,wind,2090,0.45
EU-12,electricity,wind,wind,2095,0.45
EU-12,electricity,wind,wind,2100,0.45
EU-15,electricity,wind,wind,1975,0.46
EU-15,electricity,wind,wind,1990,0.46
EU-15,electricity,wind,wind,2005,0.46
EU-15,electricity,wind,wind,2010,0.46
EU-15,electricity,wind,wind,2015,0.46
EU-15,electricity,wind,wind,2020,0.46
EU-15,electricity,wind,wind,2025,0.46
EU-15,electricity,wind,wind,2030,0.46
EU-15,electricity,wind,wind,2035,0.46
EU-15,electricity,wind,wind,2040,0.46
EU-15,electricity,wind,wind,2045,0.46
EU-15,electricity,wind,wind,2050,0.46
EU-15,electricity,wind,wind,2055,0.46
EU-15,electricity,wind,wind,2060,0.46
EU-15,electricity,wind,wind,2065,0.46
EU-15,electricity,wind,wind,2070,0.46
EU-15,electricity,wind,wind,2075,0.46
EU-15,electricity,wind,wind,2080,0.46
EU-15,electricity,wind,wind,2085,0.46
EU-15,electricity,wind,wind,2090,0.46
EU-15,electricity,wind,wind,2095,0.46
EU-15,electricity,wind,wind,2100,0.46
Europe_Eastern,electricity,wind,wind,1975,0.41
Europe_Eastern,electricity,wind,wind,1990,0.41
Europe_Eastern,electricity,wind,wind,2005,0.41
Europe_Eastern,electricity,wind,wind,2010,0.41
Europe_Eastern,electricity,wind,wind,2015,0.41
Europe_Eastern,electricity,wind,wind,2020,0.41
Europe_Eastern,electricity,wind,wind,2025,0.41
Europe_Eastern,electricity,wind,wind,2030,0.41
Europe_Eastern,electricity,wind,wind,2035,0.41
Europe_Eastern,electricity,wind,wind,2040,0.41
Europe_Eastern,electricity,wind,wind,2045,0.41
Europe_Eastern,electricity,wind,wind,2050,0.41
Europe_Eastern,electricity,wind,wind,2055,0.41
Europe_Eastern,electricity,wind,wind,2060,0.41
Europe_Eastern,electricity,wind,wind,2065,0.41
Europe_Eastern,electricity,wind,wind,2070,0.41
Europe_Eastern,electricity,wind,wind,2075,0.41
Europe_Eastern,electricity,wind,wind,2080,0.41
Europe_Eastern,electricity,wind,wind,2085,0.41
Europe_Eastern,electricity,wind,wind,2090,0.41
Europe_Eastern,electricity,wind,wind,2095,0.41
Europe_Eastern,electricity,wind,wind,2100,0.41
Europe_Non_EU,electricity,wind,wind,1975,0.44
Europe_Non_EU,electricity,wind,wind,1990,0.44
Europe_Non_EU,electricity,wind,wind,2005,0.44
Europe_Non_EU,electricity,wind,wind,2010,0.44
Europe_Non_EU,electricity,wind,wind,2015,0.44
Europe_Non_EU,electricity,wind,wind,2020,0.44
Europe_Non_EU,electricity,wind,wind,2025,0.44
Europe_Non_EU,electricity,wind,wind,2030,0.44
Europe_Non_EU,electricity,wind,wind,2035,0.44
Europe_Non_EU,electricity,wind,wind,2040,0.44
Europe_Non_EU,electricity,wind,wind,2045,0.44
Europe_Non_EU,electricity,wind,wind,2050,0.44
Europe_Non_EU,electricity,wind,wind,2055,0.44
Europe_Non_EU,electricity,wind,wind,2060,0.44
Europe_Non_EU,electricity,wind,wind,2065,0.44
Europe_Non_EU,electricity,wind,wind,2070,0.44
Europe_Non_EU,electricity,wind,wind,2075,0.44
Europe_Non_EU,electricity,wind,wind,2080,0.44
Europe_Non_EU,electricity,wind,wind,2085,0.44
Europe_Non_EU,electricity,wind,wind,2090,0.44
Europe_Non_EU,electricity,wind,wind,2095,0.44
Europe_Non_EU,electricity,wind,wind,2100,0.44
European Free Trade Association,electricity,wind,wind,1975,0.45
European Free Trade Association,electricity,wind,wind,1990,0.45
European Free Trade Association,electricity,wind,wind,2005,0.45
European Free Trade Association,electricity,wind,wind,2010,0.45
European Free Trade Association,electricity,wind,wind,2015,0.45
European Free Trade Association,electricity,wind,wind,2020,0.45
European Free Trade Association,electricity,wind,wind,2025,0.45
European Free Trade Association,electricity,wind,wind,2030,0.45
European Free Trade Association,electricity,wind,wind,2035,0.45
European Free Trade Association,electricity,wind,wind,2040,0.45
European Free Trade Association,electricity,wind,wind,2045,0.45
European Free Trade Association,electricity,wind,wind,2050,0.45
European Free Trade Association,electricity,wind,wind,2055,0.45
European Free Trade Association,electricity,wind,wind,2060,0.45
European Free Trade Association,electricity,wind,wind,2065,0.45
European Free Trade Association,electricity,wind,wind,2070,0.45
European Free Trade Association,electricity,wind,wind,2075,0.45
European Free Trade Association,electricity,wind,wind,2080,0.45
European Free Trade Association,electricity,wind,wind,2085,0.45
European Free Trade Association,electricity,wind,wind,2090,0.45
European Free Trade Association,electricity,wind,wind,2095,0.45
European Free Trade Association,electricity,wind,wind,2100,0.45
India,electricity,wind,wind,1975,0.43
India,electricity,wind,wind,1990,0.43
India,electricity,wind,wind,2005,0.43
India,electricity,wind,wind,2010,0.43
India,electricity,wind,wind,2015,0.43
India,electricity,wind,wind,2020,0.43
India,electricity,wind,wind,2025,0.43
India,electricity,wind,wind,2030,0.43
India,electricity,wind,wind,2035,0.43
India,electricity,wind,wind,2040,0.43
India,electricity,wind,wind,2045,0.43
India,electricity,wind,wind,2050,0.43
India,electricity,wind,wind,2055,0.43
India,electricity,wind,wind,2060,0.43
India,electricity,wind,wind,2065,0.43
India,electricity,wind,wind,2070,0.43
India,electricity,wind,wind,2075,0.43
India,electricity,wind,wind,2080,0.43
India,electricity,wind,wind,2085,0.43
India,electricity,wind,wind,2090,0.43
India,electricity,wind,wind,2095,0.43
India,electricity,wind,wind,2100,0.43
Indonesia,electricity,wind,wind,1975,0.41
Indonesia,electricity,wind,wind,1990,0.41
Indonesia,electricity,wind,wind,2005,0.41
Indonesia,electricity,wind,wind,2010,0.41
Indonesia,electricity,wind,wind,2015,0.41
Indonesia,electricity,wind,wind,2020,0.41
Indonesia,electricity,wind,wind,2025,0.41
Indonesia,electricity,wind,wind,2030,0.41
Indonesia,electricity,wind,wind,2035,0.41
Indonesia,electricity,wind,wind,2040,0.41
Indonesia,electricity,wind,wind,2045,0.41
Indonesia,electricity,wind,wind,2050,0.41
Indonesia,electricity,wind,wind,2055,0.41
Indonesia,electricity,wind,wind,2060,0.41
Indonesia,electricity,wind,wind,2065,0.41
Indonesia,electricity,wind,wind,2070,0.41
Indonesia,electricity,wind,wind,2075,0.41
Indonesia,electricity,wind,wind,2080,0.41
Indonesia,electricity,wind,wind,2085,0.41
Indonesia,electricity,wind,wind,2090,0.41
Indonesia,electricity,wind,wind,2095,0.41
Indonesia,electricity,wind,wind,2100,0.41
Japan,electricity,wind,wind,1975,0.46
Japan,electricity,wind,wind,1990,0.46
Japan,electricity,wind,wind,2005,0.46
Japan,electricity,wind,wind,2010,0.46
Japan,electricity,wind,wind,2015,0.46
Japan,electricity,wind,wind,2020,0.46
Japan,electricity,wind,wind,2025,0.46
Japan,electricity,wind,wind,2030,0.46
Japan,electricity,wind,wind,2035,0.46
Japan,electricity,wind,wind,2040,0.46
Japan,electricity,wind,wind,2045,0.46
Japan,electricity,wind,wind,2050,0.46
Japan,electricity,wind,wind,2055,0.46
Japan,electricity,wind,wind,2060,0.46
Japan,electricity,wind,wind,2065,0.46
Japan,electricity,wind,wind,2070,0.46
Japan,electricity,wind,wind,2075,0.46
Japan,electricity,wind,wind,2080,0.46
Japan,electricity,wind,wind,2085,0.46
Japan,electricity,wind,wind,2090,0.46
Japan,electricity,wind,wind,2095,0.46
Japan,electricity,wind,wind,2100,0.46
Mexico,electricity,wind,wind,1975,0.46
Mexico,electricity,wind,wind,1990,0.46
Mexico,electricity,wind,wind,2005,0.46
Mexico,electricity,wind,wind,2010,0.46
Mexico,electricity,wind,wind,2015,0.46
Mexico,electricity,wind,wind,2020,0.46
Mexico,electricity,wind,wind,2025,0.46
Mexico,electricity,wind,wind,2030,0.46
Mexico,electricity,wind,wind,2035,0.46
Mexico,electricity,wind,wind,2040,0.46
Mexico,electricity,wind,wind,2045,0.46
Mexico,electricity,wind,wind,2050,0.46
Mexico,electricity,wind,wind,2055,0.46
Mexico,electricity,wind,wind,2060,0.46
Mexico,electricity,wind,wind,2065,0.46
Mexico,electricity,wind,wind,2070,0.46
Mexico,electricity,wind,wind,2075,0.46
Mexico,electricity,wind,wind,2080,0.46
Mexico,electricity,wind,wind,2085,0.46
Mexico,electricity,wind,wind,2090,0.46
Mexico,electricity,wind,wind,2095,0.46
Mexico,electricity,wind,wind,2100,0.46
Middle East,electricity,wind,wind,1975,0.43
Middle East,electricity,wind,wind,1990,0.43
Middle East,electricity,wind,wind,2005,0.43
Middle East,electricity,wind,wind,2010,0.43
Middle East,electricity,wind,wind,2015,0.43
Middle East,electricity,wind,wind,2020,0.43
Middle East,electricity,wind,wind,2025,0.43
Middle East,electricity,wind,wind,2030,0.43
Middle East,electricity,wind,wind,2035,0.43
Middle East,electricity,wind,wind,2040,0.43
Middle East,electricity,wind,wind,2045,0.43
Middle East,electricity,wind,wind,2050,0.43
Middle East,electricity,wind,wind,2055,0.43
Middle East,electricity,wind,wind,2060,0.43
Middle East,electricity,wind,wind,2065,0.43
Middle East,electricity,wind,wind,2070,0.43
Middle East,electricity,wind,wind,2075,0.43
Middle East,electricity,wind,wind,2080,0.43
Middle East,electricity,wind,wind,2085,0.43
Middle East,electricity,wind,wind,2090,0.43
Middle East,electricity,wind,wind,2095,0.43
Middle East,electricity,wind,wind,2100,0.43
Pakistan,electricity,wind,wind,1975,0.43
Pakistan,electricity,wind,wind,1990,0.43
Pakistan,electricity,wind,wind,2005,0.43
Pakistan,electricity,wind,wind,2010,0.43
Pakistan,electricity,wind,wind,2015,0.43
Pakistan,electricity,wind,wind,2020,0.43
Pakistan,electricity,wind,wind,2025,0.43
Pakistan,electricity,wind,wind,2030,0.43
Pakistan,electricity,wind,wind,2035,0.43
Pakistan,electricity,wind,wind,2040,0.43
Pakistan,electricity,wind,wind,2045,0.43
Pakistan,electricity,wind,wind,2050,0.43
Pakistan,electricity,wind,wind,2055,0.43
Pakistan,electricity,wind,wind,2060,0.43
Pakistan,electricity,wind,wind,2065,0.43
Pakistan,electricity,wind,wind,2070,0.43
Pakistan,electricity,wind,wind,2075,0.43
Pakistan,electricity,wind,wind,2080,0.43
Pakistan,electricity,wind,wind,2085,0.43
Pakistan,electricity,wind,wind,2090,0.43
Pakistan,electricity,wind,wind,2095,0.43
Pakistan,electricity,wind,wind,2100,0.43
Russia,electricity,wind,wind,1975,0.45
Russia,electricity,wind,wind,1990,0.45
Russia,electricity,wind,wind,2005,0.45
Russia,electricity,wind,wind,2010,0.45
Russia,electricity,wind,wind,2015,0.45
Russia,electricity,wind,wind,2020,0.45
Russia,electricity,wind,wind,2025,0.45
Russia,electricity,wind,wind,2030,0.45
Russia,electricity,wind,wind,2035,0.45
Russia,electricity,wind,wind,2040,0.45
Russia,electricity,wind,wind,2045,0.45
Russia,electricity,wind,wind,2050,0.45
Russia,electricity,wind,wind,2055,0.45
Russia,electricity,wind,wind,2060,0.45
Russia,electricity,wind,wind,2065,0.45
Russia,electricity,wind,wind,2070,0.45
Russia,electricity,wind,wind,2075,0.45
Russia,electricity,wind,wind,2080,0.45
Russia,electricity,wind,wind,2085,0.45
Russia,electricity,wind,wind,2090,0.45
Russia,electricity,wind,wind,2095,0.45
Russia,electricity,wind,wind,2100,0.45
South Africa,electricity,wind,wind,1975,0.44
South Africa,electricity,wind,wind,1990,0.44
South Africa,electricity,wind,wind,2005,0.44
South Africa,electricity,wind,wind,2010,0.44
South Africa,electricity,wind,wind,2015,0.44
South Africa,electricity,wind,wind,2020,0.44
South Africa,electricity,wind,wind,2025,0.44
South Africa,electricity,wind,wind,2030,0.44
South Africa,electricity,wind,wind,2035,0.44
South Africa,electricity,wind,wind,2040,0.44
South Africa,electricity,wind,wind,2045,0.44
South Africa,electricity,wind,wind,2050,0.44
South Africa,electricity,wind,wind,2055,0.44
South Africa,electricity,wind,wind,2060,0.44
South Africa,electricity,wind,wind,2065,0.44
South Africa,electricity,wind,wind,2070,0.44
South Africa,electricity,wind,wind,2075,0.44
South Africa,electricity,wind,wind,2080,0.44
South Africa,electricity,wind,wind,2085,0.44
South Africa,electricity,wind,wind,2090,0.44
South Africa,electricity,wind,wind,2095,0.44
South Africa,electricity,wind,wind,2100,0.44
South America_Northern,electricity,wind,wind,1975,0.43
South America_Northern,electricity,wind,wind,1990,0.43
South America_Northern,electricity,wind,wind,2005,0.43
South America_Northern,electricity,wind,wind,2010,0.43
South America_Northern,electricity,wind,wind,2015,0.43
South America_Northern,electricity,wind,wind,2020,0.43
South America_Northern,electricity,wind,wind,2025,0.43
South America_Northern,electricity,wind,wind,2030,0.43
South America_Northern,electricity,wind,wind,2035,0.43
South America_Northern,electricity,wind,wind,2040,0.43
South America_Northern,electricity,wind,wind,2045,0.43
South America_Northern,electricity,wind,wind,2050,0.43
South America_Northern,electricity,wind,wind,2055,0.43
South America_Northern,electricity,wind,wind,2060,0.43
South America_Northern,electricity,wind,wind,2065,0.43
South America_Northern,electricity,wind,wind,2070,0.43
South America_Northern,electricity,wind,wind,2075,0.43
South America_Northern,electricity,wind,wind,2080,0.43
South America_Northern,electricity,wind,wind,2085,0.43
South America_Northern,electricity,wind,wind,2090,0.43
South America_Northern,electricity,wind,wind,2095,0.43
South America_Northern,electricity,wind,wind,2100,0.43
South America_Southern,electricity,wind,wind,1975,0.44
South America_Southern,electricity,wind,wind,1990,0.44
South America_Southern,electricity,wind,wind,2005,0.44
South America_Southern,electricity,wind,wind,2010,0.44
South America_Southern,electricity,wind,wind,2015,0.44
South America_Southern,electricity,wind,wind,2020,0.44
South America_Southern,electricity,wind,wind,2025,0.44
South America_Southern,electricity,wind,wind,2030,0.44
South America_Southern,electricity,wind,wind,2035,0.44
South America_Southern,electricity,wind,wind,2040,0.44
South America_Southern,electricity,wind,wind,2045,0.44
South America_Southern,electricity,wind,wind,2050,0.44
South America_Southern,electricity,wind,wind,2055,0.44
South America_Southern,electricity,wind,wind,2060,0.44
South America_Southern,electricity,wind,wind,2065,0.44
South America_Southern,electricity,wind,wind,2070,0.44
South America_Southern,electricity,wind,wind,2075,0.44
South America_Southern,electricity,wind,wind,2080,0.44
South America_Southern,electricity,wind,wind,2085,0.44
South America_Southern,electricity,wind,wind,2090,0.44
South America_Southern,electricity,wind,wind,2095,0.44
South America_Southern,electricity,wind,wind,2100,0.44
South Asia,electricity,wind,wind,1975,0.43
South Asia,electricity,wind,wind,1990,0.43
South Asia,electricity,wind,wind,2005,0.43
South Asia,electricity,wind,wind,2010,0.43
South Asia,electricity,wind,wind,2015,0.43
South Asia,electricity,wind,wind,2020,0.43
South Asia,electricity,wind,wind,2025,0.43
South Asia,electricity,wind,wind,2030,0.43
South Asia,electricity,wind,wind,2035,0.43
South Asia,electricity,wind,wind,2040,0.43
South Asia,electricity,wind,wind,2045,0.43
South Asia,electricity,wind,wind,2050,0.43
South Asia,electricity,wind,wind,2055,0.43
South Asia,electricity,wind,wind,2060,0.43
South Asia,electricity,wind,wind,2065,0.43
South Asia,electricity,wind,wind,2070,0.43
South Asia,electricity,wind,wind,2075,0.43
South Asia,electricity,wind,wind,2080,0.43
South Asia,electricity,wind,wind,2085,0.43
South Asia,electricity,wind,wind,2090,0.43
South Asia,electricity,wind,wind,2095,0.43
South Asia,electricity,wind,wind,2100,0.43
South Korea,electricity,wind,wind,1975,0.36
South Korea,electricity,wind,wind,1990,0.36
South Korea,electricity,wind,wind,2005,0.36
South Korea,electricity,wind,wind,2010,0.36
South Korea,electricity,wind,wind,2015,0.36
South Korea,electricity,wind,wind,2020,0.36
South Korea,electricity,wind,wind,2025,0.36
South Korea,electricity,wind,wind,2030,0.36
South Korea,electricity,wind,wind,2035,0.36
South Korea,electricity,wind,wind,2040,0.36
South Korea,electricity,wind,wind,2045,0.36
South Korea,electricity,wind,wind,2050,0.36
South Korea,electricity,wind,wind,2055,0.36
South Korea,electricity,wind,wind,2060,0.36
South Korea,electricity,wind,wind,2065,0.36
South Korea,electricity,wind,wind,2070,0.36
South Korea,electricity,wind,wind,2075,0.36
South Korea,electricity,wind,wind,2080,0.36
South Korea,electricity,wind,wind,2085,0.36
South Korea,electricity,wind,wind,2090,0.36
South Korea,electricity,wind,wind,2095,0.36
South Korea,electricity,wind,wind,2100,0.36
Southeast Asia,electricity,wind,wind,1975,0.43
Southeast Asia,electricity,wind,wind,1990,0.43
Southeast Asia,electricity,wind,wind,2005,0.43
Southeast Asia,electricity,wind,wind,2010,0.43
Southeast Asia,electricity,wind,wind,2015,0.43
Southeast Asia,electricity,wind,wind,2020,0.43
Southeast Asia,electricity,wind,wind,2025,0.43
Southeast Asia,electricity,wind,wind,2030,0.43
Southeast Asia,electricity,wind,wind,2035,0.43
Southeast Asia,electricity,wind,wind,2040,0.43
Southeast Asia,electricity,wind,wind,2045,0.43
Southeast Asia,electricity,wind,wind,2050,0.43
Southeast Asia,electricity,wind,wind,2055,0.43
Southeast Asia,electricity,wind,wind,2060,0.43
Southeast Asia,electricity,wind,wind,2065,0.43
Southeast Asia,electricity,wind,wind,2070,0.43
Southeast Asia,electricity,wind,wind,2075,0.43
Southeast Asia,electricity,wind,wind,2080,0.43
Southeast Asia,electricity,wind,wind,2085,0.43
Southeast Asia,electricity,wind,wind,2090,0.43
Southeast Asia,electricity,wind,wind,2095,0.43
Southeast Asia,electricity,wind,wind,2100,0.43
Taiwan,electricity,wind,wind,1975,0.39
Taiwan,electricity,wind,wind,1990,0.39
Taiwan,electricity,wind,wind,2005,0.39
Taiwan,electricity,wind,wind,2010,0.39
Taiwan,electricity,wind,wind,2015,0.39
Taiwan,electricity,wind,wind,2020,0.39
Taiwan,electricity,wind,wind,2025,0.39
Taiwan,electricity,wind,wind,2030,0.39
Taiwan,electricity,wind,wind,2035,0.39
Taiwan,electricity,wind,wind,2040,0.39
Taiwan,electricity,wind,wind,2045,0.39
Taiwan,electricity,wind,wind,2050,0.39
Taiwan,electricity,wind,wind,2055,0.39
Taiwan,electricity,wind,wind,2060,0.39
Taiwan,electricity,wind,wind,2065,0.39
Taiwan,electricity,wind,wind,2070,0.39
Taiwan,electricity,wind,wind,2075,0.39
Taiwan,electricity,wind,wind,2080,0.39
Taiwan,electricity,wind,wind,2085,0.39
Taiwan,electricity,wind,wind,2090,0.39
Taiwan,electricity,wind,wind,2095,0.39
Taiwan,electricity,wind,wind,2100,0.39
Argentina,electricity,wind,wind,1975,0.45
Argentina,electricity,wind,wind,1990,0.45
Argentina,electricity,wind,wind,2005,0.45
Argentina,electricity,wind,wind,2010,0.45
Argentina,electricity,wind,wind,2015,0.45
Argentina,electricity,wind,wind,2020,0.45
Argentina,electricity,wind,wind,2025,0.45
Argentina,electricity,wind,wind,2030,0.45
Argentina,electricity,wind,wind,2035,0.45
Argentina,electricity,wind,wind,2040,0.45
Argentina,electricity,wind,wind,2045,0.45
Argentina,electricity,wind,wind,2050,0.45
Argentina,electricity,wind,wind,2055,0.45
Argentina,electricity,wind,wind,2060,0.45
Argentina,electricity,wind,wind,2065,0.45
Argentina,electricity,wind,wind,2070,0.45
Argentina,electricity,wind,wind,2075,0.45
Argentina,electricity,wind,wind,2080,0.45
Argentina,electricity,wind,wind,2085,0.45
Argentina,electricity,wind,wind,2090,0.45
Argentina,electricity,wind,wind,2095,0.45
Argentina,electricity,wind,wind,2100,0.45
Colombia,electricity,wind,wind,1975,0.4
Colombia,electricity,wind,wind,1990,0.4
Colombia,electricity,wind,wind,2005,0.4
Colombia,electricity,wind,wind,2010,0.4
Colombia,electricity,wind,wind,2015,0.4
Colombia,electricity,wind,wind,2020,0.4
Colombia,electricity,wind,wind,2025,0.4
Colombia,electricity,wind,wind,2030,0.4
Colombia,electricity,wind,wind,2035,0.4
Colombia,electricity,wind,wind,2040,0.4
Colombia,electricity,wind,wind,2045,0.4
Colombia,electricity,wind,wind,2050,0.4
Colombia,electricity,wind,wind,2055,0.4
Colombia,electricity,wind,wind,2060,0.4
Colombia,electricity,wind,wind,2065,0.4
Colombia,electricity,wind,wind,2070,0.4
Colombia,electricity,wind,wind,2075,0.4
Colombia,electricity,wind,wind,2080,0.4
Colombia,electricity,wind,wind,2085,0.4
Colombia,electricity,wind,wind,2090,0.4
Colombia,electricity,wind,wind,2095,0.4
Colombia,electricity,wind,wind,2100,0.4
USA,elect_td_bld,rooftop_pv,rooftop_pv,1975,0.170000237372851
Africa_Eastern,elect_td_bld,rooftop_pv,rooftop_pv,1975,0.240008956445982
Africa_Northern,elect_td_bld,rooftop_pv,rooftop_pv,1975,0.238169122796576
Africa_Southern,elect_td_bld,rooftop_pv,rooftop_pv,1975,0.234210230791587
Africa_Western,elect_td_bld,rooftop_pv,rooftop_pv,1975,0.232534914951149
Australia_NZ,elect_td_bld,rooftop_pv,rooftop_pv,1975,0.231643404469772
Brazil,elect_td_bld,rooftop_pv,rooftop_pv,1975,0.209707320001716
Canada,elect_td_bld,rooftop_pv,rooftop_pv,1975,0.110313623628536
Central America and Caribbean,elect_td_bld,rooftop_pv,rooftop_pv,1975,0.213632345003911
Central Asia,elect_td_bld,rooftop_pv,rooftop_pv,1975,0.182474340754093
China,elect_td_bld,rooftop_pv,rooftop_pv,1975,0.203902275010573
EU-12,elect_td_bld,rooftop_pv,rooftop_pv,1975,0.140691633896619
EU-15,elect_td_bld,rooftop_pv,rooftop_pv,1975,0.155704588607829
Europe_Eastern,elect_td_bld,rooftop_pv,rooftop_pv,1975,0.13844788889944
Europe_Non_EU,elect_td_bld,rooftop_pv,rooftop_pv,1975,0.186604554021868
European Free Trade Association,elect_td_bld,rooftop_pv,rooftop_pv,1975,0.0934198892076427
India,elect_td_bld,rooftop_pv,rooftop_pv,1975,0.210256611036008
Indonesia,elect_td_bld,rooftop_pv,rooftop_pv,1975,0.19699988976121
Japan,elect_td_bld,rooftop_pv,rooftop_pv,1975,0.160753750764185
Mexico,elect_td_bld,rooftop_pv,rooftop_pv,1975,0.228167610634176
Middle East,elect_td_bld,rooftop_pv,rooftop_pv,1975,0.232663088287853
Pakistan,elect_td_bld,rooftop_pv,rooftop_pv,1975,0.220675739474765
Russia,elect_td_bld,rooftop_pv,rooftop_pv,1975,0.110683898976316
South Africa,elect_td_bld,rooftop_pv,rooftop_pv,1975,0.234724479560114
South America_Northern,elect_td_bld,rooftop_pv,rooftop_pv,1975,0.206617429342051
South America_Southern,elect_td_bld,rooftop_pv,rooftop_pv,1975,0.204560384759227
South Asia,elect_td_bld,rooftop_pv,rooftop_pv,1975,0.216567807005904
South Korea,elect_td_bld,rooftop_pv,rooftop_pv,1975,0.177842888977991
Southeast Asia,elect_td_bld,rooftop_pv,rooftop_pv,1975,0.202069561807951
Taiwan,elect_td_bld,rooftop_pv,rooftop_pv,1975,0.169964676565435
Argentina,elect_td_bld,rooftop_pv,rooftop_pv,1975,0.197924141989948
Colombia,elect_td_bld,rooftop_pv,rooftop_pv,1975,0.18601404795527
USA,elect_td_bld,rooftop_pv,rooftop_pv,1990,0.170000237372851
Africa_Eastern,elect_td_bld,rooftop_pv,rooftop_pv,1990,0.240008956445982
Africa_Northern,elect_td_bld,rooftop_pv,rooftop_pv,1990,0.238169122796576
Africa_Southern,elect_td_bld,rooftop_pv,rooftop_pv,1990,0.234210230791587
Africa_Western,elect_td_bld,rooftop_pv,rooftop_pv,1990,0.232534914951149
Australia_NZ,elect_td_bld,rooftop_pv,rooftop_pv,1990,0.231643404469772
Brazil,elect_td_bld,rooftop_pv,rooftop_pv,1990,0.209707320001716
Canada,elect_td_bld,rooftop_pv,rooftop_pv,1990,0.110313623628536
Central America and Caribbean,elect_td_bld,rooftop_pv,rooftop_pv,1990,0.213632345003911
Central Asia,elect_td_bld,rooftop_pv,rooftop_pv,1990,0.182474340754093
China,elect_td_bld,rooftop_pv,rooftop_pv,1990,0.203902275010573
EU-12,elect_td_bld,rooftop_pv,rooftop_pv,1990,0.140691633896619
EU-15,elect_td_bld,rooftop_pv,rooftop_pv,1990,0.155704588607829
Europe_Eastern,elect_td_bld,rooftop_pv,rooftop_pv,1990,0.13844788889944
Europe_Non_EU,elect_td_bld,rooftop_pv,rooftop_pv,1990,0.186604554021868
European Free Trade Association,elect_td_bld,rooftop_pv,rooftop_pv,1990,0.0934198892076427
India,elect_td_bld,rooftop_pv,rooftop_pv,1990,0.210256611036008
Indonesia,elect_td_bld,rooftop_pv,rooftop_pv,1990,0.19699988976121
Japan,elect_td_bld,rooftop_pv,rooftop_pv,1990,0.160753750764185
Mexico,elect_td_bld,rooftop_pv,rooftop_pv,1990,0.228167610634176
Middle East,elect_td_bld,rooftop_pv,rooftop_pv,1990,0.232663088287853
Pakistan,elect_td_bld,rooftop_pv,rooftop_pv,1990,0.220675739474765
Russia,elect_td_bld,rooftop_pv,rooftop_pv,1990,0.110683898976316
South Africa,elect_td_bld,rooftop_pv,rooftop_pv,1990,0.234724479560114
South America_Northern,elect_td_bld,rooftop_pv,rooftop_pv,1990,0.206617429342051
South America_Southern,elect_td_bld,rooftop_pv,rooftop_pv,1990,0.204560384759227
South Asia,elect_td_bld,rooftop_pv,rooftop_pv,1990,0.216567807005904
South Korea,elect_td_bld,rooftop_pv,rooftop_pv,1990,0.177842888977991
Southeast Asia,elect_td_bld,rooftop_pv,rooftop_pv,1990,0.202069561807951
Taiwan,elect_td_bld,rooftop_pv,rooftop_pv,1990,0.169964676565435
Argentina,elect_td_bld,rooftop_pv,rooftop_pv,1990,0.197924141989948
Colombia,elect_td_bld,rooftop_pv,rooftop_pv,1990,0.18601404795527
USA,elect_td_bld,rooftop_pv,rooftop_pv,2005,0.170000237372851
Africa_Eastern,elect_td_bld,rooftop_pv,rooftop_pv,2005,0.240008956445982
Africa_Northern,elect_td_bld,rooftop_pv,rooftop_pv,2005,0.238169122796576
Africa_Southern,elect_td_bld,rooftop_pv,rooftop_pv,2005,0.234210230791587
Africa_Western,elect_td_bld,rooftop_pv,rooftop_pv,2005,0.232534914951149
Australia_NZ,elect_td_bld,rooftop_pv,rooftop_pv,2005,0.231643404469772
Brazil,elect_td_bld,rooftop_pv,rooftop_pv,2005,0.209707320001716
Canada,elect_td_bld,rooftop_pv,rooftop_pv,2005,0.110313623628536
Central America and Caribbean,elect_td_bld,rooftop_pv,rooftop_pv,2005,0.213632345003911
Central Asia,elect_td_bld,rooftop_pv,rooftop_pv,2005,0.182474340754093
China,elect_td_bld,rooftop_pv,rooftop_pv,2005,0.203902275010573
EU-12,elect_td_bld,rooftop_pv,rooftop_pv,2005,0.140691633896619
EU-15,elect_td_bld,rooftop_pv,rooftop_pv,2005,0.155704588607829
Europe_Eastern,elect_td_bld,rooftop_pv,rooftop_pv,2005,0.13844788889944
Europe_Non_EU,elect_td_bld,rooftop_pv,rooftop_pv,2005,0.186604554021868
European Free Trade Association,elect_td_bld,rooftop_pv,rooftop_pv,2005,0.0934198892076427
India,elect_td_bld,rooftop_pv,rooftop_pv,2005,0.210256611036008
Indonesia,elect_td_bld,rooftop_pv,rooftop_pv,2005,0.19699988976121
Japan,elect_td_bld,rooftop_pv,rooftop_pv,2005,0.160753750764185
Mexico,elect_td_bld,rooftop_pv,rooftop_pv,2005,0.228167610634176
Middle East,elect_td_bld,rooftop_pv,rooftop_pv,2005,0.232663088287853
Pakistan,elect_td_bld,rooftop_pv,rooftop_pv,2005,0.220675739474765
Russia,elect_td_bld,rooftop_pv,rooftop_pv,2005,0.110683898976316
South Africa,elect_td_bld,rooftop_pv,rooftop_pv,2005,0.234724479560114
South America_Northern,elect_td_bld,rooftop_pv,rooftop_pv,2005,0.206617429342051
South America_Southern,elect_td_bld,rooftop_pv,rooftop_pv,2005,0.204560384759227
South Asia,elect_td_bld,rooftop_pv,rooftop_pv,2005,0.216567807005904
South Korea,elect_td_bld,rooftop_pv,rooftop_pv,2005,0.177842888977991
Southeast Asia,elect_td_bld,rooftop_pv,rooftop_pv,2005,0.202069561807951
Taiwan,elect_td_bld,rooftop_pv,rooftop_pv,2005,0.169964676565435
Argentina,elect_td_bld,rooftop_pv,rooftop_pv,2005,0.197924141989948
Colombia,elect_td_bld,rooftop_pv,rooftop_pv,2005,0.18601404795527
USA,elect_td_bld,rooftop_pv,rooftop_pv,2010,0.170000237372851
Africa_Eastern,elect_td_bld,rooftop_pv,rooftop_pv,2010,0.240008956445982
Africa_Northern,elect_td_bld,rooftop_pv,rooftop_pv,2010,0.238169122796576
Africa_Southern,elect_td_bld,rooftop_pv,rooftop_pv,2010,0.234210230791587
Africa_Western,elect_td_bld,rooftop_pv,rooftop_pv,2010,0.232534914951149
Australia_NZ,elect_td_bld,rooftop_pv,rooftop_pv,2010,0.231643404469772
Brazil,elect_td_bld,rooftop_pv,rooftop_pv,2010,0.209707320001716
Canada,elect_td_bld,rooftop_pv,rooftop_pv,2010,0.110313623628536
Central America and Caribbean,elect_td_bld,rooftop_pv,rooftop_pv,2010,0.213632345003911
Central Asia,elect_td_bld,rooftop_pv,rooftop_pv,2010,0.182474340754093
China,elect_td_bld,rooftop_pv,rooftop_pv,2010,0.203902275010573
EU-12,elect_td_bld,rooftop_pv,rooftop_pv,2010,0.140691633896619
EU-15,elect_td_bld,rooftop_pv,rooftop_pv,2010,0.155704588607829
Europe_Eastern,elect_td_bld,rooftop_pv,rooftop_pv,2010,0.13844788889944
Europe_Non_EU,elect_td_bld,rooftop_pv,rooftop_pv,2010,0.186604554021868
European Free Trade Association,elect_td_bld,rooftop_pv,rooftop_pv,2010,0.0934198892076427
India,elect_td_bld,rooftop_pv,rooftop_pv,2010,0.210256611036008
Indonesia,elect_td_bld,rooftop_pv,rooftop_pv,2010,0.19699988976121
Japan,elect_td_bld,rooftop_pv,rooftop_pv,2010,0.160753750764185
Mexico,elect_td_bld,rooftop_pv,rooftop_pv,2010,0.228167610634176
Middle East,elect_td_bld,rooftop_pv,rooftop_pv,2010,0.232663088287853
Pakistan,elect_td_bld,rooftop_pv,rooftop_pv,2010,0.220675739474765
Russia,elect_td_bld,rooftop_pv,rooftop_pv,2010,0.110683898976316
South Africa,elect_td_bld,rooftop_pv,rooftop_pv,2010,0.234724479560114
South America_Northern,elect_td_bld,rooftop_pv,rooftop_pv,2010,0.206617429342051
South America_Southern,elect_td_bld,rooftop_pv,rooftop_pv,2010,0.204560384759227
South Asia,elect_td_bld,rooftop_pv,rooftop_pv,2010,0.216567807005904
South Korea,elect_td_bld,rooftop_pv,rooftop_pv,2010,0.177842888977991
Southeast Asia,elect_td_bld,rooftop_pv,rooftop_pv,2010,0.202069561807951
Taiwan,elect_td_bld,rooftop_pv,rooftop_pv,2010,0.169964676565435
Argentina,elect_td_bld,rooftop_pv,rooftop_pv,2010,0.197924141989948
Colombia,elect_td_bld,rooftop_pv,rooftop_pv,2010,0.18601404795527
USA,elect_td_bld,rooftop_pv,rooftop_pv,2015,0.170000237372851
Africa_Eastern,elect_td_bld,rooftop_pv,rooftop_pv,2015,0.240008956445982
Africa_Northern,elect_td_bld,rooftop_pv,rooftop_pv,2015,0.238169122796576
Africa_Southern,elect_td_bld,rooftop_pv,rooftop_pv,2015,0.234210230791587
Africa_Western,elect_td_bld,rooftop_pv,rooftop_pv,2015,0.232534914951149
Australia_NZ,elect_td_bld,rooftop_pv,rooftop_pv,2015,0.231643404469772
Brazil,elect_td_bld,rooftop_pv,rooftop_pv,2015,0.209707320001716
Canada,elect_td_bld,rooftop_pv,rooftop_pv,2015,0.110313623628536
Central America and Caribbean,elect_td_bld,rooftop_pv,rooftop_pv,2015,0.213632345003911
Central Asia,elect_td_bld,rooftop_pv,rooftop_pv,2015,0.182474340754093
China,elect_td_bld,rooftop_pv,rooftop_pv,2015,0.203902275010573
EU-12,elect_td_bld,rooftop_pv,rooftop_pv,2015,0.140691633896619
EU-15,elect_td_bld,rooftop_pv,rooftop_pv,2015,0.155704588607829
Europe_Eastern,elect_td_bld,rooftop_pv,rooftop_pv,2015,0.13844788889944
Europe_Non_EU,elect_td_bld,rooftop_pv,rooftop_pv,2015,0.186604554021868
European Free Trade Association,elect_td_bld,rooftop_pv,rooftop_pv,2015,0.0934198892076427
India,elect_td_bld,rooftop_pv,rooftop_pv,2015,0.210256611036008
Indonesia,elect_td_bld,rooftop_pv,rooftop_pv,2015,0.19699988976121
Japan,elect_td_bld,rooftop_pv,rooftop_pv,2015,0.160753750764185
Mexico,elect_td_bld,rooftop_pv,rooftop_pv,2015,0.228167610634176
Middle East,elect_td_bld,rooftop_pv,rooftop_pv,2015,0.232663088287853
Pakistan,elect_td_bld,rooftop_pv,rooftop_pv,2015,0.220675739474765
Russia,elect_td_bld,rooftop_pv,rooftop_pv,2015,0.110683898976316
South Africa,elect_td_bld,rooftop_pv,rooftop_pv,2015,0.234724479560114
South America_Northern,elect_td_bld,rooftop_pv,rooftop_pv,2015,0.206617429342051
South America_Southern,elect_td_bld,rooftop_pv,rooftop_pv,2015,0.204560384759227
South Asia,elect_td_bld,rooftop_pv,rooftop_pv,2015,0.216567807005904
South Korea,elect_td_bld,rooftop_pv,rooftop_pv,2015,0.177842888977991
Southeast Asia,elect_td_bld,rooftop_pv,rooftop_pv,2015,0.202069561807951
Taiwan,elect_td_bld,rooftop_pv,rooftop_pv,2015,0.169964676565435
Argentina,elect_td_bld,rooftop_pv,rooftop_pv,2015,0.197924141989948
Colombia,elect_td_bld,rooftop_pv,rooftop_pv,2015,0.18601404795527
USA,elect_td_bld,rooftop_pv,rooftop_pv,2020,0.170000237372851
Africa_Eastern,elect_td_bld,rooftop_pv,rooftop_pv,2020,0.240008956445982
Africa_Northern,elect_td_bld,rooftop_pv,rooftop_pv,2020,0.238169122796576
Africa_Southern,elect_td_bld,rooftop_pv,rooftop_pv,2020,0.234210230791587
Africa_Western,elect_td_bld,rooftop_pv,rooftop_pv,2020,0.232534914951149
Australia_NZ,elect_td_bld,rooftop_pv,rooftop_pv,2020,0.231643404469772
Brazil,elect_td_bld,rooftop_pv,rooftop_pv,2020,0.209707320001716
Canada,elect_td_bld,rooftop_pv,rooftop_pv,2020,0.110313623628536
Central America and Caribbean,elect_td_bld,rooftop_pv,rooftop_pv,2020,0.213632345003911
Central Asia,elect_td_bld,rooftop_pv,rooftop_pv,2020,0.182474340754093
China,elect_td_bld,rooftop_pv,rooftop_pv,2020,0.203902275010573
EU-12,elect_td_bld,rooftop_pv,rooftop_pv,2020,0.140691633896619
EU-15,elect_td_bld,rooftop_pv,rooftop_pv,2020,0.155704588607829
Europe_Eastern,elect_td_bld,rooftop_pv,rooftop_pv,2020,0.13844788889944
Europe_Non_EU,elect_td_bld,rooftop_pv,rooftop_pv,2020,0.186604554021868
European Free Trade Association,elect_td_bld,rooftop_pv,rooftop_pv,2020,0.0934198892076427
India,elect_td_bld,rooftop_pv,rooftop_pv,2020,0.210256611036008
Indonesia,elect_td_bld,rooftop_pv,rooftop_pv,2020,0.19699988976121
Japan,elect_td_bld,rooftop_pv,rooftop_pv,2020,0.160753750764185
Mexico,elect_td_bld,rooftop_pv,rooftop_pv,2020,0.228167610634176
Middle East,elect_td_bld,rooftop_pv,rooftop_pv,2020,0.232663088287853
Pakistan,elect_td_bld,rooftop_pv,rooftop_pv,2020,0.220675739474765
Russia,elect_td_bld,rooftop_pv,rooftop_pv,2020,0.110683898976316
South Africa,elect_td_bld,rooftop_pv,rooftop_pv,2020,0.234724479560114
South America_Northern,elect_td_bld,rooftop_pv,rooftop_pv,2020,0.206617429342051
South America_Southern,elect_td_bld,rooftop_pv,rooftop_pv,2020,0.204560384759227
South Asia,elect_td_bld,rooftop_pv,rooftop_pv,2020,0.216567807005904
South Korea,elect_td_bld,rooftop_pv,rooftop_pv,2020,0.177842888977991
Southeast Asia,elect_td_bld,rooftop_pv,rooftop_pv,2020,0.202069561807951
Taiwan,elect_td_bld,rooftop_pv,rooftop_pv,2020,0.169964676565435
Argentina,elect_td_bld,rooftop_pv,rooftop_pv,2020,0.197924141989948
Colombia,elect_td_bld,rooftop_pv,rooftop_pv,2020,0.18601404795527
USA,elect_td_bld,rooftop_pv,rooftop_pv,2025,0.170000237372851
Africa_Eastern,elect_td_bld,rooftop_pv,rooftop_pv,2025,0.240008956445982
Africa_Northern,elect_td_bld,rooftop_pv,rooftop_pv,2025,0.238169122796576
Africa_Southern,elect_td_bld,rooftop_pv,rooftop_pv,2025,0.234210230791587
Africa_Western,elect_td_bld,rooftop_pv,rooftop_pv,2025,0.232534914951149
Australia_NZ,elect_td_bld,rooftop_pv,rooftop_pv,2025,0.231643404469772
Brazil,elect_td_bld,rooftop_pv,rooftop_pv,2025,0.209707320001716
Canada,elect_td_bld,rooftop_pv,rooftop_pv,2025,0.110313623628536
Central America and Caribbean,elect_td_bld,rooftop_pv,rooftop_pv,2025,0.213632345003911
Central Asia,elect_td_bld,rooftop_pv,rooftop_pv,2025,0.182474340754093
China,elect_td_bld,rooftop_pv,rooftop_pv,2025,0.203902275010573
EU-12,elect_td_bld,rooftop_pv,rooftop_pv,2025,0.140691633896619
EU-15,elect_td_bld,rooftop_pv,rooftop_pv,2025,0.155704588607829
Europe_Eastern,elect_td_bld,rooftop_pv,rooftop_pv,2025,0.13844788889944
Europe_Non_EU,elect_td_bld,rooftop_pv,rooftop_pv,2025,0.186604554021868
European Free Trade Association,elect_td_bld,rooftop_pv,rooftop_pv,2025,0.0934198892076427
India,elect_td_bld,rooftop_pv,rooftop_pv,2025,0.210256611036008
Indonesia,elect_td_bld,rooftop_pv,rooftop_pv,2025,0.19699988976121
Japan,elect_td_bld,rooftop_pv,rooftop_pv,2025,0.160753750764185
Mexico,elect_td_bld,rooftop_pv,rooftop_pv,2025,0.228167610634176
Middle East,elect_td_bld,rooftop_pv,rooftop_pv,2025,0.232663088287853
Pakistan,elect_td_bld,rooftop_pv,rooftop_pv,2025,0.220675739474765
Russia,elect_td_bld,rooftop_pv,rooftop_pv,2025,0.110683898976316
South Africa,elect_td_bld,rooftop_pv,rooftop_pv,2025,0.234724479560114
South America_Northern,elect_td_bld,rooftop_pv,rooftop_pv,2025,0.206617429342051
South America_Southern,elect_td_bld,rooftop_pv,rooftop_pv,2025,0.204560384759227
South Asia,elect_td_bld,rooftop_pv,rooftop_pv,2025,0.216567807005904
South Korea,elect_td_bld,rooftop_pv,rooftop_pv,2025,0.177842888977991
Southeast Asia,elect_td_bld,rooftop_pv,rooftop_pv,2025,0.202069561807951
Taiwan,elect_td_bld,rooftop_pv,rooftop_pv,2025,0.169964676565435
Argentina,elect_td_bld,rooftop_pv,rooftop_pv,2025,0.197924141989948
Colombia,elect_td_bld,rooftop_pv,rooftop_pv,2025,0.18601404795527
USA,elect_td_bld,rooftop_pv,rooftop_pv,2030,0.170000237372851
Africa_Eastern,elect_td_bld,rooftop_pv,rooftop_pv,2030,0.240008956445982
Africa_Northern,elect_td_bld,rooftop_pv,rooftop_pv,2030,0.238169122796576
Africa_Southern,elect_td_bld,rooftop_pv,rooftop_pv,2030,0.234210230791587
Africa_Western,elect_td_bld,rooftop_pv,rooftop_pv,2030,0.232534914951149
Australia_NZ,elect_td_bld,rooftop_pv,rooftop_pv,2030,0.231643404469772
Brazil,elect_td_bld,rooftop_pv,rooftop_pv,2030,0.209707320001716
Canada,elect_td_bld,rooftop_pv,rooftop_pv,2030,0.110313623628536
Central America and Caribbean,elect_td_bld,rooftop_pv,rooftop_pv,2030,0.213632345003911
Central Asia,elect_td_bld,rooftop_pv,rooftop_pv,2030,0.182474340754093
China,elect_td_bld,rooftop_pv,rooftop_pv,2030,0.203902275010573
EU-12,elect_td_bld,rooftop_pv,rooftop_pv,2030,0.140691633896619
EU-15,elect_td_bld,rooftop_pv,rooftop_pv,2030,0.155704588607829
Europe_Eastern,elect_td_bld,rooftop_pv,rooftop_pv,2030,0.13844788889944
Europe_Non_EU,elect_td_bld,rooftop_pv,rooftop_pv,2030,0.186604554021868
European Free Trade Association,elect_td_bld,rooftop_pv,rooftop_pv,2030,0.0934198892076427
India,elect_td_bld,rooftop_pv,rooftop_pv,2030,0.210256611036008
Indonesia,elect_td_bld,rooftop_pv,rooftop_pv,2030,0.19699988976121
Japan,elect_td_bld,rooftop_pv,rooftop_pv,2030,0.160753750764185
Mexico,elect_td_bld,rooftop_pv,rooftop_pv,2030,0.228167610634176
Middle East,elect_td_bld,rooftop_pv,rooftop_pv,2030,0.232663088287853
Pakistan,elect_td_bld,rooftop_pv,rooftop_pv,2030,0.220675739474765
Russia,elect_td_bld,rooftop_pv,rooftop_pv,2030,0.110683898976316
South Africa,elect_td_bld,rooftop_pv,rooftop_pv,2030,0.234724479560114
South America_Northern,elect_td_bld,rooftop_pv,rooftop_pv,2030,0.206617429342051
South America_Southern,elect_td_bld,rooftop_pv,rooftop_pv,2030,0.204560384759227
South Asia,elect_td_bld,rooftop_pv,rooftop_pv,2030,0.216567807005904
South Korea,elect_td_bld,rooftop_pv,rooftop_pv,2030,0.177842888977991
Southeast Asia,elect_td_bld,rooftop_pv,rooftop_pv,2030,0.202069561807951
Taiwan,elect_td_bld,rooftop_pv,rooftop_pv,2030,0.169964676565435
Argentina,elect_td_bld,rooftop_pv,rooftop_pv,2030,0.197924141989948
Colombia,elect_td_bld,rooftop_pv,rooftop_pv,2030,0.18601404795527
USA,elect_td_bld,rooftop_pv,rooftop_pv,2035,0.170000237372851
Africa_Eastern,elect_td_bld,rooftop_pv,rooftop_pv,2035,0.240008956445982
Africa_Northern,elect_td_bld,rooftop_pv,rooftop_pv,2035,0.238169122796576
Africa_Southern,elect_td_bld,rooftop_pv,rooftop_pv,2035,0.234210230791587
Africa_Western,elect_td_bld,rooftop_pv,rooftop_pv,2035,0.232534914951149
Australia_NZ,elect_td_bld,rooftop_pv,rooftop_pv,2035,0.231643404469772
Brazil,elect_td_bld,rooftop_pv,rooftop_pv,2035,0.209707320001716
Canada,elect_td_bld,rooftop_pv,rooftop_pv,2035,0.110313623628536
Central America and Caribbean,elect_td_bld,rooftop_pv,rooftop_pv,2035,0.213632345003911
Central Asia,elect_td_bld,rooftop_pv,rooftop_pv,2035,0.182474340754093
China,elect_td_bld,rooftop_pv,rooftop_pv,2035,0.203902275010573
EU-12,elect_td_bld,rooftop_pv,rooftop_pv,2035,0.140691633896619
EU-15,elect_td_bld,rooftop_pv,rooftop_pv,2035,0.155704588607829
Europe_Eastern,elect_td_bld,rooftop_pv,rooftop_pv,2035,0.13844788889944
Europe_Non_EU,elect_td_bld,rooftop_pv,rooftop_pv,2035,0.186604554021868
European Free Trade Association,elect_td_bld,rooftop_pv,rooftop_pv,2035,0.0934198892076427
India,elect_td_bld,rooftop_pv,rooftop_pv,2035,0.210256611036008
Indonesia,elect_td_bld,rooftop_pv,rooftop_pv,2035,0.19699988976121
Japan,elect_td_bld,rooftop_pv,rooftop_pv,2035,0.160753750764185
Mexico,elect_td_bld,rooftop_pv,rooftop_pv,2035,0.228167610634176
Middle East,elect_td_bld,rooftop_pv,rooftop_pv,2035,0.232663088287853
Pakistan,elect_td_bld,rooftop_pv,rooftop_pv,2035,0.220675739474765
Russia,elect_td_bld,rooftop_pv,rooftop_pv,2035,0.110683898976316
South Africa,elect_td_bld,rooftop_pv,rooftop_pv,2035,0.234724479560114
South America_Northern,elect_td_bld,rooftop_pv,rooftop_pv,2035,0.206617429342051
South America_Southern,elect_td_bld,rooftop_pv,rooftop_pv,2035,0.204560384759227
South Asia,elect_td_bld,rooftop_pv,rooftop_pv,2035,0.216567807005904
South Korea,elect_td_bld,rooftop_pv,rooftop_pv,2035,0.177842888977991
Southeast Asia,elect_td_bld,rooftop_pv,rooftop_pv,2035,0.202069561807951
Taiwan,elect_td_bld,rooftop_pv,rooftop_pv,2035,0.169964676565435
Argentina,elect_td_bld,rooftop_pv,rooftop_pv,2035,0.197924141989948
Colombia,elect_td_bld,rooftop_pv,rooftop_pv,2035,0.18601404795527
USA,elect_td_bld,rooftop_pv,rooftop_pv,2040,0.170000237372851
Africa_Eastern,elect_td_bld,rooftop_pv,rooftop_pv,2040,0.240008956445982
Africa_Northern,elect_td_bld,rooftop_pv,rooftop_pv,2040,0.238169122796576
Africa_Southern,elect_td_bld,rooftop_pv,rooftop_pv,2040,0.234210230791587
Africa_Western,elect_td_bld,rooftop_pv,rooftop_pv,2040,0.232534914951149
Australia_NZ,elect_td_bld,rooftop_pv,rooftop_pv,2040,0.231643404469772
Brazil,elect_td_bld,rooftop_pv,rooftop_pv,2040,0.209707320001716
Canada,elect_td_bld,rooftop_pv,rooftop_pv,2040,0.110313623628536
Central America and Caribbean,elect_td_bld,rooftop_pv,rooftop_pv,2040,0.213632345003911
Central Asia,elect_td_bld,rooftop_pv,rooftop_pv,2040,0.182474340754093
China,elect_td_bld,rooftop_pv,rooftop_pv,2040,0.203902275010573
EU-12,elect_td_bld,rooftop_pv,rooftop_pv,2040,0.140691633896619
EU-15,elect_td_bld,rooftop_pv,rooftop_pv,2040,0.155704588607829
Europe_Eastern,elect_td_bld,rooftop_pv,rooftop_pv,2040,0.13844788889944
Europe_Non_EU,elect_td_bld,rooftop_pv,rooftop_pv,2040,0.186604554021868
European Free Trade Association,elect_td_bld,rooftop_pv,rooftop_pv,2040,0.0934198892076427
India,elect_td_bld,rooftop_pv,rooftop_pv,2040,0.210256611036008
Indonesia,elect_td_bld,rooftop_pv,rooftop_pv,2040,0.19699988976121
Japan,elect_td_bld,rooftop_pv,rooftop_pv,2040,0.160753750764185
Mexico,elect_td_bld,rooftop_pv,rooftop_pv,2040,0.228167610634176
Middle East,elect_td_bld,rooftop_pv,rooftop_pv,2040,0.232663088287853
Pakistan,elect_td_bld,rooftop_pv,rooftop_pv,2040,0.220675739474765
Russia,elect_td_bld,rooftop_pv,rooftop_pv,2040,0.110683898976316
South Africa,elect_td_bld,rooftop_pv,rooftop_pv,2040,0.234724479560114
South America_Northern,elect_td_bld,rooftop_pv,rooftop_pv,2040,0.206617429342051
South America_Southern,elect_td_bld,rooftop_pv,rooftop_pv,2040,0.204560384759227
South Asia,elect_td_bld,rooftop_pv,rooftop_pv,2040,0.216567807005904
South Korea,elect_td_bld,rooftop_pv,rooftop_pv,2040,0.177842888977991
Southeast Asia,elect_td_bld,rooftop_pv,rooftop_pv,2040,0.202069561807951
Taiwan,elect_td_bld,rooftop_pv,rooftop_pv,2040,0.169964676565435
Argentina,elect_td_bld,rooftop_pv,rooftop_pv,2040,0.197924141989948
Colombia,elect_td_bld,rooftop_pv,rooftop_pv,2040,0.18601404795527
USA,elect_td_bld,rooftop_pv,rooftop_pv,2045,0.170000237372851
Africa_Eastern,elect_td_bld,rooftop_pv,rooftop_pv,2045,0.240008956445982
Africa_Northern,elect_td_bld,rooftop_pv,rooftop_pv,2045,0.238169122796576
Africa_Southern,elect_td_bld,rooftop_pv,rooftop_pv,2045,0.234210230791587
Africa_Western,elect_td_bld,rooftop_pv,rooftop_pv,2045,0.232534914951149
Australia_NZ,elect_td_bld,rooftop_pv,rooftop_pv,2045,0.231643404469772
Brazil,elect_td_bld,rooftop_pv,rooftop_pv,2045,0.209707320001716
Canada,elect_td_bld,rooftop_pv,rooftop_pv,2045,0.110313623628536
Central America and Caribbean,elect_td_bld,rooftop_pv,rooftop_pv,2045,0.213632345003911
Central Asia,elect_td_bld,rooftop_pv,rooftop_pv,2045,0.182474340754093
China,elect_td_bld,rooftop_pv,rooftop_pv,2045,0.203902275010573
EU-12,elect_td_bld,rooftop_pv,rooftop_pv,2045,0.140691633896619
EU-15,elect_td_bld,rooftop_pv,rooftop_pv,2045,0.155704588607829
Europe_Eastern,elect_td_bld,rooftop_pv,rooftop_pv,2045,0.13844788889944
Europe_Non_EU,elect_td_bld,rooftop_pv,rooftop_pv,2045,0.186604554021868
European Free Trade Association,elect_td_bld,rooftop_pv,rooftop_pv,2045,0.0934198892076427
India,elect_td_bld,rooftop_pv,rooftop_pv,2045,0.210256611036008
Indonesia,elect_td_bld,rooftop_pv,rooftop_pv,2045,0.19699988976121
Japan,elect_td_bld,rooftop_pv,rooftop_pv,2045,0.160753750764185
Mexico,elect_td_bld,rooftop_pv,rooftop_pv,2045,0.228167610634176
Middle East,elect_td_bld,rooftop_pv,rooftop_pv,2045,0.232663088287853
Pakistan,elect_td_bld,rooftop_pv,rooftop_pv,2045,0.220675739474765
Russia,elect_td_bld,rooftop_pv,rooftop_pv,2045,0.110683898976316
South Africa,elect_td_bld,rooftop_pv,rooftop_pv,2045,0.234724479560114
South America_Northern,elect_td_bld,rooftop_pv,rooftop_pv,2045,0.206617429342051
South America_Southern,elect_td_bld,rooftop_pv,rooftop_pv,2045,0.204560384759227
South Asia,elect_td_bld,rooftop_pv,rooftop_pv,2045,0.216567807005904
South Korea,elect_td_bld,rooftop_pv,rooftop_pv,2045,0.177842888977991
Southeast Asia,elect_td_bld,rooftop_pv,rooftop_pv,2045,0.202069561807951
Taiwan,elect_td_bld,rooftop_pv,rooftop_pv,2045,0.169964676565435
Argentina,elect_td_bld,rooftop_pv,rooftop_pv,2045,0.197924141989948
Colombia,elect_td_bld,rooftop_pv,rooftop_pv,2045,0.18601404795527
USA,elect_td_bld,rooftop_pv,rooftop_pv,2050,0.170000237372851
Africa_Eastern,elect_td_bld,rooftop_pv,rooftop_pv,2050,0.240008956445982
Africa_Northern,elect_td_bld,rooftop_pv,rooftop_pv,2050,0.238169122796576
Africa_Southern,elect_td_bld,rooftop_pv,rooftop_pv,2050,0.234210230791587
Africa_Western,elect_td_bld,rooftop_pv,rooftop_pv,2050,0.232534914951149
Australia_NZ,elect_td_bld,rooftop_pv,rooftop_pv,2050,0.231643404469772
Brazil,elect_td_bld,rooftop_pv,rooftop_pv,2050,0.209707320001716
Canada,elect_td_bld,rooftop_pv,rooftop_pv,2050,0.110313623628536
Central America and Caribbean,elect_td_bld,rooftop_pv,rooftop_pv,2050,0.213632345003911
Central Asia,elect_td_bld,rooftop_pv,rooftop_pv,2050,0.182474340754093
China,elect_td_bld,rooftop_pv,rooftop_pv,2050,0.203902275010573
EU-12,elect_td_bld,rooftop_pv,rooftop_pv,2050,0.140691633896619
EU-15,elect_td_bld,rooftop_pv,rooftop_pv,2050,0.155704588607829
Europe_Eastern,elect_td_bld,rooftop_pv,rooftop_pv,2050,0.13844788889944
Europe_Non_EU,elect_td_bld,rooftop_pv,rooftop_pv,2050,0.186604554021868
European Free Trade Association,elect_td_bld,rooftop_pv,rooftop_pv,2050,0.0934198892076427
India,elect_td_bld,rooftop_pv,rooftop_pv,2050,0.210256611036008
Indonesia,elect_td_bld,rooftop_pv,rooftop_pv,2050,0.19699988976121
Japan,elect_td_bld,rooftop_pv,rooftop_pv,2050,0.160753750764185
Mexico,elect_td_bld,rooftop_pv,rooftop_pv,2050,0.228167610634176
Middle East,elect_td_bld,rooftop_pv,rooftop_pv,2050,0.232663088287853
Pakistan,elect_td_bld,rooftop_pv,rooftop_pv,2050,0.220675739474765
Russia,elect_td_bld,rooftop_pv,rooftop_pv,2050,0.110683898976316
South Africa,elect_td_bld,rooftop_pv,rooftop_pv,2050,0.234724479560114
South America_Northern,elect_td_bld,rooftop_pv,rooftop_pv,2050,0.206617429342051
South America_Southern,elect_td_bld,rooftop_pv,rooftop_pv,2050,0.204560384759227
South Asia,elect_td_bld,rooftop_pv,rooftop_pv,2050,0.216567807005904
South Korea,elect_td_bld,rooftop_pv,rooftop_pv,2050,0.177842888977991
Southeast Asia,elect_td_bld,rooftop_pv,rooftop_pv,2050,0.202069561807951
Taiwan,elect_td_bld,rooftop_pv,rooftop_pv,2050,0.169964676565435
Argentina,elect_td_bld,rooftop_pv,rooftop_pv,2050,0.197924141989948
Colombia,elect_td_bld,rooftop_pv,rooftop_pv,2050,0.18601404795527
USA,elect_td_bld,rooftop_pv,rooftop_pv,2055,0.170000237372851
Africa_Eastern,elect_td_bld,rooftop_pv,rooftop_pv,2055,0.240008956445982
Africa_Northern,elect_td_bld,rooftop_pv,rooftop_pv,2055,0.238169122796576
Africa_Southern,elect_td_bld,rooftop_pv,rooftop_pv,2055,0.234210230791587
Africa_Western,elect_td_bld,rooftop_pv,rooftop_pv,2055,0.232534914951149
Australia_NZ,elect_td_bld,rooftop_pv,rooftop_pv,2055,0.231643404469772
Brazil,elect_td_bld,rooftop_pv,rooftop_pv,2055,0.209707320001716
Canada,elect_td_bld,rooftop_pv,rooftop_pv,2055,0.110313623628536
Central America and Caribbean,elect_td_bld,rooftop_pv,rooftop_pv,2055,0.213632345003911
Central Asia,elect_td_bld,rooftop_pv,rooftop_pv,2055,0.182474340754093
China,elect_td_bld,rooftop_pv,rooftop_pv,2055,0.203902275010573
EU-12,elect_td_bld,rooftop_pv,rooftop_pv,2055,0.140691633896619
EU-15,elect_td_bld,rooftop_pv,rooftop_pv,2055,0.155704588607829
Europe_Eastern,elect_td_bld,rooftop_pv,rooftop_pv,2055,0.13844788889944
Europe_Non_EU,elect_td_bld,rooftop_pv,rooftop_pv,2055,0.186604554021868
European Free Trade Association,elect_td_bld,rooftop_pv,rooftop_pv,2055,0.0934198892076427
India,elect_td_bld,rooftop_pv,rooftop_pv,2055,0.210256611036008
Indonesia,elect_td_bld,rooftop_pv,rooftop_pv,2055,0.19699988976121
Japan,elect_td_bld,rooftop_pv,rooftop_pv,2055,0.160753750764185
Mexico,elect_td_bld,rooftop_pv,rooftop_pv,2055,0.228167610634176
Middle East,elect_td_bld,rooftop_pv,rooftop_pv,2055,0.232663088287853
Pakistan,elect_td_bld,rooftop_pv,rooftop_pv,2055,0.220675739474765
Russia,elect_td_bld,rooftop_pv,rooftop_pv,2055,0.110683898976316
South Africa,elect_td_bld,rooftop_pv,rooftop_pv,2055,0.234724479560114
South America_Northern,elect_td_bld,rooftop_pv,rooftop_pv,2055,0.206617429342051
South America_Southern,elect_td_bld,rooftop_pv,rooftop_pv,2055,0.204560384759227
South Asia,elect_td_bld,rooftop_pv,rooftop_pv,2055,0.216567807005904
South Korea,elect_td_bld,rooftop_pv,rooftop_pv,2055,0.177842888977991
Southeast Asia,elect_td_bld,rooftop_pv,rooftop_pv,2055,0.202069561807951
Taiwan,elect_td_bld,rooftop_pv,rooftop_pv,2055,0.169964676565435
Argentina,elect_td_bld,rooftop_pv,rooftop_pv,2055,0.197924141989948
Colombia,elect_td_bld,rooftop_pv,rooftop_pv,2055,0.18601404795527
USA,elect_td_bld,rooftop_pv,rooftop_pv,2060,0.170000237372851
Africa_Eastern,elect_td_bld,rooftop_pv,rooftop_pv,2060,0.240008956445982
Africa_Northern,elect_td_bld,rooftop_pv,rooftop_pv,2060,0.238169122796576
Africa_Southern,elect_td_bld,rooftop_pv,rooftop_pv,2060,0.234210230791587
Africa_Western,elect_td_bld,rooftop_pv,rooftop_pv,2060,0.232534914951149
Australia_NZ,elect_td_bld,rooftop_pv,rooftop_pv,2060,0.231643404469772
Brazil,elect_td_bld,rooftop_pv,rooftop_pv,2060,0.209707320001716
Canada,elect_td_bld,rooftop_pv,rooftop_pv,2060,0.110313623628536
Central America and Caribbean,elect_td_bld,rooftop_pv,rooftop_pv,2060,0.213632345003911
Central Asia,elect_td_bld,rooftop_pv,rooftop_pv,2060,0.182474340754093
China,elect_td_bld,rooftop_pv,rooftop_pv,2060,0.203902275010573
EU-12,elect_td_bld,rooftop_pv,rooftop_pv,2060,0.140691633896619
EU-15,elect_td_bld,rooftop_pv,rooftop_pv,2060,0.155704588607829
Europe_Eastern,elect_td_bld,rooftop_pv,rooftop_pv,2060,0.13844788889944
Europe_Non_EU,elect_td_bld,rooftop_pv,rooftop_pv,2060,0.186604554021868
European Free Trade Association,elect_td_bld,rooftop_pv,rooftop_pv,2060,0.0934198892076427
India,elect_td_bld,rooftop_pv,rooftop_pv,2060,0.210256611036008
Indonesia,elect_td_bld,rooftop_pv,rooftop_pv,2060,0.19699988976121
Japan,elect_td_bld,rooftop_pv,rooftop_pv,2060,0.160753750764185
Mexico,elect_td_bld,rooftop_pv,rooftop_pv,2060,0.228167610634176
Middle East,elect_td_bld,rooftop_pv,rooftop_pv,2060,0.232663088287853
Pakistan,elect_td_bld,rooftop_pv,rooftop_pv,2060,0.220675739474765
Russia,elect_td_bld,rooftop_pv,rooftop_pv,2060,0.110683898976316
South Africa,elect_td_bld,rooftop_pv,rooftop_pv,2060,0.234724479560114
South America_Northern,elect_td_bld,rooftop_pv,rooftop_pv,2060,0.206617429342051
South America_Southern,elect_td_bld,rooftop_pv,rooftop_pv,2060,0.204560384759227
South Asia,elect_td_bld,rooftop_pv,rooftop_pv,2060,0.216567807005904
South Korea,elect_td_bld,rooftop_pv,rooftop_pv,2060,0.177842888977991
Southeast Asia,elect_td_bld,rooftop_pv,rooftop_pv,2060,0.202069561807951
Taiwan,elect_td_bld,rooftop_pv,rooftop_pv,2060,0.169964676565435
Argentina,elect_td_bld,rooftop_pv,rooftop_pv,2060,0.197924141989948
Colombia,elect_td_bld,rooftop_pv,rooftop_pv,2060,0.18601404795527
USA,elect_td_bld,rooftop_pv,rooftop_pv,2065,0.170000237372851
Africa_Eastern,elect_td_bld,rooftop_pv,rooftop_pv,2065,0.240008956445982
Africa_Northern,elect_td_bld,rooftop_pv,rooftop_pv,2065,0.238169122796576
Africa_Southern,elect_td_bld,rooftop_pv,rooftop_pv,2065,0.234210230791587
Africa_Western,elect_td_bld,rooftop_pv,rooftop_pv,2065,0.232534914951149
Australia_NZ,elect_td_bld,rooftop_pv,rooftop_pv,2065,0.231643404469772
Brazil,elect_td_bld,rooftop_pv,rooftop_pv,2065,0.209707320001716
Canada,elect_td_bld,rooftop_pv,rooftop_pv,2065,0.110313623628536
Central America and Caribbean,elect_td_bld,rooftop_pv,rooftop_pv,2065,0.213632345003911
Central Asia,elect_td_bld,rooftop_pv,rooftop_pv,2065,0.182474340754093
China,elect_td_bld,rooftop_pv,rooftop_pv,2065,0.203902275010573
EU-12,elect_td_bld,rooftop_pv,rooftop_pv,2065,0.140691633896619
EU-15,elect_td_bld,rooftop_pv,rooftop_pv,2065,0.155704588607829
Europe_Eastern,elect_td_bld,rooftop_pv,rooftop_pv,2065,0.13844788889944
Europe_Non_EU,elect_td_bld,rooftop_pv,rooftop_pv,2065,0.186604554021868
European Free Trade Association,elect_td_bld,rooftop_pv,rooftop_pv,2065,0.0934198892076427
India,elect_td_bld,rooftop_pv,rooftop_pv,2065,0.210256611036008
Indonesia,elect_td_bld,rooftop_pv,rooftop_pv,2065,0.19699988976121
Japan,elect_td_bld,rooftop_pv,rooftop_pv,2065,0.160753750764185
Mexico,elect_td_bld,rooftop_pv,rooftop_pv,2065,0.228167610634176
Middle East,elect_td_bld,rooftop_pv,rooftop_pv,2065,0.232663088287853
Pakistan,elect_td_bld,rooftop_pv,rooftop_pv,2065,0.220675739474765
Russia,elect_td_bld,rooftop_pv,rooftop_pv,2065,0.110683898976316
South Africa,elect_td_bld,rooftop_pv,rooftop_pv,2065,0.234724479560114
South America_Northern,elect_td_bld,rooftop_pv,rooftop_pv,2065,0.206617429342051
South America_Southern,elect_td_bld,rooftop_pv,rooftop_pv,2065,0.204560384759227
South Asia,elect_td_bld,rooftop_pv,rooftop_pv,2065,0.216567807005904
South Korea,elect_td_bld,rooftop_pv,rooftop_pv,2065,0.177842888977991
Southeast Asia,elect_td_bld,rooftop_pv,rooftop_pv,2065,0.202069561807951
Taiwan,elect_td_bld,rooftop_pv,rooftop_pv,2065,0.169964676565435
Argentina,elect_td_bld,rooftop_pv,rooftop_pv,2065,0.197924141989948
Colombia,elect_td_bld,rooftop_pv,rooftop_pv,2065,0.18601404795527
USA,elect_td_bld,rooftop_pv,rooftop_pv,2070,0.170000237372851
Africa_Eastern,elect_td_bld,rooftop_pv,rooftop_pv,2070,0.240008956445982
Africa_Northern,elect_td_bld,rooftop_pv,rooftop_pv,2070,0.238169122796576
Africa_Southern,elect_td_bld,rooftop_pv,rooftop_pv,2070,0.234210230791587
Africa_Western,elect_td_bld,rooftop_pv,rooftop_pv,2070,0.232534914951149
Australia_NZ,elect_td_bld,rooftop_pv,rooftop_pv,2070,0.231643404469772
Brazil,elect_td_bld,rooftop_pv,rooftop_pv,2070,0.209707320001716
Canada,elect_td_bld,rooftop_pv,rooftop_pv,2070,0.110313623628536
Central America and Caribbean,elect_td_bld,rooftop_pv,rooftop_pv,2070,0.213632345003911
Central Asia,elect_td_bld,rooftop_pv,rooftop_pv,2070,0.182474340754093
China,elect_td_bld,rooftop_pv,rooftop_pv,2070,0.203902275010573
EU-12,elect_td_bld,rooftop_pv,rooftop_pv,2070,0.140691633896619
EU-15,elect_td_bld,rooftop_pv,rooftop_pv,2070,0.155704588607829
Europe_Eastern,elect_td_bld,rooftop_pv,rooftop_pv,2070,0.13844788889944
Europe_Non_EU,elect_td_bld,rooftop_pv,rooftop_pv,2070,0.186604554021868
European Free Trade Association,elect_td_bld,rooftop_pv,rooftop_pv,2070,0.0934198892076427
India,elect_td_bld,rooftop_pv,rooftop_pv,2070,0.210256611036008
Indonesia,elect_td_bld,rooftop_pv,rooftop_pv,2070,0.19699988976121
Japan,elect_td_bld,rooftop_pv,rooftop_pv,2070,0.160753750764185
Mexico,elect_td_bld,rooftop_pv,rooftop_pv,2070,0.228167610634176
Middle East,elect_td_bld,rooftop_pv,rooftop_pv,2070,0.232663088287853
Pakistan,elect_td_bld,rooftop_pv,rooftop_pv,2070,0.220675739474765
Russia,elect_td_bld,rooftop_pv,rooftop_pv,2070,0.110683898976316
South Africa,elect_td_bld,rooftop_pv,rooftop_pv,2070,0.234724479560114
South America_Northern,elect_td_bld,rooftop_pv,rooftop_pv,2070,0.206617429342051
South America_Southern,elect_td_bld,rooftop_pv,rooftop_pv,2070,0.204560384759227
South Asia,elect_td_bld,rooftop_pv,rooftop_pv,2070,0.216567807005904
South Korea,elect_td_bld,rooftop_pv,rooftop_pv,2070,0.177842888977991
Southeast Asia,elect_td_bld,rooftop_pv,rooftop_pv,2070,0.202069561807951
Taiwan,elect_td_bld,rooftop_pv,rooftop_pv,2070,0.169964676565435
Argentina,elect_td_bld,rooftop_pv,rooftop_pv,2070,0.197924141989948
Colombia,elect_td_bld,rooftop_pv,rooftop_pv,2070,0.18601404795527
USA,elect_td_bld,rooftop_pv,rooftop_pv,2075,0.170000237372851
Africa_Eastern,elect_td_bld,rooftop_pv,rooftop_pv,2075,0.240008956445982
Africa_Northern,elect_td_bld,rooftop_pv,rooftop_pv,2075,0.238169122796576
Africa_Southern,elect_td_bld,rooftop_pv,rooftop_pv,2075,0.234210230791587
Africa_Western,elect_td_bld,rooftop_pv,rooftop_pv,2075,0.232534914951149
Australia_NZ,elect_td_bld,rooftop_pv,rooftop_pv,2075,0.231643404469772
Brazil,elect_td_bld,rooftop_pv,rooftop_pv,2075,0.209707320001716
Canada,elect_td_bld,rooftop_pv,rooftop_pv,2075,0.110313623628536
Central America and Caribbean,elect_td_bld,rooftop_pv,rooftop_pv,2075,0.213632345003911
Central Asia,elect_td_bld,rooftop_pv,rooftop_pv,2075,0.182474340754093
China,elect_td_bld,rooftop_pv,rooftop_pv,2075,0.203902275010573
EU-12,elect_td_bld,rooftop_pv,rooftop_pv,2075,0.140691633896619
EU-15,elect_td_bld,rooftop_pv,rooftop_pv,2075,0.155704588607829
Europe_Eastern,elect_td_bld,rooftop_pv,rooftop_pv,2075,0.13844788889944
Europe_Non_EU,elect_td_bld,rooftop_pv,rooftop_pv,2075,0.186604554021868
European Free Trade Association,elect_td_bld,rooftop_pv,rooftop_pv,2075,0.0934198892076427
India,elect_td_bld,rooftop_pv,rooftop_pv,2075,0.210256611036008
Indonesia,elect_td_bld,rooftop_pv,rooftop_pv,2075,0.19699988976121
Japan,elect_td_bld,rooftop_pv,rooftop_pv,2075,0.160753750764185
Mexico,elect_td_bld,rooftop_pv,rooftop_pv,2075,0.228167610634176
Middle East,elect_td_bld,rooftop_pv,rooftop_pv,2075,0.232663088287853
Pakistan,elect_td_bld,rooftop_pv,rooftop_pv,2075,0.220675739474765
Russia,elect_td_bld,rooftop_pv,rooftop_pv,2075,0.110683898976316
South Africa,elect_td_bld,rooftop_pv,rooftop_pv,2075,0.234724479560114
South America_Northern,elect_td_bld,rooftop_pv,rooftop_pv,2075,0.206617429342051
South America_Southern,elect_td_bld,rooftop_pv,rooftop_pv,2075,0.204560384759227
South Asia,elect_td_bld,rooftop_pv,rooftop_pv,2075,0.216567807005904
South Korea,elect_td_bld,rooftop_pv,rooftop_pv,2075,0.177842888977991
Southeast Asia,elect_td_bld,rooftop_pv,rooftop_pv,2075,0.202069561807951
Taiwan,elect_td_bld,rooftop_pv,rooftop_pv,2075,0.169964676565435
Argentina,elect_td_bld,rooftop_pv,rooftop_pv,2075,0.197924141989948
Colombia,elect_td_bld,rooftop_pv,rooftop_pv,2075,0.18601404795527
USA,elect_td_bld,rooftop_pv,rooftop_pv,2080,0.170000237372851
Africa_Eastern,elect_td_bld,rooftop_pv,rooftop_pv,2080,0.240008956445982
Africa_Northern,elect_td_bld,rooftop_pv,rooftop_pv,2080,0.238169122796576
Africa_Southern,elect_td_bld,rooftop_pv,rooftop_pv,2080,0.234210230791587
Africa_Western,elect_td_bld,rooftop_pv,rooftop_pv,2080,0.232534914951149
Australia_NZ,elect_td_bld,rooftop_pv,rooftop_pv,2080,0.231643404469772
Brazil,elect_td_bld,rooftop_pv,rooftop_pv,2080,0.209707320001716
Canada,elect_td_bld,rooftop_pv,rooftop_pv,2080,0.110313623628536
Central America and Caribbean,elect_td_bld,rooftop_pv,rooftop_pv,2080,0.213632345003911
Central Asia,elect_td_bld,rooftop_pv,rooftop_pv,2080,0.182474340754093
China,elect_td_bld,rooftop_pv,rooftop_pv,2080,0.203902275010573
EU-12,elect_td_bld,rooftop_pv,rooftop_pv,2080,0.140691633896619
EU-15,elect_td_bld,rooftop_pv,rooftop_pv,2080,0.155704588607829
Europe_Eastern,elect_td_bld,rooftop_pv,rooftop_pv,2080,0.13844788889944
Europe_Non_EU,elect_td_bld,rooftop_pv,rooftop_pv,2080,0.186604554021868
European Free Trade Association,elect_td_bld,rooftop_pv,rooftop_pv,2080,0.0934198892076427
India,elect_td_bld,rooftop_pv,rooftop_pv,2080,0.210256611036008
Indonesia,elect_td_bld,rooftop_pv,rooftop_pv,2080,0.19699988976121
Japan,elect_td_bld,rooftop_pv,rooftop_pv,2080,0.160753750764185
Mexico,elect_td_bld,rooftop_pv,rooftop_pv,2080,0.228167610634176
Middle East,elect_td_bld,rooftop_pv,rooftop_pv,2080,0.232663088287853
Pakistan,elect_td_bld,rooftop_pv,rooftop_pv,2080,0.220675739474765
Russia,elect_td_bld,rooftop_pv,rooftop_pv,2080,0.110683898976316
South Africa,elect_td_bld,rooftop_pv,rooftop_pv,2080,0.234724479560114
South America_Northern,elect_td_bld,rooftop_pv,rooftop_pv,2080,0.206617429342051
South America_Southern,elect_td_bld,rooftop_pv,rooftop_pv,2080,0.204560384759227
South Asia,elect_td_bld,rooftop_pv,rooftop_pv,2080,0.216567807005904
South Korea,elect_td_bld,rooftop_pv,rooftop_pv,2080,0.177842888977991
Southeast Asia,elect_td_bld,rooftop_pv,rooftop_pv,2080,0.202069561807951
Taiwan,elect_td_bld,rooftop_pv,rooftop_pv,2080,0.169964676565435
Argentina,elect_td_bld,rooftop_pv,rooftop_pv,2080,0.197924141989948
Colombia,elect_td_bld,rooftop_pv,rooftop_pv,2080,0.18601404795527
USA,elect_td_bld,rooftop_pv,rooftop_pv,2085,0.170000237372851
Africa_Eastern,elect_td_bld,rooftop_pv,rooftop_pv,2085,0.240008956445982
Africa_Northern,elect_td_bld,rooftop_pv,rooftop_pv,2085,0.238169122796576
Africa_Southern,elect_td_bld,rooftop_pv,rooftop_pv,2085,0.234210230791587
Africa_Western,elect_td_bld,rooftop_pv,rooftop_pv,2085,0.232534914951149
Australia_NZ,elect_td_bld,rooftop_pv,rooftop_pv,2085,0.231643404469772
Brazil,elect_td_bld,rooftop_pv,rooftop_pv,2085,0.209707320001716
Canada,elect_td_bld,rooftop_pv,rooftop_pv,2085,0.110313623628536
Central America and Caribbean,elect_td_bld,rooftop_pv,rooftop_pv,2085,0.213632345003911
Central Asia,elect_td_bld,rooftop_pv,rooftop_pv,2085,0.182474340754093
China,elect_td_bld,rooftop_pv,rooftop_pv,2085,0.203902275010573
EU-12,elect_td_bld,rooftop_pv,rooftop_pv,2085,0.140691633896619
EU-15,elect_td_bld,rooftop_pv,rooftop_pv,2085,0.155704588607829
Europe_Eastern,elect_td_bld,rooftop_pv,rooftop_pv,2085,0.13844788889944
Europe_Non_EU,elect_td_bld,rooftop_pv,rooftop_pv,2085,0.186604554021868
European Free Trade Association,elect_td_bld,rooftop_pv,rooftop_pv,2085,0.0934198892076427
India,elect_td_bld,rooftop_pv,rooftop_pv,2085,0.210256611036008
Indonesia,elect_td_bld,rooftop_pv,rooftop_pv,2085,0.19699988976121
Japan,elect_td_bld,rooftop_pv,rooftop_pv,2085,0.160753750764185
Mexico,elect_td_bld,rooftop_pv,rooftop_pv,2085,0.228167610634176
Middle East,elect_td_bld,rooftop_pv,rooftop_pv,2085,0.232663088287853
Pakistan,elect_td_bld,rooftop_pv,rooftop_pv,2085,0.220675739474765
Russia,elect_td_bld,rooftop_pv,rooftop_pv,2085,0.110683898976316
South Africa,elect_td_bld,rooftop_pv,rooftop_pv,2085,0.234724479560114
South America_Northern,elect_td_bld,rooftop_pv,rooftop_pv,2085,0.206617429342051
South America_Southern,elect_td_bld,rooftop_pv,rooftop_pv,2085,0.204560384759227
South Asia,elect_td_bld,rooftop_pv,rooftop_pv,2085,0.216567807005904
South Korea,elect_td_bld,rooftop_pv,rooftop_pv,2085,0.177842888977991
Southeast Asia,elect_td_bld,rooftop_pv,rooftop_pv,2085,0.202069561807951
Taiwan,elect_td_bld,rooftop_pv,rooftop_pv,2085,0.169964676565435
Argentina,elect_td_bld,rooftop_pv,rooftop_pv,2085,0.197924141989948
Colombia,elect_td_bld,rooftop_pv,rooftop_pv,2085,0.18601404795527
USA,elect_td_bld,rooftop_pv,rooftop_pv,2090,0.170000237372851
Africa_Eastern,elect_td_bld,rooftop_pv,rooftop_pv,2090,0.240008956445982
Africa_Northern,elect_td_bld,rooftop_pv,rooftop_pv,2090,0.238169122796576
Africa_Southern,elect_td_bld,rooftop_pv,rooftop_pv,2090,0.234210230791587
Africa_Western,elect_td_bld,rooftop_pv,rooftop_pv,2090,0.232534914951149
Australia_NZ,elect_td_bld,rooftop_pv,rooftop_pv,2090,0.231643404469772
Brazil,elect_td_bld,rooftop_pv,rooftop_pv,2090,0.209707320001716
Canada,elect_td_bld,rooftop_pv,rooftop_pv,2090,0.110313623628536
Central America and Caribbean,elect_td_bld,rooftop_pv,rooftop_pv,2090,0.213632345003911
Central Asia,elect_td_bld,rooftop_pv,rooftop_pv,2090,0.182474340754093
China,elect_td_bld,rooftop_pv,rooftop_pv,2090,0.203902275010573
EU-12,elect_td_bld,rooftop_pv,rooftop_pv,2090,0.140691633896619
EU-15,elect_td_bld,rooftop_pv,rooftop_pv,2090,0.155704588607829
Europe_Eastern,elect_td_bld,rooftop_pv,rooftop_pv,2090,0.13844788889944
Europe_Non_EU,elect_td_bld,rooftop_pv,rooftop_pv,2090,0.186604554021868
European Free Trade Association,elect_td_bld,rooftop_pv,rooftop_pv,2090,0.0934198892076427
India,elect_td_bld,rooftop_pv,rooftop_pv,2090,0.210256611036008
Indonesia,elect_td_bld,rooftop_pv,rooftop_pv,2090,0.19699988976121
Japan,elect_td_bld,rooftop_pv,rooftop_pv,2090,0.160753750764185
Mexico,elect_td_bld,rooftop_pv,rooftop_pv,2090,0.228167610634176
Middle East,elect_td_bld,rooftop_pv,rooftop_pv,2090,0.232663088287853
Pakistan,elect_td_bld,rooftop_pv,rooftop_pv,2090,0.220675739474765
Russia,elect_td_bld,rooftop_pv,rooftop_pv,2090,0.110683898976316
South Africa,elect_td_bld,rooftop_pv,rooftop_pv,2090,0.234724479560114
South America_Northern,elect_td_bld,rooftop_pv,rooftop_pv,2090,0.206617429342051
South America_Southern,elect_td_bld,rooftop_pv,rooftop_pv,2090,0.204560384759227
South Asia,elect_td_bld,rooftop_pv,rooftop_pv,2090,0.216567807005904
South Korea,elect_td_bld,rooftop_pv,rooftop_pv,2090,0.177842888977991
Southeast Asia,elect_td_bld,rooftop_pv,rooftop_pv,2090,0.202069561807951
Taiwan,elect_td_bld,rooftop_pv,rooftop_pv,2090,0.169964676565435
Argentina,elect_td_bld,rooftop_pv,rooftop_pv,2090,0.197924141989948
Colombia,elect_td_bld,rooftop_pv,rooftop_pv,2090,0.18601404795527
USA,elect_td_bld,rooftop_pv,rooftop_pv,2095,0.170000237372851
Africa_Eastern,elect_td_bld,rooftop_pv,rooftop_pv,2095,0.240008956445982
Africa_Northern,elect_td_bld,rooftop_pv,rooftop_pv,2095,0.238169122796576
Africa_Southern,elect_td_bld,rooftop_pv,rooftop_pv,2095,0.234210230791587
Africa_Western,elect_td_bld,rooftop_pv,rooftop_pv,2095,0.232534914951149
Australia_NZ,elect_td_bld,rooftop_pv,rooftop_pv,2095,0.231643404469772
Brazil,elect_td_bld,rooftop_pv,rooftop_pv,2095,0.209707320001716
Canada,elect_td_bld,rooftop_pv,rooftop_pv,2095,0.110313623628536
Central America and Caribbean,elect_td_bld,rooftop_pv,rooftop_pv,2095,0.213632345003911
Central Asia,elect_td_bld,rooftop_pv,rooftop_pv,2095,0.182474340754093
China,elect_td_bld,rooftop_pv,rooftop_pv,2095,0.203902275010573
EU-12,elect_td_bld,rooftop_pv,rooftop_pv,2095,0.140691633896619
EU-15,elect_td_bld,rooftop_pv,rooftop_pv,2095,0.155704588607829
Europe_Eastern,elect_td_bld,rooftop_pv,rooftop_pv,2095,0.13844788889944
Europe_Non_EU,elect_td_bld,rooftop_pv,rooftop_pv,2095,0.186604554021868
European Free Trade Association,elect_td_bld,rooftop_pv,rooftop_pv,2095,0.0934198892076427
India,elect_td_bld,rooftop_pv,rooftop_pv,2095,0.210256611036008
Indonesia,elect_td_bld,rooftop_pv,rooftop_pv,2095,0.19699988976121
Japan,elect_td_bld,rooftop_pv,rooftop_pv,2095,0.160753750764185
Mexico,elect_td_bld,rooftop_pv,rooftop_pv,2095,0.228167610634176
Middle East,elect_td_bld,rooftop_pv,rooftop_pv,2095,0.232663088287853
Pakistan,elect_td_bld,rooftop_pv,rooftop_pv,2095,0.220675739474765
Russia,elect_td_bld,rooftop_pv,rooftop_pv,2095,0.110683898976316
South Africa,elect_td_bld,rooftop_pv,rooftop_pv,2095,0.234724479560114
South America_Northern,elect_td_bld,rooftop_pv,rooftop_pv,2095,0.206617429342051
South America_Southern,elect_td_bld,rooftop_pv,rooftop_pv,2095,0.204560384759227
South Asia,elect_td_bld,rooftop_pv,rooftop_pv,2095,0.216567807005904
South Korea,elect_td_bld,rooftop_pv,rooftop_pv,2095,0.177842888977991
Southeast Asia,elect_td_bld,rooftop_pv,rooftop_pv,2095,0.202069561807951
Taiwan,elect_td_bld,rooftop_pv,rooftop_pv,2095,0.169964676565435
Argentina,elect_td_bld,rooftop_pv,rooftop_pv,2095,0.197924141989948
Colombia,elect_td_bld,rooftop_pv,rooftop_pv,2095,0.18601404795527
USA,elect_td_bld,rooftop_pv,rooftop_pv,2100,0.170000237372851
Africa_Eastern,elect_td_bld,rooftop_pv,rooftop_pv,2100,0.240008956445982
Africa_Northern,elect_td_bld,rooftop_pv,rooftop_pv,2100,0.238169122796576
Africa_Southern,elect_td_bld,rooftop_pv,rooftop_pv,2100,0.234210230791587
Africa_Western,elect_td_bld,rooftop_pv,rooftop_pv,2100,0.232534914951149
Australia_NZ,elect_td_bld,rooftop_pv,rooftop_pv,2100,0.231643404469772
Brazil,elect_td_bld,rooftop_pv,rooftop_pv,2100,0.209707320001716
Canada,elect_td_bld,rooftop_pv,rooftop_pv,2100,0.110313623628536
Central America and Caribbean,elect_td_bld,rooftop_pv,rooftop_pv,2100,0.213632345003911
Central Asia,elect_td_bld,rooftop_pv,rooftop_pv,2100,0.182474340754093
China,elect_td_bld,rooftop_pv,rooftop_pv,2100,0.203902275010573
EU-12,elect_td_bld,rooftop_pv,rooftop_pv,2100,0.140691633896619
EU-15,elect_td_bld,rooftop_pv,rooftop_pv,2100,0.155704588607829
Europe_Eastern,elect_td_bld,rooftop_pv,rooftop_pv,2100,0.13844788889944
Europe_Non_EU,elect_td_bld,rooftop_pv,rooftop_pv,2100,0.186604554021868
European Free Trade Association,elect_td_bld,rooftop_pv,rooftop_pv,2100,0.0934198892076427
India,elect_td_bld,rooftop_pv,rooftop_pv,2100,0.210256611036008
Indonesia,elect_td_bld,rooftop_pv,rooftop_pv,2100,0.19699988976121
Japan,elect_td_bld,rooftop_pv,rooftop_pv,2100,0.160753750764185
Mexico,elect_td_bld,rooftop_pv,rooftop_pv,2100,0.228167610634176
Middle East,elect_td_bld,rooftop_pv,rooftop_pv,2100,0.232663088287853
Pakistan,elect_td_bld,rooftop_pv,rooftop_pv,2100,0.220675739474765
Russia,elect_td_bld,rooftop_pv,rooftop_pv,2100,0.110683898976316
South Africa,elect_td_bld,rooftop_pv,rooftop_pv,2100,0.234724479560114
South America_Northern,elect_td_bld,rooftop_pv,rooftop_pv,2100,0.206617429342051
South America_Southern,elect_td_bld,rooftop_pv,rooftop_pv,2100,0.204560384759227
South Asia,elect_td_bld,rooftop_pv,rooftop_pv,2100,0.216567807005904
South Korea,elect_td_bld,rooftop_pv,rooftop_pv,2100,0.177842888977991
Southeast Asia,elect_td_bld,rooftop_pv,rooftop_pv,2100,0.202069561807951
Taiwan,elect_td_bld,rooftop_pv,rooftop_pv,2100,0.169964676565435
Argentina,elect_td_bld,rooftop_pv,rooftop_pv,2100,0.197924141989948
Colombia,elect_td_bld,rooftop_pv,rooftop_pv,2100,0.18601404795527
USA,electricity,solar,PV,1975,0.200000279262178
Africa_Eastern,electricity,solar,PV,1975,0.282363478171743
Africa_Northern,electricity,solar,PV,1975,0.280198967995972
Africa_Southern,electricity,solar,PV,1975,0.275541447990102
Africa_Western,electricity,solar,PV,1975,0.273570488177822
Australia_NZ,electricity,solar,PV,1975,0.272521652317379
Brazil,electricity,solar,PV,1975,0.246714494119666
Canada,electricity,solar,PV,1975,0.12978073368063
Central America and Caribbean,electricity,solar,PV,1975,0.251332170592837
Central Asia,electricity,solar,PV,1975,0.214675695004816
China,electricity,solar,PV,1975,0.239885029424203
EU-12,electricity,solar,PV,1975,0.16551956929014
EU-15,electricity,solar,PV,1975,0.183181868950387
Europe_Eastern,electricity,solar,PV,1975,0.162879869293459
Europe_Non_EU,electricity,solar,PV,1975,0.219534769437492
European Free Trade Association,electricity,solar,PV,1975,0.109905752008991
India,electricity,solar,PV,1975,0.247360718865892
Indonesia,electricity,solar,PV,1975,0.231764576189658
Japan,electricity,solar,PV,1975,0.18912205972257
Mexico,electricity,solar,PV,1975,0.268432483099031
Middle East,electricity,solar,PV,1975,0.273721280338651
Pakistan,electricity,solar,PV,1975,0.259618517029136
Russia,electricity,solar,PV,1975,0.130216351736842
South Africa,electricity,solar,PV,1975,0.27614644654131
South America_Northern,electricity,solar,PV,1975,0.243079328637708
South America_Southern,electricity,solar,PV,1975,0.240659276187326
South Asia,electricity,solar,PV,1975,0.254785655301063
South Korea,electricity,solar,PV,1975,0.209226928209402
Southeast Asia,electricity,solar,PV,1975,0.237728896244649
Taiwan,electricity,solar,PV,1975,0.199958443018159
Argentina,electricity,solar,PV,1975,0.232851931752879
Colombia,electricity,solar,PV,1975,0.218840056417965
USA,electricity,solar,PV_storage,1975,0.200000279262178
Africa_Eastern,electricity,solar,PV_storage,1975,0.282363478171743
Africa_Northern,electricity,solar,PV_storage,1975,0.280198967995972
Africa_Southern,electricity,solar,PV_storage,1975,0.275541447990102
Africa_Western,electricity,solar,PV_storage,1975,0.273570488177822
Australia_NZ,electricity,solar,PV_storage,1975,0.272521652317379
Brazil,electricity,solar,PV_storage,1975,0.246714494119666
Canada,electricity,solar,PV_storage,1975,0.12978073368063
Central America and Caribbean,electricity,solar,PV_storage,1975,0.251332170592837
Central Asia,electricity,solar,PV_storage,1975,0.214675695004816
China,electricity,solar,PV_storage,1975,0.239885029424203
EU-12,electricity,solar,PV_storage,1975,0.16551956929014
EU-15,electricity,solar,PV_storage,1975,0.183181868950387
Europe_Eastern,electricity,solar,PV_storage,1975,0.162879869293459
Europe_Non_EU,electricity,solar,PV_storage,1975,0.219534769437492
European Free Trade Association,electricity,solar,PV_storage,1975,0.109905752008991
India,electricity,solar,PV_storage,1975,0.247360718865892
Indonesia,electricity,solar,PV_storage,1975,0.231764576189658
Japan,electricity,solar,PV_storage,1975,0.18912205972257
Mexico,electricity,solar,PV_storage,1975,0.268432483099031
Middle East,electricity,solar,PV_storage,1975,0.273721280338651
Pakistan,electricity,solar,PV_storage,1975,0.259618517029136
Russia,electricity,solar,PV_storage,1975,0.130216351736842
South Africa,electricity,solar,PV_storage,1975,0.27614644654131
South America_Northern,electricity,solar,PV_storage,1975,0.243079328637708
South America_Southern,electricity,solar,PV_storage,1975,0.240659276187326
South Asia,electricity,solar,PV_storage,1975,0.254785655301063
South Korea,electricity,solar,PV_storage,1975,0.209226928209402
Southeast Asia,electricity,solar,PV_storage,1975,0.237728896244649
Taiwan,electricity,solar,PV_storage,1975,0.199958443018159
Argentina,electricity,solar,PV_storage,1975,0.232851931752879
Colombia,electricity,solar,PV_storage,1975,0.218840056417965
USA,electricity,solar,PV,1990,0.200000279262178
Africa_Eastern,electricity,solar,PV,1990,0.282363478171743
Africa_Northern,electricity,solar,PV,1990,0.280198967995972
Africa_Southern,electricity,solar,PV,1990,0.275541447990102
Africa_Western,electricity,solar,PV,1990,0.273570488177822
Australia_NZ,electricity,solar,PV,1990,0.272521652317379
Brazil,electricity,solar,PV,1990,0.246714494119666
Canada,electricity,solar,PV,1990,0.12978073368063
Central America and Caribbean,electricity,solar,PV,1990,0.251332170592837
Central Asia,electricity,solar,PV,1990,0.214675695004816
China,electricity,solar,PV,1990,0.239885029424203
EU-12,electricity,solar,PV,1990,0.16551956929014
EU-15,electricity,solar,PV,1990,0.183181868950387
Europe_Eastern,electricity,solar,PV,1990,0.162879869293459
Europe_Non_EU,electricity,solar,PV,1990,0.219534769437492
European Free Trade Association,electricity,solar,PV,1990,0.109905752008991
India,electricity,solar,PV,1990,0.247360718865892
Indonesia,electricity,solar,PV,1990,0.231764576189658
Japan,electricity,solar,PV,1990,0.18912205972257
Mexico,electricity,solar,PV,1990,0.268432483099031
Middle East,electricity,solar,PV,1990,0.273721280338651
Pakistan,electricity,solar,PV,1990,0.259618517029136
Russia,electricity,solar,PV,1990,0.130216351736842
South Africa,electricity,solar,PV,1990,0.27614644654131
South America_Northern,electricity,solar,PV,1990,0.243079328637708
South America_Southern,electricity,solar,PV,1990,0.240659276187326
South Asia,electricity,solar,PV,1990,0.254785655301063
South Korea,electricity,solar,PV,1990,0.209226928209402
Southeast Asia,electricity,solar,PV,1990,0.237728896244649
Taiwan,electricity,solar,PV,1990,0.199958443018159
Argentina,electricity,solar,PV,1990,0.232851931752879
Colombia,electricity,solar,PV,1990,0.218840056417965
USA,electricity,solar,PV_storage,1990,0.200000279262178
Africa_Eastern,electricity,solar,PV_storage,1990,0.282363478171743
Africa_Northern,electricity,solar,PV_storage,1990,0.280198967995972
Africa_Southern,electricity,solar,PV_storage,1990,0.275541447990102
Africa_Western,electricity,solar,PV_storage,1990,0.273570488177822
Australia_NZ,electricity,solar,PV_storage,1990,0.272521652317379
Brazil,electricity,solar,PV_storage,1990,0.246714494119666
Canada,electricity,solar,PV_storage,1990,0.12978073368063
Central America and Caribbean,electricity,solar,PV_storage,1990,0.251332170592837
Central Asia,electricity,solar,PV_storage,1990,0.214675695004816
China,electricity,solar,PV_storage,1990,0.239885029424203
EU-12,electricity,solar,PV_storage,1990,0.16551956929014
EU-15,electricity,solar,PV_storage,1990,0.183181868950387
Europe_Eastern,electricity,solar,PV_storage,1990,0.162879869293459
Europe_Non_EU,electricity,solar,PV_storage,1990,0.219534769437492
European Free Trade Association,electricity,solar,PV_storage,1990,0.109905752008991
India,electricity,solar,PV_storage,1990,0.247360718865892
Indonesia,electricity,solar,PV_storage,1990,0.231764576189658
Japan,electricity,solar,PV_storage,1990,0.18912205972257
Mexico,electricity,solar,PV_storage,1990,0.268432483099031
Middle East,electricity,solar,PV_storage,1990,0.273721280338651
Pakistan,electricity,solar,PV_storage,1990,0.259618517029136
Russia,electricity,solar,PV_storage,1990,0.130216351736842
South Africa,electricity,solar,PV_storage,1990,0.27614644654131
South America_Northern,electricity,solar,PV_storage,1990,0.243079328637708
South America_Southern,electricity,solar,PV_storage,1990,0.240659276187326
South Asia,electricity,solar,PV_storage,1990,0.254785655301063
South Korea,electricity,solar,PV_storage,1990,0.209226928209402
Southeast Asia,electricity,solar,PV_storage,1990,0.237728896244649
Taiwan,electricity,solar,PV_storage,1990,0.199958443018159
Argentina,electricity,solar,PV_storage,1990,0.232851931752879
Colombia,electricity,solar,PV_storage,1990,0.218840056417965
USA,electricity,solar,PV,2005,0.200000279262178
Africa_Eastern,electricity,solar,PV,2005,0.282363478171743
Africa_Northern,electricity,solar,PV,2005,0.280198967995972
Africa_Southern,electricity,solar,PV,2005,0.275541447990102
Africa_Western,electricity,solar,PV,2005,0.273570488177822
Australia_NZ,electricity,solar,PV,2005,0.272521652317379
Brazil,electricity,solar,PV,2005,0.246714494119666
Canada,electricity,solar,PV,2005,0.12978073368063
Central America and Caribbean,electricity,solar,PV,2005,0.251332170592837
Central Asia,electricity,solar,PV,2005,0.214675695004816
China,electricity,solar,PV,2005,0.239885029424203
EU-12,electricity,solar,PV,2005,0.16551956929014
EU-15,electricity,solar,PV,2005,0.183181868950387
Europe_Eastern,electricity,solar,PV,2005,0.162879869293459
Europe_Non_EU,electricity,solar,PV,2005,0.219534769437492
European Free Trade Association,electricity,solar,PV,2005,0.109905752008991
India,electricity,solar,PV,2005,0.247360718865892
Indonesia,electricity,solar,PV,2005,0.231764576189658
Japan,electricity,solar,PV,2005,0.18912205972257
Mexico,electricity,solar,PV,2005,0.268432483099031
Middle East,electricity,solar,PV,2005,0.273721280338651
Pakistan,electricity,solar,PV,2005,0.259618517029136
Russia,electricity,solar,PV,2005,0.130216351736842
South Africa,electricity,solar,PV,2005,0.27614644654131
South America_Northern,electricity,solar,PV,2005,0.243079328637708
South America_Southern,electricity,solar,PV,2005,0.240659276187326
South Asia,electricity,solar,PV,2005,0.254785655301063
South Korea,electricity,solar,PV,2005,0.209226928209402
Southeast Asia,electricity,solar,PV,2005,0.237728896244649
Taiwan,electricity,solar,PV,2005,0.199958443018159
Argentina,electricity,solar,PV,2005,0.232851931752879
Colombia,electricity,solar,PV,2005,0.218840056417965
USA,electricity,solar,PV_storage,2005,0.200000279262178
Africa_Eastern,electricity,solar,PV_storage,2005,0.282363478171743
Africa_Northern,electricity,solar,PV_storage,2005,0.280198967995972
Africa_Southern,electricity,solar,PV_storage,2005,0.275541447990102
Africa_Western,electricity,solar,PV_storage,2005,0.273570488177822
Australia_NZ,electricity,solar,PV_storage,2005,0.272521652317379
Brazil,electricity,solar,PV_storage,2005,0.246714494119666
Canada,electricity,solar,PV_storage,2005,0.12978073368063
Central America and Caribbean,electricity,solar,PV_storage,2005,0.251332170592837
Central Asia,electricity,solar,PV_storage,2005,0.214675695004816
China,electricity,solar,PV_storage,2005,0.239885029424203
EU-12,electricity,solar,PV_storage,2005,0.16551956929014
EU-15,electricity,solar,PV_storage,2005,0.183181868950387
Europe_Eastern,electricity,solar,PV_storage,2005,0.162879869293459
Europe_Non_EU,electricity,solar,PV_storage,2005,0.219534769437492
European Free Trade Association,electricity,solar,PV_storage,2005,0.109905752008991
India,electricity,solar,PV_storage,2005,0.247360718865892
Indonesia,electricity,solar,PV_storage,2005,0.231764576189658
Japan,electricity,solar,PV_storage,2005,0.18912205972257
Mexico,electricity,solar,PV_storage,2005,0.268432483099031
Middle East,electricity,solar,PV_storage,2005,0.273721280338651
Pakistan,electricity,solar,PV_storage,2005,0.259618517029136
Russia,electricity,solar,PV_storage,2005,0.130216351736842
South Africa,electricity,solar,PV_storage,2005,0.27614644654131
South America_Northern,electricity,solar,PV_storage,2005,0.243079328637708
South America_Southern,electricity,solar,PV_storage,2005,0.240659276187326
South Asia,electricity,solar,PV_storage,2005,0.254785655301063
South Korea,electricity,solar,PV_storage,2005,0.209226928209402
Southeast Asia,electricity,solar,PV_storage,2005,0.237728896244649
Taiwan,electricity,solar,PV_storage,2005,0.199958443018159
Argentina,electricity,solar,PV_storage,2005,0.232851931752879
Colombia,electricity,solar,PV_storage,2005,0.218840056417965
USA,electricity,solar,PV,2010,0.200000279262178
Africa_Eastern,electricity,solar,PV,2010,0.282363478171743
Africa_Northern,electricity,solar,PV,2010,0.280198967995972
Africa_Southern,electricity,solar,PV,2010,0.275541447990102
Africa_Western,electricity,solar,PV,2010,0.273570488177822
Australia_NZ,electricity,solar,PV,2010,0.272521652317379
Brazil,electricity,solar,PV,2010,0.246714494119666
Canada,electricity,solar,PV,2010,0.12978073368063
Central America and Caribbean,electricity,solar,PV,2010,0.251332170592837
Central Asia,electricity,solar,PV,2010,0.214675695004816
China,electricity,solar,PV,2010,0.239885029424203
EU-12,electricity,solar,PV,2010,0.16551956929014
EU-15,electricity,solar,PV,2010,0.183181868950387
Europe_Eastern,electricity,solar,PV,2010,0.162879869293459
Europe_Non_EU,electricity,solar,PV,2010,0.219534769437492
European Free Trade Association,electricity,solar,PV,2010,0.109905752008991
India,electricity,solar,PV,2010,0.247360718865892
Indonesia,electricity,solar,PV,2010,0.231764576189658
Japan,electricity,solar,PV,2010,0.18912205972257
Mexico,electricity,solar,PV,2010,0.268432483099031
Middle East,electricity,solar,PV,2010,0.273721280338651
Pakistan,electricity,solar,PV,2010,0.259618517029136
Russia,electricity,solar,PV,2010,0.130216351736842
South Africa,electricity,solar,PV,2010,0.27614644654131
South America_Northern,electricity,solar,PV,2010,0.243079328637708
South America_Southern,electricity,solar,PV,2010,0.240659276187326
South Asia,electricity,solar,PV,2010,0.254785655301063
South Korea,electricity,solar,PV,2010,0.209226928209402
Southeast Asia,electricity,solar,PV,2010,0.237728896244649
Taiwan,electricity,solar,PV,2010,0.199958443018159
Argentina,electricity,solar,PV,2010,0.232851931752879
Colombia,electricity,solar,PV,2010,0.218840056417965
USA,electricity,solar,PV_storage,2010,0.200000279262178
Africa_Eastern,electricity,solar,PV_storage,2010,0.282363478171743
Africa_Northern,electricity,solar,PV_storage,2010,0.280198967995972
Africa_Southern,electricity,solar,PV_storage,2010,0.275541447990102
Africa_Western,electricity,solar,PV_storage,2010,0.273570488177822
Australia_NZ,electricity,solar,PV_storage,2010,0.272521652317379
Brazil,electricity,solar,PV_storage,2010,0.246714494119666
Canada,electricity,solar,PV_storage,2010,0.12978073368063
Central America and Caribbean,electricity,solar,PV_storage,2010,0.251332170592837
Central Asia,electricity,solar,PV_storage,2010,0.214675695004816
China,electricity,solar,PV_storage,2010,0.239885029424203
EU-12,electricity,solar,PV_storage,2010,0.16551956929014
EU-15,electricity,solar,PV_storage,2010,0.183181868950387
Europe_Eastern,electricity,solar,PV_storage,2010,0.162879869293459
Europe_Non_EU,electricity,solar,PV_storage,2010,0.219534769437492
European Free Trade Association,electricity,solar,PV_storage,2010,0.109905752008991
India,electricity,solar,PV_storage,2010,0.247360718865892
Indonesia,electricity,solar,PV_storage,2010,0.231764576189658
Japan,electricity,solar,PV_storage,2010,0.18912205972257
Mexico,electricity,solar,PV_storage,2010,0.268432483099031
Middle East,electricity,solar,PV_storage,2010,0.273721280338651
Pakistan,electricity,solar,PV_storage,2010,0.259618517029136
Russia,electricity,solar,PV_storage,2010,0.130216351736842
South Africa,electricity,solar,PV_storage,2010,0.27614644654131
South America_Northern,electricity,solar,PV_storage,2010,0.243079328637708
South America_Southern,electricity,solar,PV_storage,2010,0.240659276187326
South Asia,electricity,solar,PV_storage,2010,0.254785655301063
South Korea,electricity,solar,PV_storage,2010,0.209226928209402
Southeast Asia,electricity,solar,PV_storage,2010,0.237728896244649
Taiwan,electricity,solar,PV_storage,2010,0.199958443018159
Argentina,electricity,solar,PV_storage,2010,0.232851931752879
Colombia,electricity,solar,PV_storage,2010,0.218840056417965
USA,electricity,solar,PV,2015,0.200000279262178
Africa_Eastern,electricity,solar,PV,2015,0.282363478171743
Africa_Northern,electricity,solar,PV,2015,0.280198967995972
Africa_Southern,electricity,solar,PV,2015,0.275541447990102
Africa_Western,electricity,solar,PV,2015,0.273570488177822
Australia_NZ,electricity,solar,PV,2015,0.272521652317379
Brazil,electricity,solar,PV,2015,0.246714494119666
Canada,electricity,solar,PV,2015,0.12978073368063
Central America and Caribbean,electricity,solar,PV,2015,0.251332170592837
Central Asia,electricity,solar,PV,2015,0.214675695004816
China,electricity,solar,PV,2015,0.239885029424203
EU-12,electricity,solar,PV,2015,0.16551956929014
EU-15,electricity,solar,PV,2015,0.183181868950387
Europe_Eastern,electricity,solar,PV,2015,0.162879869293459
Europe_Non_EU,electricity,solar,PV,2015,0.219534769437492
European Free Trade Association,electricity,solar,PV,2015,0.109905752008991
India,electricity,solar,PV,2015,0.247360718865892
Indonesia,electricity,solar,PV,2015,0.231764576189658
Japan,electricity,solar,PV,2015,0.18912205972257
Mexico,electricity,solar,PV,2015,0.268432483099031
Middle East,electricity,solar,PV,2015,0.273721280338651
Pakistan,electricity,solar,PV,2015,0.259618517029136
Russia,electricity,solar,PV,2015,0.130216351736842
South Africa,electricity,solar,PV,2015,0.27614644654131
South America_Northern,electricity,solar,PV,2015,0.243079328637708
South America_Southern,electricity,solar,PV,2015,0.240659276187326
South Asia,electricity,solar,PV,2015,0.254785655301063
South Korea,electricity,solar,PV,2015,0.209226928209402
Southeast Asia,electricity,solar,PV,2015,0.237728896244649
Taiwan,electricity,solar,PV,2015,0.199958443018159
Argentina,electricity,solar,PV,2015,0.232851931752879
Colombia,electricity,solar,PV,2015,0.218840056417965
USA,electricity,solar,PV_storage,2015,0.200000279262178
Africa_Eastern,electricity,solar,PV_storage,2015,0.282363478171743
Africa_Northern,electricity,solar,PV_storage,2015,0.280198967995972
Africa_Southern,electricity,solar,PV_storage,2015,0.275541447990102
Africa_Western,electricity,solar,PV_storage,2015,0.273570488177822
Australia_NZ,electricity,solar,PV_storage,2015,0.272521652317379
Brazil,electricity,solar,PV_storage,2015,0.246714494119666
Canada,electricity,solar,PV_storage,2015,0.12978073368063
Central America and Caribbean,electricity,solar,PV_storage,2015,0.251332170592837
Central Asia,electricity,solar,PV_storage,2015,0.214675695004816
China,electricity,solar,PV_storage,2015,0.239885029424203
EU-12,electricity,solar,PV_storage,2015,0.16551956929014
EU-15,electricity,solar,PV_storage,2015,0.183181868950387
Europe_Eastern,electricity,solar,PV_storage,2015,0.162879869293459
Europe_Non_EU,electricity,solar,PV_storage,2015,0.219534769437492
European Free Trade Association,electricity,solar,PV_storage,2015,0.109905752008991
India,electricity,solar,PV_storage,2015,0.247360718865892
Indonesia,electricity,solar,PV_storage,2015,0.231764576189658
Japan,electricity,solar,PV_storage,2015,0.18912205972257
Mexico,electricity,solar,PV_storage,2015,0.268432483099031
Middle East,electricity,solar,PV_storage,2015,0.273721280338651
Pakistan,electricity,solar,PV_storage,2015,0.259618517029136
Russia,electricity,solar,PV_storage,2015,0.130216351736842
South Africa,electricity,solar,PV_storage,2015,0.27614644654131
South America_Northern,electricity,solar,PV_storage,2015,0.243079328637708
South America_Southern,electricity,solar,PV_storage,2015,0.240659276187326
South Asia,electricity,solar,PV_storage,2015,0.254785655301063
South Korea,electricity,solar,PV_storage,2015,0.209226928209402
Southeast Asia,electricity,solar,PV_storage,2015,0.237728896244649
Taiwan,electricity,solar,PV_storage,2015,0.199958443018159
Argentina,electricity,solar,PV_storage,2015,0.232851931752879
Colombia,electricity,solar,PV_storage,2015,0.218840056417965
USA,electricity,solar,PV,2020,0.200000279262178
Africa_Eastern,electricity,solar,PV,2020,0.282363478171743
Africa_Northern,electricity,solar,PV,2020,0.280198967995972
Africa_Southern,electricity,solar,PV,2020,0.275541447990102
Africa_Western,electricity,solar,PV,2020,0.273570488177822
Australia_NZ,electricity,solar,PV,2020,0.272521652317379
Brazil,electricity,solar,PV,2020,0.246714494119666
Canada,electricity,solar,PV,2020,0.12978073368063
Central America and Caribbean,electricity,solar,PV,2020,0.251332170592837
Central Asia,electricity,solar,PV,2020,0.214675695004816
China,electricity,solar,PV,2020,0.239885029424203
EU-12,electricity,solar,PV,2020,0.16551956929014
EU-15,electricity,solar,PV,2020,0.183181868950387
Europe_Eastern,electricity,solar,PV,2020,0.162879869293459
Europe_Non_EU,electricity,solar,PV,2020,0.219534769437492
European Free Trade Association,electricity,solar,PV,2020,0.109905752008991
India,electricity,solar,PV,2020,0.247360718865892
Indonesia,electricity,solar,PV,2020,0.231764576189658
Japan,electricity,solar,PV,2020,0.18912205972257
Mexico,electricity,solar,PV,2020,0.268432483099031
Middle East,electricity,solar,PV,2020,0.273721280338651
Pakistan,electricity,solar,PV,2020,0.259618517029136
Russia,electricity,solar,PV,2020,0.130216351736842
South Africa,electricity,solar,PV,2020,0.27614644654131
South America_Northern,electricity,solar,PV,2020,0.243079328637708
South America_Southern,electricity,solar,PV,2020,0.240659276187326
South Asia,electricity,solar,PV,2020,0.254785655301063
South Korea,electricity,solar,PV,2020,0.209226928209402
Southeast Asia,electricity,solar,PV,2020,0.237728896244649
Taiwan,electricity,solar,PV,2020,0.199958443018159
Argentina,electricity,solar,PV,2020,0.232851931752879
Colombia,electricity,solar,PV,2020,0.218840056417965
USA,electricity,solar,PV_storage,2020,0.200000279262178
Africa_Eastern,electricity,solar,PV_storage,2020,0.282363478171743
Africa_Northern,electricity,solar,PV_storage,2020,0.280198967995972
Africa_Southern,electricity,solar,PV_storage,2020,0.275541447990102
Africa_Western,electricity,solar,PV_storage,2020,0.273570488177822
Australia_NZ,electricity,solar,PV_storage,2020,0.272521652317379
Brazil,electricity,solar,PV_storage,2020,0.246714494119666
Canada,electricity,solar,PV_storage,2020,0.12978073368063
Central America and Caribbean,electricity,solar,PV_storage,2020,0.251332170592837
Central Asia,electricity,solar,PV_storage,2020,0.214675695004816
China,electricity,solar,PV_storage,2020,0.239885029424203
EU-12,electricity,solar,PV_storage,2020,0.16551956929014
EU-15,electricity,solar,PV_storage,2020,0.183181868950387
Europe_Eastern,electricity,solar,PV_storage,2020,0.162879869293459
Europe_Non_EU,electricity,solar,PV_storage,2020,0.219534769437492
European Free Trade Association,electricity,solar,PV_storage,2020,0.109905752008991
India,electricity,solar,PV_storage,2020,0.247360718865892
Indonesia,electricity,solar,PV_storage,2020,0.231764576189658
Japan,electricity,solar,PV_storage,2020,0.18912205972257
Mexico,electricity,solar,PV_storage,2020,0.268432483099031
Middle East,electricity,solar,PV_storage,2020,0.273721280338651
Pakistan,electricity,solar,PV_storage,2020,0.259618517029136
Russia,electricity,solar,PV_storage,2020,0.130216351736842
South Africa,electricity,solar,PV_storage,2020,0.27614644654131
South America_Northern,electricity,solar,PV_storage,2020,0.243079328637708
South America_Southern,electricity,solar,PV_storage,2020,0.240659276187326
South Asia,electricity,solar,PV_storage,2020,0.254785655301063
South Korea,electricity,solar,PV_storage,2020,0.209226928209402
Southeast Asia,electricity,solar,PV_storage,2020,0.237728896244649
Taiwan,electricity,solar,PV_storage,2020,0.199958443018159
Argentina,electricity,solar,PV_storage,2020,0.232851931752879
Colombia,electricity,solar,PV_storage,2020,0.218840056417965
USA,electricity,solar,PV,2025,0.200000279262178
Africa_Eastern,electricity,solar,PV,2025,0.282363478171743
Africa_Northern,electricity,solar,PV,2025,0.280198967995972
Africa_Southern,electricity,solar,PV,2025,0.275541447990102
Africa_Western,electricity,solar,PV,2025,0.273570488177822
Australia_NZ,electricity,solar,PV,2025,0.272521652317379
Brazil,electricity,solar,PV,2025,0.246714494119666
Canada,electricity,solar,PV,2025,0.12978073368063
Central America and Caribbean,electricity,solar,PV,2025,0.251332170592837
Central Asia,electricity,solar,PV,2025,0.214675695004816
China,electricity,solar,PV,2025,0.239885029424203
EU-12,electricity,solar,PV,2025,0.16551956929014
EU-15,electricity,solar,PV,2025,0.183181868950387
Europe_Eastern,electricity,solar,PV,2025,0.162879869293459
Europe_Non_EU,electricity,solar,PV,2025,0.219534769437492
European Free Trade Association,electricity,solar,PV,2025,0.109905752008991
India,electricity,solar,PV,2025,0.247360718865892
Indonesia,electricity,solar,PV,2025,0.231764576189658
Japan,electricity,solar,PV,2025,0.18912205972257
Mexico,electricity,solar,PV,2025,0.268432483099031
Middle East,electricity,solar,PV,2025,0.273721280338651
Pakistan,electricity,solar,PV,2025,0.259618517029136
Russia,electricity,solar,PV,2025,0.130216351736842
South Africa,electricity,solar,PV,2025,0.27614644654131
South America_Northern,electricity,solar,PV,2025,0.243079328637708
South America_Southern,electricity,solar,PV,2025,0.240659276187326
South Asia,electricity,solar,PV,2025,0.254785655301063
South Korea,electricity,solar,PV,2025,0.209226928209402
Southeast Asia,electricity,solar,PV,2025,0.237728896244649
Taiwan,electricity,solar,PV,2025,0.199958443018159
Argentina,electricity,solar,PV,2025,0.232851931752879
Colombia,electricity,solar,PV,2025,0.218840056417965
USA,electricity,solar,PV_storage,2025,0.200000279262178
Africa_Eastern,electricity,solar,PV_storage,2025,0.282363478171743
Africa_Northern,electricity,solar,PV_storage,2025,0.280198967995972
Africa_Southern,electricity,solar,PV_storage,2025,0.275541447990102
Africa_Western,electricity,solar,PV_storage,2025,0.273570488177822
Australia_NZ,electricity,solar,PV_storage,2025,0.272521652317379
Brazil,electricity,solar,PV_storage,2025,0.246714494119666
Canada,electricity,solar,PV_storage,2025,0.12978073368063
Central America and Caribbean,electricity,solar,PV_storage,2025,0.251332170592837
Central Asia,electricity,solar,PV_storage,2025,0.214675695004816
China,electricity,solar,PV_storage,2025,0.239885029424203
EU-12,electricity,solar,PV_storage,2025,0.16551956929014
EU-15,electricity,solar,PV_storage,2025,0.183181868950387
Europe_Eastern,electricity,solar,PV_storage,2025,0.162879869293459
Europe_Non_EU,electricity,solar,PV_storage,2025,0.219534769437492
European Free Trade Association,electricity,solar,PV_storage,2025,0.109905752008991
India,electricity,solar,PV_storage,2025,0.247360718865892
Indonesia,electricity,solar,PV_storage,2025,0.231764576189658
Japan,electricity,solar,PV_storage,2025,0.18912205972257
Mexico,electricity,solar,PV_storage,2025,0.268432483099031
Middle East,electricity,solar,PV_storage,2025,0.273721280338651
Pakistan,electricity,solar,PV_storage,2025,0.259618517029136
Russia,electricity,solar,PV_storage,2025,0.130216351736842
South Africa,electricity,solar,PV_storage,2025,0.27614644654131
South America_Northern,electricity,solar,PV_storage,2025,0.243079328637708
South America_Southern,electricity,solar,PV_storage,2025,0.240659276187326
South Asia,electricity,solar,PV_storage,2025,0.254785655301063
South Korea,electricity,solar,PV_storage,2025,0.209226928209402
Southeast Asia,electricity,solar,PV_storage,2025,0.237728896244649
Taiwan,electricity,solar,PV_storage,2025,0.199958443018159
Argentina,electricity,solar,PV_storage,2025,0.232851931752879
Colombia,electricity,solar,PV_storage,2025,0.218840056417965
USA,electricity,solar,PV,2030,0.200000279262178
Africa_Eastern,electricity,solar,PV,2030,0.282363478171743
Africa_Northern,electricity,solar,PV,2030,0.280198967995972
Africa_Southern,electricity,solar,PV,2030,0.275541447990102
Africa_Western,electricity,solar,PV,2030,0.273570488177822
Australia_NZ,electricity,solar,PV,2030,0.272521652317379
Brazil,electricity,solar,PV,2030,0.246714494119666
Canada,electricity,solar,PV,2030,0.12978073368063
Central America and Caribbean,electricity,solar,PV,2030,0.251332170592837
Central Asia,electricity,solar,PV,2030,0.214675695004816
China,electricity,solar,PV,2030,0.239885029424203
EU-12,electricity,solar,PV,2030,0.16551956929014
EU-15,electricity,solar,PV,2030,0.183181868950387
Europe_Eastern,electricity,solar,PV,2030,0.162879869293459
Europe_Non_EU,electricity,solar,PV,2030,0.219534769437492
European Free Trade Association,electricity,solar,PV,2030,0.109905752008991
India,electricity,solar,PV,2030,0.247360718865892
Indonesia,electricity,solar,PV,2030,0.231764576189658
Japan,electricity,solar,PV,2030,0.18912205972257
Mexico,electricity,solar,PV,2030,0.268432483099031
Middle East,electricity,solar,PV,2030,0.273721280338651
Pakistan,electricity,solar,PV,2030,0.259618517029136
Russia,electricity,solar,PV,2030,0.130216351736842
South Africa,electricity,solar,PV,2030,0.27614644654131
South America_Northern,electricity,solar,PV,2030,0.243079328637708
South America_Southern,electricity,solar,PV,2030,0.240659276187326
South Asia,electricity,solar,PV,2030,0.254785655301063
South Korea,electricity,solar,PV,2030,0.209226928209402
Southeast Asia,electricity,solar,PV,2030,0.237728896244649
Taiwan,electricity,solar,PV,2030,0.199958443018159
Argentina,electricity,solar,PV,2030,0.232851931752879
Colombia,electricity,solar,PV,2030,0.218840056417965
USA,electricity,solar,PV_storage,2030,0.200000279262178
Africa_Eastern,electricity,solar,PV_storage,2030,0.282363478171743
Africa_Northern,electricity,solar,PV_storage,2030,0.280198967995972
Africa_Southern,electricity,solar,PV_storage,2030,0.275541447990102
Africa_Western,electricity,solar,PV_storage,2030,0.273570488177822
Australia_NZ,electricity,solar,PV_storage,2030,0.272521652317379
Brazil,electricity,solar,PV_storage,2030,0.246714494119666
Canada,electricity,solar,PV_storage,2030,0.12978073368063
Central America and Caribbean,electricity,solar,PV_storage,2030,0.251332170592837
Central Asia,electricity,solar,PV_storage,2030,0.214675695004816
China,electricity,solar,PV_storage,2030,0.239885029424203
EU-12,electricity,solar,PV_storage,2030,0.16551956929014
EU-15,electricity,solar,PV_storage,2030,0.183181868950387
Europe_Eastern,electricity,solar,PV_storage,2030,0.162879869293459
Europe_Non_EU,electricity,solar,PV_storage,2030,0.219534769437492
European Free Trade Association,electricity,solar,PV_storage,2030,0.109905752008991
India,electricity,solar,PV_storage,2030,0.247360718865892
Indonesia,electricity,solar,PV_storage,2030,0.231764576189658
Japan,electricity,solar,PV_storage,2030,0.18912205972257
Mexico,electricity,solar,PV_storage,2030,0.268432483099031
Middle East,electricity,solar,PV_storage,2030,0.273721280338651
Pakistan,electricity,solar,PV_storage,2030,0.259618517029136
Russia,electricity,solar,PV_storage,2030,0.130216351736842
South Africa,electricity,solar,PV_storage,2030,0.27614644654131
South America_Northern,electricity,solar,PV_storage,2030,0.243079328637708
South America_Southern,electricity,solar,PV_storage,2030,0.240659276187326
South Asia,electricity,solar,PV_storage,2030,0.254785655301063
South Korea,electricity,solar,PV_storage,2030,0.209226928209402
Southeast Asia,electricity,solar,PV_storage,2030,0.237728896244649
Taiwan,electricity,solar,PV_storage,2030,0.199958443018159
Argentina,electricity,solar,PV_storage,2030,0.232851931752879
Colombia,electricity,solar,PV_storage,2030,0.218840056417965
USA,electricity,solar,PV,2035,0.200000279262178
Africa_Eastern,electricity,solar,PV,2035,0.282363478171743
Africa_Northern,electricity,solar,PV,2035,0.280198967995972
Africa_Southern,electricity,solar,PV,2035,0.275541447990102
Africa_Western,electricity,solar,PV,2035,0.273570488177822
Australia_NZ,electricity,solar,PV,2035,0.272521652317379
Brazil,electricity,solar,PV,2035,0.246714494119666
Canada,electricity,solar,PV,2035,0.12978073368063
Central America and Caribbean,electricity,solar,PV,2035,0.251332170592837
Central Asia,electricity,solar,PV,2035,0.214675695004816
China,electricity,solar,PV,2035,0.239885029424203
EU-12,electricity,solar,PV,2035,0.16551956929014
EU-15,electricity,solar,PV,2035,0.183181868950387
Europe_Eastern,electricity,solar,PV,2035,0.162879869293459
Europe_Non_EU,electricity,solar,PV,2035,0.219534769437492
European Free Trade Association,electricity,solar,PV,2035,0.109905752008991
India,electricity,solar,PV,2035,0.247360718865892
Indonesia,electricity,solar,PV,2035,0.231764576189658
Japan,electricity,solar,PV,2035,0.18912205972257
Mexico,electricity,solar,PV,2035,0.268432483099031
Middle East,electricity,solar,PV,2035,0.273721280338651
Pakistan,electricity,solar,PV,2035,0.259618517029136
Russia,electricity,solar,PV,2035,0.130216351736842
South Africa,electricity,solar,PV,2035,0.27614644654131
South America_Northern,electricity,solar,PV,2035,0.243079328637708
South America_Southern,electricity,solar,PV,2035,0.240659276187326
South Asia,electricity,solar,PV,2035,0.254785655301063
South Korea,electricity,solar,PV,2035,0.209226928209402
Southeast Asia,electricity,solar,PV,2035,0.237728896244649
Taiwan,electricity,solar,PV,2035,0.199958443018159
Argentina,electricity,solar,PV,2035,0.232851931752879
Colombia,electricity,solar,PV,2035,0.218840056417965
USA,electricity,solar,PV_storage,2035,0.200000279262178
Africa_Eastern,electricity,solar,PV_storage,2035,0.282363478171743
Africa_Northern,electricity,solar,PV_storage,2035,0.280198967995972
Africa_Southern,electricity,solar,PV_storage,2035,0.275541447990102
Africa_Western,electricity,solar,PV_storage,2035,0.273570488177822
Australia_NZ,electricity,solar,PV_storage,2035,0.272521652317379
Brazil,electricity,solar,PV_storage,2035,0.246714494119666
Canada,electricity,solar,PV_storage,2035,0.12978073368063
Central America and Caribbean,electricity,solar,PV_storage,2035,0.251332170592837
Central Asia,electricity,solar,PV_storage,2035,0.214675695004816
China,electricity,solar,PV_storage,2035,0.239885029424203
EU-12,electricity,solar,PV_storage,2035,0.16551956929014
EU-15,electricity,solar,PV_storage,2035,0.183181868950387
Europe_Eastern,electricity,solar,PV_storage,2035,0.162879869293459
Europe_Non_EU,electricity,solar,PV_storage,2035,0.219534769437492
European Free Trade Association,electricity,solar,PV_storage,2035,0.109905752008991
India,electricity,solar,PV_storage,2035,0.247360718865892
Indonesia,electricity,solar,PV_storage,2035,0.231764576189658
Japan,electricity,solar,PV_storage,2035,0.18912205972257
Mexico,electricity,solar,PV_storage,2035,0.268432483099031
Middle East,electricity,solar,PV_storage,2035,0.273721280338651
Pakistan,electricity,solar,PV_storage,2035,0.259618517029136
Russia,electricity,solar,PV_storage,2035,0.130216351736842
South Africa,electricity,solar,PV_storage,2035,0.27614644654131
South America_Northern,electricity,solar,PV_storage,2035,0.243079328637708
South America_Southern,electricity,solar,PV_storage,2035,0.240659276187326
South Asia,electricity,solar,PV_storage,2035,0.254785655301063
South Korea,electricity,solar,PV_storage,2035,0.209226928209402
Southeast Asia,electricity,solar,PV_storage,2035,0.237728896244649
Taiwan,electricity,solar,PV_storage,2035,0.199958443018159
Argentina,electricity,solar,PV_storage,2035,0.232851931752879
Colombia,electricity,solar,PV_storage,2035,0.218840056417965
USA,electricity,solar,PV,2040,0.200000279262178
Africa_Eastern,electricity,solar,PV,2040,0.282363478171743
Africa_Northern,electricity,solar,PV,2040,0.280198967995972
Africa_Southern,electricity,solar,PV,2040,0.275541447990102
Africa_Western,electricity,solar,PV,2040,0.273570488177822
Australia_NZ,electricity,solar,PV,2040,0.272521652317379
Brazil,electricity,solar,PV,2040,0.246714494119666
Canada,electricity,solar,PV,2040,0.12978073368063
Central America and Caribbean,electricity,solar,PV,2040,0.251332170592837
Central Asia,electricity,solar,PV,2040,0.214675695004816
China,electricity,solar,PV,2040,0.239885029424203
EU-12,electricity,solar,PV,2040,0.16551956929014
EU-15,electricity,solar,PV,2040,0.183181868950387
Europe_Eastern,electricity,solar,PV,2040,0.162879869293459
Europe_Non_EU,electricity,solar,PV,2040,0.219534769437492
European Free Trade Association,electricity,solar,PV,2040,0.109905752008991
India,electricity,solar,PV,2040,0.247360718865892
Indonesia,electricity,solar,PV,2040,0.231764576189658
Japan,electricity,solar,PV,2040,0.18912205972257
Mexico,electricity,solar,PV,2040,0.268432483099031
Middle East,electricity,solar,PV,2040,0.273721280338651
Pakistan,electricity,solar,PV,2040,0.259618517029136
Russia,electricity,solar,PV,2040,0.130216351736842
South Africa,electricity,solar,PV,2040,0.27614644654131
South America_Northern,electricity,solar,PV,2040,0.243079328637708
South America_Southern,electricity,solar,PV,2040,0.240659276187326
South Asia,electricity,solar,PV,2040,0.254785655301063
South Korea,electricity,solar,PV,2040,0.209226928209402
Southeast Asia,electricity,solar,PV,2040,0.237728896244649
Taiwan,electricity,solar,PV,2040,0.199958443018159
Argentina,electricity,solar,PV,2040,0.232851931752879
Colombia,electricity,solar,PV,2040,0.218840056417965
USA,electricity,solar,PV_storage,2040,0.200000279262178
Africa_Eastern,electricity,solar,PV_storage,2040,0.282363478171743
Africa_Northern,electricity,solar,PV_storage,2040,0.280198967995972
Africa_Southern,electricity,solar,PV_storage,2040,0.275541447990102
Africa_Western,electricity,solar,PV_storage,2040,0.273570488177822
Australia_NZ,electricity,solar,PV_storage,2040,0.272521652317379
Brazil,electricity,solar,PV_storage,2040,0.246714494119666
Canada,electricity,solar,PV_storage,2040,0.12978073368063
Central America and Caribbean,electricity,solar,PV_storage,2040,0.251332170592837
Central Asia,electricity,solar,PV_storage,2040,0.214675695004816
China,electricity,solar,PV_storage,2040,0.239885029424203
EU-12,electricity,solar,PV_storage,2040,0.16551956929014
EU-15,electricity,solar,PV_storage,2040,0.183181868950387
Europe_Eastern,electricity,solar,PV_storage,2040,0.162879869293459
Europe_Non_EU,electricity,solar,PV_storage,2040,0.219534769437492
European Free Trade Association,electricity,solar,PV_storage,2040,0.109905752008991
India,electricity,solar,PV_storage,2040,0.247360718865892
Indonesia,electricity,solar,PV_storage,2040,0.231764576189658
Japan,electricity,solar,PV_storage,2040,0.18912205972257
Mexico,electricity,solar,PV_storage,2040,0.268432483099031
Middle East,electricity,solar,PV_storage,2040,0.273721280338651
Pakistan,electricity,solar,PV_storage,2040,0.259618517029136
Russia,electricity,solar,PV_storage,2040,0.130216351736842
South Africa,electricity,solar,PV_storage,2040,0.27614644654131
South America_Northern,electricity,solar,PV_storage,2040,0.243079328637708
South America_Southern,electricity,solar,PV_storage,2040,0.240659276187326
South Asia,electricity,solar,PV_storage,2040,0.254785655301063
South Korea,electricity,solar,PV_storage,2040,0.209226928209402
Southeast Asia,electricity,solar,PV_storage,2040,0.237728896244649
Taiwan,electricity,solar,PV_storage,2040,0.199958443018159
Argentina,electricity,solar,PV_storage,2040,0.232851931752879
Colombia,electricity,solar,PV_storage,2040,0.218840056417965
USA,electricity,solar,PV,2045,0.200000279262178
Africa_Eastern,electricity,solar,PV,2045,0.282363478171743
Africa_Northern,electricity,solar,PV,2045,0.280198967995972
Africa_Southern,electricity,solar,PV,2045,0.275541447990102
Africa_Western,electricity,solar,PV,2045,0.273570488177822
Australia_NZ,electricity,solar,PV,2045,0.272521652317379
Brazil,electricity,solar,PV,2045,0.246714494119666
Canada,electricity,solar,PV,2045,0.12978073368063
Central America and Caribbean,electricity,solar,PV,2045,0.251332170592837
Central Asia,electricity,solar,PV,2045,0.214675695004816
China,electricity,solar,PV,2045,0.239885029424203
EU-12,electricity,solar,PV,2045,0.16551956929014
EU-15,electricity,solar,PV,2045,0.183181868950387
Europe_Eastern,electricity,solar,PV,2045,0.162879869293459
Europe_Non_EU,electricity,solar,PV,2045,0.219534769437492
European Free Trade Association,electricity,solar,PV,2045,0.109905752008991
India,electricity,solar,PV,2045,0.247360718865892
Indonesia,electricity,solar,PV,2045,0.231764576189658
Japan,electricity,solar,PV,2045,0.18912205972257
Mexico,electricity,solar,PV,2045,0.268432483099031
Middle East,electricity,solar,PV,2045,0.273721280338651
Pakistan,electricity,solar,PV,2045,0.259618517029136
Russia,electricity,solar,PV,2045,0.130216351736842
South Africa,electricity,solar,PV,2045,0.27614644654131
South America_Northern,electricity,solar,PV,2045,0.243079328637708
South America_Southern,electricity,solar,PV,2045,0.240659276187326
South Asia,electricity,solar,PV,2045,0.254785655301063
South Korea,electricity,solar,PV,2045,0.209226928209402
Southeast Asia,electricity,solar,PV,2045,0.237728896244649
Taiwan,electricity,solar,PV,2045,0.199958443018159
Argentina,electricity,solar,PV,2045,0.232851931752879
Colombia,electricity,solar,PV,2045,0.218840056417965
USA,electricity,solar,PV_storage,2045,0.200000279262178
Africa_Eastern,electricity,solar,PV_storage,2045,0.282363478171743
Africa_Northern,electricity,solar,PV_storage,2045,0.280198967995972
Africa_Southern,electricity,solar,PV_storage,2045,0.275541447990102
Africa_Western,electricity,solar,PV_storage,2045,0.273570488177822
Australia_NZ,electricity,solar,PV_storage,2045,0.272521652317379
Brazil,electricity,solar,PV_storage,2045,0.246714494119666
Canada,electricity,solar,PV_storage,2045,0.12978073368063
Central America and Caribbean,electricity,solar,PV_storage,2045,0.251332170592837
Central Asia,electricity,solar,PV_storage,2045,0.214675695004816
China,electricity,solar,PV_storage,2045,0.239885029424203
EU-12,electricity,solar,PV_storage,2045,0.16551956929014
EU-15,electricity,solar,PV_storage,2045,0.183181868950387
Europe_Eastern,electricity,solar,PV_storage,2045,0.162879869293459
Europe_Non_EU,electricity,solar,PV_storage,2045,0.219534769437492
European Free Trade Association,electricity,solar,PV_storage,2045,0.109905752008991
India,electricity,solar,PV_storage,2045,0.247360718865892
Indonesia,electricity,solar,PV_storage,2045,0.231764576189658
Japan,electricity,solar,PV_storage,2045,0.18912205972257
Mexico,electricity,solar,PV_storage,2045,0.268432483099031
Middle East,electricity,solar,PV_storage,2045,0.273721280338651
Pakistan,electricity,solar,PV_storage,2045,0.259618517029136
Russia,electricity,solar,PV_storage,2045,0.130216351736842
South Africa,electricity,solar,PV_storage,2045,0.27614644654131
South America_Northern,electricity,solar,PV_storage,2045,0.243079328637708
South America_Southern,electricity,solar,PV_storage,2045,0.240659276187326
South Asia,electricity,solar,PV_storage,2045,0.254785655301063
South Korea,electricity,solar,PV_storage,2045,0.209226928209402
Southeast Asia,electricity,solar,PV_storage,2045,0.237728896244649
Taiwan,electricity,solar,PV_storage,2045,0.199958443018159
Argentina,electricity,solar,PV_storage,2045,0.232851931752879
Colombia,electricity,solar,PV_storage,2045,0.218840056417965
USA,electricity,solar,PV,2050,0.200000279262178
Africa_Eastern,electricity,solar,PV,2050,0.282363478171743
Africa_Northern,electricity,solar,PV,2050,0.280198967995972
Africa_Southern,electricity,solar,PV,2050,0.275541447990102
Africa_Western,electricity,solar,PV,2050,0.273570488177822
Australia_NZ,electricity,solar,PV,2050,0.272521652317379
Brazil,electricity,solar,PV,2050,0.246714494119666
Canada,electricity,solar,PV,2050,0.12978073368063
Central America and Caribbean,electricity,solar,PV,2050,0.251332170592837
Central Asia,electricity,solar,PV,2050,0.214675695004816
China,electricity,solar,PV,2050,0.239885029424203
EU-12,electricity,solar,PV,2050,0.16551956929014
EU-15,electricity,solar,PV,2050,0.183181868950387
Europe_Eastern,electricity,solar,PV,2050,0.162879869293459
Europe_Non_EU,electricity,solar,PV,2050,0.219534769437492
European Free Trade Association,electricity,solar,PV,2050,0.109905752008991
India,electricity,solar,PV,2050,0.247360718865892
Indonesia,electricity,solar,PV,2050,0.231764576189658
Japan,electricity,solar,PV,2050,0.18912205972257
Mexico,electricity,solar,PV,2050,0.268432483099031
Middle East,electricity,solar,PV,2050,0.273721280338651
Pakistan,electricity,solar,PV,2050,0.259618517029136
Russia,electricity,solar,PV,2050,0.130216351736842
South Africa,electricity,solar,PV,2050,0.27614644654131
South America_Northern,electricity,solar,PV,2050,0.243079328637708
South America_Southern,electricity,solar,PV,2050,0.240659276187326
South Asia,electricity,solar,PV,2050,0.254785655301063
South Korea,electricity,solar,PV,2050,0.209226928209402
Southeast Asia,electricity,solar,PV,2050,0.237728896244649
Taiwan,electricity,solar,PV,2050,0.199958443018159
Argentina,electricity,solar,PV,2050,0.232851931752879
Colombia,electricity,solar,PV,2050,0.218840056417965
USA,electricity,solar,PV_storage,2050,0.200000279262178
Africa_Eastern,electricity,solar,PV_storage,2050,0.282363478171743
Africa_Northern,electricity,solar,PV_storage,2050,0.280198967995972
Africa_Southern,electricity,solar,PV_storage,2050,0.275541447990102
Africa_Western,electricity,solar,PV_storage,2050,0.273570488177822
Australia_NZ,electricity,solar,PV_storage,2050,0.272521652317379
Brazil,electricity,solar,PV_storage,2050,0.246714494119666
Canada,electricity,solar,PV_storage,2050,0.12978073368063
Central America and Caribbean,electricity,solar,PV_storage,2050,0.251332170592837
Central Asia,electricity,solar,PV_storage,2050,0.214675695004816
China,electricity,solar,PV_storage,2050,0.239885029424203
EU-12,electricity,solar,PV_storage,2050,0.16551956929014
EU-15,electricity,solar,PV_storage,2050,0.183181868950387
Europe_Eastern,electricity,solar,PV_storage,2050,0.162879869293459
Europe_Non_EU,electricity,solar,PV_storage,2050,0.219534769437492
European Free Trade Association,electricity,solar,PV_storage,2050,0.109905752008991
India,electricity,solar,PV_storage,2050,0.247360718865892
Indonesia,electricity,solar,PV_storage,2050,0.231764576189658
Japan,electricity,solar,PV_storage,2050,0.18912205972257
Mexico,electricity,solar,PV_storage,2050,0.268432483099031
Middle East,electricity,solar,PV_storage,2050,0.273721280338651
Pakistan,electricity,solar,PV_storage,2050,0.259618517029136
Russia,electricity,solar,PV_storage,2050,0.130216351736842
South Africa,electricity,solar,PV_storage,2050,0.27614644654131
South America_Northern,electricity,solar,PV_storage,2050,0.243079328637708
South America_Southern,electricity,solar,PV_storage,2050,0.240659276187326
South Asia,electricity,solar,PV_storage,2050,0.254785655301063
South Korea,electricity,solar,PV_storage,2050,0.209226928209402
Southeast Asia,electricity,solar,PV_storage,2050,0.237728896244649
Taiwan,electricity,solar,PV_storage,2050,0.199958443018159
Argentina,electricity,solar,PV_storage,2050,0.232851931752879
Colombia,electricity,solar,PV_storage,2050,0.218840056417965
USA,electricity,solar,PV,2055,0.200000279262178
Africa_Eastern,electricity,solar,PV,2055,0.282363478171743
Africa_Northern,electricity,solar,PV,2055,0.280198967995972
Africa_Southern,electricity,solar,PV,2055,0.275541447990102
Africa_Western,electricity,solar,PV,2055,0.273570488177822
Australia_NZ,electricity,solar,PV,2055,0.272521652317379
Brazil,electricity,solar,PV,2055,0.246714494119666
Canada,electricity,solar,PV,2055,0.12978073368063
Central America and Caribbean,electricity,solar,PV,2055,0.251332170592837
Central Asia,electricity,solar,PV,2055,0.214675695004816
China,electricity,solar,PV,2055,0.239885029424203
EU-12,electricity,solar,PV,2055,0.16551956929014
EU-15,electricity,solar,PV,2055,0.183181868950387
Europe_Eastern,electricity,solar,PV,2055,0.162879869293459
Europe_Non_EU,electricity,solar,PV,2055,0.219534769437492
European Free Trade Association,electricity,solar,PV,2055,0.109905752008991
India,electricity,solar,PV,2055,0.247360718865892
Indonesia,electricity,solar,PV,2055,0.231764576189658
Japan,electricity,solar,PV,2055,0.18912205972257
Mexico,electricity,solar,PV,2055,0.268432483099031
Middle East,electricity,solar,PV,2055,0.273721280338651
Pakistan,electricity,solar,PV,2055,0.259618517029136
Russia,electricity,solar,PV,2055,0.130216351736842
South Africa,electricity,solar,PV,2055,0.27614644654131
South America_Northern,electricity,solar,PV,2055,0.243079328637708
South America_Southern,electricity,solar,PV,2055,0.240659276187326
South Asia,electricity,solar,PV,2055,0.254785655301063
South Korea,electricity,solar,PV,2055,0.209226928209402
Southeast Asia,electricity,solar,PV,2055,0.237728896244649
Taiwan,electricity,solar,PV,2055,0.199958443018159
Argentina,electricity,solar,PV,2055,0.232851931752879
Colombia,electricity,solar,PV,2055,0.218840056417965
USA,electricity,solar,PV_storage,2055,0.200000279262178
Africa_Eastern,electricity,solar,PV_storage,2055,0.282363478171743
Africa_Northern,electricity,solar,PV_storage,2055,0.280198967995972
Africa_Southern,electricity,solar,PV_storage,2055,0.275541447990102
Africa_Western,electricity,solar,PV_storage,2055,0.273570488177822
Australia_NZ,electricity,solar,PV_storage,2055,0.272521652317379
Brazil,electricity,solar,PV_storage,2055,0.246714494119666
Canada,electricity,solar,PV_storage,2055,0.12978073368063
Central America and Caribbean,electricity,solar,PV_storage,2055,0.251332170592837
Central Asia,electricity,solar,PV_storage,2055,0.214675695004816
China,electricity,solar,PV_storage,2055,0.239885029424203
EU-12,electricity,solar,PV_storage,2055,0.16551956929014
EU-15,electricity,solar,PV_storage,2055,0.183181868950387
Europe_Eastern,electricity,solar,PV_storage,2055,0.162879869293459
Europe_Non_EU,electricity,solar,PV_storage,2055,0.219534769437492
European Free Trade Association,electricity,solar,PV_storage,2055,0.109905752008991
India,electricity,solar,PV_storage,2055,0.247360718865892
Indonesia,electricity,solar,PV_storage,2055,0.231764576189658
Japan,electricity,solar,PV_storage,2055,0.18912205972257
Mexico,electricity,solar,PV_storage,2055,0.268432483099031
Middle East,electricity,solar,PV_storage,2055,0.273721280338651
Pakistan,electricity,solar,PV_storage,2055,0.259618517029136
Russia,electricity,solar,PV_storage,2055,0.130216351736842
South Africa,electricity,solar,PV_storage,2055,0.27614644654131
South America_Northern,electricity,solar,PV_storage,2055,0.243079328637708
South America_Southern,electricity,solar,PV_storage,2055,0.240659276187326
South Asia,electricity,solar,PV_storage,2055,0.254785655301063
South Korea,electricity,solar,PV_storage,2055,0.209226928209402
Southeast Asia,electricity,solar,PV_storage,2055,0.237728896244649
Taiwan,electricity,solar,PV_storage,2055,0.199958443018159
Argentina,electricity,solar,PV_storage,2055,0.232851931752879
Colombia,electricity,solar,PV_storage,2055,0.218840056417965
USA,electricity,solar,PV,2060,0.200000279262178
Africa_Eastern,electricity,solar,PV,2060,0.282363478171743
Africa_Northern,electricity,solar,PV,2060,0.280198967995972
Africa_Southern,electricity,solar,PV,2060,0.275541447990102
Africa_Western,electricity,solar,PV,2060,0.273570488177822
Australia_NZ,electricity,solar,PV,2060,0.272521652317379
Brazil,electricity,solar,PV,2060,0.246714494119666
Canada,electricity,solar,PV,2060,0.12978073368063
Central America and Caribbean,electricity,solar,PV,2060,0.251332170592837
Central Asia,electricity,solar,PV,2060,0.214675695004816
China,electricity,solar,PV,2060,0.239885029424203
EU-12,electricity,solar,PV,2060,0.16551956929014
EU-15,electricity,solar,PV,2060,0.183181868950387
Europe_Eastern,electricity,solar,PV,2060,0.162879869293459
Europe_Non_EU,electricity,solar,PV,2060,0.219534769437492
European Free Trade Association,electricity,solar,PV,2060,0.109905752008991
India,electricity,solar,PV,2060,0.247360718865892
Indonesia,electricity,solar,PV,2060,0.231764576189658
Japan,electricity,solar,PV,2060,0.18912205972257
Mexico,electricity,solar,PV,2060,0.268432483099031
Middle East,electricity,solar,PV,2060,0.273721280338651
Pakistan,electricity,solar,PV,2060,0.259618517029136
Russia,electricity,solar,PV,2060,0.130216351736842
South Africa,electricity,solar,PV,2060,0.27614644654131
South America_Northern,electricity,solar,PV,2060,0.243079328637708
South America_Southern,electricity,solar,PV,2060,0.240659276187326
South Asia,electricity,solar,PV,2060,0.254785655301063
South Korea,electricity,solar,PV,2060,0.209226928209402
Southeast Asia,electricity,solar,PV,2060,0.237728896244649
Taiwan,electricity,solar,PV,2060,0.199958443018159
Argentina,electricity,solar,PV,2060,0.232851931752879
Colombia,electricity,solar,PV,2060,0.218840056417965
USA,electricity,solar,PV_storage,2060,0.200000279262178
Africa_Eastern,electricity,solar,PV_storage,2060,0.282363478171743
Africa_Northern,electricity,solar,PV_storage,2060,0.280198967995972
Africa_Southern,electricity,solar,PV_storage,2060,0.275541447990102
Africa_Western,electricity,solar,PV_storage,2060,0.273570488177822
Australia_NZ,electricity,solar,PV_storage,2060,0.272521652317379
Brazil,electricity,solar,PV_storage,2060,0.246714494119666
Canada,electricity,solar,PV_storage,2060,0.12978073368063
Central America and Caribbean,electricity,solar,PV_storage,2060,0.251332170592837
Central Asia,electricity,solar,PV_storage,2060,0.214675695004816
China,electricity,solar,PV_storage,2060,0.239885029424203
EU-12,electricity,solar,PV_storage,2060,0.16551956929014
EU-15,electricity,solar,PV_storage,2060,0.183181868950387
Europe_Eastern,electricity,solar,PV_storage,2060,0.162879869293459
Europe_Non_EU,electricity,solar,PV_storage,2060,0.219534769437492
European Free Trade Association,electricity,solar,PV_storage,2060,0.109905752008991
India,electricity,solar,PV_storage,2060,0.247360718865892
Indonesia,electricity,solar,PV_storage,2060,0.231764576189658
Japan,electricity,solar,PV_storage,2060,0.18912205972257
Mexico,electricity,solar,PV_storage,2060,0.268432483099031
Middle East,electricity,solar,PV_storage,2060,0.273721280338651
Pakistan,electricity,solar,PV_storage,2060,0.259618517029136
Russia,electricity,solar,PV_storage,2060,0.130216351736842
South Africa,electricity,solar,PV_storage,2060,0.27614644654131
South America_Northern,electricity,solar,PV_storage,2060,0.243079328637708
South America_Southern,electricity,solar,PV_storage,2060,0.240659276187326
South Asia,electricity,solar,PV_storage,2060,0.254785655301063
South Korea,electricity,solar,PV_storage,2060,0.209226928209402
Southeast Asia,electricity,solar,PV_storage,2060,0.237728896244649
Taiwan,electricity,solar,PV_storage,2060,0.199958443018159
Argentina,electricity,solar,PV_storage,2060,0.232851931752879
Colombia,electricity,solar,PV_storage,2060,0.218840056417965
USA,electricity,solar,PV,2065,0.200000279262178
Africa_Eastern,electricity,solar,PV,2065,0.282363478171743
Africa_Northern,electricity,solar,PV,2065,0.280198967995972
Africa_Southern,electricity,solar,PV,2065,0.275541447990102
Africa_Western,electricity,solar,PV,2065,0.273570488177822
Australia_NZ,electricity,solar,PV,2065,0.272521652317379
Brazil,electricity,solar,PV,2065,0.246714494119666
Canada,electricity,solar,PV,2065,0.12978073368063
Central America and Caribbean,electricity,solar,PV,2065,0.251332170592837
Central Asia,electricity,solar,PV,2065,0.214675695004816
China,electricity,solar,PV,2065,0.239885029424203
EU-12,electricity,solar,PV,2065,0.16551956929014
EU-15,electricity,solar,PV,2065,0.183181868950387
Europe_Eastern,electricity,solar,PV,2065,0.162879869293459
Europe_Non_EU,electricity,solar,PV,2065,0.219534769437492
European Free Trade Association,electricity,solar,PV,2065,0.109905752008991
India,electricity,solar,PV,2065,0.247360718865892
Indonesia,electricity,solar,PV,2065,0.231764576189658
Japan,electricity,solar,PV,2065,0.18912205972257
Mexico,electricity,solar,PV,2065,0.268432483099031
Middle East,electricity,solar,PV,2065,0.273721280338651
Pakistan,electricity,solar,PV,2065,0.259618517029136
Russia,electricity,solar,PV,2065,0.130216351736842
South Africa,electricity,solar,PV,2065,0.27614644654131
South America_Northern,electricity,solar,PV,2065,0.243079328637708
South America_Southern,electricity,solar,PV,2065,0.240659276187326
South Asia,electricity,solar,PV,2065,0.254785655301063
South Korea,electricity,solar,PV,2065,0.209226928209402
Southeast Asia,electricity,solar,PV,2065,0.237728896244649
Taiwan,electricity,solar,PV,2065,0.199958443018159
Argentina,electricity,solar,PV,2065,0.232851931752879
Colombia,electricity,solar,PV,2065,0.218840056417965
USA,electricity,solar,PV_storage,2065,0.200000279262178
Africa_Eastern,electricity,solar,PV_storage,2065,0.282363478171743
Africa_Northern,electricity,solar,PV_storage,2065,0.280198967995972
Africa_Southern,electricity,solar,PV_storage,2065,0.275541447990102
Africa_Western,electricity,solar,PV_storage,2065,0.273570488177822
Australia_NZ,electricity,solar,PV_storage,2065,0.272521652317379
Brazil,electricity,solar,PV_storage,2065,0.246714494119666
Canada,electricity,solar,PV_storage,2065,0.12978073368063
Central America and Caribbean,electricity,solar,PV_storage,2065,0.251332170592837
Central Asia,electricity,solar,PV_storage,2065,0.214675695004816
China,electricity,solar,PV_storage,2065,0.239885029424203
EU-12,electricity,solar,PV_storage,2065,0.16551956929014
EU-15,electricity,solar,PV_storage,2065,0.183181868950387
Europe_Eastern,electricity,solar,PV_storage,2065,0.162879869293459
Europe_Non_EU,electricity,solar,PV_storage,2065,0.219534769437492
European Free Trade Association,electricity,solar,PV_storage,2065,0.109905752008991
India,electricity,solar,PV_storage,2065,0.247360718865892
Indonesia,electricity,solar,PV_storage,2065,0.231764576189658
Japan,electricity,solar,PV_storage,2065,0.18912205972257
Mexico,electricity,solar,PV_storage,2065,0.268432483099031
Middle East,electricity,solar,PV_storage,2065,0.273721280338651
Pakistan,electricity,solar,PV_storage,2065,0.259618517029136
Russia,electricity,solar,PV_storage,2065,0.130216351736842
South Africa,electricity,solar,PV_storage,2065,0.27614644654131
South America_Northern,electricity,solar,PV_storage,2065,0.243079328637708
South America_Southern,electricity,solar,PV_storage,2065,0.240659276187326
South Asia,electricity,solar,PV_storage,2065,0.254785655301063
South Korea,electricity,solar,PV_storage,2065,0.209226928209402
Southeast Asia,electricity,solar,PV_storage,2065,0.237728896244649
Taiwan,electricity,solar,PV_storage,2065,0.199958443018159
Argentina,electricity,solar,PV_storage,2065,0.232851931752879
Colombia,electricity,solar,PV_storage,2065,0.218840056417965
USA,electricity,solar,PV,2070,0.200000279262178
Africa_Eastern,electricity,solar,PV,2070,0.282363478171743
Africa_Northern,electricity,solar,PV,2070,0.280198967995972
Africa_Southern,electricity,solar,PV,2070,0.275541447990102
Africa_Western,electricity,solar,PV,2070,0.273570488177822
Australia_NZ,electricity,solar,PV,2070,0.272521652317379
Brazil,electricity,solar,PV,2070,0.246714494119666
Canada,electricity,solar,PV,2070,0.12978073368063
Central America and Caribbean,electricity,solar,PV,2070,0.251332170592837
Central Asia,electricity,solar,PV,2070,0.214675695004816
China,electricity,solar,PV,2070,0.239885029424203
EU-12,electricity,solar,PV,2070,0.16551956929014
EU-15,electricity,solar,PV,2070,0.183181868950387
Europe_Eastern,electricity,solar,PV,2070,0.162879869293459
Europe_Non_EU,electricity,solar,PV,2070,0.219534769437492
European Free Trade Association,electricity,solar,PV,2070,0.109905752008991
India,electricity,solar,PV,2070,0.247360718865892
Indonesia,electricity,solar,PV,2070,0.231764576189658
Japan,electricity,solar,PV,2070,0.18912205972257
Mexico,electricity,solar,PV,2070,0.268432483099031
Middle East,electricity,solar,PV,2070,0.273721280338651
Pakistan,electricity,solar,PV,2070,0.259618517029136
Russia,electricity,solar,PV,2070,0.130216351736842
South Africa,electricity,solar,PV,2070,0.27614644654131
South America_Northern,electricity,solar,PV,2070,0.243079328637708
South America_Southern,electricity,solar,PV,2070,0.240659276187326
South Asia,electricity,solar,PV,2070,0.254785655301063
South Korea,electricity,solar,PV,2070,0.209226928209402
Southeast Asia,electricity,solar,PV,2070,0.237728896244649
Taiwan,electricity,solar,PV,2070,0.199958443018159
Argentina,electricity,solar,PV,2070,0.232851931752879
Colombia,electricity,solar,PV,2070,0.218840056417965
USA,electricity,solar,PV_storage,2070,0.200000279262178
Africa_Eastern,electricity,solar,PV_storage,2070,0.282363478171743
Africa_Northern,electricity,solar,PV_storage,2070,0.280198967995972
Africa_Southern,electricity,solar,PV_storage,2070,0.275541447990102
Africa_Western,electricity,solar,PV_storage,2070,0.273570488177822
Australia_NZ,electricity,solar,PV_storage,2070,0.272521652317379
Brazil,electricity,solar,PV_storage,2070,0.246714494119666
Canada,electricity,solar,PV_storage,2070,0.12978073368063
Central America and Caribbean,electricity,solar,PV_storage,2070,0.251332170592837
Central Asia,electricity,solar,PV_storage,2070,0.214675695004816
China,electricity,solar,PV_storage,2070,0.239885029424203
EU-12,electricity,solar,PV_storage,2070,0.16551956929014
EU-15,electricity,solar,PV_storage,2070,0.183181868950387
Europe_Eastern,electricity,solar,PV_storage,2070,0.162879869293459
Europe_Non_EU,electricity,solar,PV_storage,2070,0.219534769437492
European Free Trade Association,electricity,solar,PV_storage,2070,0.109905752008991
India,electricity,solar,PV_storage,2070,0.247360718865892
Indonesia,electricity,solar,PV_storage,2070,0.231764576189658
Japan,electricity,solar,PV_storage,2070,0.18912205972257
Mexico,electricity,solar,PV_storage,2070,0.268432483099031
Middle East,electricity,solar,PV_storage,2070,0.273721280338651
Pakistan,electricity,solar,PV_storage,2070,0.259618517029136
Russia,electricity,solar,PV_storage,2070,0.130216351736842
South Africa,electricity,solar,PV_storage,2070,0.27614644654131
South America_Northern,electricity,solar,PV_storage,2070,0.243079328637708
South America_Southern,electricity,solar,PV_storage,2070,0.240659276187326
South Asia,electricity,solar,PV_storage,2070,0.254785655301063
South Korea,electricity,solar,PV_storage,2070,0.209226928209402
Southeast Asia,electricity,solar,PV_storage,2070,0.237728896244649
Taiwan,electricity,solar,PV_storage,2070,0.199958443018159
Argentina,electricity,solar,PV_storage,2070,0.232851931752879
Colombia,electricity,solar,PV_storage,2070,0.218840056417965
USA,electricity,solar,PV,2075,0.200000279262178
Africa_Eastern,electricity,solar,PV,2075,0.282363478171743
Africa_Northern,electricity,solar,PV,2075,0.280198967995972
Africa_Southern,electricity,solar,PV,2075,0.275541447990102
Africa_Western,electricity,solar,PV,2075,0.273570488177822
Australia_NZ,electricity,solar,PV,2075,0.272521652317379
Brazil,electricity,solar,PV,2075,0.246714494119666
Canada,electricity,solar,PV,2075,0.12978073368063
Central America and Caribbean,electricity,solar,PV,2075,0.251332170592837
Central Asia,electricity,solar,PV,2075,0.214675695004816
China,electricity,solar,PV,2075,0.239885029424203
EU-12,electricity,solar,PV,2075,0.16551956929014
EU-15,electricity,solar,PV,2075,0.183181868950387
Europe_Eastern,electricity,solar,PV,2075,0.162879869293459
Europe_Non_EU,electricity,solar,PV,2075,0.219534769437492
European Free Trade Association,electricity,solar,PV,2075,0.109905752008991
India,electricity,solar,PV,2075,0.247360718865892
Indonesia,electricity,solar,PV,2075,0.231764576189658
Japan,electricity,solar,PV,2075,0.18912205972257
Mexico,electricity,solar,PV,2075,0.268432483099031
Middle East,electricity,solar,PV,2075,0.273721280338651
Pakistan,electricity,solar,PV,2075,0.259618517029136
Russia,electricity,solar,PV,2075,0.130216351736842
South Africa,electricity,solar,PV,2075,0.27614644654131
South America_Northern,electricity,solar,PV,2075,0.243079328637708
South America_Southern,electricity,solar,PV,2075,0.240659276187326
South Asia,electricity,solar,PV,2075,0.254785655301063
South Korea,electricity,solar,PV,2075,0.209226928209402
Southeast Asia,electricity,solar,PV,2075,0.237728896244649
Taiwan,electricity,solar,PV,2075,0.199958443018159
Argentina,electricity,solar,PV,2075,0.232851931752879
Colombia,electricity,solar,PV,2075,0.218840056417965
USA,electricity,solar,PV_storage,2075,0.200000279262178
Africa_Eastern,electricity,solar,PV_storage,2075,0.282363478171743
Africa_Northern,electricity,solar,PV_storage,2075,0.280198967995972
Africa_Southern,electricity,solar,PV_storage,2075,0.275541447990102
Africa_Western,electricity,solar,PV_storage,2075,0.273570488177822
Australia_NZ,electricity,solar,PV_storage,2075,0.272521652317379
Brazil,electricity,solar,PV_storage,2075,0.246714494119666
Canada,electricity,solar,PV_storage,2075,0.12978073368063
Central America and Caribbean,electricity,solar,PV_storage,2075,0.251332170592837
Central Asia,electricity,solar,PV_storage,2075,0.214675695004816
China,electricity,solar,PV_storage,2075,0.239885029424203
EU-12,electricity,solar,PV_storage,2075,0.16551956929014
EU-15,electricity,solar,PV_storage,2075,0.183181868950387
Europe_Eastern,electricity,solar,PV_storage,2075,0.162879869293459
Europe_Non_EU,electricity,solar,PV_storage,2075,0.219534769437492
European Free Trade Association,electricity,solar,PV_storage,2075,0.109905752008991
India,electricity,solar,PV_storage,2075,0.247360718865892
Indonesia,electricity,solar,PV_storage,2075,0.231764576189658
Japan,electricity,solar,PV_storage,2075,0.18912205972257
Mexico,electricity,solar,PV_storage,2075,0.268432483099031
Middle East,electricity,solar,PV_storage,2075,0.273721280338651
Pakistan,electricity,solar,PV_storage,2075,0.259618517029136
Russia,electricity,solar,PV_storage,2075,0.130216351736842
South Africa,electricity,solar,PV_storage,2075,0.27614644654131
South America_Northern,electricity,solar,PV_storage,2075,0.243079328637708
South America_Southern,electricity,solar,PV_storage,2075,0.240659276187326
South Asia,electricity,solar,PV_storage,2075,0.254785655301063
South Korea,electricity,solar,PV_storage,2075,0.209226928209402
Southeast Asia,electricity,solar,PV_storage,2075,0.237728896244649
Taiwan,electricity,solar,PV_storage,2075,0.199958443018159
Argentina,electricity,solar,PV_storage,2075,0.232851931752879
Colombia,electricity,solar,PV_storage,2075,0.218840056417965
USA,electricity,solar,PV,2080,0.200000279262178
Africa_Eastern,electricity,solar,PV,2080,0.282363478171743
Africa_Northern,electricity,solar,PV,2080,0.280198967995972
Africa_Southern,electricity,solar,PV,2080,0.275541447990102
Africa_Western,electricity,solar,PV,2080,0.273570488177822
Australia_NZ,electricity,solar,PV,2080,0.272521652317379
Brazil,electricity,solar,PV,2080,0.246714494119666
Canada,electricity,solar,PV,2080,0.12978073368063
Central America and Caribbean,electricity,solar,PV,2080,0.251332170592837
Central Asia,electricity,solar,PV,2080,0.214675695004816
China,electricity,solar,PV,2080,0.239885029424203
EU-12,electricity,solar,PV,2080,0.16551956929014
EU-15,electricity,solar,PV,2080,0.183181868950387
Europe_Eastern,electricity,solar,PV,2080,0.162879869293459
Europe_Non_EU,electricity,solar,PV,2080,0.219534769437492
European Free Trade Association,electricity,solar,PV,2080,0.109905752008991
India,electricity,solar,PV,2080,0.247360718865892
Indonesia,electricity,solar,PV,2080,0.231764576189658
Japan,electricity,solar,PV,2080,0.18912205972257
Mexico,electricity,solar,PV,2080,0.268432483099031
Middle East,electricity,solar,PV,2080,0.273721280338651
Pakistan,electricity,solar,PV,2080,0.259618517029136
Russia,electricity,solar,PV,2080,0.130216351736842
South Africa,electricity,solar,PV,2080,0.27614644654131
South America_Northern,electricity,solar,PV,2080,0.243079328637708
South America_Southern,electricity,solar,PV,2080,0.240659276187326
South Asia,electricity,solar,PV,2080,0.254785655301063
South Korea,electricity,solar,PV,2080,0.209226928209402
Southeast Asia,electricity,solar,PV,2080,0.237728896244649
Taiwan,electricity,solar,PV,2080,0.199958443018159
Argentina,electricity,solar,PV,2080,0.232851931752879
Colombia,electricity,solar,PV,2080,0.218840056417965
USA,electricity,solar,PV_storage,2080,0.200000279262178
Africa_Eastern,electricity,solar,PV_storage,2080,0.282363478171743
Africa_Northern,electricity,solar,PV_storage,2080,0.280198967995972
Africa_Southern,electricity,solar,PV_storage,2080,0.275541447990102
Africa_Western,electricity,solar,PV_storage,2080,0.273570488177822
Australia_NZ,electricity,solar,PV_storage,2080,0.272521652317379
Brazil,electricity,solar,PV_storage,2080,0.246714494119666
Canada,electricity,solar,PV_storage,2080,0.12978073368063
Central America and Caribbean,electricity,solar,PV_storage,2080,0.251332170592837
Central Asia,electricity,solar,PV_storage,2080,0.214675695004816
China,electricity,solar,PV_storage,2080,0.239885029424203
EU-12,electricity,solar,PV_storage,2080,0.16551956929014
EU-15,electricity,solar,PV_storage,2080,0.183181868950387
Europe_Eastern,electricity,solar,PV_storage,2080,0.162879869293459
Europe_Non_EU,electricity,solar,PV_storage,2080,0.219534769437492
European Free Trade Association,electricity,solar,PV_storage,2080,0.109905752008991
India,electricity,solar,PV_storage,2080,0.247360718865892
Indonesia,electricity,solar,PV_storage,2080,0.231764576189658
Japan,electricity,solar,PV_storage,2080,0.18912205972257
Mexico,electricity,solar,PV_storage,2080,0.268432483099031
Middle East,electricity,solar,PV_storage,2080,0.273721280338651
Pakistan,electricity,solar,PV_storage,2080,0.259618517029136
Russia,electricity,solar,PV_storage,2080,0.130216351736842
South Africa,electricity,solar,PV_storage,2080,0.27614644654131
South America_Northern,electricity,solar,PV_storage,2080,0.243079328637708
South America_Southern,electricity,solar,PV_storage,2080,0.240659276187326
South Asia,electricity,solar,PV_storage,2080,0.254785655301063
South Korea,electricity,solar,PV_storage,2080,0.209226928209402
Southeast Asia,electricity,solar,PV_storage,2080,0.237728896244649
Taiwan,electricity,solar,PV_storage,2080,0.199958443018159
Argentina,electricity,solar,PV_storage,2080,0.232851931752879
Colombia,electricity,solar,PV_storage,2080,0.218840056417965
USA,electricity,solar,PV,2085,0.200000279262178
Africa_Eastern,electricity,solar,PV,2085,0.282363478171743
Africa_Northern,electricity,solar,PV,2085,0.280198967995972
Africa_Southern,electricity,solar,PV,2085,0.275541447990102
Africa_Western,electricity,solar,PV,2085,0.273570488177822
Australia_NZ,electricity,solar,PV,2085,0.272521652317379
Brazil,electricity,solar,PV,2085,0.246714494119666
Canada,electricity,solar,PV,2085,0.12978073368063
Central America and Caribbean,electricity,solar,PV,2085,0.251332170592837
Central Asia,electricity,solar,PV,2085,0.214675695004816
China,electricity,solar,PV,2085,0.239885029424203
EU-12,electricity,solar,PV,2085,0.16551956929014
EU-15,electricity,solar,PV,2085,0.183181868950387
Europe_Eastern,electricity,solar,PV,2085,0.162879869293459
Europe_Non_EU,electricity,solar,PV,2085,0.219534769437492
European Free Trade Association,electricity,solar,PV,2085,0.109905752008991
India,electricity,solar,PV,2085,0.247360718865892
Indonesia,electricity,solar,PV,2085,0.231764576189658
Japan,electricity,solar,PV,2085,0.18912205972257
Mexico,electricity,solar,PV,2085,0.268432483099031
Middle East,electricity,solar,PV,2085,0.273721280338651
Pakistan,electricity,solar,PV,2085,0.259618517029136
Russia,electricity,solar,PV,2085,0.130216351736842
South Africa,electricity,solar,PV,2085,0.27614644654131
South America_Northern,electricity,solar,PV,2085,0.243079328637708
South America_Southern,electricity,solar,PV,2085,0.240659276187326
South Asia,electricity,solar,PV,2085,0.254785655301063
South Korea,electricity,solar,PV,2085,0.209226928209402
Southeast Asia,electricity,solar,PV,2085,0.237728896244649
Taiwan,electricity,solar,PV,2085,0.199958443018159
Argentina,electricity,solar,PV,2085,0.232851931752879
Colombia,electricity,solar,PV,2085,0.218840056417965
USA,electricity,solar,PV_storage,2085,0.200000279262178
Africa_Eastern,electricity,solar,PV_storage,2085,0.282363478171743
Africa_Northern,electricity,solar,PV_storage,2085,0.280198967995972
Africa_Southern,electricity,solar,PV_storage,2085,0.275541447990102
Africa_Western,electricity,solar,PV_storage,2085,0.273570488177822
Australia_NZ,electricity,solar,PV_storage,2085,0.272521652317379
Brazil,electricity,solar,PV_storage,2085,0.246714494119666
Canada,electricity,solar,PV_storage,2085,0.12978073368063
Central America and Caribbean,electricity,solar,PV_storage,2085,0.251332170592837
Central Asia,electricity,solar,PV_storage,2085,0.214675695004816
China,electricity,solar,PV_storage,2085,0.239885029424203
EU-12,electricity,solar,PV_storage,2085,0.16551956929014
EU-15,electricity,solar,PV_storage,2085,0.183181868950387
Europe_Eastern,electricity,solar,PV_storage,2085,0.162879869293459
Europe_Non_EU,electricity,solar,PV_storage,2085,0.219534769437492
European Free Trade Association,electricity,solar,PV_storage,2085,0.109905752008991
India,electricity,solar,PV_storage,2085,0.247360718865892
Indonesia,electricity,solar,PV_storage,2085,0.231764576189658
Japan,electricity,solar,PV_storage,2085,0.18912205972257
Mexico,electricity,solar,PV_storage,2085,0.268432483099031
Middle East,electricity,solar,PV_storage,2085,0.273721280338651
Pakistan,electricity,solar,PV_storage,2085,0.259618517029136
Russia,electricity,solar,PV_storage,2085,0.130216351736842
South Africa,electricity,solar,PV_storage,2085,0.27614644654131
South America_Northern,electricity,solar,PV_storage,2085,0.243079328637708
South America_Southern,electricity,solar,PV_storage,2085,0.240659276187326
South Asia,electricity,solar,PV_storage,2085,0.254785655301063
South Korea,electricity,solar,PV_storage,2085,0.209226928209402
Southeast Asia,electricity,solar,PV_storage,2085,0.237728896244649
Taiwan,electricity,solar,PV_storage,2085,0.199958443018159
Argentina,electricity,solar,PV_storage,2085,0.232851931752879
Colombia,electricity,solar,PV_storage,2085,0.218840056417965
USA,electricity,solar,PV,2090,0.200000279262178
Africa_Eastern,electricity,solar,PV,2090,0.282363478171743
Africa_Northern,electricity,solar,PV,2090,0.280198967995972
Africa_Southern,electricity,solar,PV,2090,0.275541447990102
Africa_Western,electricity,solar,PV,2090,0.273570488177822
Australia_NZ,electricity,solar,PV,2090,0.272521652317379
Brazil,electricity,solar,PV,2090,0.246714494119666
Canada,electricity,solar,PV,2090,0.12978073368063
Central America and Caribbean,electricity,solar,PV,2090,0.251332170592837
Central Asia,electricity,solar,PV,2090,0.214675695004816
China,electricity,solar,PV,2090,0.239885029424203
EU-12,electricity,solar,PV,2090,0.16551956929014
EU-15,electricity,solar,PV,2090,0.183181868950387
Europe_Eastern,electricity,solar,PV,2090,0.162879869293459
Europe_Non_EU,electricity,solar,PV,2090,0.219534769437492
European Free Trade Association,electricity,solar,PV,2090,0.109905752008991
India,electricity,solar,PV,2090,0.247360718865892
Indonesia,electricity,solar,PV,2090,0.231764576189658
Japan,electricity,solar,PV,2090,0.18912205972257
Mexico,electricity,solar,PV,2090,0.268432483099031
Middle East,electricity,solar,PV,2090,0.273721280338651
Pakistan,electricity,solar,PV,2090,0.259618517029136
Russia,electricity,solar,PV,2090,0.130216351736842
South Africa,electricity,solar,PV,2090,0.27614644654131
South America_Northern,electricity,solar,PV,2090,0.243079328637708
South America_Southern,electricity,solar,PV,2090,0.240659276187326
South Asia,electricity,solar,PV,2090,0.254785655301063
South Korea,electricity,solar,PV,2090,0.209226928209402
Southeast Asia,electricity,solar,PV,2090,0.237728896244649
Taiwan,electricity,solar,PV,2090,0.199958443018159
Argentina,electricity,solar,PV,2090,0.232851931752879
Colombia,electricity,solar,PV,2090,0.218840056417965
USA,electricity,solar,PV_storage,2090,0.200000279262178
Africa_Eastern,electricity,solar,PV_storage,2090,0.282363478171743
Africa_Northern,electricity,solar,PV_storage,2090,0.280198967995972
Africa_Southern,electricity,solar,PV_storage,2090,0.275541447990102
Africa_Western,electricity,solar,PV_storage,2090,0.273570488177822
Australia_NZ,electricity,solar,PV_storage,2090,0.272521652317379
Brazil,electricity,solar,PV_storage,2090,0.246714494119666
Canada,electricity,solar,PV_storage,2090,0.12978073368063
Central America and Caribbean,electricity,solar,PV_storage,2090,0.251332170592837
Central Asia,electricity,solar,PV_storage,2090,0.214675695004816
China,electricity,solar,PV_storage,2090,0.239885029424203
EU-12,electricity,solar,PV_storage,2090,0.16551956929014
EU-15,electricity,solar,PV_storage,2090,0.183181868950387
Europe_Eastern,electricity,solar,PV_storage,2090,0.162879869293459
Europe_Non_EU,electricity,solar,PV_storage,2090,0.219534769437492
European Free Trade Association,electricity,solar,PV_storage,2090,0.109905752008991
India,electricity,solar,PV_storage,2090,0.247360718865892
Indonesia,electricity,solar,PV_storage,2090,0.231764576189658
Japan,electricity,solar,PV_storage,2090,0.18912205972257
Mexico,electricity,solar,PV_storage,2090,0.268432483099031
Middle East,electricity,solar,PV_storage,2090,0.273721280338651
Pakistan,electricity,solar,PV_storage,2090,0.259618517029136
Russia,electricity,solar,PV_storage,2090,0.130216351736842
South Africa,electricity,solar,PV_storage,2090,0.27614644654131
South America_Northern,electricity,solar,PV_storage,2090,0.243079328637708
South America_Southern,electricity,solar,PV_storage,2090,0.240659276187326
South Asia,electricity,solar,PV_storage,2090,0.254785655301063
South Korea,electricity,solar,PV_storage,2090,0.209226928209402
Southeast Asia,electricity,solar,PV_storage,2090,0.237728896244649
Taiwan,electricity,solar,PV_storage,2090,0.199958443018159
Argentina,electricity,solar,PV_storage,2090,0.232851931752879
Colombia,electricity,solar,PV_storage,2090,0.218840056417965
USA,electricity,solar,PV,2095,0.200000279262178
Africa_Eastern,electricity,solar,PV,2095,0.282363478171743
Africa_Northern,electricity,solar,PV,2095,0.280198967995972
Africa_Southern,electricity,solar,PV,2095,0.275541447990102
Africa_Western,electricity,solar,PV,2095,0.273570488177822
Australia_NZ,electricity,solar,PV,2095,0.272521652317379
Brazil,electricity,solar,PV,2095,0.246714494119666
Canada,electricity,solar,PV,2095,0.12978073368063
Central America and Caribbean,electricity,solar,PV,2095,0.251332170592837
Central Asia,electricity,solar,PV,2095,0.214675695004816
China,electricity,solar,PV,2095,0.239885029424203
EU-12,electricity,solar,PV,2095,0.16551956929014
EU-15,electricity,solar,PV,2095,0.183181868950387
Europe_Eastern,electricity,solar,PV,2095,0.162879869293459
Europe_Non_EU,electricity,solar,PV,2095,0.219534769437492
European Free Trade Association,electricity,solar,PV,2095,0.109905752008991
India,electricity,solar,PV,2095,0.247360718865892
Indonesia,electricity,solar,PV,2095,0.231764576189658
Japan,electricity,solar,PV,2095,0.18912205972257
Mexico,electricity,solar,PV,2095,0.268432483099031
Middle East,electricity,solar,PV,2095,0.273721280338651
Pakistan,electricity,solar,PV,2095,0.259618517029136
Russia,electricity,solar,PV,2095,0.130216351736842
South Africa,electricity,solar,PV,2095,0.27614644654131
South America_Northern,electricity,solar,PV,2095,0.243079328637708
South America_Southern,electricity,solar,PV,2095,0.240659276187326
South Asia,electricity,solar,PV,2095,0.254785655301063
South Korea,electricity,solar,PV,2095,0.209226928209402
Southeast Asia,electricity,solar,PV,2095,0.237728896244649
Taiwan,electricity,solar,PV,2095,0.199958443018159
Argentina,electricity,solar,PV,2095,0.232851931752879
Colombia,electricity,solar,PV,2095,0.218840056417965
USA,electricity,solar,PV_storage,2095,0.200000279262178
Africa_Eastern,electricity,solar,PV_storage,2095,0.282363478171743
Africa_Northern,electricity,solar,PV_storage,2095,0.280198967995972
Africa_Southern,electricity,solar,PV_storage,2095,0.275541447990102
Africa_Western,electricity,solar,PV_storage,2095,0.273570488177822
Australia_NZ,electricity,solar,PV_storage,2095,0.272521652317379
Brazil,electricity,solar,PV_storage,2095,0.246714494119666
Canada,electricity,solar,PV_storage,2095,0.12978073368063
Central America and Caribbean,electricity,solar,PV_storage,2095,0.251332170592837
Central Asia,electricity,solar,PV_storage,2095,0.214675695004816
China,electricity,solar,PV_storage,2095,0.239885029424203
EU-12,electricity,solar,PV_storage,2095,0.16551956929014
EU-15,electricity,solar,PV_storage,2095,0.183181868950387
Europe_Eastern,electricity,solar,PV_storage,2095,0.162879869293459
Europe_Non_EU,electricity,solar,PV_storage,2095,0.219534769437492
European Free Trade Association,electricity,solar,PV_storage,2095,0.109905752008991
India,electricity,solar,PV_storage,2095,0.247360718865892
Indonesia,electricity,solar,PV_storage,2095,0.231764576189658
Japan,electricity,solar,PV_storage,2095,0.18912205972257
Mexico,electricity,solar,PV_storage,2095,0.268432483099031
Middle East,electricity,solar,PV_storage,2095,0.273721280338651
Pakistan,electricity,solar,PV_storage,2095,0.259618517029136
Russia,electricity,solar,PV_storage,2095,0.130216351736842
South Africa,electricity,solar,PV_storage,2095,0.27614644654131
South America_Northern,electricity,solar,PV_storage,2095,0.243079328637708
South America_Southern,electricity,solar,PV_storage,2095,0.240659276187326
South Asia,electricity,solar,PV_storage,2095,0.254785655301063
South Korea,electricity,solar,PV_storage,2095,0.209226928209402
Southeast Asia,electricity,solar,PV_storage,2095,0.237728896244649
Taiwan,electricity,solar,PV_storage,2095,0.199958443018159
Argentina,electricity,solar,PV_storage,2095,0.232851931752879
Colombia,electricity,solar,PV_storage,2095,0.218840056417965
USA,electricity,solar,PV,2100,0.200000279262178
Africa_Eastern,electricity,solar,PV,2100,0.282363478171743
Africa_Northern,electricity,solar,PV,2100,0.280198967995972
Africa_Southern,electricity,solar,PV,2100,0.275541447990102
Africa_Western,electricity,solar,PV,2100,0.273570488177822
Australia_NZ,electricity,solar,PV,2100,0.272521652317379
Brazil,electricity,solar,PV,2100,0.246714494119666
Canada,electricity,solar,PV,2100,0.12978073368063
Central America and Caribbean,electricity,solar,PV,2100,0.251332170592837
Central Asia,electricity,solar,PV,2100,0.214675695004816
China,electricity,solar,PV,2100,0.239885029424203
EU-12,electricity,solar,PV,2100,0.16551956929014
EU-15,electricity,solar,PV,2100,0.183181868950387
Europe_Eastern,electricity,solar,PV,2100,0.162879869293459
Europe_Non_EU,electricity,solar,PV,2100,0.219534769437492
European Free Trade Association,electricity,solar,PV,2100,0.109905752008991
India,electricity,solar,PV,2100,0.247360718865892
Indonesia,electricity,solar,PV,2100,0.231764576189658
Japan,electricity,solar,PV,2100,0.18912205972257
Mexico,electricity,solar,PV,2100,0.268432483099031
Middle East,electricity,solar,PV,2100,0.273721280338651
Pakistan,electricity,solar,PV,2100,0.259618517029136
Russia,electricity,solar,PV,2100,0.130216351736842
South Africa,electricity,solar,PV,2100,0.27614644654131
South America_Northern,electricity,solar,PV,2100,0.243079328637708
South America_Southern,electricity,solar,PV,2100,0.240659276187326
South Asia,electricity,solar,PV,2100,0.254785655301063
South Korea,electricity,solar,PV,2100,0.209226928209402
Southeast Asia,electricity,solar,PV,2100,0.237728896244649
Taiwan,electricity,solar,PV,2100,0.199958443018159
Argentina,electricity,solar,PV,2100,0.232851931752879
Colombia,electricity,solar,PV,2100,0.218840056417965
USA,electricity,solar,PV_storage,2100,0.200000279262178
Africa_Eastern,electricity,solar,PV_storage,2100,0.282363478171743
Africa_Northern,electricity,solar,PV_storage,2100,0.280198967995972
Africa_Southern,electricity,solar,PV_storage,2100,0.275541447990102
Africa_Western,electricity,solar,PV_storage,2100,0.273570488177822
Australia_NZ,electricity,solar,PV_storage,2100,0.272521652317379
Brazil,electricity,solar,PV_storage,2100,0.246714494119666
Canada,electricity,solar,PV_storage,2100,0.12978073368063
Central America and Caribbean,electricity,solar,PV_storage,2100,0.251332170592837
Central Asia,electricity,solar,PV_storage,2100,0.214675695004816
China,electricity,solar,PV_storage,2100,0.239885029424203
EU-12,electricity,solar,PV_storage,2100,0.16551956929014
EU-15,electricity,solar,PV_storage,2100,0.183181868950387
Europe_Eastern,electricity,solar,PV_storage,2100,0.162879869293459
Europe_Non_EU,electricity,solar,PV_storage,2100,0.219534769437492
European Free Trade Association,electricity,solar,PV_storage,2100,0.109905752008991
India,electricity,solar,PV_storage,2100,0.247360718865892
Indonesia,electricity,solar,PV_storage,2100,0.231764576189658
Japan,electricity,solar,PV_storage,2100,0.18912205972257
Mexico,electricity,solar,PV_storage,2100,0.268432483099031
Middle East,electricity,solar,PV_storage,2100,0.273721280338651
Pakistan,electricity,solar,PV_storage,2100,0.259618517029136
Russia,electricity,solar,PV_storage,2100,0.130216351736842
South Africa,electricity,solar,PV_storage,2100,0.27614644654131
South America_Northern,electricity,solar,PV_storage,2100,0.243079328637708
South America_Southern,electricity,solar,PV_storage,2100,0.240659276187326
South Asia,electricity,solar,PV_storage,2100,0.254785655301063
South Korea,electricity,solar,PV_storage,2100,0.209226928209402
Southeast Asia,electricity,solar,PV_storage,2100,0.237728896244649
Taiwan,electricity,solar,PV_storage,2100,0.199958443018159
Argentina,electricity,solar,PV_storage,2100,0.232851931752879
Colombia,electricity,solar,PV_storage,2100,0.218840056417965
USA,electricity,solar,CSP,1975,0.250000123561066
Africa_Eastern,electricity,solar,CSP,1975,0.246298622654973
Africa_Northern,electricity,solar,CSP,1975,0.237111363737208
Africa_Southern,electricity,solar,CSP,1975,0.237771305248752
Africa_Western,electricity,solar,CSP,1975,0.243423453481255
Australia_NZ,electricity,solar,CSP,1975,0.231893253369818
Brazil,electricity,solar,CSP,1975,0.305748843875073
Canada,electricity,solar,CSP,1975,0.348881693968625
Central America and Caribbean,electricity,solar,CSP,1975,0.273932163751151
Central Asia,electricity,solar,CSP,1975,0.284730779363758
China,electricity,solar,CSP,1975,0.253152242562433
EU-12,electricity,solar,CSP,1975,0.252200690468409
EU-15,electricity,solar,CSP,1975,0.270328964569723
Europe_Eastern,electricity,solar,CSP,1975,0.330465572806087
Europe_Non_EU,electricity,solar,CSP,1975,0.279812997249795
European Free Trade Association,electricity,solar,CSP,1975,0.00025
India,electricity,solar,CSP,1975,0.281168953279745
Indonesia,electricity,solar,CSP,1975,0.333299228536159
Japan,electricity,solar,CSP,1975,0.384107542683657
Mexico,electricity,solar,CSP,1975,0.252943549997605
Middle East,electricity,solar,CSP,1975,0.23813904238993
Pakistan,electricity,solar,CSP,1975,0.267051928677241
Russia,electricity,solar,CSP,1975,0.375458669979537
South Africa,electricity,solar,CSP,1975,0.221167551091183
South America_Northern,electricity,solar,CSP,1975,0.280587890806533
South America_Southern,electricity,solar,CSP,1975,0.241142534298336
South Asia,electricity,solar,CSP,1975,0.27511359435969
South Korea,electricity,solar,CSP,1975,0.339213181696283
Southeast Asia,electricity,solar,CSP,1975,0.280020623241139
Taiwan,electricity,solar,CSP,1975,0.401339283245279
Argentina,electricity,solar,CSP,1975,0.236884856848872
Colombia,electricity,solar,CSP,1975,0.324062612102241
USA,electricity,solar,CSP_storage,1975,0.500000123561066
Africa_Eastern,electricity,solar,CSP_storage,1975,0.496298622654973
Africa_Northern,electricity,solar,CSP_storage,1975,0.487111363737208
Africa_Southern,electricity,solar,CSP_storage,1975,0.487771305248752
Africa_Western,electricity,solar,CSP_storage,1975,0.493423453481255
Australia_NZ,electricity,solar,CSP_storage,1975,0.481893253369818
Brazil,electricity,solar,CSP_storage,1975,0.555748843875073
Canada,electricity,solar,CSP_storage,1975,0.598881693968625
Central America and Caribbean,electricity,solar,CSP_storage,1975,0.523932163751151
Central Asia,electricity,solar,CSP_storage,1975,0.534730779363758
China,electricity,solar,CSP_storage,1975,0.503152242562433
EU-12,electricity,solar,CSP_storage,1975,0.502200690468409
EU-15,electricity,solar,CSP_storage,1975,0.520328964569723
Europe_Eastern,electricity,solar,CSP_storage,1975,0.580465572806087
Europe_Non_EU,electricity,solar,CSP_storage,1975,0.529812997249795
European Free Trade Association,electricity,solar,CSP_storage,1975,0.25025
India,electricity,solar,CSP_storage,1975,0.531168953279745
Indonesia,electricity,solar,CSP_storage,1975,0.583299228536159
Japan,electricity,solar,CSP_storage,1975,0.634107542683657
Mexico,electricity,solar,CSP_storage,1975,0.502943549997605
Middle East,electricity,solar,CSP_storage,1975,0.48813904238993
Pakistan,electricity,solar,CSP_storage,1975,0.517051928677241
Russia,electricity,solar,CSP_storage,1975,0.625458669979537
South Africa,electricity,solar,CSP_storage,1975,0.471167551091183
South America_Northern,electricity,solar,CSP_storage,1975,0.530587890806533
South America_Southern,electricity,solar,CSP_storage,1975,0.491142534298336
South Asia,electricity,solar,CSP_storage,1975,0.52511359435969
South Korea,electricity,solar,CSP_storage,1975,0.589213181696283
Southeast Asia,electricity,solar,CSP_storage,1975,0.53002062324114
Taiwan,electricity,solar,CSP_storage,1975,0.651339283245279
Argentina,electricity,solar,CSP_storage,1975,0.486884856848872
Colombia,electricity,solar,CSP_storage,1975,0.574062612102241
USA,electricity,solar,CSP,1990,0.250000123561066
Africa_Eastern,electricity,solar,CSP,1990,0.246298622654973
Africa_Northern,electricity,solar,CSP,1990,0.237111363737208
Africa_Southern,electricity,solar,CSP,1990,0.237771305248752
Africa_Western,electricity,solar,CSP,1990,0.243423453481255
Australia_NZ,electricity,solar,CSP,1990,0.231893253369818
Brazil,electricity,solar,CSP,1990,0.305748843875073
Canada,electricity,solar,CSP,1990,0.348881693968625
Central America and Caribbean,electricity,solar,CSP,1990,0.273932163751151
Central Asia,electricity,solar,CSP,1990,0.284730779363758
China,electricity,solar,CSP,1990,0.253152242562433
EU-12,electricity,solar,CSP,1990,0.252200690468409
EU-15,electricity,solar,CSP,1990,0.270328964569723
Europe_Eastern,electricity,solar,CSP,1990,0.330465572806087
Europe_Non_EU,electricity,solar,CSP,1990,0.279812997249795
European Free Trade Association,electricity,solar,CSP,1990,0.00025
India,electricity,solar,CSP,1990,0.281168953279745
Indonesia,electricity,solar,CSP,1990,0.333299228536159
Japan,electricity,solar,CSP,1990,0.384107542683657
Mexico,electricity,solar,CSP,1990,0.252943549997605
Middle East,electricity,solar,CSP,1990,0.23813904238993
Pakistan,electricity,solar,CSP,1990,0.267051928677241
Russia,electricity,solar,CSP,1990,0.375458669979537
South Africa,electricity,solar,CSP,1990,0.221167551091183
South America_Northern,electricity,solar,CSP,1990,0.280587890806533
South America_Southern,electricity,solar,CSP,1990,0.241142534298336
South Asia,electricity,solar,CSP,1990,0.27511359435969
South Korea,electricity,solar,CSP,1990,0.339213181696283
Southeast Asia,electricity,solar,CSP,1990,0.280020623241139
Taiwan,electricity,solar,CSP,1990,0.401339283245279
Argentina,electricity,solar,CSP,1990,0.236884856848872
Colombia,electricity,solar,CSP,1990,0.324062612102241
USA,electricity,solar,CSP_storage,1990,0.500000123561066
Africa_Eastern,electricity,solar,CSP_storage,1990,0.496298622654973
Africa_Northern,electricity,solar,CSP_storage,1990,0.487111363737208
Africa_Southern,electricity,solar,CSP_storage,1990,0.487771305248752
Africa_Western,electricity,solar,CSP_storage,1990,0.493423453481255
Australia_NZ,electricity,solar,CSP_storage,1990,0.481893253369818
Brazil,electricity,solar,CSP_storage,1990,0.555748843875073
Canada,electricity,solar,CSP_storage,1990,0.598881693968625
Central America and Caribbean,electricity,solar,CSP_storage,1990,0.523932163751151
Central Asia,electricity,solar,CSP_storage,1990,0.534730779363758
China,electricity,solar,CSP_storage,1990,0.503152242562433
EU-12,electricity,solar,CSP_storage,1990,0.502200690468409
EU-15,electricity,solar,CSP_storage,1990,0.520328964569723
Europe_Eastern,electricity,solar,CSP_storage,1990,0.580465572806087
Europe_Non_EU,electricity,solar,CSP_storage,1990,0.529812997249795
European Free Trade Association,electricity,solar,CSP_storage,1990,0.25025
India,electricity,solar,CSP_storage,1990,0.531168953279745
Indonesia,electricity,solar,CSP_storage,1990,0.583299228536159
Japan,electricity,solar,CSP_storage,1990,0.634107542683657
Mexico,electricity,solar,CSP_storage,1990,0.502943549997605
Middle East,electricity,solar,CSP_storage,1990,0.48813904238993
Pakistan,electricity,solar,CSP_storage,1990,0.517051928677241
Russia,electricity,solar,CSP_storage,1990,0.625458669979537
South Africa,electricity,solar,CSP_storage,1990,0.471167551091183
South America_Northern,electricity,solar,CSP_storage,1990,0.530587890806533
South America_Southern,electricity,solar,CSP_storage,1990,0.491142534298336
South Asia,electricity,solar,CSP_storage,1990,0.52511359435969
South Korea,electricity,solar,CSP_storage,1990,0.589213181696283
Southeast Asia,electricity,solar,CSP_storage,1990,0.53002062324114
Taiwan,electricity,solar,CSP_storage,1990,0.651339283245279
Argentina,electricity,solar,CSP_storage,1990,0.486884856848872
Colombia,electricity,solar,CSP_storage,1990,0.574062612102241
USA,electricity,solar,CSP,2005,0.250000123561066
Africa_Eastern,electricity,solar,CSP,2005,0.246298622654973
Africa_Northern,electricity,solar,CSP,2005,0.237111363737208
Africa_Southern,electricity,solar,CSP,2005,0.237771305248752
Africa_Western,electricity,solar,CSP,2005,0.243423453481255
Australia_NZ,electricity,solar,CSP,2005,0.231893253369818
Brazil,electricity,solar,CSP,2005,0.305748843875073
Canada,electricity,solar,CSP,2005,0.348881693968625
Central America and Caribbean,electricity,solar,CSP,2005,0.273932163751151
Central Asia,electricity,solar,CSP,2005,0.284730779363758
China,electricity,solar,CSP,2005,0.253152242562433
EU-12,electricity,solar,CSP,2005,0.252200690468409
EU-15,electricity,solar,CSP,2005,0.270328964569723
Europe_Eastern,electricity,solar,CSP,2005,0.330465572806087
Europe_Non_EU,electricity,solar,CSP,2005,0.279812997249795
European Free Trade Association,electricity,solar,CSP,2005,0.00025
India,electricity,solar,CSP,2005,0.281168953279745
Indonesia,electricity,solar,CSP,2005,0.333299228536159
Japan,electricity,solar,CSP,2005,0.384107542683657
Mexico,electricity,solar,CSP,2005,0.252943549997605
Middle East,electricity,solar,CSP,2005,0.23813904238993
Pakistan,electricity,solar,CSP,2005,0.267051928677241
Russia,electricity,solar,CSP,2005,0.375458669979537
South Africa,electricity,solar,CSP,2005,0.221167551091183
South America_Northern,electricity,solar,CSP,2005,0.280587890806533
South America_Southern,electricity,solar,CSP,2005,0.241142534298336
South Asia,electricity,solar,CSP,2005,0.27511359435969
South Korea,electricity,solar,CSP,2005,0.339213181696283
Southeast Asia,electricity,solar,CSP,2005,0.280020623241139
Taiwan,electricity,solar,CSP,2005,0.401339283245279
Argentina,electricity,solar,CSP,2005,0.236884856848872
Colombia,electricity,solar,CSP,2005,0.324062612102241
USA,electricity,solar,CSP_storage,2005,0.500000123561066
Africa_Eastern,electricity,solar,CSP_storage,2005,0.496298622654973
Africa_Northern,electricity,solar,CSP_storage,2005,0.487111363737208
Africa_Southern,electricity,solar,CSP_storage,2005,0.487771305248752
Africa_Western,electricity,solar,CSP_storage,2005,0.493423453481255
Australia_NZ,electricity,solar,CSP_storage,2005,0.481893253369818
Brazil,electricity,solar,CSP_storage,2005,0.555748843875073
Canada,electricity,solar,CSP_storage,2005,0.598881693968625
Central America and Caribbean,electricity,solar,CSP_storage,2005,0.523932163751151
Central Asia,electricity,solar,CSP_storage,2005,0.534730779363758
China,electricity,solar,CSP_storage,2005,0.503152242562433
EU-12,electricity,solar,CSP_storage,2005,0.502200690468409
EU-15,electricity,solar,CSP_storage,2005,0.520328964569723
Europe_Eastern,electricity,solar,CSP_storage,2005,0.580465572806087
Europe_Non_EU,electricity,solar,CSP_storage,2005,0.529812997249795
European Free Trade Association,electricity,solar,CSP_storage,2005,0.25025
India,electricity,solar,CSP_storage,2005,0.531168953279745
Indonesia,electricity,solar,CSP_storage,2005,0.583299228536159
Japan,electricity,solar,CSP_storage,2005,0.634107542683657
Mexico,electricity,solar,CSP_storage,2005,0.502943549997605
Middle East,electricity,solar,CSP_storage,2005,0.48813904238993
Pakistan,electricity,solar,CSP_storage,2005,0.517051928677241
Russia,electricity,solar,CSP_storage,2005,0.625458669979537
South Africa,electricity,solar,CSP_storage,2005,0.471167551091183
South America_Northern,electricity,solar,CSP_storage,2005,0.530587890806533
South America_Southern,electricity,solar,CSP_storage,2005,0.491142534298336
South Asia,electricity,solar,CSP_storage,2005,0.52511359435969
South Korea,electricity,solar,CSP_storage,2005,0.589213181696283
Southeast Asia,electricity,solar,CSP_storage,2005,0.53002062324114
Taiwan,electricity,solar,CSP_storage,2005,0.651339283245279
Argentina,electricity,solar,CSP_storage,2005,0.486884856848872
Colombia,electricity,solar,CSP_storage,2005,0.574062612102241
USA,electricity,solar,CSP,2010,0.250000123561066
Africa_Eastern,electricity,solar,CSP,2010,0.246298622654973
Africa_Northern,electricity,solar,CSP,2010,0.237111363737208
Africa_Southern,electricity,solar,CSP,2010,0.237771305248752
Africa_Western,electricity,solar,CSP,2010,0.243423453481255
Australia_NZ,electricity,solar,CSP,2010,0.231893253369818
Brazil,electricity,solar,CSP,2010,0.305748843875073
Canada,electricity,solar,CSP,2010,0.348881693968625
Central America and Caribbean,electricity,solar,CSP,2010,0.273932163751151
Central Asia,electricity,solar,CSP,2010,0.284730779363758
China,electricity,solar,CSP,2010,0.253152242562433
EU-12,electricity,solar,CSP,2010,0.252200690468409
EU-15,electricity,solar,CSP,2010,0.270328964569723
Europe_Eastern,electricity,solar,CSP,2010,0.330465572806087
Europe_Non_EU,electricity,solar,CSP,2010,0.279812997249795
European Free Trade Association,electricity,solar,CSP,2010,0.00025
India,electricity,solar,CSP,2010,0.281168953279745
Indonesia,electricity,solar,CSP,2010,0.333299228536159
Japan,electricity,solar,CSP,2010,0.384107542683657
Mexico,electricity,solar,CSP,2010,0.252943549997605
Middle East,electricity,solar,CSP,2010,0.23813904238993
Pakistan,electricity,solar,CSP,2010,0.267051928677241
Russia,electricity,solar,CSP,2010,0.375458669979537
South Africa,electricity,solar,CSP,2010,0.221167551091183
South America_Northern,electricity,solar,CSP,2010,0.280587890806533
South America_Southern,electricity,solar,CSP,2010,0.241142534298336
South Asia,electricity,solar,CSP,2010,0.27511359435969
South Korea,electricity,solar,CSP,2010,0.339213181696283
Southeast Asia,electricity,solar,CSP,2010,0.280020623241139
Taiwan,electricity,solar,CSP,2010,0.401339283245279
Argentina,electricity,solar,CSP,2010,0.236884856848872
Colombia,electricity,solar,CSP,2010,0.324062612102241
USA,electricity,solar,CSP_storage,2010,0.500000123561066
Africa_Eastern,electricity,solar,CSP_storage,2010,0.496298622654973
Africa_Northern,electricity,solar,CSP_storage,2010,0.487111363737208
Africa_Southern,electricity,solar,CSP_storage,2010,0.487771305248752
Africa_Western,electricity,solar,CSP_storage,2010,0.493423453481255
Australia_NZ,electricity,solar,CSP_storage,2010,0.481893253369818
Brazil,electricity,solar,CSP_storage,2010,0.555748843875073
Canada,electricity,solar,CSP_storage,2010,0.598881693968625
Central America and Caribbean,electricity,solar,CSP_storage,2010,0.523932163751151
Central Asia,electricity,solar,CSP_storage,2010,0.534730779363758
China,electricity,solar,CSP_storage,2010,0.503152242562433
EU-12,electricity,solar,CSP_storage,2010,0.502200690468409
EU-15,electricity,solar,CSP_storage,2010,0.520328964569723
Europe_Eastern,electricity,solar,CSP_storage,2010,0.580465572806087
Europe_Non_EU,electricity,solar,CSP_storage,2010,0.529812997249795
European Free Trade Association,electricity,solar,CSP_storage,2010,0.25025
India,electricity,solar,CSP_storage,2010,0.531168953279745
Indonesia,electricity,solar,CSP_storage,2010,0.583299228536159
Japan,electricity,solar,CSP_storage,2010,0.634107542683657
Mexico,electricity,solar,CSP_storage,2010,0.502943549997605
Middle East,electricity,solar,CSP_storage,2010,0.48813904238993
Pakistan,electricity,solar,CSP_storage,2010,0.517051928677241
Russia,electricity,solar,CSP_storage,2010,0.625458669979537
South Africa,electricity,solar,CSP_storage,2010,0.471167551091183
South America_Northern,electricity,solar,CSP_storage,2010,0.530587890806533
South America_Southern,electricity,solar,CSP_storage,2010,0.491142534298336
South Asia,electricity,solar,CSP_storage,2010,0.52511359435969
South Korea,electricity,solar,CSP_storage,2010,0.589213181696283
Southeast Asia,electricity,solar,CSP_storage,2010,0.53002062324114
Taiwan,electricity,solar,CSP_storage,2010,0.651339283245279
Argentina,electricity,solar,CSP_storage,2010,0.486884856848872
Colombia,electricity,solar,CSP_storage,2010,0.574062612102241
USA,electricity,solar,CSP,2015,0.250000123561066
Africa_Eastern,electricity,solar,CSP,2015,0.246298622654973
Africa_Northern,electricity,solar,CSP,2015,0.237111363737208
Africa_Southern,electricity,solar,CSP,2015,0.237771305248752
Africa_Western,electricity,solar,CSP,2015,0.243423453481255
Australia_NZ,electricity,solar,CSP,2015,0.231893253369818
Brazil,electricity,solar,CSP,2015,0.305748843875073
Canada,electricity,solar,CSP,2015,0.348881693968625
Central America and Caribbean,electricity,solar,CSP,2015,0.273932163751151
Central Asia,electricity,solar,CSP,2015,0.284730779363758
China,electricity,solar,CSP,2015,0.253152242562433
EU-12,electricity,solar,CSP,2015,0.252200690468409
EU-15,electricity,solar,CSP,2015,0.270328964569723
Europe_Eastern,electricity,solar,CSP,2015,0.330465572806087
Europe_Non_EU,electricity,solar,CSP,2015,0.279812997249795
European Free Trade Association,electricity,solar,CSP,2015,0.00025
India,electricity,solar,CSP,2015,0.281168953279745
Indonesia,electricity,solar,CSP,2015,0.333299228536159
Japan,electricity,solar,CSP,2015,0.384107542683657
Mexico,electricity,solar,CSP,2015,0.252943549997605
Middle East,electricity,solar,CSP,2015,0.23813904238993
Pakistan,electricity,solar,CSP,2015,0.267051928677241
Russia,electricity,solar,CSP,2015,0.375458669979537
South Africa,electricity,solar,CSP,2015,0.221167551091183
South America_Northern,electricity,solar,CSP,2015,0.280587890806533
South America_Southern,electricity,solar,CSP,2015,0.241142534298336
South Asia,electricity,solar,CSP,2015,0.27511359435969
South Korea,electricity,solar,CSP,2015,0.339213181696283
Southeast Asia,electricity,solar,CSP,2015,0.280020623241139
Taiwan,electricity,solar,CSP,2015,0.401339283245279
Argentina,electricity,solar,CSP,2015,0.236884856848872
Colombia,electricity,solar,CSP,2015,0.324062612102241
USA,electricity,solar,CSP_storage,2015,0.500000123561066
Africa_Eastern,electricity,solar,CSP_storage,2015,0.496298622654973
Africa_Northern,electricity,solar,CSP_storage,2015,0.487111363737208
Africa_Southern,electricity,solar,CSP_storage,2015,0.487771305248752
Africa_Western,electricity,solar,CSP_storage,2015,0.493423453481255
Australia_NZ,electricity,solar,CSP_storage,2015,0.481893253369818
Brazil,electricity,solar,CSP_storage,2015,0.555748843875073
Canada,electricity,solar,CSP_storage,2015,0.598881693968625
Central America and Caribbean,electricity,solar,CSP_storage,2015,0.523932163751151
Central Asia,electricity,solar,CSP_storage,2015,0.534730779363758
China,electricity,solar,CSP_storage,2015,0.503152242562433
EU-12,electricity,solar,CSP_storage,2015,0.502200690468409
EU-15,electricity,solar,CSP_storage,2015,0.520328964569723
Europe_Eastern,electricity,solar,CSP_storage,2015,0.580465572806087
Europe_Non_EU,electricity,solar,CSP_storage,2015,0.529812997249795
European Free Trade Association,electricity,solar,CSP_storage,2015,0.25025
India,electricity,solar,CSP_storage,2015,0.531168953279745
Indonesia,electricity,solar,CSP_storage,2015,0.583299228536159
Japan,electricity,solar,CSP_storage,2015,0.634107542683657
Mexico,electricity,solar,CSP_storage,2015,0.502943549997605
Middle East,electricity,solar,CSP_storage,2015,0.48813904238993
Pakistan,electricity,solar,CSP_storage,2015,0.517051928677241
Russia,electricity,solar,CSP_storage,2015,0.625458669979537
South Africa,electricity,solar,CSP_storage,2015,0.471167551091183
South America_Northern,electricity,solar,CSP_storage,2015,0.530587890806533
South America_Southern,electricity,solar,CSP_storage,2015,0.491142534298336
South Asia,electricity,solar,CSP_storage,2015,0.52511359435969
South Korea,electricity,solar,CSP_storage,2015,0.589213181696283
Southeast Asia,electricity,solar,CSP_storage,2015,0.53002062324114
Taiwan,electricity,solar,CSP_storage,2015,0.651339283245279
Argentina,electricity,solar,CSP_storage,2015,0.486884856848872
Colombia,electricity,solar,CSP_storage,2015,0.574062612102241
USA,electricity,solar,CSP,2020,0.250000123561066
Africa_Eastern,electricity,solar,CSP,2020,0.246298622654973
Africa_Northern,electricity,solar,CSP,2020,0.237111363737208
Africa_Southern,electricity,solar,CSP,2020,0.237771305248752
Africa_Western,electricity,solar,CSP,2020,0.243423453481255
Australia_NZ,electricity,solar,CSP,2020,0.231893253369818
Brazil,electricity,solar,CSP,2020,0.305748843875073
Canada,electricity,solar,CSP,2020,0.348881693968625
Central America and Caribbean,electricity,solar,CSP,2020,0.273932163751151
Central Asia,electricity,solar,CSP,2020,0.284730779363758
China,electricity,solar,CSP,2020,0.253152242562433
EU-12,electricity,solar,CSP,2020,0.252200690468409
EU-15,electricity,solar,CSP,2020,0.270328964569723
Europe_Eastern,electricity,solar,CSP,2020,0.330465572806087
Europe_Non_EU,electricity,solar,CSP,2020,0.279812997249795
European Free Trade Association,electricity,solar,CSP,2020,0.00025
India,electricity,solar,CSP,2020,0.281168953279745
Indonesia,electricity,solar,CSP,2020,0.333299228536159
Japan,electricity,solar,CSP,2020,0.384107542683657
Mexico,electricity,solar,CSP,2020,0.252943549997605
Middle East,electricity,solar,CSP,2020,0.23813904238993
Pakistan,electricity,solar,CSP,2020,0.267051928677241
Russia,electricity,solar,CSP,2020,0.375458669979537
South Africa,electricity,solar,CSP,2020,0.221167551091183
South America_Northern,electricity,solar,CSP,2020,0.280587890806533
South America_Southern,electricity,solar,CSP,2020,0.241142534298336
South Asia,electricity,solar,CSP,2020,0.27511359435969
South Korea,electricity,solar,CSP,2020,0.339213181696283
Southeast Asia,electricity,solar,CSP,2020,0.280020623241139
Taiwan,electricity,solar,CSP,2020,0.401339283245279
Argentina,electricity,solar,CSP,2020,0.236884856848872
Colombia,electricity,solar,CSP,2020,0.324062612102241
USA,electricity,solar,CSP_storage,2020,0.500000123561066
Africa_Eastern,electricity,solar,CSP_storage,2020,0.496298622654973
Africa_Northern,electricity,solar,CSP_storage,2020,0.487111363737208
Africa_Southern,electricity,solar,CSP_storage,2020,0.487771305248752
Africa_Western,electricity,solar,CSP_storage,2020,0.493423453481255
Australia_NZ,electricity,solar,CSP_storage,2020,0.481893253369818
Brazil,electricity,solar,CSP_storage,2020,0.555748843875073
Canada,electricity,solar,CSP_storage,2020,0.598881693968625
Central America and Caribbean,electricity,solar,CSP_storage,2020,0.523932163751151
Central Asia,electricity,solar,CSP_storage,2020,0.534730779363758
China,electricity,solar,CSP_storage,2020,0.503152242562433
EU-12,electricity,solar,CSP_storage,2020,0.502200690468409
EU-15,electricity,solar,CSP_storage,2020,0.520328964569723
Europe_Eastern,electricity,solar,CSP_storage,2020,0.580465572806087
Europe_Non_EU,electricity,solar,CSP_storage,2020,0.529812997249795
European Free Trade Association,electricity,solar,CSP_storage,2020,0.25025
India,electricity,solar,CSP_storage,2020,0.531168953279745
Indonesia,electricity,solar,CSP_storage,2020,0.583299228536159
Japan,electricity,solar,CSP_storage,2020,0.634107542683657
Mexico,electricity,solar,CSP_storage,2020,0.502943549997605
Middle East,electricity,solar,CSP_storage,2020,0.48813904238993
Pakistan,electricity,solar,CSP_storage,2020,0.517051928677241
Russia,electricity,solar,CSP_storage,2020,0.625458669979537
South Africa,electricity,solar,CSP_storage,2020,0.471167551091183
South America_Northern,electricity,solar,CSP_storage,2020,0.530587890806533
South America_Southern,electricity,solar,CSP_storage,2020,0.491142534298336
South Asia,electricity,solar,CSP_storage,2020,0.52511359435969
South Korea,electricity,solar,CSP_storage,2020,0.589213181696283
Southeast Asia,electricity,solar,CSP_storage,2020,0.53002062324114
Taiwan,electricity,solar,CSP_storage,2020,0.651339283245279
Argentina,electricity,solar,CSP_storage,2020,0.486884856848872
Colombia,electricity,solar,CSP_storage,2020,0.574062612102241
USA,electricity,solar,CSP,2025,0.250000123561066
Africa_Eastern,electricity,solar,CSP,2025,0.246298622654973
Africa_Northern,electricity,solar,CSP,2025,0.237111363737208
Africa_Southern,electricity,solar,CSP,2025,0.237771305248752
Africa_Western,electricity,solar,CSP,2025,0.243423453481255
Australia_NZ,electricity,solar,CSP,2025,0.231893253369818
Brazil,electricity,solar,CSP,2025,0.305748843875073
Canada,electricity,solar,CSP,2025,0.348881693968625
Central America and Caribbean,electricity,solar,CSP,2025,0.273932163751151
Central Asia,electricity,solar,CSP,2025,0.284730779363758
China,electricity,solar,CSP,2025,0.253152242562433
EU-12,electricity,solar,CSP,2025,0.252200690468409
EU-15,electricity,solar,CSP,2025,0.270328964569723
Europe_Eastern,electricity,solar,CSP,2025,0.330465572806087
Europe_Non_EU,electricity,solar,CSP,2025,0.279812997249795
European Free Trade Association,electricity,solar,CSP,2025,0.00025
India,electricity,solar,CSP,2025,0.281168953279745
Indonesia,electricity,solar,CSP,2025,0.333299228536159
Japan,electricity,solar,CSP,2025,0.384107542683657
Mexico,electricity,solar,CSP,2025,0.252943549997605
Middle East,electricity,solar,CSP,2025,0.23813904238993
Pakistan,electricity,solar,CSP,2025,0.267051928677241
Russia,electricity,solar,CSP,2025,0.375458669979537
South Africa,electricity,solar,CSP,2025,0.221167551091183
South America_Northern,electricity,solar,CSP,2025,0.280587890806533
South America_Southern,electricity,solar,CSP,2025,0.241142534298336
South Asia,electricity,solar,CSP,2025,0.27511359435969
South Korea,electricity,solar,CSP,2025,0.339213181696283
Southeast Asia,electricity,solar,CSP,2025,0.280020623241139
Taiwan,electricity,solar,CSP,2025,0.401339283245279
Argentina,electricity,solar,CSP,2025,0.236884856848872
Colombia,electricity,solar,CSP,2025,0.324062612102241
USA,electricity,solar,CSP_storage,2025,0.500000123561066
Africa_Eastern,electricity,solar,CSP_storage,2025,0.496298622654973
Africa_Northern,electricity,solar,CSP_storage,2025,0.487111363737208
Africa_Southern,electricity,solar,CSP_storage,2025,0.487771305248752
Africa_Western,electricity,solar,CSP_storage,2025,0.493423453481255
Australia_NZ,electricity,solar,CSP_storage,2025,0.481893253369818
Brazil,electricity,solar,CSP_storage,2025,0.555748843875073
Canada,electricity,solar,CSP_storage,2025,0.598881693968625
Central America and Caribbean,electricity,solar,CSP_storage,2025,0.523932163751151
Central Asia,electricity,solar,CSP_storage,2025,0.534730779363758
China,electricity,solar,CSP_storage,2025,0.503152242562433
EU-12,electricity,solar,CSP_storage,2025,0.502200690468409
EU-15,electricity,solar,CSP_storage,2025,0.520328964569723
Europe_Eastern,electricity,solar,CSP_storage,2025,0.580465572806087
Europe_Non_EU,electricity,solar,CSP_storage,2025,0.529812997249795
European Free Trade Association,electricity,solar,CSP_storage,2025,0.25025
India,electricity,solar,CSP_storage,2025,0.531168953279745
Indonesia,electricity,solar,CSP_storage,2025,0.583299228536159
Japan,electricity,solar,CSP_storage,2025,0.634107542683657
Mexico,electricity,solar,CSP_storage,2025,0.502943549997605
Middle East,electricity,solar,CSP_storage,2025,0.48813904238993
Pakistan,electricity,solar,CSP_storage,2025,0.517051928677241
Russia,electricity,solar,CSP_storage,2025,0.625458669979537
South Africa,electricity,solar,CSP_storage,2025,0.471167551091183
South America_Northern,electricity,solar,CSP_storage,2025,0.530587890806533
South America_Southern,electricity,solar,CSP_storage,2025,0.491142534298336
South Asia,electricity,solar,CSP_storage,2025,0.52511359435969
South Korea,electricity,solar,CSP_storage,2025,0.589213181696283
Southeast Asia,electricity,solar,CSP_storage,2025,0.53002062324114
Taiwan,electricity,solar,CSP_storage,2025,0.651339283245279
Argentina,electricity,solar,CSP_storage,2025,0.486884856848872
Colombia,electricity,solar,CSP_storage,2025,0.574062612102241
USA,electricity,solar,CSP,2030,0.250000123561066
Africa_Eastern,electricity,solar,CSP,2030,0.246298622654973
Africa_Northern,electricity,solar,CSP,2030,0.237111363737208
Africa_Southern,electricity,solar,CSP,2030,0.237771305248752
Africa_Western,electricity,solar,CSP,2030,0.243423453481255
Australia_NZ,electricity,solar,CSP,2030,0.231893253369818
Brazil,electricity,solar,CSP,2030,0.305748843875073
Canada,electricity,solar,CSP,2030,0.348881693968625
Central America and Caribbean,electricity,solar,CSP,2030,0.273932163751151
Central Asia,electricity,solar,CSP,2030,0.284730779363758
China,electricity,solar,CSP,2030,0.253152242562433
EU-12,electricity,solar,CSP,2030,0.252200690468409
EU-15,electricity,solar,CSP,2030,0.270328964569723
Europe_Eastern,electricity,solar,CSP,2030,0.330465572806087
Europe_Non_EU,electricity,solar,CSP,2030,0.279812997249795
European Free Trade Association,electricity,solar,CSP,2030,0.00025
India,electricity,solar,CSP,2030,0.281168953279745
Indonesia,electricity,solar,CSP,2030,0.333299228536159
Japan,electricity,solar,CSP,2030,0.384107542683657
Mexico,electricity,solar,CSP,2030,0.252943549997605
Middle East,electricity,solar,CSP,2030,0.23813904238993
Pakistan,electricity,solar,CSP,2030,0.267051928677241
Russia,electricity,solar,CSP,2030,0.375458669979537
South Africa,electricity,solar,CSP,2030,0.221167551091183
South America_Northern,electricity,solar,CSP,2030,0.280587890806533
South America_Southern,electricity,solar,CSP,2030,0.241142534298336
South Asia,electricity,solar,CSP,2030,0.27511359435969
South Korea,electricity,solar,CSP,2030,0.339213181696283
Southeast Asia,electricity,solar,CSP,2030,0.280020623241139
Taiwan,electricity,solar,CSP,2030,0.401339283245279
Argentina,electricity,solar,CSP,2030,0.236884856848872
Colombia,electricity,solar,CSP,2030,0.324062612102241
USA,electricity,solar,CSP_storage,2030,0.500000123561066
Africa_Eastern,electricity,solar,CSP_storage,2030,0.496298622654973
Africa_Northern,electricity,solar,CSP_storage,2030,0.487111363737208
Africa_Southern,electricity,solar,CSP_storage,2030,0.487771305248752
Africa_Western,electricity,solar,CSP_storage,2030,0.493423453481255
Australia_NZ,electricity,solar,CSP_storage,2030,0.481893253369818
Brazil,electricity,solar,CSP_storage,2030,0.555748843875073
Canada,electricity,solar,CSP_storage,2030,0.598881693968625
Central America and Caribbean,electricity,solar,CSP_storage,2030,0.523932163751151
Central Asia,electricity,solar,CSP_storage,2030,0.534730779363758
China,electricity,solar,CSP_storage,2030,0.503152242562433
EU-12,electricity,solar,CSP_storage,2030,0.502200690468409
EU-15,electricity,solar,CSP_storage,2030,0.520328964569723
Europe_Eastern,electricity,solar,CSP_storage,2030,0.580465572806087
Europe_Non_EU,electricity,solar,CSP_storage,2030,0.529812997249795
European Free Trade Association,electricity,solar,CSP_storage,2030,0.25025
India,electricity,solar,CSP_storage,2030,0.531168953279745
Indonesia,electricity,solar,CSP_storage,2030,0.583299228536159
Japan,electricity,solar,CSP_storage,2030,0.634107542683657
Mexico,electricity,solar,CSP_storage,2030,0.502943549997605
Middle East,electricity,solar,CSP_storage,2030,0.48813904238993
Pakistan,electricity,solar,CSP_storage,2030,0.517051928677241
Russia,electricity,solar,CSP_storage,2030,0.625458669979537
South Africa,electricity,solar,CSP_storage,2030,0.471167551091183
South America_Northern,electricity,solar,CSP_storage,2030,0.530587890806533
South America_Southern,electricity,solar,CSP_storage,2030,0.491142534298336
South Asia,electricity,solar,CSP_storage,2030,0.52511359435969
South Korea,electricity,solar,CSP_storage,2030,0.589213181696283
Southeast Asia,electricity,solar,CSP_storage,2030,0.53002062324114
Taiwan,electricity,solar,CSP_storage,2030,0.651339283245279
Argentina,electricity,solar,CSP_storage,2030,0.486884856848872
Colombia,electricity,solar,CSP_storage,2030,0.574062612102241
USA,electricity,solar,CSP,2035,0.250000123561066
Africa_Eastern,electricity,solar,CSP,2035,0.246298622654973
Africa_Northern,electricity,solar,CSP,2035,0.237111363737208
Africa_Southern,electricity,solar,CSP,2035,0.237771305248752
Africa_Western,electricity,solar,CSP,2035,0.243423453481255
Australia_NZ,electricity,solar,CSP,2035,0.231893253369818
Brazil,electricity,solar,CSP,2035,0.305748843875073
Canada,electricity,solar,CSP,2035,0.348881693968625
Central America and Caribbean,electricity,solar,CSP,2035,0.273932163751151
Central Asia,electricity,solar,CSP,2035,0.284730779363758
China,electricity,solar,CSP,2035,0.253152242562433
EU-12,electricity,solar,CSP,2035,0.252200690468409
EU-15,electricity,solar,CSP,2035,0.270328964569723
Europe_Eastern,electricity,solar,CSP,2035,0.330465572806087
Europe_Non_EU,electricity,solar,CSP,2035,0.279812997249795
European Free Trade Association,electricity,solar,CSP,2035,0.00025
India,electricity,solar,CSP,2035,0.281168953279745
Indonesia,electricity,solar,CSP,2035,0.333299228536159
Japan,electricity,solar,CSP,2035,0.384107542683657
Mexico,electricity,solar,CSP,2035,0.252943549997605
Middle East,electricity,solar,CSP,2035,0.23813904238993
Pakistan,electricity,solar,CSP,2035,0.267051928677241
Russia,electricity,solar,CSP,2035,0.375458669979537
South Africa,electricity,solar,CSP,2035,0.221167551091183
South America_Northern,electricity,solar,CSP,2035,0.280587890806533
South America_Southern,electricity,solar,CSP,2035,0.241142534298336
South Asia,electricity,solar,CSP,2035,0.27511359435969
South Korea,electricity,solar,CSP,2035,0.339213181696283
Southeast Asia,electricity,solar,CSP,2035,0.280020623241139
Taiwan,electricity,solar,CSP,2035,0.401339283245279
Argentina,electricity,solar,CSP,2035,0.236884856848872
Colombia,electricity,solar,CSP,2035,0.324062612102241
USA,electricity,solar,CSP_storage,2035,0.500000123561066
Africa_Eastern,electricity,solar,CSP_storage,2035,0.496298622654973
Africa_Northern,electricity,solar,CSP_storage,2035,0.487111363737208
Africa_Southern,electricity,solar,CSP_storage,2035,0.487771305248752
Africa_Western,electricity,solar,CSP_storage,2035,0.493423453481255
Australia_NZ,electricity,solar,CSP_storage,2035,0.481893253369818
Brazil,electricity,solar,CSP_storage,2035,0.555748843875073
Canada,electricity,solar,CSP_storage,2035,0.598881693968625
Central America and Caribbean,electricity,solar,CSP_storage,2035,0.523932163751151
Central Asia,electricity,solar,CSP_storage,2035,0.534730779363758
China,electricity,solar,CSP_storage,2035,0.503152242562433
EU-12,electricity,solar,CSP_storage,2035,0.502200690468409
EU-15,electricity,solar,CSP_storage,2035,0.520328964569723
Europe_Eastern,electricity,solar,CSP_storage,2035,0.580465572806087
Europe_Non_EU,electricity,solar,CSP_storage,2035,0.529812997249795
European Free Trade Association,electricity,solar,CSP_storage,2035,0.25025
India,electricity,solar,CSP_storage,2035,0.531168953279745
Indonesia,electricity,solar,CSP_storage,2035,0.583299228536159
Japan,electricity,solar,CSP_storage,2035,0.634107542683657
Mexico,electricity,solar,CSP_storage,2035,0.502943549997605
Middle East,electricity,solar,CSP_storage,2035,0.48813904238993
Pakistan,electricity,solar,CSP_storage,2035,0.517051928677241
Russia,electricity,solar,CSP_storage,2035,0.625458669979537
South Africa,electricity,solar,CSP_storage,2035,0.471167551091183
South America_Northern,electricity,solar,CSP_storage,2035,0.530587890806533
South America_Southern,electricity,solar,CSP_storage,2035,0.491142534298336
South Asia,electricity,solar,CSP_storage,2035,0.52511359435969
South Korea,electricity,solar,CSP_storage,2035,0.589213181696283
Southeast Asia,electricity,solar,CSP_storage,2035,0.53002062324114
Taiwan,electricity,solar,CSP_storage,2035,0.651339283245279
Argentina,electricity,solar,CSP_storage,2035,0.486884856848872
Colombia,electricity,solar,CSP_storage,2035,0.574062612102241
USA,electricity,solar,CSP,2040,0.250000123561066
Africa_Eastern,electricity,solar,CSP,2040,0.246298622654973
Africa_Northern,electricity,solar,CSP,2040,0.237111363737208
Africa_Southern,electricity,solar,CSP,2040,0.237771305248752
Africa_Western,electricity,solar,CSP,2040,0.243423453481255
Australia_NZ,electricity,solar,CSP,2040,0.231893253369818
Brazil,electricity,solar,CSP,2040,0.305748843875073
Canada,electricity,solar,CSP,2040,0.348881693968625
Central America and Caribbean,electricity,solar,CSP,2040,0.273932163751151
Central Asia,electricity,solar,CSP,2040,0.284730779363758
China,electricity,solar,CSP,2040,0.253152242562433
EU-12,electricity,solar,CSP,2040,0.252200690468409
EU-15,electricity,solar,CSP,2040,0.270328964569723
Europe_Eastern,electricity,solar,CSP,2040,0.330465572806087
Europe_Non_EU,electricity,solar,CSP,2040,0.279812997249795
European Free Trade Association,electricity,solar,CSP,2040,0.00025
India,electricity,solar,CSP,2040,0.281168953279745
Indonesia,electricity,solar,CSP,2040,0.333299228536159
Japan,electricity,solar,CSP,2040,0.384107542683657
Mexico,electricity,solar,CSP,2040,0.252943549997605
Middle East,electricity,solar,CSP,2040,0.23813904238993
Pakistan,electricity,solar,CSP,2040,0.267051928677241
Russia,electricity,solar,CSP,2040,0.375458669979537
South Africa,electricity,solar,CSP,2040,0.221167551091183
South America_Northern,electricity,solar,CSP,2040,0.280587890806533
South America_Southern,electricity,solar,CSP,2040,0.241142534298336
South Asia,electricity,solar,CSP,2040,0.27511359435969
South Korea,electricity,solar,CSP,2040,0.339213181696283
Southeast Asia,electricity,solar,CSP,2040,0.280020623241139
Taiwan,electricity,solar,CSP,2040,0.401339283245279
Argentina,electricity,solar,CSP,2040,0.236884856848872
Colombia,electricity,solar,CSP,2040,0.324062612102241
USA,electricity,solar,CSP_storage,2040,0.500000123561066
Africa_Eastern,electricity,solar,CSP_storage,2040,0.496298622654973
Africa_Northern,electricity,solar,CSP_storage,2040,0.487111363737208
Africa_Southern,electricity,solar,CSP_storage,2040,0.487771305248752
Africa_Western,electricity,solar,CSP_storage,2040,0.493423453481255
Australia_NZ,electricity,solar,CSP_storage,2040,0.481893253369818
Brazil,electricity,solar,CSP_storage,2040,0.555748843875073
Canada,electricity,solar,CSP_storage,2040,0.598881693968625
Central America and Caribbean,electricity,solar,CSP_storage,2040,0.523932163751151
Central Asia,electricity,solar,CSP_storage,2040,0.534730779363758
China,electricity,solar,CSP_storage,2040,0.503152242562433
EU-12,electricity,solar,CSP_storage,2040,0.502200690468409
EU-15,electricity,solar,CSP_storage,2040,0.520328964569723
Europe_Eastern,electricity,solar,CSP_storage,2040,0.580465572806087
Europe_Non_EU,electricity,solar,CSP_storage,2040,0.529812997249795
European Free Trade Association,electricity,solar,CSP_storage,2040,0.25025
India,electricity,solar,CSP_storage,2040,0.531168953279745
Indonesia,electricity,solar,CSP_storage,2040,0.583299228536159
Japan,electricity,solar,CSP_storage,2040,0.634107542683657
Mexico,electricity,solar,CSP_storage,2040,0.502943549997605
Middle East,electricity,solar,CSP_storage,2040,0.48813904238993
Pakistan,electricity,solar,CSP_storage,2040,0.517051928677241
Russia,electricity,solar,CSP_storage,2040,0.625458669979537
South Africa,electricity,solar,CSP_storage,2040,0.471167551091183
South America_Northern,electricity,solar,CSP_storage,2040,0.530587890806533
South America_Southern,electricity,solar,CSP_storage,2040,0.491142534298336
South Asia,electricity,solar,CSP_storage,2040,0.52511359435969
South Korea,electricity,solar,CSP_storage,2040,0.589213181696283
Southeast Asia,electricity,solar,CSP_storage,2040,0.53002062324114
Taiwan,electricity,solar,CSP_storage,2040,0.651339283245279
Argentina,electricity,solar,CSP_storage,2040,0.486884856848872
Colombia,electricity,solar,CSP_storage,2040,0.574062612102241
USA,electricity,solar,CSP,2045,0.250000123561066
Africa_Eastern,electricity,solar,CSP,2045,0.246298622654973
Africa_Northern,electricity,solar,CSP,2045,0.237111363737208
Africa_Southern,electricity,solar,CSP,2045,0.237771305248752
Africa_Western,electricity,solar,CSP,2045,0.243423453481255
Australia_NZ,electricity,solar,CSP,2045,0.231893253369818
Brazil,electricity,solar,CSP,2045,0.305748843875073
Canada,electricity,solar,CSP,2045,0.348881693968625
Central America and Caribbean,electricity,solar,CSP,2045,0.273932163751151
Central Asia,electricity,solar,CSP,2045,0.284730779363758
China,electricity,solar,CSP,2045,0.253152242562433
EU-12,electricity,solar,CSP,2045,0.252200690468409
EU-15,electricity,solar,CSP,2045,0.270328964569723
Europe_Eastern,electricity,solar,CSP,2045,0.330465572806087
Europe_Non_EU,electricity,solar,CSP,2045,0.279812997249795
European Free Trade Association,electricity,solar,CSP,2045,0.00025
India,electricity,solar,CSP,2045,0.281168953279745
Indonesia,electricity,solar,CSP,2045,0.333299228536159
Japan,electricity,solar,CSP,2045,0.384107542683657
Mexico,electricity,solar,CSP,2045,0.252943549997605
Middle East,electricity,solar,CSP,2045,0.23813904238993
Pakistan,electricity,solar,CSP,2045,0.267051928677241
Russia,electricity,solar,CSP,2045,0.375458669979537
South Africa,electricity,solar,CSP,2045,0.221167551091183
South America_Northern,electricity,solar,CSP,2045,0.280587890806533
South America_Southern,electricity,solar,CSP,2045,0.241142534298336
South Asia,electricity,solar,CSP,2045,0.27511359435969
South Korea,electricity,solar,CSP,2045,0.339213181696283
Southeast Asia,electricity,solar,CSP,2045,0.280020623241139
Taiwan,electricity,solar,CSP,2045,0.401339283245279
Argentina,electricity,solar,CSP,2045,0.236884856848872
Colombia,electricity,solar,CSP,2045,0.324062612102241
USA,electricity,solar,CSP_storage,2045,0.500000123561066
Africa_Eastern,electricity,solar,CSP_storage,2045,0.496298622654973
Africa_Northern,electricity,solar,CSP_storage,2045,0.487111363737208
Africa_Southern,electricity,solar,CSP_storage,2045,0.487771305248752
Africa_Western,electricity,solar,CSP_storage,2045,0.493423453481255
Australia_NZ,electricity,solar,CSP_storage,2045,0.481893253369818
Brazil,electricity,solar,CSP_storage,2045,0.555748843875073
Canada,electricity,solar,CSP_storage,2045,0.598881693968625
Central America and Caribbean,electricity,solar,CSP_storage,2045,0.523932163751151
Central Asia,electricity,solar,CSP_storage,2045,0.534730779363758
China,electricity,solar,CSP_storage,2045,0.503152242562433
EU-12,electricity,solar,CSP_storage,2045,0.502200690468409
EU-15,electricity,solar,CSP_storage,2045,0.520328964569723
Europe_Eastern,electricity,solar,CSP_storage,2045,0.580465572806087
Europe_Non_EU,electricity,solar,CSP_storage,2045,0.529812997249795
European Free Trade Association,electricity,solar,CSP_storage,2045,0.25025
India,electricity,solar,CSP_storage,2045,0.531168953279745
Indonesia,electricity,solar,CSP_storage,2045,0.583299228536159
Japan,electricity,solar,CSP_storage,2045,0.634107542683657
Mexico,electricity,solar,CSP_storage,2045,0.502943549997605
Middle East,electricity,solar,CSP_storage,2045,0.48813904238993
Pakistan,electricity,solar,CSP_storage,2045,0.517051928677241
Russia,electricity,solar,CSP_storage,2045,0.625458669979537
South Africa,electricity,solar,CSP_storage,2045,0.471167551091183
South America_Northern,electricity,solar,CSP_storage,2045,0.530587890806533
South America_Southern,electricity,solar,CSP_storage,2045,0.491142534298336
South Asia,electricity,solar,CSP_storage,2045,0.52511359435969
South Korea,electricity,solar,CSP_storage,2045,0.589213181696283
Southeast Asia,electricity,solar,CSP_storage,2045,0.53002062324114
Taiwan,electricity,solar,CSP_storage,2045,0.651339283245279
Argentina,electricity,solar,CSP_storage,2045,0.486884856848872
Colombia,electricity,solar,CSP_storage,2045,0.574062612102241
USA,electricity,solar,CSP,2050,0.250000123561066
Africa_Eastern,electricity,solar,CSP,2050,0.246298622654973
Africa_Northern,electricity,solar,CSP,2050,0.237111363737208
Africa_Southern,electricity,solar,CSP,2050,0.237771305248752
Africa_Western,electricity,solar,CSP,2050,0.243423453481255
Australia_NZ,electricity,solar,CSP,2050,0.231893253369818
Brazil,electricity,solar,CSP,2050,0.305748843875073
Canada,electricity,solar,CSP,2050,0.348881693968625
Central America and Caribbean,electricity,solar,CSP,2050,0.273932163751151
Central Asia,electricity,solar,CSP,2050,0.284730779363758
China,electricity,solar,CSP,2050,0.253152242562433
EU-12,electricity,solar,CSP,2050,0.252200690468409
EU-15,electricity,solar,CSP,2050,0.270328964569723
Europe_Eastern,electricity,solar,CSP,2050,0.330465572806087
Europe_Non_EU,electricity,solar,CSP,2050,0.279812997249795
European Free Trade Association,electricity,solar,CSP,2050,0.00025
India,electricity,solar,CSP,2050,0.281168953279745
Indonesia,electricity,solar,CSP,2050,0.333299228536159
Japan,electricity,solar,CSP,2050,0.384107542683657
Mexico,electricity,solar,CSP,2050,0.252943549997605
Middle East,electricity,solar,CSP,2050,0.23813904238993
Pakistan,electricity,solar,CSP,2050,0.267051928677241
Russia,electricity,solar,CSP,2050,0.375458669979537
South Africa,electricity,solar,CSP,2050,0.221167551091183
South America_Northern,electricity,solar,CSP,2050,0.280587890806533
South America_Southern,electricity,solar,CSP,2050,0.241142534298336
South Asia,electricity,solar,CSP,2050,0.27511359435969
South Korea,electricity,solar,CSP,2050,0.339213181696283
Southeast Asia,electricity,solar,CSP,2050,0.280020623241139
Taiwan,electricity,solar,CSP,2050,0.401339283245279
Argentina,electricity,solar,CSP,2050,0.236884856848872
Colombia,electricity,solar,CSP,2050,0.324062612102241
USA,electricity,solar,CSP_storage,2050,0.500000123561066
Africa_Eastern,electricity,solar,CSP_storage,2050,0.496298622654973
Africa_Northern,electricity,solar,CSP_storage,2050,0.487111363737208
Africa_Southern,electricity,solar,CSP_storage,2050,0.487771305248752
Africa_Western,electricity,solar,CSP_storage,2050,0.493423453481255
Australia_NZ,electricity,solar,CSP_storage,2050,0.481893253369818
Brazil,electricity,solar,CSP_storage,2050,0.555748843875073
Canada,electricity,solar,CSP_storage,2050,0.598881693968625
Central America and Caribbean,electricity,solar,CSP_storage,2050,0.523932163751151
Central Asia,electricity,solar,CSP_storage,2050,0.534730779363758
China,electricity,solar,CSP_storage,2050,0.503152242562433
EU-12,electricity,solar,CSP_storage,2050,0.502200690468409
EU-15,electricity,solar,CSP_storage,2050,0.520328964569723
Europe_Eastern,electricity,solar,CSP_storage,2050,0.580465572806087
Europe_Non_EU,electricity,solar,CSP_storage,2050,0.529812997249795
European Free Trade Association,electricity,solar,CSP_storage,2050,0.25025
India,electricity,solar,CSP_storage,2050,0.531168953279745
Indonesia,electricity,solar,CSP_storage,2050,0.583299228536159
Japan,electricity,solar,CSP_storage,2050,0.634107542683657
Mexico,electricity,solar,CSP_storage,2050,0.502943549997605
Middle East,electricity,solar,CSP_storage,2050,0.48813904238993
Pakistan,electricity,solar,CSP_storage,2050,0.517051928677241
Russia,electricity,solar,CSP_storage,2050,0.625458669979537
South Africa,electricity,solar,CSP_storage,2050,0.471167551091183
South America_Northern,electricity,solar,CSP_storage,2050,0.530587890806533
South America_Southern,electricity,solar,CSP_storage,2050,0.491142534298336
South Asia,electricity,solar,CSP_storage,2050,0.52511359435969
South Korea,electricity,solar,CSP_storage,2050,0.589213181696283
Southeast Asia,electricity,solar,CSP_storage,2050,0.53002062324114
Taiwan,electricity,solar,CSP_storage,2050,0.651339283245279
Argentina,electricity,solar,CSP_storage,2050,0.486884856848872
Colombia,electricity,solar,CSP_storage,2050,0.574062612102241
USA,electricity,solar,CSP,2055,0.250000123561066
Africa_Eastern,electricity,solar,CSP,2055,0.246298622654973
Africa_Northern,electricity,solar,CSP,2055,0.237111363737208
Africa_Southern,electricity,solar,CSP,2055,0.237771305248752
Africa_Western,electricity,solar,CSP,2055,0.243423453481255
Australia_NZ,electricity,solar,CSP,2055,0.231893253369818
Brazil,electricity,solar,CSP,2055,0.305748843875073
Canada,electricity,solar,CSP,2055,0.348881693968625
Central America and Caribbean,electricity,solar,CSP,2055,0.273932163751151
Central Asia,electricity,solar,CSP,2055,0.284730779363758
China,electricity,solar,CSP,2055,0.253152242562433
EU-12,electricity,solar,CSP,2055,0.252200690468409
EU-15,electricity,solar,CSP,2055,0.270328964569723
Europe_Eastern,electricity,solar,CSP,2055,0.330465572806087
Europe_Non_EU,electricity,solar,CSP,2055,0.279812997249795
European Free Trade Association,electricity,solar,CSP,2055,0.00025
India,electricity,solar,CSP,2055,0.281168953279745
Indonesia,electricity,solar,CSP,2055,0.333299228536159
Japan,electricity,solar,CSP,2055,0.384107542683657
Mexico,electricity,solar,CSP,2055,0.252943549997605
Middle East,electricity,solar,CSP,2055,0.23813904238993
Pakistan,electricity,solar,CSP,2055,0.267051928677241
Russia,electricity,solar,CSP,2055,0.375458669979537
South Africa,electricity,solar,CSP,2055,0.221167551091183
South America_Northern,electricity,solar,CSP,2055,0.280587890806533
South America_Southern,electricity,solar,CSP,2055,0.241142534298336
South Asia,electricity,solar,CSP,2055,0.27511359435969
South Korea,electricity,solar,CSP,2055,0.339213181696283
Southeast Asia,electricity,solar,CSP,2055,0.280020623241139
Taiwan,electricity,solar,CSP,2055,0.401339283245279
Argentina,electricity,solar,CSP,2055,0.236884856848872
Colombia,electricity,solar,CSP,2055,0.324062612102241
USA,electricity,solar,CSP_storage,2055,0.500000123561066
Africa_Eastern,electricity,solar,CSP_storage,2055,0.496298622654973
Africa_Northern,electricity,solar,CSP_storage,2055,0.487111363737208
Africa_Southern,electricity,solar,CSP_storage,2055,0.487771305248752
Africa_Western,electricity,solar,CSP_storage,2055,0.493423453481255
Australia_NZ,electricity,solar,CSP_storage,2055,0.481893253369818
Brazil,electricity,solar,CSP_storage,2055,0.555748843875073
Canada,electricity,solar,CSP_storage,2055,0.598881693968625
Central America and Caribbean,electricity,solar,CSP_storage,2055,0.523932163751151
Central Asia,electricity,solar,CSP_storage,2055,0.534730779363758
China,electricity,solar,CSP_storage,2055,0.503152242562433
EU-12,electricity,solar,CSP_storage,2055,0.502200690468409
EU-15,electricity,solar,CSP_storage,2055,0.520328964569723
Europe_Eastern,electricity,solar,CSP_storage,2055,0.580465572806087
Europe_Non_EU,electricity,solar,CSP_storage,2055,0.529812997249795
European Free Trade Association,electricity,solar,CSP_storage,2055,0.25025
India,electricity,solar,CSP_storage,2055,0.531168953279745
Indonesia,electricity,solar,CSP_storage,2055,0.583299228536159
Japan,electricity,solar,CSP_storage,2055,0.634107542683657
Mexico,electricity,solar,CSP_storage,2055,0.502943549997605
Middle East,electricity,solar,CSP_storage,2055,0.48813904238993
Pakistan,electricity,solar,CSP_storage,2055,0.517051928677241
Russia,electricity,solar,CSP_storage,2055,0.625458669979537
South Africa,electricity,solar,CSP_storage,2055,0.471167551091183
South America_Northern,electricity,solar,CSP_storage,2055,0.530587890806533
South America_Southern,electricity,solar,CSP_storage,2055,0.491142534298336
South Asia,electricity,solar,CSP_storage,2055,0.52511359435969
South Korea,electricity,solar,CSP_storage,2055,0.589213181696283
Southeast Asia,electricity,solar,CSP_storage,2055,0.53002062324114
Taiwan,electricity,solar,CSP_storage,2055,0.651339283245279
Argentina,electricity,solar,CSP_storage,2055,0.486884856848872
Colombia,electricity,solar,CSP_storage,2055,0.574062612102241
USA,electricity,solar,CSP,2060,0.250000123561066
Africa_Eastern,electricity,solar,CSP,2060,0.246298622654973
Africa_Northern,electricity,solar,CSP,2060,0.237111363737208
Africa_Southern,electricity,solar,CSP,2060,0.237771305248752
Africa_Western,electricity,solar,CSP,2060,0.243423453481255
Australia_NZ,electricity,solar,CSP,2060,0.231893253369818
Brazil,electricity,solar,CSP,2060,0.305748843875073
Canada,electricity,solar,CSP,2060,0.348881693968625
Central America and Caribbean,electricity,solar,CSP,2060,0.273932163751151
Central Asia,electricity,solar,CSP,2060,0.284730779363758
China,electricity,solar,CSP,2060,0.253152242562433
EU-12,electricity,solar,CSP,2060,0.252200690468409
EU-15,electricity,solar,CSP,2060,0.270328964569723
Europe_Eastern,electricity,solar,CSP,2060,0.330465572806087
Europe_Non_EU,electricity,solar,CSP,2060,0.279812997249795
European Free Trade Association,electricity,solar,CSP,2060,0.00025
India,electricity,solar,CSP,2060,0.281168953279745
Indonesia,electricity,solar,CSP,2060,0.333299228536159
Japan,electricity,solar,CSP,2060,0.384107542683657
Mexico,electricity,solar,CSP,2060,0.252943549997605
Middle East,electricity,solar,CSP,2060,0.23813904238993
Pakistan,electricity,solar,CSP,2060,0.267051928677241
Russia,electricity,solar,CSP,2060,0.375458669979537
South Africa,electricity,solar,CSP,2060,0.221167551091183
South America_Northern,electricity,solar,CSP,2060,0.280587890806533
South America_Southern,electricity,solar,CSP,2060,0.241142534298336
South Asia,electricity,solar,CSP,2060,0.27511359435969
South Korea,electricity,solar,CSP,2060,0.339213181696283
Southeast Asia,electricity,solar,CSP,2060,0.280020623241139
Taiwan,electricity,solar,CSP,2060,0.401339283245279
Argentina,electricity,solar,CSP,2060,0.236884856848872
Colombia,electricity,solar,CSP,2060,0.324062612102241
USA,electricity,solar,CSP_storage,2060,0.500000123561066
Africa_Eastern,electricity,solar,CSP_storage,2060,0.496298622654973
Africa_Northern,electricity,solar,CSP_storage,2060,0.487111363737208
Africa_Southern,electricity,solar,CSP_storage,2060,0.487771305248752
Africa_Western,electricity,solar,CSP_storage,2060,0.493423453481255
Australia_NZ,electricity,solar,CSP_storage,2060,0.481893253369818
Brazil,electricity,solar,CSP_storage,2060,0.555748843875073
Canada,electricity,solar,CSP_storage,2060,0.598881693968625
Central America and Caribbean,electricity,solar,CSP_storage,2060,0.523932163751151
Central Asia,electricity,solar,CSP_storage,2060,0.534730779363758
China,electricity,solar,CSP_storage,2060,0.503152242562433
EU-12,electricity,solar,CSP_storage,2060,0.502200690468409
EU-15,electricity,solar,CSP_storage,2060,0.520328964569723
Europe_Eastern,electricity,solar,CSP_storage,2060,0.580465572806087
Europe_Non_EU,electricity,solar,CSP_storage,2060,0.529812997249795
European Free Trade Association,electricity,solar,CSP_storage,2060,0.25025
India,electricity,solar,CSP_storage,2060,0.531168953279745
Indonesia,electricity,solar,CSP_storage,2060,0.583299228536159
Japan,electricity,solar,CSP_storage,2060,0.634107542683657
Mexico,electricity,solar,CSP_storage,2060,0.502943549997605
Middle East,electricity,solar,CSP_storage,2060,0.48813904238993
Pakistan,electricity,solar,CSP_storage,2060,0.517051928677241
Russia,electricity,solar,CSP_storage,2060,0.625458669979537
South Africa,electricity,solar,CSP_storage,2060,0.471167551091183
South America_Northern,electricity,solar,CSP_storage,2060,0.530587890806533
South America_Southern,electricity,solar,CSP_storage,2060,0.491142534298336
South Asia,electricity,solar,CSP_storage,2060,0.52511359435969
South Korea,electricity,solar,CSP_storage,2060,0.589213181696283
Southeast Asia,electricity,solar,CSP_storage,2060,0.53002062324114
Taiwan,electricity,solar,CSP_storage,2060,0.651339283245279
Argentina,electricity,solar,CSP_storage,2060,0.486884856848872
Colombia,electricity,solar,CSP_storage,2060,0.574062612102241
USA,electricity,solar,CSP,2065,0.250000123561066
Africa_Eastern,electricity,solar,CSP,2065,0.246298622654973
Africa_Northern,electricity,solar,CSP,2065,0.237111363737208
Africa_Southern,electricity,solar,CSP,2065,0.237771305248752
Africa_Western,electricity,solar,CSP,2065,0.243423453481255
Australia_NZ,electricity,solar,CSP,2065,0.231893253369818
Brazil,electricity,solar,CSP,2065,0.305748843875073
Canada,electricity,solar,CSP,2065,0.348881693968625
Central America and Caribbean,electricity,solar,CSP,2065,0.273932163751151
Central Asia,electricity,solar,CSP,2065,0.284730779363758
China,electricity,solar,CSP,2065,0.253152242562433
EU-12,electricity,solar,CSP,2065,0.252200690468409
EU-15,electricity,solar,CSP,2065,0.270328964569723
Europe_Eastern,electricity,solar,CSP,2065,0.330465572806087
Europe_Non_EU,electricity,solar,CSP,2065,0.279812997249795
European Free Trade Association,electricity,solar,CSP,2065,0.00025
India,electricity,solar,CSP,2065,0.281168953279745
Indonesia,electricity,solar,CSP,2065,0.333299228536159
Japan,electricity,solar,CSP,2065,0.384107542683657
Mexico,electricity,solar,CSP,2065,0.252943549997605
Middle East,electricity,solar,CSP,2065,0.23813904238993
Pakistan,electricity,solar,CSP,2065,0.267051928677241
Russia,electricity,solar,CSP,2065,0.375458669979537
South Africa,electricity,solar,CSP,2065,0.221167551091183
South America_Northern,electricity,solar,CSP,2065,0.280587890806533
South America_Southern,electricity,solar,CSP,2065,0.241142534298336
South Asia,electricity,solar,CSP,2065,0.27511359435969
South Korea,electricity,solar,CSP,2065,0.339213181696283
Southeast Asia,electricity,solar,CSP,2065,0.280020623241139
Taiwan,electricity,solar,CSP,2065,0.401339283245279
Argentina,electricity,solar,CSP,2065,0.236884856848872
Colombia,electricity,solar,CSP,2065,0.324062612102241
USA,electricity,solar,CSP_storage,2065,0.500000123561066
Africa_Eastern,electricity,solar,CSP_storage,2065,0.496298622654973
Africa_Northern,electricity,solar,CSP_storage,2065,0.487111363737208
Africa_Southern,electricity,solar,CSP_storage,2065,0.487771305248752
Africa_Western,electricity,solar,CSP_storage,2065,0.493423453481255
Australia_NZ,electricity,solar,CSP_storage,2065,0.481893253369818
Brazil,electricity,solar,CSP_storage,2065,0.555748843875073
Canada,electricity,solar,CSP_storage,2065,0.598881693968625
Central America and Caribbean,electricity,solar,CSP_storage,2065,0.523932163751151
Central Asia,electricity,solar,CSP_storage,2065,0.534730779363758
China,electricity,solar,CSP_storage,2065,0.503152242562433
EU-12,electricity,solar,CSP_storage,2065,0.502200690468409
EU-15,electricity,solar,CSP_storage,2065,0.520328964569723
Europe_Eastern,electricity,solar,CSP_storage,2065,0.580465572806087
Europe_Non_EU,electricity,solar,CSP_storage,2065,0.529812997249795
European Free Trade Association,electricity,solar,CSP_storage,2065,0.25025
India,electricity,solar,CSP_storage,2065,0.531168953279745
Indonesia,electricity,solar,CSP_storage,2065,0.583299228536159
Japan,electricity,solar,CSP_storage,2065,0.634107542683657
Mexico,electricity,solar,CSP_storage,2065,0.502943549997605
Middle East,electricity,solar,CSP_storage,2065,0.48813904238993
Pakistan,electricity,solar,CSP_storage,2065,0.517051928677241
Russia,electricity,solar,CSP_storage,2065,0.625458669979537
South Africa,electricity,solar,CSP_storage,2065,0.471167551091183
South America_Northern,electricity,solar,CSP_storage,2065,0.530587890806533
South America_Southern,electricity,solar,CSP_storage,2065,0.491142534298336
South Asia,electricity,solar,CSP_storage,2065,0.52511359435969
South Korea,electricity,solar,CSP_storage,2065,0.589213181696283
Southeast Asia,electricity,solar,CSP_storage,2065,0.53002062324114
Taiwan,electricity,solar,CSP_storage,2065,0.651339283245279
Argentina,electricity,solar,CSP_storage,2065,0.486884856848872
Colombia,electricity,solar,CSP_storage,2065,0.574062612102241
USA,electricity,solar,CSP,2070,0.250000123561066
Africa_Eastern,electricity,solar,CSP,2070,0.246298622654973
Africa_Northern,electricity,solar,CSP,2070,0.237111363737208
Africa_Southern,electricity,solar,CSP,2070,0.237771305248752
Africa_Western,electricity,solar,CSP,2070,0.243423453481255
Australia_NZ,electricity,solar,CSP,2070,0.231893253369818
Brazil,electricity,solar,CSP,2070,0.305748843875073
Canada,electricity,solar,CSP,2070,0.348881693968625
Central America and Caribbean,electricity,solar,CSP,2070,0.273932163751151
Central Asia,electricity,solar,CSP,2070,0.284730779363758
China,electricity,solar,CSP,2070,0.253152242562433
EU-12,electricity,solar,CSP,2070,0.252200690468409
EU-15,electricity,solar,CSP,2070,0.270328964569723
Europe_Eastern,electricity,solar,CSP,2070,0.330465572806087
Europe_Non_EU,electricity,solar,CSP,2070,0.279812997249795
European Free Trade Association,electricity,solar,CSP,2070,0.00025
India,electricity,solar,CSP,2070,0.281168953279745
Indonesia,electricity,solar,CSP,2070,0.333299228536159
Japan,electricity,solar,CSP,2070,0.384107542683657
Mexico,electricity,solar,CSP,2070,0.252943549997605
Middle East,electricity,solar,CSP,2070,0.23813904238993
Pakistan,electricity,solar,CSP,2070,0.267051928677241
Russia,electricity,solar,CSP,2070,0.375458669979537
South Africa,electricity,solar,CSP,2070,0.221167551091183
South America_Northern,electricity,solar,CSP,2070,0.280587890806533
South America_Southern,electricity,solar,CSP,2070,0.241142534298336
South Asia,electricity,solar,CSP,2070,0.27511359435969
South Korea,electricity,solar,CSP,2070,0.339213181696283
Southeast Asia,electricity,solar,CSP,2070,0.280020623241139
Taiwan,electricity,solar,CSP,2070,0.401339283245279
Argentina,electricity,solar,CSP,2070,0.236884856848872
Colombia,electricity,solar,CSP,2070,0.324062612102241
USA,electricity,solar,CSP_storage,2070,0.500000123561066
Africa_Eastern,electricity,solar,CSP_storage,2070,0.496298622654973
Africa_Northern,electricity,solar,CSP_storage,2070,0.487111363737208
Africa_Southern,electricity,solar,CSP_storage,2070,0.487771305248752
Africa_Western,electricity,solar,CSP_storage,2070,0.493423453481255
Australia_NZ,electricity,solar,CSP_storage,2070,0.481893253369818
Brazil,electricity,solar,CSP_storage,2070,0.555748843875073
Canada,electricity,solar,CSP_storage,2070,0.598881693968625
Central America and Caribbean,electricity,solar,CSP_storage,2070,0.523932163751151
Central Asia,electricity,solar,CSP_storage,2070,0.534730779363758
China,electricity,solar,CSP_storage,2070,0.503152242562433
EU-12,electricity,solar,CSP_storage,2070,0.502200690468409
EU-15,electricity,solar,CSP_storage,2070,0.520328964569723
Europe_Eastern,electricity,solar,CSP_storage,2070,0.580465572806087
Europe_Non_EU,electricity,solar,CSP_storage,2070,0.529812997249795
European Free Trade Association,electricity,solar,CSP_storage,2070,0.25025
India,electricity,solar,CSP_storage,2070,0.531168953279745
Indonesia,electricity,solar,CSP_storage,2070,0.583299228536159
Japan,electricity,solar,CSP_storage,2070,0.634107542683657
Mexico,electricity,solar,CSP_storage,2070,0.502943549997605
Middle East,electricity,solar,CSP_storage,2070,0.48813904238993
Pakistan,electricity,solar,CSP_storage,2070,0.517051928677241
Russia,electricity,solar,CSP_storage,2070,0.625458669979537
South Africa,electricity,solar,CSP_storage,2070,0.471167551091183
South America_Northern,electricity,solar,CSP_storage,2070,0.530587890806533
South America_Southern,electricity,solar,CSP_storage,2070,0.491142534298336
South Asia,electricity,solar,CSP_storage,2070,0.52511359435969
South Korea,electricity,solar,CSP_storage,2070,0.589213181696283
Southeast Asia,electricity,solar,CSP_storage,2070,0.53002062324114
Taiwan,electricity,solar,CSP_storage,2070,0.651339283245279
Argentina,electricity,solar,CSP_storage,2070,0.486884856848872
Colombia,electricity,solar,CSP_storage,2070,0.574062612102241
USA,electricity,solar,CSP,2075,0.250000123561066
Africa_Eastern,electricity,solar,CSP,2075,0.246298622654973
Africa_Northern,electricity,solar,CSP,2075,0.237111363737208
Africa_Southern,electricity,solar,CSP,2075,0.237771305248752
Africa_Western,electricity,solar,CSP,2075,0.243423453481255
Australia_NZ,electricity,solar,CSP,2075,0.231893253369818
Brazil,electricity,solar,CSP,2075,0.305748843875073
Canada,electricity,solar,CSP,2075,0.348881693968625
Central America and Caribbean,electricity,solar,CSP,2075,0.273932163751151
Central Asia,electricity,solar,CSP,2075,0.284730779363758
China,electricity,solar,CSP,2075,0.253152242562433
EU-12,electricity,solar,CSP,2075,0.252200690468409
EU-15,electricity,solar,CSP,2075,0.270328964569723
Europe_Eastern,electricity,solar,CSP,2075,0.330465572806087
Europe_Non_EU,electricity,solar,CSP,2075,0.279812997249795
European Free Trade Association,electricity,solar,CSP,2075,0.00025
India,electricity,solar,CSP,2075,0.281168953279745
Indonesia,electricity,solar,CSP,2075,0.333299228536159
Japan,electricity,solar,CSP,2075,0.384107542683657
Mexico,electricity,solar,CSP,2075,0.252943549997605
Middle East,electricity,solar,CSP,2075,0.23813904238993
Pakistan,electricity,solar,CSP,2075,0.267051928677241
Russia,electricity,solar,CSP,2075,0.375458669979537
South Africa,electricity,solar,CSP,2075,0.221167551091183
South America_Northern,electricity,solar,CSP,2075,0.280587890806533
South America_Southern,electricity,solar,CSP,2075,0.241142534298336
South Asia,electricity,solar,CSP,2075,0.27511359435969
South Korea,electricity,solar,CSP,2075,0.339213181696283
Southeast Asia,electricity,solar,CSP,2075,0.280020623241139
Taiwan,electricity,solar,CSP,2075,0.401339283245279
Argentina,electricity,solar,CSP,2075,0.236884856848872
Colombia,electricity,solar,CSP,2075,0.324062612102241
USA,electricity,solar,CSP_storage,2075,0.500000123561066
Africa_Eastern,electricity,solar,CSP_storage,2075,0.496298622654973
Africa_Northern,electricity,solar,CSP_storage,2075,0.487111363737208
Africa_Southern,electricity,solar,CSP_storage,2075,0.487771305248752
Africa_Western,electricity,solar,CSP_storage,2075,0.493423453481255
Australia_NZ,electricity,solar,CSP_storage,2075,0.481893253369818
Brazil,electricity,solar,CSP_storage,2075,0.555748843875073
Canada,electricity,solar,CSP_storage,2075,0.598881693968625
Central America and Caribbean,electricity,solar,CSP_storage,2075,0.523932163751151
Central Asia,electricity,solar,CSP_storage,2075,0.534730779363758
China,electricity,solar,CSP_storage,2075,0.503152242562433
EU-12,electricity,solar,CSP_storage,2075,0.502200690468409
EU-15,electricity,solar,CSP_storage,2075,0.520328964569723
Europe_Eastern,electricity,solar,CSP_storage,2075,0.580465572806087
Europe_Non_EU,electricity,solar,CSP_storage,2075,0.529812997249795
European Free Trade Association,electricity,solar,CSP_storage,2075,0.25025
India,electricity,solar,CSP_storage,2075,0.531168953279745
Indonesia,electricity,solar,CSP_storage,2075,0.583299228536159
Japan,electricity,solar,CSP_storage,2075,0.634107542683657
Mexico,electricity,solar,CSP_storage,2075,0.502943549997605
Middle East,electricity,solar,CSP_storage,2075,0.48813904238993
Pakistan,electricity,solar,CSP_storage,2075,0.517051928677241
Russia,electricity,solar,CSP_storage,2075,0.625458669979537
South Africa,electricity,solar,CSP_storage,2075,0.471167551091183
South America_Northern,electricity,solar,CSP_storage,2075,0.530587890806533
South America_Southern,electricity,solar,CSP_storage,2075,0.491142534298336
South Asia,electricity,solar,CSP_storage,2075,0.52511359435969
South Korea,electricity,solar,CSP_storage,2075,0.589213181696283
Southeast Asia,electricity,solar,CSP_storage,2075,0.53002062324114
Taiwan,electricity,solar,CSP_storage,2075,0.651339283245279
Argentina,electricity,solar,CSP_storage,2075,0.486884856848872
Colombia,electricity,solar,CSP_storage,2075,0.574062612102241
USA,electricity,solar,CSP,2080,0.250000123561066
Africa_Eastern,electricity,solar,CSP,2080,0.246298622654973
Africa_Northern,electricity,solar,CSP,2080,0.237111363737208
Africa_Southern,electricity,solar,CSP,2080,0.237771305248752
Africa_Western,electricity,solar,CSP,2080,0.243423453481255
Australia_NZ,electricity,solar,CSP,2080,0.231893253369818
Brazil,electricity,solar,CSP,2080,0.305748843875073
Canada,electricity,solar,CSP,2080,0.348881693968625
Central America and Caribbean,electricity,solar,CSP,2080,0.273932163751151
Central Asia,electricity,solar,CSP,2080,0.284730779363758
China,electricity,solar,CSP,2080,0.253152242562433
EU-12,electricity,solar,CSP,2080,0.252200690468409
EU-15,electricity,solar,CSP,2080,0.270328964569723
Europe_Eastern,electricity,solar,CSP,2080,0.330465572806087
Europe_Non_EU,electricity,solar,CSP,2080,0.279812997249795
European Free Trade Association,electricity,solar,CSP,2080,0.00025
India,electricity,solar,CSP,2080,0.281168953279745
Indonesia,electricity,solar,CSP,2080,0.333299228536159
Japan,electricity,solar,CSP,2080,0.384107542683657
Mexico,electricity,solar,CSP,2080,0.252943549997605
Middle East,electricity,solar,CSP,2080,0.23813904238993
Pakistan,electricity,solar,CSP,2080,0.267051928677241
Russia,electricity,solar,CSP,2080,0.375458669979537
South Africa,electricity,solar,CSP,2080,0.221167551091183
South America_Northern,electricity,solar,CSP,2080,0.280587890806533
South America_Southern,electricity,solar,CSP,2080,0.241142534298336
South Asia,electricity,solar,CSP,2080,0.27511359435969
South Korea,electricity,solar,CSP,2080,0.339213181696283
Southeast Asia,electricity,solar,CSP,2080,0.280020623241139
Taiwan,electricity,solar,CSP,2080,0.401339283245279
Argentina,electricity,solar,CSP,2080,0.236884856848872
Colombia,electricity,solar,CSP,2080,0.324062612102241
USA,electricity,solar,CSP_storage,2080,0.500000123561066
Africa_Eastern,electricity,solar,CSP_storage,2080,0.496298622654973
Africa_Northern,electricity,solar,CSP_storage,2080,0.487111363737208
Africa_Southern,electricity,solar,CSP_storage,2080,0.487771305248752
Africa_Western,electricity,solar,CSP_storage,2080,0.493423453481255
Australia_NZ,electricity,solar,CSP_storage,2080,0.481893253369818
Brazil,electricity,solar,CSP_storage,2080,0.555748843875073
Canada,electricity,solar,CSP_storage,2080,0.598881693968625
Central America and Caribbean,electricity,solar,CSP_storage,2080,0.523932163751151
Central Asia,electricity,solar,CSP_storage,2080,0.534730779363758
China,electricity,solar,CSP_storage,2080,0.503152242562433
EU-12,electricity,solar,CSP_storage,2080,0.502200690468409
EU-15,electricity,solar,CSP_storage,2080,0.520328964569723
Europe_Eastern,electricity,solar,CSP_storage,2080,0.580465572806087
Europe_Non_EU,electricity,solar,CSP_storage,2080,0.529812997249795
European Free Trade Association,electricity,solar,CSP_storage,2080,0.25025
India,electricity,solar,CSP_storage,2080,0.531168953279745
Indonesia,electricity,solar,CSP_storage,2080,0.583299228536159
Japan,electricity,solar,CSP_storage,2080,0.634107542683657
Mexico,electricity,solar,CSP_storage,2080,0.502943549997605
Middle East,electricity,solar,CSP_storage,2080,0.48813904238993
Pakistan,electricity,solar,CSP_storage,2080,0.517051928677241
Russia,electricity,solar,CSP_storage,2080,0.625458669979537
South Africa,electricity,solar,CSP_storage,2080,0.471167551091183
South America_Northern,electricity,solar,CSP_storage,2080,0.530587890806533
South America_Southern,electricity,solar,CSP_storage,2080,0.491142534298336
South Asia,electricity,solar,CSP_storage,2080,0.52511359435969
South Korea,electricity,solar,CSP_storage,2080,0.589213181696283
Southeast Asia,electricity,solar,CSP_storage,2080,0.53002062324114
Taiwan,electricity,solar,CSP_storage,2080,0.651339283245279
Argentina,electricity,solar,CSP_storage,2080,0.486884856848872
Colombia,electricity,solar,CSP_storage,2080,0.574062612102241
USA,electricity,solar,CSP,2085,0.250000123561066
Africa_Eastern,electricity,solar,CSP,2085,0.246298622654973
Africa_Northern,electricity,solar,CSP,2085,0.237111363737208
Africa_Southern,electricity,solar,CSP,2085,0.237771305248752
Africa_Western,electricity,solar,CSP,2085,0.243423453481255
Australia_NZ,electricity,solar,CSP,2085,0.231893253369818
Brazil,electricity,solar,CSP,2085,0.305748843875073
Canada,electricity,solar,CSP,2085,0.348881693968625
Central America and Caribbean,electricity,solar,CSP,2085,0.273932163751151
Central Asia,electricity,solar,CSP,2085,0.284730779363758
China,electricity,solar,CSP,2085,0.253152242562433
EU-12,electricity,solar,CSP,2085,0.252200690468409
EU-15,electricity,solar,CSP,2085,0.270328964569723
Europe_Eastern,electricity,solar,CSP,2085,0.330465572806087
Europe_Non_EU,electricity,solar,CSP,2085,0.279812997249795
European Free Trade Association,electricity,solar,CSP,2085,0.00025
India,electricity,solar,CSP,2085,0.281168953279745
Indonesia,electricity,solar,CSP,2085,0.333299228536159
Japan,electricity,solar,CSP,2085,0.384107542683657
Mexico,electricity,solar,CSP,2085,0.252943549997605
Middle East,electricity,solar,CSP,2085,0.23813904238993
Pakistan,electricity,solar,CSP,2085,0.267051928677241
Russia,electricity,solar,CSP,2085,0.375458669979537
South Africa,electricity,solar,CSP,2085,0.221167551091183
South America_Northern,electricity,solar,CSP,2085,0.280587890806533
South America_Southern,electricity,solar,CSP,2085,0.241142534298336
South Asia,electricity,solar,CSP,2085,0.27511359435969
South Korea,electricity,solar,CSP,2085,0.339213181696283
Southeast Asia,electricity,solar,CSP,2085,0.280020623241139
Taiwan,electricity,solar,CSP,2085,0.401339283245279
Argentina,electricity,solar,CSP,2085,0.236884856848872
Colombia,electricity,solar,CSP,2085,0.324062612102241
USA,electricity,solar,CSP_storage,2085,0.500000123561066
Africa_Eastern,electricity,solar,CSP_storage,2085,0.496298622654973
Africa_Northern,electricity,solar,CSP_storage,2085,0.487111363737208
Africa_Southern,electricity,solar,CSP_storage,2085,0.487771305248752
Africa_Western,electricity,solar,CSP_storage,2085,0.493423453481255
Australia_NZ,electricity,solar,CSP_storage,2085,0.481893253369818
Brazil,electricity,solar,CSP_storage,2085,0.555748843875073
Canada,electricity,solar,CSP_storage,2085,0.598881693968625
Central America and Caribbean,electricity,solar,CSP_storage,2085,0.523932163751151
Central Asia,electricity,solar,CSP_storage,2085,0.534730779363758
China,electricity,solar,CSP_storage,2085,0.503152242562433
EU-12,electricity,solar,CSP_storage,2085,0.502200690468409
EU-15,electricity,solar,CSP_storage,2085,0.520328964569723
Europe_Eastern,electricity,solar,CSP_storage,2085,0.580465572806087
Europe_Non_EU,electricity,solar,CSP_storage,2085,0.529812997249795
European Free Trade Association,electricity,solar,CSP_storage,2085,0.25025
India,electricity,solar,CSP_storage,2085,0.531168953279745
Indonesia,electricity,solar,CSP_storage,2085,0.583299228536159
Japan,electricity,solar,CSP_storage,2085,0.634107542683657
Mexico,electricity,solar,CSP_storage,2085,0.502943549997605
Middle East,electricity,solar,CSP_storage,2085,0.48813904238993
Pakistan,electricity,solar,CSP_storage,2085,0.517051928677241
Russia,electricity,solar,CSP_storage,2085,0.625458669979537
South Africa,electricity,solar,CSP_storage,2085,0.471167551091183
South America_Northern,electricity,solar,CSP_storage,2085,0.530587890806533
South America_Southern,electricity,solar,CSP_storage,2085,0.491142534298336
South Asia,electricity,solar,CSP_storage,2085,0.52511359435969
South Korea,electricity,solar,CSP_storage,2085,0.589213181696283
Southeast Asia,electricity,solar,CSP_storage,2085,0.53002062324114
Taiwan,electricity,solar,CSP_storage,2085,0.651339283245279
Argentina,electricity,solar,CSP_storage,2085,0.486884856848872
Colombia,electricity,solar,CSP_storage,2085,0.574062612102241
USA,electricity,solar,CSP,2090,0.250000123561066
Africa_Eastern,electricity,solar,CSP,2090,0.246298622654973
Africa_Northern,electricity,solar,CSP,2090,0.237111363737208
Africa_Southern,electricity,solar,CSP,2090,0.237771305248752
Africa_Western,electricity,solar,CSP,2090,0.243423453481255
Australia_NZ,electricity,solar,CSP,2090,0.231893253369818
Brazil,electricity,solar,CSP,2090,0.305748843875073
Canada,electricity,solar,CSP,2090,0.348881693968625
Central America and Caribbean,electricity,solar,CSP,2090,0.273932163751151
Central Asia,electricity,solar,CSP,2090,0.284730779363758
China,electricity,solar,CSP,2090,0.253152242562433
EU-12,electricity,solar,CSP,2090,0.252200690468409
EU-15,electricity,solar,CSP,2090,0.270328964569723
Europe_Eastern,electricity,solar,CSP,2090,0.330465572806087
Europe_Non_EU,electricity,solar,CSP,2090,0.279812997249795
European Free Trade Association,electricity,solar,CSP,2090,0.00025
India,electricity,solar,CSP,2090,0.281168953279745
Indonesia,electricity,solar,CSP,2090,0.333299228536159
Japan,electricity,solar,CSP,2090,0.384107542683657
Mexico,electricity,solar,CSP,2090,0.252943549997605
Middle East,electricity,solar,CSP,2090,0.23813904238993
Pakistan,electricity,solar,CSP,2090,0.267051928677241
Russia,electricity,solar,CSP,2090,0.375458669979537
South Africa,electricity,solar,CSP,2090,0.221167551091183
South America_Northern,electricity,solar,CSP,2090,0.280587890806533
South America_Southern,electricity,solar,CSP,2090,0.241142534298336
South Asia,electricity,solar,CSP,2090,0.27511359435969
South Korea,electricity,solar,CSP,2090,0.339213181696283
Southeast Asia,electricity,solar,CSP,2090,0.280020623241139
Taiwan,electricity,solar,CSP,2090,0.401339283245279
Argentina,electricity,solar,CSP,2090,0.236884856848872
Colombia,electricity,solar,CSP,2090,0.324062612102241
USA,electricity,solar,CSP_storage,2090,0.500000123561066
Africa_Eastern,electricity,solar,CSP_storage,2090,0.496298622654973
Africa_Northern,electricity,solar,CSP_storage,2090,0.487111363737208
Africa_Southern,electricity,solar,CSP_storage,2090,0.487771305248752
Africa_Western,electricity,solar,CSP_storage,2090,0.493423453481255
Australia_NZ,electricity,solar,CSP_storage,2090,0.481893253369818
Brazil,electricity,solar,CSP_storage,2090,0.555748843875073
Canada,electricity,solar,CSP_storage,2090,0.598881693968625
Central America and Caribbean,electricity,solar,CSP_storage,2090,0.523932163751151
Central Asia,electricity,solar,CSP_storage,2090,0.534730779363758
China,electricity,solar,CSP_storage,2090,0.503152242562433
EU-12,electricity,solar,CSP_storage,2090,0.502200690468409
EU-15,electricity,solar,CSP_storage,2090,0.520328964569723
Europe_Eastern,electricity,solar,CSP_storage,2090,0.580465572806087
Europe_Non_EU,electricity,solar,CSP_storage,2090,0.529812997249795
European Free Trade Association,electricity,solar,CSP_storage,2090,0.25025
India,electricity,solar,CSP_storage,2090,0.531168953279745
Indonesia,electricity,solar,CSP_storage,2090,0.583299228536159
Japan,electricity,solar,CSP_storage,2090,0.634107542683657
Mexico,electricity,solar,CSP_storage,2090,0.502943549997605
Middle East,electricity,solar,CSP_storage,2090,0.48813904238993
Pakistan,electricity,solar,CSP_storage,2090,0.517051928677241
Russia,electricity,solar,CSP_storage,2090,0.625458669979537
South Africa,electricity,solar,CSP_storage,2090,0.471167551091183
South America_Northern,electricity,solar,CSP_storage,2090,0.530587890806533
South America_Southern,electricity,solar,CSP_storage,2090,0.491142534298336
South Asia,electricity,solar,CSP_storage,2090,0.52511359435969
South Korea,electricity,solar,CSP_storage,2090,0.589213181696283
Southeast Asia,electricity,solar,CSP_storage,2090,0.53002062324114
Taiwan,electricity,solar,CSP_storage,2090,0.651339283245279
Argentina,electricity,solar,CSP_storage,2090,0.486884856848872
Colombia,electricity,solar,CSP_storage,2090,0.574062612102241
USA,electricity,solar,CSP,2095,0.250000123561066
Africa_Eastern,electricity,solar,CSP,2095,0.246298622654973
Africa_Northern,electricity,solar,CSP,2095,0.237111363737208
Africa_Southern,electricity,solar,CSP,2095,0.237771305248752
Africa_Western,electricity,solar,CSP,2095,0.243423453481255
Australia_NZ,electricity,solar,CSP,2095,0.231893253369818
Brazil,electricity,solar,CSP,2095,0.305748843875073
Canada,electricity,solar,CSP,2095,0.348881693968625
Central America and Caribbean,electricity,solar,CSP,2095,0.273932163751151
Central Asia,electricity,solar,CSP,2095,0.284730779363758
China,electricity,solar,CSP,2095,0.253152242562433
EU-12,electricity,solar,CSP,2095,0.252200690468409
EU-15,electricity,solar,CSP,2095,0.270328964569723
Europe_Eastern,electricity,solar,CSP,2095,0.330465572806087
Europe_Non_EU,electricity,solar,CSP,2095,0.279812997249795
European Free Trade Association,electricity,solar,CSP,2095,0.00025
India,electricity,solar,CSP,2095,0.281168953279745
Indonesia,electricity,solar,CSP,2095,0.333299228536159
Japan,electricity,solar,CSP,2095,0.384107542683657
Mexico,electricity,solar,CSP,2095,0.252943549997605
Middle East,electricity,solar,CSP,2095,0.23813904238993
Pakistan,electricity,solar,CSP,2095,0.267051928677241
Russia,electricity,solar,CSP,2095,0.375458669979537
South Africa,electricity,solar,CSP,2095,0.221167551091183
South America_Northern,electricity,solar,CSP,2095,0.280587890806533
South America_Southern,electricity,solar,CSP,2095,0.241142534298336
South Asia,electricity,solar,CSP,2095,0.27511359435969
South Korea,electricity,solar,CSP,2095,0.339213181696283
Southeast Asia,electricity,solar,CSP,2095,0.280020623241139
Taiwan,electricity,solar,CSP,2095,0.401339283245279
Argentina,electricity,solar,CSP,2095,0.236884856848872
Colombia,electricity,solar,CSP,2095,0.324062612102241
USA,electricity,solar,CSP_storage,2095,0.500000123561066
Africa_Eastern,electricity,solar,CSP_storage,2095,0.496298622654973
Africa_Northern,electricity,solar,CSP_storage,2095,0.487111363737208
Africa_Southern,electricity,solar,CSP_storage,2095,0.487771305248752
Africa_Western,electricity,solar,CSP_storage,2095,0.493423453481255
Australia_NZ,electricity,solar,CSP_storage,2095,0.481893253369818
Brazil,electricity,solar,CSP_storage,2095,0.555748843875073
Canada,electricity,solar,CSP_storage,2095,0.598881693968625
Central America and Caribbean,electricity,solar,CSP_storage,2095,0.523932163751151
Central Asia,electricity,solar,CSP_storage,2095,0.534730779363758
China,electricity,solar,CSP_storage,2095,0.503152242562433
EU-12,electricity,solar,CSP_storage,2095,0.502200690468409
EU-15,electricity,solar,CSP_storage,2095,0.520328964569723
Europe_Eastern,electricity,solar,CSP_storage,2095,0.580465572806087
Europe_Non_EU,electricity,solar,CSP_storage,2095,0.529812997249795
European Free Trade Association,electricity,solar,CSP_storage,2095,0.25025
India,electricity,solar,CSP_storage,2095,0.531168953279745
Indonesia,electricity,solar,CSP_storage,2095,0.583299228536159
Japan,electricity,solar,CSP_storage,2095,0.634107542683657
Mexico,electricity,solar,CSP_storage,2095,0.502943549997605
Middle East,electricity,solar,CSP_storage,2095,0.48813904238993
Pakistan,electricity,solar,CSP_storage,2095,0.517051928677241
Russia,electricity,solar,CSP_storage,2095,0.625458669979537
South Africa,electricity,solar,CSP_storage,2095,0.471167551091183
South America_Northern,electricity,solar,CSP_storage,2095,0.530587890806533
South America_Southern,electricity,solar,CSP_storage,2095,0.491142534298336
South Asia,electricity,solar,CSP_storage,2095,0.52511359435969
South Korea,electricity,solar,CSP_storage,2095,0.589213181696283
Southeast Asia,electricity,solar,CSP_storage,2095,0.53002062324114
Taiwan,electricity,solar,CSP_storage,2095,0.651339283245279
Argentina,electricity,solar,CSP_storage,2095,0.486884856848872
Colombia,electricity,solar,CSP_storage,2095,0.574062612102241
USA,electricity,solar,CSP,2100,0.250000123561066
Africa_Eastern,electricity,solar,CSP,2100,0.246298622654973
Africa_Northern,electricity,solar,CSP,2100,0.237111363737208
Africa_Southern,electricity,solar,CSP,2100,0.237771305248752
Africa_Western,electricity,solar,CSP,2100,0.243423453481255
Australia_NZ,electricity,solar,CSP,2100,0.231893253369818
Brazil,electricity,solar,CSP,2100,0.305748843875073
Canada,electricity,solar,CSP,2100,0.348881693968625
Central America and Caribbean,electricity,solar,CSP,2100,0.273932163751151
Central Asia,electricity,solar,CSP,2100,0.284730779363758
China,electricity,solar,CSP,2100,0.253152242562433
EU-12,electricity,solar,CSP,2100,0.252200690468409
EU-15,electricity,solar,CSP,2100,0.270328964569723
Europe_Eastern,electricity,solar,CSP,2100,0.330465572806087
Europe_Non_EU,electricity,solar,CSP,2100,0.279812997249795
European Free Trade Association,electricity,solar,CSP,2100,0.00025
India,electricity,solar,CSP,2100,0.281168953279745
Indonesia,electricity,solar,CSP,2100,0.333299228536159
Japan,electricity,solar,CSP,2100,0.384107542683657
Mexico,electricity,solar,CSP,2100,0.252943549997605
Middle East,electricity,solar,CSP,2100,0.23813904238993
Pakistan,electricity,solar,CSP,2100,0.267051928677241
Russia,electricity,solar,CSP,2100,0.375458669979537
South Africa,electricity,solar,CSP,2100,0.221167551091183
South America_Northern,electricity,solar,CSP,2100,0.280587890806533
South America_Southern,electricity,solar,CSP,2100,0.241142534298336
South Asia,electricity,solar,CSP,2100,0.27511359435969
South Korea,electricity,solar,CSP,2100,0.339213181696283
Southeast Asia,electricity,solar,CSP,2100,0.280020623241139
Taiwan,electricity,solar,CSP,2100,0.401339283245279
Argentina,electricity,solar,CSP,2100,0.236884856848872
Colombia,electricity,solar,CSP,2100,0.324062612102241
USA,electricity,solar,CSP_storage,2100,0.500000123561066
Africa_Eastern,electricity,solar,CSP_storage,2100,0.496298622654973
Africa_Northern,electricity,solar,CSP_storage,2100,0.487111363737208
Africa_Southern,electricity,solar,CSP_storage,2100,0.487771305248752
Africa_Western,electricity,solar,CSP_storage,2100,0.493423453481255
Australia_NZ,electricity,solar,CSP_storage,2100,0.481893253369818
Brazil,electricity,solar,CSP_storage,2100,0.555748843875073
Canada,electricity,solar,CSP_storage,2100,0.598881693968625
Central America and Caribbean,electricity,solar,CSP_storage,2100,0.523932163751151
Central Asia,electricity,solar,CSP_storage,2100,0.534730779363758
China,electricity,solar,CSP_storage,2100,0.503152242562433
EU-12,electricity,solar,CSP_storage,2100,0.502200690468409
EU-15,electricity,solar,CSP_storage,2100,0.520328964569723
Europe_Eastern,electricity,solar,CSP_storage,2100,0.580465572806087
Europe_Non_EU,electricity,solar,CSP_storage,2100,0.529812997249795
European Free Trade Association,electricity,solar,CSP_storage,2100,0.25025
India,electricity,solar,CSP_storage,2100,0.531168953279745
Indonesia,electricity,solar,CSP_storage,2100,0.583299228536159
Japan,electricity,solar,CSP_storage,2100,0.634107542683657
Mexico,electricity,solar,CSP_storage,2100,0.502943549997605
Middle East,electricity,solar,CSP_storage,2100,0.48813904238993
Pakistan,electricity,solar,CSP_storage,2100,0.517051928677241
Russia,electricity,solar,CSP_storage,2100,0.625458669979537
South Africa,electricity,solar,CSP_storage,2100,0.471167551091183
South America_Northern,electricity,solar,CSP_storage,2100,0.530587890806533
South America_Southern,electricity,solar,CSP_storage,2100,0.491142534298336
South Asia,electricity,solar,CSP_storage,2100,0.52511359435969
South Korea,electricity,solar,CSP_storage,2100,0.589213181696283
Southeast Asia,electricity,solar,CSP_storage,2100,0.53002062324114
Taiwan,electricity,solar,CSP_storage,2100,0.651339283245279
Argentina,electricity,solar,CSP_storage,2100,0.486884856848872
Colombia,electricity,solar,CSP_storage,2100,0.574062612102241
USA,electricity,wind,wind_offshore,1975,0.4
USA,electricity,wind,wind_offshore,1990,0.4
USA,electricity,wind,wind_offshore,2005,0.4
USA,electricity,wind,wind_offshore,2010,0.4
USA,electricity,wind,wind_offshore,2015,0.4
USA,electricity,wind,wind_offshore,2020,0.4
USA,electricity,wind,wind_offshore,2025,0.4
USA,electricity,wind,wind_offshore,2030,0.4
USA,electricity,wind,wind_offshore,2035,0.4
USA,electricity,wind,wind_offshore,2040,0.4
USA,electricity,wind,wind_offshore,2045,0.4
USA,electricity,wind,wind_offshore,2050,0.4
USA,electricity,wind,wind_offshore,2055,0.4
USA,electricity,wind,wind_offshore,2060,0.4
USA,electricity,wind,wind_offshore,2065,0.4
USA,electricity,wind,wind_offshore,2070,0.4
USA,electricity,wind,wind_offshore,2075,0.4
USA,electricity,wind,wind_offshore,2080,0.4
USA,electricity,wind,wind_offshore,2085,0.4
USA,electricity,wind,wind_offshore,2090,0.4
USA,electricity,wind,wind_offshore,2095,0.4
USA,electricity,wind,wind_offshore,2100,0.4
Africa_Eastern,electricity,wind,wind_offshore,1975,0.48
Africa_Eastern,electricity,wind,wind_offshore,1990,0.48
Africa_Eastern,electricity,wind,wind_offshore,2005,0.48
Africa_Eastern,electricity,wind,wind_offshore,2010,0.48
Africa_Eastern,electricity,wind,wind_offshore,2015,0.48
Africa_Eastern,electricity,wind,wind_offshore,2020,0.48
Africa_Eastern,electricity,wind,wind_offshore,2025,0.48
Africa_Eastern,electricity,wind,wind_offshore,2030,0.48
Africa_Eastern,electricity,wind,wind_offshore,2035,0.48
Africa_Eastern,electricity,wind,wind_offshore,2040,0.48
Africa_Eastern,electricity,wind,wind_offshore,2045,0.48
Africa_Eastern,electricity,wind,wind_offshore,2050,0.48
Africa_Eastern,electricity,wind,wind_offshore,2055,0.48
Africa_Eastern,electricity,wind,wind_offshore,2060,0.48
Africa_Eastern,electricity,wind,wind_offshore,2065,0.48
Africa_Eastern,electricity,wind,wind_offshore,2070,0.48
Africa_Eastern,electricity,wind,wind_offshore,2075,0.48
Africa_Eastern,electricity,wind,wind_offshore,2080,0.48
Africa_Eastern,electricity,wind,wind_offshore,2085,0.48
Africa_Eastern,electricity,wind,wind_offshore,2090,0.48
Africa_Eastern,electricity,wind,wind_offshore,2095,0.48
Africa_Eastern,electricity,wind,wind_offshore,2100,0.48
Africa_Northern,electricity,wind,wind_offshore,1975,0.48
Africa_Northern,electricity,wind,wind_offshore,1990,0.48
Africa_Northern,electricity,wind,wind_offshore,2005,0.48
Africa_Northern,electricity,wind,wind_offshore,2010,0.48
Africa_Northern,electricity,wind,wind_offshore,2015,0.48
Africa_Northern,electricity,wind,wind_offshore,2020,0.48
Africa_Northern,electricity,wind,wind_offshore,2025,0.48
Africa_Northern,electricity,wind,wind_offshore,2030,0.48
Africa_Northern,electricity,wind,wind_offshore,2035,0.48
Africa_Northern,electricity,wind,wind_offshore,2040,0.48
Africa_Northern,electricity,wind,wind_offshore,2045,0.48
Africa_Northern,electricity,wind,wind_offshore,2050,0.48
Africa_Northern,electricity,wind,wind_offshore,2055,0.48
Africa_Northern,electricity,wind,wind_offshore,2060,0.48
Africa_Northern,electricity,wind,wind_offshore,2065,0.48
Africa_Northern,electricity,wind,wind_offshore,2070,0.48
Africa_Northern,electricity,wind,wind_offshore,2075,0.48
Africa_Northern,electricity,wind,wind_offshore,2080,0.48
Africa_Northern,electricity,wind,wind_offshore,2085,0.48
Africa_Northern,electricity,wind,wind_offshore,2090,0.48
Africa_Northern,electricity,wind,wind_offshore,2095,0.48
Africa_Northern,electricity,wind,wind_offshore,2100,0.48
Africa_Southern,electricity,wind,wind_offshore,1975,0.48
Africa_Southern,electricity,wind,wind_offshore,1990,0.48
Africa_Southern,electricity,wind,wind_offshore,2005,0.48
Africa_Southern,electricity,wind,wind_offshore,2010,0.48
Africa_Southern,electricity,wind,wind_offshore,2015,0.48
Africa_Southern,electricity,wind,wind_offshore,2020,0.48
Africa_Southern,electricity,wind,wind_offshore,2025,0.48
Africa_Southern,electricity,wind,wind_offshore,2030,0.48
Africa_Southern,electricity,wind,wind_offshore,2035,0.48
Africa_Southern,electricity,wind,wind_offshore,2040,0.48
Africa_Southern,electricity,wind,wind_offshore,2045,0.48
Africa_Southern,electricity,wind,wind_offshore,2050,0.48
Africa_Southern,electricity,wind,wind_offshore,2055,0.48
Africa_Southern,electricity,wind,wind_offshore,2060,0.48
Africa_Southern,electricity,wind,wind_offshore,2065,0.48
Africa_Southern,electricity,wind,wind_offshore,2070,0.48
Africa_Southern,electricity,wind,wind_offshore,2075,0.48
Africa_Southern,electricity,wind,wind_offshore,2080,0.48
Africa_Southern,electricity,wind,wind_offshore,2085,0.48
Africa_Southern,electricity,wind,wind_offshore,2090,0.48
Africa_Southern,electricity,wind,wind_offshore,2095,0.48
Africa_Southern,electricity,wind,wind_offshore,2100,0.48
Africa_Western,electricity,wind,wind_offshore,1975,0.48
Africa_Western,electricity,wind,wind_offshore,1990,0.48
Africa_Western,electricity,wind,wind_offshore,2005,0.48
Africa_Western,electricity,wind,wind_offshore,2010,0.48
Africa_Western,electricity,wind,wind_offshore,2015,0.48
Africa_Western,electricity,wind,wind_offshore,2020,0.48
Africa_Western,electricity,wind,wind_offshore,2025,0.48
Africa_Western,electricity,wind,wind_offshore,2030,0.48
Africa_Western,electricity,wind,wind_offshore,2035,0.48
Africa_Western,electricity,wind,wind_offshore,2040,0.48
Africa_Western,electricity,wind,wind_offshore,2045,0.48
Africa_Western,electricity,wind,wind_offshore,2050,0.48
Africa_Western,electricity,wind,wind_offshore,2055,0.48
Africa_Western,electricity,wind,wind_offshore,2060,0.48
Africa_Western,electricity,wind,wind_offshore,2065,0.48
Africa_Western,electricity,wind,wind_offshore,2070,0.48
Africa_Western,electricity,wind,wind_offshore,2075,0.48
Africa_Western,electricity,wind,wind_offshore,2080,0.48
Africa_Western,electricity,wind,wind_offshore,2085,0.48
Africa_Western,electricity,wind,wind_offshore,2090,0.48
Africa_Western,electricity,wind,wind_offshore,2095,0.48
Africa_Western,electricity,wind,wind_offshore,2100,0.48
Australia_NZ,electricity,wind,wind_offshore,1975,0.48
Australia_NZ,electricity,wind,wind_offshore,1990,0.48
Australia_NZ,electricity,wind,wind_offshore,2005,0.48
Australia_NZ,electricity,wind,wind_offshore,2010,0.48
Australia_NZ,electricity,wind,wind_offshore,2015,0.48
Australia_NZ,electricity,wind,wind_offshore,2020,0.48
Australia_NZ,electricity,wind,wind_offshore,2025,0.48
Australia_NZ,electricity,wind,wind_offshore,2030,0.48
Australia_NZ,electricity,wind,wind_offshore,2035,0.48
Australia_NZ,electricity,wind,wind_offshore,2040,0.48
Australia_NZ,electricity,wind,wind_offshore,2045,0.48
Australia_NZ,electricity,wind,wind_offshore,2050,0.48
Australia_NZ,electricity,wind,wind_offshore,2055,0.48
Australia_NZ,electricity,wind,wind_offshore,2060,0.48
Australia_NZ,electricity,wind,wind_offshore,2065,0.48
Australia_NZ,electricity,wind,wind_offshore,2070,0.48
Australia_NZ,electricity,wind,wind_offshore,2075,0.48
Australia_NZ,electricity,wind,wind_offshore,2080,0.48
Australia_NZ,electricity,wind,wind_offshore,2085,0.48
Australia_NZ,electricity,wind,wind_offshore,2090,0.48
Australia_NZ,electricity,wind,wind_offshore,2095,0.48
Australia_NZ,electricity,wind,wind_offshore,2100,0.48
Brazil,electricity,wind,wind_offshore,1975,0.36
Brazil,electricity,wind,wind_offshore,1990,0.36
Brazil,electricity,wind,wind_offshore,2005,0.36
Brazil,electricity,wind,wind_offshore,2010,0.36
Brazil,electricity,wind,wind_offshore,2015,0.36
Brazil,electricity,wind,wind_offshore,2020,0.36
Brazil,electricity,wind,wind_offshore,2025,0.36
Brazil,electricity,wind,wind_offshore,2030,0.36
Brazil,electricity,wind,wind_offshore,2035,0.36
Brazil,electricity,wind,wind_offshore,2040,0.36
Brazil,electricity,wind,wind_offshore,2045,0.36
Brazil,electricity,wind,wind_offshore,2050,0.36
Brazil,electricity,wind,wind_offshore,2055,0.36
Brazil,electricity,wind,wind_offshore,2060,0.36
Brazil,electricity,wind,wind_offshore,2065,0.36
Brazil,electricity,wind,wind_offshore,2070,0.36
Brazil,electricity,wind,wind_offshore,2075,0.36
Brazil,electricity,wind,wind_offshore,2080,0.36
Brazil,electricity,wind,wind_offshore,2085,0.36
Brazil,electricity,wind,wind_offshore,2090,0.36
Brazil,electricity,wind,wind_offshore,2095,0.36
Brazil,electricity,wind,wind_offshore,2100,0.36
Canada,electricity,wind,wind_offshore,1975,0.48
Canada,electricity,wind,wind_offshore,1990,0.48
Canada,electricity,wind,wind_offshore,2005,0.48
Canada,electricity,wind,wind_offshore,2010,0.48
Canada,electricity,wind,wind_offshore,2015,0.48
Canada,electricity,wind,wind_offshore,2020,0.48
Canada,electricity,wind,wind_offshore,2025,0.48
Canada,electricity,wind,wind_offshore,2030,0.48
Canada,electricity,wind,wind_offshore,2035,0.48
Canada,electricity,wind,wind_offshore,2040,0.48
Canada,electricity,wind,wind_offshore,2045,0.48
Canada,electricity,wind,wind_offshore,2050,0.48
Canada,electricity,wind,wind_offshore,2055,0.48
Canada,electricity,wind,wind_offshore,2060,0.48
Canada,electricity,wind,wind_offshore,2065,0.48
Canada,electricity,wind,wind_offshore,2070,0.48
Canada,electricity,wind,wind_offshore,2075,0.48
Canada,electricity,wind,wind_offshore,2080,0.48
Canada,electricity,wind,wind_offshore,2085,0.48
Canada,electricity,wind,wind_offshore,2090,0.48
Canada,electricity,wind,wind_offshore,2095,0.48
Canada,electricity,wind,wind_offshore,2100,0.48
Central America and Caribbean,electricity,wind,wind_offshore,1975,0.44
Central America and Caribbean,electricity,wind,wind_offshore,1990,0.44
Central America and Caribbean,electricity,wind,wind_offshore,2005,0.44
Central America and Caribbean,electricity,wind,wind_offshore,2010,0.44
Central America and Caribbean,electricity,wind,wind_offshore,2015,0.44
Central America and Caribbean,electricity,wind,wind_offshore,2020,0.44
Central America and Caribbean,electricity,wind,wind_offshore,2025,0.44
Central America and Caribbean,electricity,wind,wind_offshore,2030,0.44
Central America and Caribbean,electricity,wind,wind_offshore,2035,0.44
Central America and Caribbean,electricity,wind,wind_offshore,2040,0.44
Central America and Caribbean,electricity,wind,wind_offshore,2045,0.44
Central America and Caribbean,electricity,wind,wind_offshore,2050,0.44
Central America and Caribbean,electricity,wind,wind_offshore,2055,0.44
Central America and Caribbean,electricity,wind,wind_offshore,2060,0.44
Central America and Caribbean,electricity,wind,wind_offshore,2065,0.44
Central America and Caribbean,electricity,wind,wind_offshore,2070,0.44
Central America and Caribbean,electricity,wind,wind_offshore,2075,0.44
Central America and Caribbean,electricity,wind,wind_offshore,2080,0.44
Central America and Caribbean,electricity,wind,wind_offshore,2085,0.44
Central America and Caribbean,electricity,wind,wind_offshore,2090,0.44
Central America and Caribbean,electricity,wind,wind_offshore,2095,0.44
Central America and Caribbean,electricity,wind,wind_offshore,2100,0.44
Central Asia,electricity,wind,wind_offshore,1975,0.09
Central Asia,electricity,wind,wind_offshore,1990,0.09
Central Asia,electricity,wind,wind_offshore,2005,0.09
Central Asia,electricity,wind,wind_offshore,2010,0.09
Central Asia,electricity,wind,wind_offshore,2015,0.09
Central Asia,electricity,wind,wind_offshore,2020,0.09
Central Asia,electricity,wind,wind_offshore,2025,0.09
Central Asia,electricity,wind,wind_offshore,2030,0.09
Central Asia,electricity,wind,wind_offshore,2035,0.09
Central Asia,electricity,wind,wind_offshore,2040,0.09
Central Asia,electricity,wind,wind_offshore,2045,0.09
Central Asia,electricity,wind,wind_offshore,2050,0.09
Central Asia,electricity,wind,wind_offshore,2055,0.09
Central Asia,electricity,wind,wind_offshore,2060,0.09
Central Asia,electricity,wind,wind_offshore,2065,0.09
Central Asia,electricity,wind,wind_offshore,2070,0.09
Central Asia,electricity,wind,wind_offshore,2075,0.09
Central Asia,electricity,wind,wind_offshore,2080,0.09
Central Asia,electricity,wind,wind_offshore,2085,0.09
Central Asia,electricity,wind,wind_offshore,2090,0.09
Central Asia,electricity,wind,wind_offshore,2095,0.09
Central Asia,electricity,wind,wind_offshore,2100,0.09
China,electricity,wind,wind_offshore,1975,0.4
China,electricity,wind,wind_offshore,1990,0.4
China,electricity,wind,wind_offshore,2005,0.4
China,electricity,wind,wind_offshore,2010,0.4
China,electricity,wind,wind_offshore,2015,0.4
China,electricity,wind,wind_offshore,2020,0.4
China,electricity,wind,wind_offshore,2025,0.4
China,electricity,wind,wind_offshore,2030,0.4
China,electricity,wind,wind_offshore,2035,0.4
China,electricity,wind,wind_offshore,2040,0.4
China,electricity,wind,wind_offshore,2045,0.4
China,electricity,wind,wind_offshore,2050,0.4
China,electricity,wind,wind_offshore,2055,0.4
China,electricity,wind,wind_offshore,2060,0.4
China,electricity,wind,wind_offshore,2065,0.4
China,electricity,wind,wind_offshore,2070,0.4
China,electricity,wind,wind_offshore,2075,0.4
China,electricity,wind,wind_offshore,2080,0.4
China,electricity,wind,wind_offshore,2085,0.4
China,electricity,wind,wind_offshore,2090,0.4
China,electricity,wind,wind_offshore,2095,0.4
China,electricity,wind,wind_offshore,2100,0.4
EU-12,electricity,wind,wind_offshore,1975,0.36
EU-12,electricity,wind,wind_offshore,1990,0.36
EU-12,electricity,wind,wind_offshore,2005,0.36
EU-12,electricity,wind,wind_offshore,2010,0.36
EU-12,electricity,wind,wind_offshore,2015,0.36
EU-12,electricity,wind,wind_offshore,2020,0.36
EU-12,electricity,wind,wind_offshore,2025,0.36
EU-12,electricity,wind,wind_offshore,2030,0.36
EU-12,electricity,wind,wind_offshore,2035,0.36
EU-12,electricity,wind,wind_offshore,2040,0.36
EU-12,electricity,wind,wind_offshore,2045,0.36
EU-12,electricity,wind,wind_offshore,2050,0.36
EU-12,electricity,wind,wind_offshore,2055,0.36
EU-12,electricity,wind,wind_offshore,2060,0.36
EU-12,electricity,wind,wind_offshore,2065,0.36
EU-12,electricity,wind,wind_offshore,2070,0.36
EU-12,electricity,wind,wind_offshore,2075,0.36
EU-12,electricity,wind,wind_offshore,2080,0.36
EU-12,electricity,wind,wind_offshore,2085,0.36
EU-12,electricity,wind,wind_offshore,2090,0.36
EU-12,electricity,wind,wind_offshore,2095,0.36
EU-12,electricity,wind,wind_offshore,2100,0.36
EU-15,electricity,wind,wind_offshore,1975,0.44
EU-15,electricity,wind,wind_offshore,1990,0.44
EU-15,electricity,wind,wind_offshore,2005,0.44
EU-15,electricity,wind,wind_offshore,2010,0.44
EU-15,electricity,wind,wind_offshore,2015,0.44
EU-15,electricity,wind,wind_offshore,2020,0.44
EU-15,electricity,wind,wind_offshore,2025,0.44
EU-15,electricity,wind,wind_offshore,2030,0.44
EU-15,electricity,wind,wind_offshore,2035,0.44
EU-15,electricity,wind,wind_offshore,2040,0.44
EU-15,electricity,wind,wind_offshore,2045,0.44
EU-15,electricity,wind,wind_offshore,2050,0.44
EU-15,electricity,wind,wind_offshore,2055,0.44
EU-15,electricity,wind,wind_offshore,2060,0.44
EU-15,electricity,wind,wind_offshore,2065,0.44
EU-15,electricity,wind,wind_offshore,2070,0.44
EU-15,electricity,wind,wind_offshore,2075,0.44
EU-15,electricity,wind,wind_offshore,2080,0.44
EU-15,electricity,wind,wind_offshore,2085,0.44
EU-15,electricity,wind,wind_offshore,2090,0.44
EU-15,electricity,wind,wind_offshore,2095,0.44
EU-15,electricity,wind,wind_offshore,2100,0.44
Europe_Eastern,electricity,wind,wind_offshore,1975,0.28
Europe_Eastern,electricity,wind,wind_offshore,1990,0.28
Europe_Eastern,electricity,wind,wind_offshore,2005,0.28
Europe_Eastern,electricity,wind,wind_offshore,2010,0.28
Europe_Eastern,electricity,wind,wind_offshore,2015,0.28
Europe_Eastern,electricity,wind,wind_offshore,2020,0.28
Europe_Eastern,electricity,wind,wind_offshore,2025,0.28
Europe_Eastern,electricity,wind,wind_offshore,2030,0.28
Europe_Eastern,electricity,wind,wind_offshore,2035,0.28
Europe_Eastern,electricity,wind,wind_offshore,2040,0.28
Europe_Eastern,electricity,wind,wind_offshore,2045,0.28
Europe_Eastern,electricity,wind,wind_offshore,2050,0.28
Europe_Eastern,electricity,wind,wind_offshore,2055,0.28
Europe_Eastern,electricity,wind,wind_offshore,2060,0.28
Europe_Eastern,electricity,wind,wind_offshore,2065,0.28
Europe_Eastern,electricity,wind,wind_offshore,2070,0.28
Europe_Eastern,electricity,wind,wind_offshore,2075,0.28
Europe_Eastern,electricity,wind,wind_offshore,2080,0.28
Europe_Eastern,electricity,wind,wind_offshore,2085,0.28
Europe_Eastern,electricity,wind,wind_offshore,2090,0.28
Europe_Eastern,electricity,wind,wind_offshore,2095,0.28
Europe_Eastern,electricity,wind,wind_offshore,2100,0.28
Europe_Non_EU,electricity,wind,wind_offshore,1975,0.32
Europe_Non_EU,electricity,wind,wind_offshore,1990,0.32
Europe_Non_EU,electricity,wind,wind_offshore,2005,0.32
Europe_Non_EU,electricity,wind,wind_offshore,2010,0.32
Europe_Non_EU,electricity,wind,wind_offshore,2015,0.32
Europe_Non_EU,electricity,wind,wind_offshore,2020,0.32
Europe_Non_EU,electricity,wind,wind_offshore,2025,0.32
Europe_Non_EU,electricity,wind,wind_offshore,2030,0.32
Europe_Non_EU,electricity,wind,wind_offshore,2035,0.32
Europe_Non_EU,electricity,wind,wind_offshore,2040,0.32
Europe_Non_EU,electricity,wind,wind_offshore,2045,0.32
Europe_Non_EU,electricity,wind,wind_offshore,2050,0.32
Europe_Non_EU,electricity,wind,wind_offshore,2055,0.32
Europe_Non_EU,electricity,wind,wind_offshore,2060,0.32
Europe_Non_EU,electricity,wind,wind_offshore,2065,0.32
Europe_Non_EU,electricity,wind,wind_offshore,2070,0.32
Europe_Non_EU,electricity,wind,wind_offshore,2075,0.32
Europe_Non_EU,electricity,wind,wind_offshore,2080,0.32
Europe_Non_EU,electricity,wind,wind_offshore,2085,0.32
Europe_Non_EU,electricity,wind,wind_offshore,2090,0.32
Europe_Non_EU,electricity,wind,wind_offshore,2095,0.32
Europe_Non_EU,electricity,wind,wind_offshore,2100,0.32
European Free Trade Association,electricity,wind,wind_offshore,1975,0.48
European Free Trade Association,electricity,wind,wind_offshore,1990,0.48
European Free Trade Association,electricity,wind,wind_offshore,2005,0.48
European Free Trade Association,electricity,wind,wind_offshore,2010,0.48
European Free Trade Association,electricity,wind,wind_offshore,2015,0.48
European Free Trade Association,electricity,wind,wind_offshore,2020,0.48
European Free Trade Association,electricity,wind,wind_offshore,2025,0.48
European Free Trade Association,electricity,wind,wind_offshore,2030,0.48
European Free Trade Association,electricity,wind,wind_offshore,2035,0.48
European Free Trade Association,electricity,wind,wind_offshore,2040,0.48
European Free Trade Association,electricity,wind,wind_offshore,2045,0.48
European Free Trade Association,electricity,wind,wind_offshore,2050,0.48
European Free Trade Association,electricity,wind,wind_offshore,2055,0.48
European Free Trade Association,electricity,wind,wind_offshore,2060,0.48
European Free Trade Association,electricity,wind,wind_offshore,2065,0.48
European Free Trade Association,electricity,wind,wind_offshore,2070,0.48
European Free Trade Association,electricity,wind,wind_offshore,2075,0.48
European Free Trade Association,electricity,wind,wind_offshore,2080,0.48
European Free Trade Association,electricity,wind,wind_offshore,2085,0.48
European Free Trade Association,electricity,wind,wind_offshore,2090,0.48
European Free Trade Association,electricity,wind,wind_offshore,2095,0.48
European Free Trade Association,electricity,wind,wind_offshore,2100,0.48
India,electricity,wind,wind_offshore,1975,0.36
India,electricity,wind,wind_offshore,1990,0.36
India,electricity,wind,wind_offshore,2005,0.36
India,electricity,wind,wind_offshore,2010,0.36
India,electricity,wind,wind_offshore,2015,0.36
India,electricity,wind,wind_offshore,2020,0.36
India,electricity,wind,wind_offshore,2025,0.36
India,electricity,wind,wind_offshore,2030,0.36
India,electricity,wind,wind_offshore,2035,0.36
India,electricity,wind,wind_offshore,2040,0.36
India,electricity,wind,wind_offshore,2045,0.36
India,electricity,wind,wind_offshore,2050,0.36
India,electricity,wind,wind_offshore,2055,0.36
India,electricity,wind,wind_offshore,2060,0.36
India,electricity,wind,wind_offshore,2065,0.36
India,electricity,wind,wind_offshore,2070,0.36
India,electricity,wind,wind_offshore,2075,0.36
India,electricity,wind,wind_offshore,2080,0.36
India,electricity,wind,wind_offshore,2085,0.36
India,electricity,wind,wind_offshore,2090,0.36
India,electricity,wind,wind_offshore,2095,0.36
India,electricity,wind,wind_offshore,2100,0.36
Indonesia,electricity,wind,wind_offshore,1975,0.32
Indonesia,electricity,wind,wind_offshore,1990,0.32
Indonesia,electricity,wind,wind_offshore,2005,0.32
Indonesia,electricity,wind,wind_offshore,2010,0.32
Indonesia,electricity,wind,wind_offshore,2015,0.32
Indonesia,electricity,wind,wind_offshore,2020,0.32
Indonesia,electricity,wind,wind_offshore,2025,0.32
Indonesia,electricity,wind,wind_offshore,2030,0.32
Indonesia,electricity,wind,wind_offshore,2035,0.32
Indonesia,electricity,wind,wind_offshore,2040,0.32
Indonesia,electricity,wind,wind_offshore,2045,0.32
Indonesia,electricity,wind,wind_offshore,2050,0.32
Indonesia,electricity,wind,wind_offshore,2055,0.32
Indonesia,electricity,wind,wind_offshore,2060,0.32
Indonesia,electricity,wind,wind_offshore,2065,0.32
Indonesia,electricity,wind,wind_offshore,2070,0.32
Indonesia,electricity,wind,wind_offshore,2075,0.32
Indonesia,electricity,wind,wind_offshore,2080,0.32
Indonesia,electricity,wind,wind_offshore,2085,0.32
Indonesia,electricity,wind,wind_offshore,2090,0.32
Indonesia,electricity,wind,wind_offshore,2095,0.32
Indonesia,electricity,wind,wind_offshore,2100,0.32
Japan,electricity,wind,wind_offshore,1975,0.36
Japan,electricity,wind,wind_offshore,1990,0.36
Japan,electricity,wind,wind_offshore,2005,0.36
Japan,electricity,wind,wind_offshore,2010,0.36
Japan,electricity,wind,wind_offshore,2015,0.36
Japan,electricity,wind,wind_offshore,2020,0.36
Japan,electricity,wind,wind_offshore,2025,0.36
Japan,electricity,wind,wind_offshore,2030,0.36
Japan,electricity,wind,wind_offshore,2035,0.36
Japan,electricity,wind,wind_offshore,2040,0.36
Japan,electricity,wind,wind_offshore,2045,0.36
Japan,electricity,wind,wind_offshore,2050,0.36
Japan,electricity,wind,wind_offshore,2055,0.36
Japan,electricity,wind,wind_offshore,2060,0.36
Japan,electricity,wind,wind_offshore,2065,0.36
Japan,electricity,wind,wind_offshore,2070,0.36
Japan,electricity,wind,wind_offshore,2075,0.36
Japan,electricity,wind,wind_offshore,2080,0.36
Japan,electricity,wind,wind_offshore,2085,0.36
Japan,electricity,wind,wind_offshore,2090,0.36
Japan,electricity,wind,wind_offshore,2095,0.36
Japan,electricity,wind,wind_offshore,2100,0.36
Mexico,electricity,wind,wind_offshore,1975,0.48
Mexico,electricity,wind,wind_offshore,1990,0.48
Mexico,electricity,wind,wind_offshore,2005,0.48
Mexico,electricity,wind,wind_offshore,2010,0.48
Mexico,electricity,wind,wind_offshore,2015,0.48
Mexico,electricity,wind,wind_offshore,2020,0.48
Mexico,electricity,wind,wind_offshore,2025,0.48
Mexico,electricity,wind,wind_offshore,2030,0.48
Mexico,electricity,wind,wind_offshore,2035,0.48
Mexico,electricity,wind,wind_offshore,2040,0.48
Mexico,electricity,wind,wind_offshore,2045,0.48
Mexico,electricity,wind,wind_offshore,2050,0.48
Mexico,electricity,wind,wind_offshore,2055,0.48
Mexico,electricity,wind,wind_offshore,2060,0.48
Mexico,electricity,wind,wind_offshore,2065,0.48
Mexico,electricity,wind,wind_offshore,2070,0.48
Mexico,electricity,wind,wind_offshore,2075,0.48
Mexico,electricity,wind,wind_offshore,2080,0.48
Mexico,electricity,wind,wind_offshore,2085,0.48
Mexico,electricity,wind,wind_offshore,2090,0.48
Mexico,electricity,wind,wind_offshore,2095,0.48
Mexico,electricity,wind,wind_offshore,2100,0.48
Middle East,electricity,wind,wind_offshore,1975,0.4
Middle East,electricity,wind,wind_offshore,1990,0.4
Middle East,electricity,wind,wind_offshore,2005,0.4
Middle East,electricity,wind,wind_offshore,2010,0.4
Middle East,electricity,wind,wind_offshore,2015,0.4
Middle East,electricity,wind,wind_offshore,2020,0.4
Middle East,electricity,wind,wind_offshore,2025,0.4
Middle East,electricity,wind,wind_offshore,2030,0.4
Middle East,electricity,wind,wind_offshore,2035,0.4
Middle East,electricity,wind,wind_offshore,2040,0.4
Middle East,electricity,wind,wind_offshore,2045,0.4
Middle East,electricity,wind,wind_offshore,2050,0.4
Middle East,electricity,wind,wind_offshore,2055,0.4
Middle East,electricity,wind,wind_offshore,2060,0.4
Middle East,electricity,wind,wind_offshore,2065,0.4
Middle East,electricity,wind,wind_offshore,2070,0.4
Middle East,electricity,wind,wind_offshore,2075,0.4
Middle East,electricity,wind,wind_offshore,2080,0.4
Middle East,electricity,wind,wind_offshore,2085,0.4
Middle East,electricity,wind,wind_offshore,2090,0.4
Middle East,electricity,wind,wind_offshore,2095,0.4
Middle East,electricity,wind,wind_offshore,2100,0.4
Pakistan,electricity,wind,wind_offshore,1975,0.28
Pakistan,electricity,wind,wind_offshore,1990,0.28
Pakistan,electricity,wind,wind_offshore,2005,0.28
Pakistan,electricity,wind,wind_offshore,2010,0.28
Pakistan,electricity,wind,wind_offshore,2015,0.28
Pakistan,electricity,wind,wind_offshore,2020,0.28
Pakistan,electricity,wind,wind_offshore,2025,0.28
Pakistan,electricity,wind,wind_offshore,2030,0.28
Pakistan,electricity,wind,wind_offshore,2035,0.28
Pakistan,electricity,wind,wind_offshore,2040,0.28
Pakistan,electricity,wind,wind_offshore,2045,0.28
Pakistan,electricity,wind,wind_offshore,2050,0.28
Pakistan,electricity,wind,wind_offshore,2055,0.28
Pakistan,electricity,wind,wind_offshore,2060,0.28
Pakistan,electricity,wind,wind_offshore,2065,0.28
Pakistan,electricity,wind,wind_offshore,2070,0.28
Pakistan,electricity,wind,wind_offshore,2075,0.28
Pakistan,electricity,wind,wind_offshore,2080,0.28
Pakistan,electricity,wind,wind_offshore,2085,0.28
Pakistan,electricity,wind,wind_offshore,2090,0.28
Pakistan,electricity,wind,wind_offshore,2095,0.28
Pakistan,electricity,wind,wind_offshore,2100,0.28
Russia,electricity,wind,wind_offshore,1975,0.44
Russia,electricity,wind,wind_offshore,1990,0.44
Russia,electricity,wind,wind_offshore,2005,0.44
Russia,electricity,wind,wind_offshore,2010,0.44
Russia,electricity,wind,wind_offshore,2015,0.44
Russia,electricity,wind,wind_offshore,2020,0.44
Russia,electricity,wind,wind_offshore,2025,0.44
Russia,electricity,wind,wind_offshore,2030,0.44
Russia,electricity,wind,wind_offshore,2035,0.44
Russia,electricity,wind,wind_offshore,2040,0.44
Russia,electricity,wind,wind_offshore,2045,0.44
Russia,electricity,wind,wind_offshore,2050,0.44
Russia,electricity,wind,wind_offshore,2055,0.44
Russia,electricity,wind,wind_offshore,2060,0.44
Russia,electricity,wind,wind_offshore,2065,0.44
Russia,electricity,wind,wind_offshore,2070,0.44
Russia,electricity,wind,wind_offshore,2075,0.44
Russia,electricity,wind,wind_offshore,2080,0.44
Russia,electricity,wind,wind_offshore,2085,0.44
Russia,electricity,wind,wind_offshore,2090,0.44
Russia,electricity,wind,wind_offshore,2095,0.44
Russia,electricity,wind,wind_offshore,2100,0.44
South Africa,electricity,wind,wind_offshore,1975,0.36
South Africa,electricity,wind,wind_offshore,1990,0.36
South Africa,electricity,wind,wind_offshore,2005,0.36
South Africa,electricity,wind,wind_offshore,2010,0.36
South Africa,electricity,wind,wind_offshore,2015,0.36
South Africa,electricity,wind,wind_offshore,2020,0.36
South Africa,electricity,wind,wind_offshore,2025,0.36
South Africa,electricity,wind,wind_offshore,2030,0.36
South Africa,electricity,wind,wind_offshore,2035,0.36
South Africa,electricity,wind,wind_offshore,2040,0.36
South Africa,electricity,wind,wind_offshore,2045,0.36
South Africa,electricity,wind,wind_offshore,2050,0.36
South Africa,electricity,wind,wind_offshore,2055,0.36
South Africa,electricity,wind,wind_offshore,2060,0.36
South Africa,electricity,wind,wind_offshore,2065,0.36
South Africa,electricity,wind,wind_offshore,2070,0.36
South Africa,electricity,wind,wind_offshore,2075,0.36
South Africa,electricity,wind,wind_offshore,2080,0.36
South Africa,electricity,wind,wind_offshore,2085,0.36
South Africa,electricity,wind,wind_offshore,2090,0.36
South Africa,electricity,wind,wind_offshore,2095,0.36
South Africa,electricity,wind,wind_offshore,2100,0.36
South America_Northern,electricity,wind,wind_offshore,1975,0.44
South America_Northern,electricity,wind,wind_offshore,1990,0.44
South America_Northern,electricity,wind,wind_offshore,2005,0.44
South America_Northern,electricity,wind,wind_offshore,2010,0.44
South America_Northern,electricity,wind,wind_offshore,2015,0.44
South America_Northern,electricity,wind,wind_offshore,2020,0.44
South America_Northern,electricity,wind,wind_offshore,2025,0.44
South America_Northern,electricity,wind,wind_offshore,2030,0.44
South America_Northern,electricity,wind,wind_offshore,2035,0.44
South America_Northern,electricity,wind,wind_offshore,2040,0.44
South America_Northern,electricity,wind,wind_offshore,2045,0.44
South America_Northern,electricity,wind,wind_offshore,2050,0.44
South America_Northern,electricity,wind,wind_offshore,2055,0.44
South America_Northern,electricity,wind,wind_offshore,2060,0.44
South America_Northern,electricity,wind,wind_offshore,2065,0.44
South America_Northern,electricity,wind,wind_offshore,2070,0.44
South America_Northern,electricity,wind,wind_offshore,2075,0.44
South America_Northern,electricity,wind,wind_offshore,2080,0.44
South America_Northern,electricity,wind,wind_offshore,2085,0.44
South America_Northern,electricity,wind,wind_offshore,2090,0.44
South America_Northern,electricity,wind,wind_offshore,2095,0.44
South America_Northern,electricity,wind,wind_offshore,2100,0.44
South America_Southern,electricity,wind,wind_offshore,1975,0.48
South America_Southern,electricity,wind,wind_offshore,1990,0.48
South America_Southern,electricity,wind,wind_offshore,2005,0.48
South America_Southern,electricity,wind,wind_offshore,2010,0.48
South America_Southern,electricity,wind,wind_offshore,2015,0.48
South America_Southern,electricity,wind,wind_offshore,2020,0.48
South America_Southern,electricity,wind,wind_offshore,2025,0.48
South America_Southern,electricity,wind,wind_offshore,2030,0.48
South America_Southern,electricity,wind,wind_offshore,2035,0.48
South America_Southern,electricity,wind,wind_offshore,2040,0.48
South America_Southern,electricity,wind,wind_offshore,2045,0.48
South America_Southern,electricity,wind,wind_offshore,2050,0.48
South America_Southern,electricity,wind,wind_offshore,2055,0.48
South America_Southern,electricity,wind,wind_offshore,2060,0.48
South America_Southern,electricity,wind,wind_offshore,2065,0.48
South America_Southern,electricity,wind,wind_offshore,2070,0.48
South America_Southern,electricity,wind,wind_offshore,2075,0.48
South America_Southern,electricity,wind,wind_offshore,2080,0.48
South America_Southern,electricity,wind,wind_offshore,2085,0.48
South America_Southern,electricity,wind,wind_offshore,2090,0.48
South America_Southern,electricity,wind,wind_offshore,2095,0.48
South America_Southern,electricity,wind,wind_offshore,2100,0.48
South Asia,electricity,wind,wind_offshore,1975,0.36
South Asia,electricity,wind,wind_offshore,1990,0.36
South Asia,electricity,wind,wind_offshore,2005,0.36
South Asia,electricity,wind,wind_offshore,2010,0.36
South Asia,electricity,wind,wind_offshore,2015,0.36
South Asia,electricity,wind,wind_offshore,2020,0.36
South Asia,electricity,wind,wind_offshore,2025,0.36
South Asia,electricity,wind,wind_offshore,2030,0.36
South Asia,electricity,wind,wind_offshore,2035,0.36
South Asia,electricity,wind,wind_offshore,2040,0.36
South Asia,electricity,wind,wind_offshore,2045,0.36
South Asia,electricity,wind,wind_offshore,2050,0.36
South Asia,electricity,wind,wind_offshore,2055,0.36
South Asia,electricity,wind,wind_offshore,2060,0.36
South Asia,electricity,wind,wind_offshore,2065,0.36
South Asia,electricity,wind,wind_offshore,2070,0.36
South Asia,electricity,wind,wind_offshore,2075,0.36
South Asia,electricity,wind,wind_offshore,2080,0.36
South Asia,electricity,wind,wind_offshore,2085,0.36
South Asia,electricity,wind,wind_offshore,2090,0.36
South Asia,electricity,wind,wind_offshore,2095,0.36
South Asia,electricity,wind,wind_offshore,2100,0.36
South Korea,electricity,wind,wind_offshore,1975,0.32
South Korea,electricity,wind,wind_offshore,1990,0.32
South Korea,electricity,wind,wind_offshore,2005,0.32
South Korea,electricity,wind,wind_offshore,2010,0.32
South Korea,electricity,wind,wind_offshore,2015,0.32
South Korea,electricity,wind,wind_offshore,2020,0.32
South Korea,electricity,wind,wind_offshore,2025,0.32
South Korea,electricity,wind,wind_offshore,2030,0.32
South Korea,electricity,wind,wind_offshore,2035,0.32
South Korea,electricity,wind,wind_offshore,2040,0.32
South Korea,electricity,wind,wind_offshore,2045,0.32
South Korea,electricity,wind,wind_offshore,2050,0.32
South Korea,electricity,wind,wind_offshore,2055,0.32
South Korea,electricity,wind,wind_offshore,2060,0.32
South Korea,electricity,wind,wind_offshore,2065,0.32
South Korea,electricity,wind,wind_offshore,2070,0.32
South Korea,electricity,wind,wind_offshore,2075,0.32
South Korea,electricity,wind,wind_offshore,2080,0.32
South Korea,electricity,wind,wind_offshore,2085,0.32
South Korea,electricity,wind,wind_offshore,2090,0.32
South Korea,electricity,wind,wind_offshore,2095,0.32
South Korea,electricity,wind,wind_offshore,2100,0.32
Southeast Asia,electricity,wind,wind_offshore,1975,0.44
Southeast Asia,electricity,wind,wind_offshore,1990,0.44
Southeast Asia,electricity,wind,wind_offshore,2005,0.44
Southeast Asia,electricity,wind,wind_offshore,2010,0.44
Southeast Asia,electricity,wind,wind_offshore,2015,0.44
Southeast Asia,electricity,wind,wind_offshore,2020,0.44
Southeast Asia,electricity,wind,wind_offshore,2025,0.44
Southeast Asia,electricity,wind,wind_offshore,2030,0.44
Southeast Asia,electricity,wind,wind_offshore,2035,0.44
Southeast Asia,electricity,wind,wind_offshore,2040,0.44
Southeast Asia,electricity,wind,wind_offshore,2045,0.44
Southeast Asia,electricity,wind,wind_offshore,2050,0.44
Southeast Asia,electricity,wind,wind_offshore,2055,0.44
Southeast Asia,electricity,wind,wind_offshore,2060,0.44
Southeast Asia,electricity,wind,wind_offshore,2065,0.44
Southeast Asia,electricity,wind,wind_offshore,2070,0.44
Southeast Asia,electricity,wind,wind_offshore,2075,0.44
Southeast Asia,electricity,wind,wind_offshore,2080,0.44
Southeast Asia,electricity,wind,wind_offshore,2085,0.44
Southeast Asia,electricity,wind,wind_offshore,2090,0.44
Southeast Asia,electricity,wind,wind_offshore,2095,0.44
Southeast Asia,electricity,wind,wind_offshore,2100,0.44
Taiwan,electricity,wind,wind_offshore,1975,0.4
Taiwan,electricity,wind,wind_offshore,1990,0.4
Taiwan,electricity,wind,wind_offshore,2005,0.4
Taiwan,electricity,wind,wind_offshore,2010,0.4
Taiwan,electricity,wind,wind_offshore,2015,0.4
Taiwan,electricity,wind,wind_offshore,2020,0.4
Taiwan,electricity,wind,wind_offshore,2025,0.4
Taiwan,electricity,wind,wind_offshore,2030,0.4
Taiwan,electricity,wind,wind_offshore,2035,0.4
Taiwan,electricity,wind,wind_offshore,2040,0.4
Taiwan,electricity,wind,wind_offshore,2045,0.4
Taiwan,electricity,wind,wind_offshore,2050,0.4
Taiwan,electricity,wind,wind_offshore,2055,0.4
Taiwan,electricity,wind,wind_offshore,2060,0.4
Taiwan,electricity,wind,wind_offshore,2065,0.4
Taiwan,electricity,wind,wind_offshore,2070,0.4
Taiwan,electricity,wind,wind_offshore,2075,0.4
Taiwan,electricity,wind,wind_offshore,2080,0.4
Taiwan,electricity,wind,wind_offshore,2085,0.4
Taiwan,electricity,wind,wind_offshore,2090,0.4
Taiwan,electricity,wind,wind_offshore,2095,0.4
Taiwan,electricity,wind,wind_offshore,2100,0.4
Argentina,electricity,wind,wind_offshore,1975,0.48
Argentina,electricity,wind,wind_offshore,1990,0.48
Argentina,electricity,wind,wind_offshore,2005,0.48
Argentina,electricity,wind,wind_offshore,2010,0.48
Argentina,electricity,wind,wind_offshore,2015,0.48
Argentina,electricity,wind,wind_offshore,2020,0.48
Argentina,electricity,wind,wind_offshore,2025,0.48
Argentina,electricity,wind,wind_offshore,2030,0.48
Argentina,electricity,wind,wind_offshore,2035,0.48
Argentina,electricity,wind,wind_offshore,2040,0.48
Argentina,electricity,wind,wind_offshore,2045,0.48
Argentina,electricity,wind,wind_offshore,2050,0.48
Argentina,electricity,wind,wind_offshore,2055,0.48
Argentina,electricity,wind,wind_offshore,2060,0.48
Argentina,electricity,wind,wind_offshore,2065,0.48
Argentina,electricity,wind,wind_offshore,2070,0.48
Argentina,electricity,wind,wind_offshore,2075,0.48
Argentina,electricity,wind,wind_offshore,2080,0.48
Argentina,electricity,wind,wind_offshore,2085,0.48
Argentina,electricity,wind,wind_offshore,2090,0.48
Argentina,electricity,wind,wind_offshore,2095,0.48
Argentina,electricity,wind,wind_offshore,2100,0.48
Colombia,electricity,wind,wind_offshore,1975,0.48
Colombia,electricity,wind,wind_offshore,1990,0.48
Colombia,electricity,wind,wind_offshore,2005,0.48
Colombia,electricity,wind,wind_offshore,2010,0.48
Colombia,electricity,wind,wind_offshore,2015,0.48
Colombia,electricity,wind,wind_offshore,2020,0.48
Colombia,electricity,wind,wind_offshore,2025,0.48
Colombia,electricity,wind,wind_offshore,2030,0.48
Colombia,electricity,wind,wind_offshore,2035,0.48
Colombia,electricity,wind,wind_offshore,2040,0.48
Colombia,electricity,wind,wind_offshore,2045,0.48
Colombia,electricity,wind,wind_offshore,2050,0.48
Colombia,electricity,wind,wind_offshore,2055,0.48
Colombia,electricity,wind,wind_offshore,2060,0.48
Colombia,electricity,wind,wind_offshore,2065,0.48
Colombia,electricity,wind,wind_offshore,2070,0.48
Colombia,electricity,wind,wind_offshore,2075,0.48
Colombia,electricity,wind,wind_offshore,2080,0.48
Colombia,electricity,wind,wind_offshore,2085,0.48
Colombia,electricity,wind,wind_offshore,2090,0.48
Colombia,electricity,wind,wind_offshore,2095,0.48
Colombia,electricity,wind,wind_offshore,2100,0.48
